# lodgen native mesh report 5 ws Commonwealth columns meshId triangles srcVerts emitVerts acmrBefore acmrAfter atvrBefore atvrAfter boundarySrc boundaryEmitted levels clustersL0 clustersLadder maxError groupsFormed refSmall refNoCut refFlat refSilhouette errExact errBounded weldedVerts uvConflicts boundaryCoarsest casterInstances refFoliage refLevelSilhouette silhouetteWorst model
0 35385 31876 54674 1.26551 0.91666 1.00266 1.00053 2943 2943 8 2218 842 3204.72534 370 3 0 51 1 414 7 20943 8692 8 0 0 7 0.70270 Architecture\Airport\AirportTerminalDestroyed01.nif
1 27741 27628 65663 1.00797 1.00620 1.00302 1.00039 4535 4535 9 1739 1866 3944.20801 768 3 3 114 2 867 15 16722 7465 14 0 0 5 0.71704 Architecture\Airport\AirportTerminalEnd02.nif
2 20138 18872 47477 0.95253 0.95109 1.00434 1.00058 4440 4440 10 1265 1328 5015.43506 533 5 3 87 0 608 12 12946 4947 8 0 0 4 0.70021 Architecture\Airport\AirportTerminalEnd03.nif
3 24401 24074 55588 1.00066 0.99885 1.00248 1.00039 3641 3641 10 1529 1541 2862.97729 644 3 4 107 2 740 11 14392 6502 8 0 0 5 0.79167 Architecture\Airport\AirportTerminalMid02.nif
4 16863 15487 37763 0.93767 0.93607 1.00137 1.00055 3569 3569 10 1059 1036 3472.33667 423 4 1 77 1 487 13 10698 4002 10 0 0 5 0.75000 Architecture\Airport\AirportTerminalMid03.nif
5 2082 1426 4242 0.77762 0.75648 1.00140 1.00140 258 258 4 131 128 912.09332 53 0 0 8 0 61 0 1172 200 95 0 0 0 0.97149 Architecture\Airport\AirportTerminalRoofEnd01.nif
6 1366 1046 2890 0.80966 0.80966 1.00191 1.00191 234 234 7 86 87 1886.86218 39 0 0 4 0 40 3 663 98 14 0 0 1 0.76573 Architecture\Airport\AirportTerminalRoofEnd01D.nif
7 3664 2286 6735 0.70497 0.68150 1.00087 1.00087 400 400 7 229 212 1821.02563 92 0 0 11 4 103 0 1727 0 6 0 0 0 0.93137 Architecture\Airport\AirportTerminalRoofMid01D.nif
8 30051 29355 68497 1.04472 0.98928 1.00038 1.00038 2107 2107 7 1886 1786 3114.30249 706 2 6 111 1 815 2 19205 8548 12 0 0 7 0.74922 Architecture\Airport\AirportTower01.nif
9 1147 1308 2804 1.14385 1.14037 1.00330 1.00330 301 301 6 74 75 568.29962 29 2 0 10 0 39 0 797 457 6 0 0 5 0.72500 Architecture\Airport\AirportTunnel01.nif
10 2097 2195 4737 1.09204 1.08202 1.00307 1.00307 403 403 4 135 116 894.62958 47 1 0 13 4 60 0 1340 740 90 0 0 5 0.73551 Architecture\Airport\AirportTunnel02.nif
11 157 281 366 1.78981 1.78981 1.02569 1.02569 31 31 3 14 7 208.91827 5 2 0 0 0 5 0 133 143 7 0 0 5 0.77153 Architecture\Buildings\BldgBrick3Story1x1BackA.nif
12 568 746 1249 1.59155 1.32746 1.00822 1.00822 134 134 3 41 26 240.13330 14 3 1 1 0 15 0 395 243 35 0 0 4 0.78049 Architecture\Buildings\BldgBrick3Story1x1ComA.nif
13 1215 2444 3535 2.11687 2.01152 1.00487 1.00487 271 271 4 80 61 136.31215 29 1 0 6 0 35 0 802 889 46 0 0 7 0.79160 Architecture\Buildings\BldgBrick3Story1x1CornerComB.nif
14 264 412 633 1.64015 1.60985 1.01606 1.01606 82 82 4 21 14 191.16747 8 3 0 1 0 9 0 236 142 5 0 0 5 0.73399 Architecture\Buildings\BldgBrick3Story1x2ResA.nif
15 449 911 1190 2.09131 2.02895 1.00520 1.00520 175 175 3 32 17 206.81879 10 1 0 0 0 10 0 415 371 25 0 0 9 0.76296 Architecture\Buildings\BldgBrick3Story1x2ResEntA.nif
16 787 1289 1876 1.82592 1.65184 1.00766 1.00766 203 203 3 55 32 201.06323 16 2 0 1 0 17 0 601 552 10 0 0 7 0.72932 Architecture\Buildings\BldgBrick3Story1x2ResEntB.nif
17 1448 2972 4089 2.14227 2.05249 1.00379 1.00379 404 404 4 95 66 213.69510 33 1 0 10 1 43 0 1033 1034 15 0 0 6 0.72131 Architecture\Buildings\BldgBrick3Story2x1CornerComEntA.nif
18 617 1301 1943 2.12642 2.10859 1.00532 1.00532 155 155 4 41 36 405.50674 19 1 0 3 0 22 0 542 588 16 0 0 3 0.75246 Architecture\Buildings\BldgBrick3Story2x2Wedge60ComEntA.nif
19 1038 1645 2638 1.78805 1.60597 1.00386 1.00386 424 424 3 69 49 555.69775 24 2 0 3 0 27 0 915 552 85 0 0 5 0.71622 Architecture\Buildings\BldgBrick3Story3x2ResEntA.nif
20 1918 2938 4652 1.67727 1.56204 1.00322 1.00322 238 238 5 124 80 789.20490 38 1 0 8 0 46 0 1360 1044 7 0 0 3 0.70000 Architecture\Buildings\BldgBrick3Story6x2CornerComEntA.nif
21 2045 4152 6223 2.12225 2.03032 1.00325 1.00325 668 668 6 133 112 822.04193 52 1 0 8 0 60 0 1694 1746 6 0 0 5 0.73399 Architecture\Buildings\BldgBrick3Story6x2ResCustomEntA.nif
22 82 152 172 1.85366 1.85366 1.00000 1.00000 28 28 2 8 2 5.81284 1 1 1 1 0 2 0 72 80 8 0 0 3 0.90352 Architecture\Buildings\BldgBrick4Story1x1BackResA.nif
23 190 470 600 2.49474 2.47368 1.00702 1.00702 28 28 4 17 10 112.46175 6 2 1 0 0 6 0 137 306 0 0 0 4 0.71129 Architecture\Buildings\BldgBrick4Story1x1BackResEntA.nif
24 294 706 865 2.42177 2.40136 1.01651 1.01651 56 56 3 23 11 108.00003 6 1 0 1 0 7 0 225 416 13 0 0 6 0.86702 Architecture\Buildings\BldgBrick4Story1x1BackResGarageA.nif
25 26 52 52 2.00000 2.00000 1.00000 1.00000 4 4 1 4 0 0.00000 0 1 1 0 0 0 0 28 22 4 0 0 2 1.00000 Architecture\Buildings\BldgBrick4Story1x1BlockA.nif
26 654 924 1551 1.65749 1.42661 1.00883 1.00883 168 168 3 46 33 124.25207 15 2 0 2 0 17 0 471 302 21 0 0 7 0.73214 Architecture\Buildings\BldgBrick4Story1x1ComA.nif
27 818 1378 2247 1.78973 1.68460 1.00381 1.00381 214 214 4 55 47 263.05893 24 1 0 2 0 26 0 585 509 41 0 0 8 0.76564 Architecture\Buildings\BldgBrick4Story1x1CornerComA.nif
28 1482 2236 3963 1.75236 1.51350 1.00462 1.00462 351 351 4 97 85 207.78113 32 2 0 7 0 39 0 1029 750 35 0 0 5 0.87213 Architecture\Buildings\BldgBrick4Story1x1CornerResEntA.nif
29 305 753 1038 2.49508 2.46885 1.00804 1.00804 101 101 4 25 19 212.08485 10 4 0 0 0 10 0 284 296 20 0 0 5 0.86315 Architecture\Buildings\BldgBrick4Story1x1CornerResEntB.nif
30 709 1013 1539 1.65303 1.44147 1.00589 1.00589 232 232 3 48 27 251.75385 13 0 0 2 0 15 0 536 328 25 0 0 9 0.75641 Architecture\Buildings\BldgBrick4Story1x2ComA.nif
31 579 901 1384 1.78411 1.56995 1.01172 1.01172 119 119 3 42 28 254.82709 15 2 0 1 0 16 0 407 406 24 0 0 8 0.73684 Architecture\Buildings\BldgBrick4Story1x2ComB.nif
32 1060 2259 3034 2.21226 2.14151 1.00218 1.00218 164 164 4 70 43 416.62454 21 0 1 7 0 28 0 662 1162 8 0 0 4 0.76765 Architecture\Buildings\BldgBrick4Story1x2ResA.nif
33 760 1728 2517 2.30526 2.27368 1.00199 1.00199 96 96 4 50 44 217.38629 21 2 1 3 0 24 0 492 906 30 0 0 3 0.77031 Architecture\Buildings\BldgBrick4Story1x2ResEntA.nif
34 327 635 824 1.95107 1.94190 1.01356 1.01356 126 126 2 25 11 209.61870 5 2 0 2 0 7 0 310 246 48 0 0 5 0.89444 Architecture\Buildings\BldgBrick4Story1x2ResEntB.nif
35 1012 1993 3004 2.06126 1.99308 1.00610 1.00610 175 175 3 67 55 278.75403 26 1 1 4 0 30 0 655 973 94 0 0 5 0.71331 Architecture\Buildings\BldgBrick4Story1x2ResEntC.nif
36 660 1568 2383 2.38182 2.37576 1.00936 1.00936 135 135 4 45 40 692.60089 20 2 0 3 0 23 0 508 676 7 0 0 4 0.71739 Architecture\Buildings\BldgBrick4Story1x2ResEntD.nif
37 212 380 504 1.80660 1.79245 1.02484 1.02484 74 74 3 16 9 25.37986 6 2 0 2 0 8 0 199 136 26 0 0 5 0.92500 Architecture\Buildings\BldgBrick4Story1x2Wedge30ResA.nif
38 488 685 1140 1.54303 1.42623 1.01557 1.01557 50 50 3 34 26 264.00012 14 2 0 4 0 18 0 346 278 51 0 0 3 0.88889 Architecture\Buildings\BldgBrick4Story1x2Wedge30ResB.nif
39 1759 3048 4595 1.87550 1.75441 1.00395 1.00395 560 560 4 114 80 725.62006 39 1 0 0 0 39 0 1371 1289 17 0 0 10 0.75535 Architecture\Buildings\BldgBrick4Story1x4EndResA.nif
40 1413 2296 3486 1.78556 1.63057 1.00442 1.00442 401 401 5 95 66 196.16319 35 2 0 5 0 40 0 1012 942 8 0 0 10 0.73333 Architecture\Buildings\BldgBrick4Story2x2CornerComA.nif
41 1202 2781 3557 2.33694 2.31364 1.00436 1.00436 483 483 4 78 44 1077.36365 21 1 0 1 0 22 0 1012 1304 6 0 0 4 0.72840 Architecture\Buildings\BldgBrick4Story2x2CornerResEntA.nif
42 721 1528 1809 2.12760 2.11928 1.00878 1.00878 243 243 3 48 17 133.79373 9 1 0 0 0 9 0 611 665 29 0 0 5 0.73998 Architecture\Buildings\BldgBrick4Story2x2ResEntA.nif
43 3290 6667 9942 2.12067 2.02644 1.00117 1.00117 896 896 4 213 177 724.25000 77 1 0 11 0 88 0 2267 2268 62 0 0 11 0.72903 Architecture\Buildings\BldgBrick4Story4x1EndComA.nif
44 3189 5000 8225 1.68266 1.59266 1.00178 1.00178 465 465 5 205 157 716.31720 70 0 0 6 3 76 0 2222 2145 3 0 0 4 0.74117 Architecture\Buildings\BldgBrick4Story6x2FreeComEntA.nif
45 222 541 627 2.45495 2.43694 1.00494 1.00494 42 42 2 17 6 19.83667 3 1 1 1 0 4 0 161 349 19 0 0 3 0.91412 Architecture\Buildings\BldgBrick5Story1x1backResA.nif
46 84 176 194 2.09524 2.09524 1.02331 1.02331 4 4 2 7 2 118.17246 2 1 0 1 0 3 0 57 89 11 0 0 2 0.77273 Architecture\Buildings\BldgBrick5Story1x1Block.nif
47 524 1278 1673 2.44275 2.43893 1.00767 1.00767 192 192 4 37 26 212.15092 15 1 0 0 0 15 0 487 510 14 0 0 8 0.72727 Architecture\Buildings\BldgBrick5story1x1CornerEntResA.nif
48 543 1570 2623 2.89134 2.89134 1.00739 1.00739 18 18 4 35 43 407.00037 13 0 1 5 0 18 0 387 650 60 0 0 2 1.00000 Architecture\Buildings\BldgBrick5Story1x1CornerRes01NB.nif
49 657 1008 1574 1.71385 1.55099 1.00754 1.00754 129 129 4 45 31 180.84410 16 0 0 3 0 19 0 454 420 5 0 0 6 0.76049 Architecture\Buildings\BldgBrick5story1x1CornerResA.nif
50 913 2016 2880 2.28916 2.22015 1.00546 1.00546 103 103 5 61 47 180.09998 23 0 0 3 0 26 0 570 1054 8 0 0 8 0.70296 Architecture\Buildings\BldgBrick5Story1x1ResA.nif
51 715 1308 1855 1.95385 1.86294 1.00786 1.00786 203 203 3 49 27 52.34503 14 0 0 0 0 14 0 536 567 18 0 0 9 0.75000 Architecture\Buildings\BldgBrick5Story1x1ResB.nif
52 770 947 1626 1.53896 1.29351 1.00216 1.00216 100 100 3 51 31 65.39152 14 0 0 0 0 14 0 478 312 24 0 0 5 0.70898 Architecture\Buildings\BldgBrick5Story1x1Wedge15.nif
53 421 615 743 1.78385 1.48931 1.00396 1.00396 97 97 3 29 5 64.65862 4 1 1 0 0 4 0 300 178 13 0 0 4 0.85175 Architecture\Buildings\BldgBrick5Story1x1Wedge15A.nif
54 521 855 1314 1.77159 1.66219 1.00792 1.00792 35 35 3 36 25 63.45763 13 0 0 4 0 17 0 338 370 31 0 0 3 0.85366 Architecture\Buildings\BldgBrick5Story1x1Wedge15out.nif
55 33 81 87 2.45455 2.45455 1.07382 1.07382 5 5 2 4 1 1.95019 1 1 1 0 0 1 0 35 23 6 0 0 2 1.00000 Architecture\Buildings\BldgBrick5Story1x1Wedge15outA.nif
56 274 672 850 2.45255 2.45255 1.00642 1.00642 48 48 4 20 13 233.56757 8 2 1 0 0 8 0 200 342 4 0 0 4 0.77762 Architecture\Buildings\BldgBrick5Story1x2backResEntA.nif
57 670 1289 1920 2.11493 1.93731 1.00717 1.00717 192 192 6 48 38 130.81279 18 4 0 2 0 20 0 489 381 6 0 0 7 0.72093 Architecture\Buildings\BldgBrick5Story1x2ComA.nif
58 560 1123 1615 2.12679 2.02500 1.00314 1.00314 244 244 4 41 26 202.46239 14 0 0 4 0 18 0 478 497 24 0 0 6 0.72125 Architecture\Buildings\BldgBrick5Story1x3ComA.nif
59 544 1475 1930 2.71507 2.71140 1.00591 1.00591 242 242 3 37 26 256.10983 12 1 0 2 0 14 0 460 485 47 0 0 6 0.79521 Architecture\Buildings\BldgBrick5Story1x3ComB.nif
60 808 1528 2293 1.99629 1.92203 1.00739 1.00739 340 340 4 54 38 92.54210 18 0 0 4 0 22 0 685 641 14 0 0 6 0.72062 Architecture\Buildings\BldgBrick5Story1x3ComC.nif
61 593 1191 1807 2.12310 2.03035 1.00529 1.00529 74 74 5 43 34 254.68321 18 1 0 3 0 21 0 428 476 10 0 0 5 0.72611 Architecture\Buildings\BldgBrick5Story1x3ComD.nif
62 782 1207 1628 1.76726 1.58951 1.00431 1.00431 121 121 3 52 16 191.04973 9 1 0 1 0 10 0 549 350 23 0 0 6 0.72308 Architecture\Buildings\BldgBrick5Story1x3ComE.nif
63 908 1203 1639 1.59251 1.37665 1.00379 1.00379 220 220 3 61 11 74.54539 7 1 0 2 0 9 0 628 453 60 0 0 5 0.74482 Architecture\Buildings\BldgBrick5Story1x3ComF.nif
64 2742 6453 8932 2.38038 2.35740 1.00096 1.00096 1035 1035 3 175 111 780.29993 43 0 0 3 0 46 0 2216 3114 221 0 0 9 0.72102 Architecture\Buildings\BldgBrick5Story1x3EndComA.nif
65 3033 6016 9148 2.00725 1.98351 1.00343 1.00343 767 767 4 197 172 888.33228 77 1 0 14 0 91 0 2071 2108 70 0 0 13 0.71111 Architecture\Buildings\BldgBrick5Story1x4ComEntA.nif
66 2726 4111 7399 1.75128 1.52054 1.00431 1.00431 587 587 8 175 165 750.30688 70 1 0 9 1 76 3 1912 1259 4 0 0 7 0.73958 Architecture\Buildings\BldgBrick5Story1x4ResEntA.nif
67 739 1895 2503 2.56428 2.56428 1.00652 1.00652 135 135 3 49 35 182.68202 17 0 0 3 0 20 0 552 947 66 0 0 4 0.70554 Architecture\Buildings\BldgBrick5story2x2CornerEntResA.nif
68 5191 8209 12383 1.60239 1.58756 1.00107 1.00107 839 839 3 329 201 248.02930 80 0 0 2 0 82 0 3322 4070 28 0 0 7 0.76892 Architecture\Buildings\BldgBrick5StoryCustom01.nif
69 1164 2505 3864 2.26890 2.17096 1.00364 1.00364 105 105 4 75 57 984.39453 22 1 0 7 0 29 0 819 982 6 0 0 5 0.86364 Architecture\Buildings\BldgBrick6Story1x1CornerWedge15A.nif
70 375 951 1054 2.53600 2.53600 1.01559 1.01559 75 75 4 26 8 141.82587 5 2 0 0 0 5 0 295 458 6 0 0 4 0.83452 Architecture\Buildings\BldgBrick6Story1x2ResA.nif
71 2456 5186 7871 2.18078 2.12134 1.00102 1.00102 643 643 4 158 132 392.50989 60 0 0 9 0 69 0 1828 2319 48 0 0 8 0.70161 Architecture\Buildings\BldgBrick6Story2x2CornerResEntA.nif
72 1282 2480 3595 2.03120 1.94306 1.00342 1.00342 411 411 4 87 59 326.30200 30 3 0 2 0 32 0 996 1109 8 0 0 10 0.71864 Architecture\Buildings\BldgBrick6Story2x2ResEntA.nif
73 136 404 493 2.97059 2.97059 1.00980 1.00980 22 22 2 11 6 31.06555 3 1 0 0 0 3 0 111 177 17 0 0 3 0.91971 Architecture\Buildings\BldgBrick6StoryHalfA.nif
74 1170 3191 4804 2.72735 2.72735 1.00151 1.00151 154 154 5 78 81 1167.62244 30 2 0 7 0 37 0 765 1665 27 0 0 3 0.74766 Architecture\Buildings\BldgBrick7Story1x2ResEntA.nif
75 3135 5791 8688 1.90750 1.85136 1.00127 1.00127 821 821 7 199 121 1736.48132 49 2 2 9 1 58 0 2485 2307 0 0 0 3 0.72645 Architecture\Buildings\BldgBrick7Story3x5FreeComEntA.nif
76 582 1464 1876 2.51546 2.51546 1.00262 1.00262 230 230 3 40 21 191.62611 11 1 0 1 0 12 0 566 545 45 0 0 7 0.70396 Architecture\Buildings\BldgBrick8Story1x1CornerResEntA.nif
77 988 2199 3170 2.30061 2.23684 1.00229 1.00229 150 150 3 67 49 243.50296 22 0 0 5 0 27 0 643 1114 17 0 0 6 0.70793 Architecture\Buildings\BldgBrick8Story1x2ResA.nif
78 783 1522 2208 2.05236 1.97446 1.00389 1.00389 305 305 3 53 37 181.01933 18 0 0 1 0 19 0 662 574 57 0 0 7 0.71225 Architecture\Buildings\BldgBrick8Story1x2ResB.nif
79 735 1401 2113 1.95102 1.90612 1.00789 1.00789 155 155 4 50 40 485.18915 24 3 0 5 0 29 0 575 578 31 0 0 2 0.76796 Architecture\Buildings\BldgBrickLgWht2Story2x2CornerComA.nif
80 232 446 809 1.92241 1.92241 1.00449 1.00449 0 0 3 16 18 228.82051 7 1 1 1 0 8 0 122 297 4 0 0 0 0.92495 Architecture\Buildings\BldgMetal1x1SideA.nif
81 844 1550 2251 1.87441 1.84479 1.00761 1.00761 158 158 6 58 45 220.48474 23 3 0 1 0 24 0 554 791 3 0 0 6 0.72367 Architecture\Buildings\BldgMetal2Story1x1ComA.nif
82 550 843 1249 1.55636 1.55273 1.00397 1.00397 182 182 3 39 21 186.80502 10 2 0 0 0 10 0 424 320 20 0 0 6 0.71627 Architecture\Buildings\BldgMetal2Story1x1ComB.nif
83 808 1023 1841 1.45668 1.29827 1.00668 1.00668 193 193 3 53 44 284.07059 23 1 0 4 0 27 0 573 369 33 0 0 4 0.70139 Architecture\Buildings\BldgMetal2Story1x1ComC.nif
84 1034 1661 2522 1.76886 1.62959 1.00664 1.00664 282 282 4 69 47 223.46753 23 2 0 3 0 26 0 699 785 16 0 0 4 0.72414 Architecture\Buildings\BldgMetal2Story1x1CornerComA.nif
85 543 1139 1542 2.13444 2.09761 1.00100 1.00100 91 91 6 38 25 220.26512 14 4 0 2 1 16 0 359 670 3 0 0 2 0.72292 Architecture\Buildings\BldgMetal3Story1x1ComA.nif
86 634 1354 1626 2.15931 2.13565 1.00500 1.00500 80 80 3 44 14 70.82040 8 2 0 2 0 10 0 420 753 19 0 0 4 0.70880 Architecture\Buildings\BldgMetal3Story1x1ComB.nif
87 827 1038 1829 1.44135 1.28658 1.00184 1.00184 219 219 3 56 39 108.80923 17 2 2 2 0 19 0 594 387 30 0 0 3 0.71634 Architecture\Buildings\BldgMetal3Story1x1ComC.nif
88 887 1687 2366 1.90192 1.90192 1.00110 1.00110 128 128 3 60 43 202.38577 20 2 0 1 0 21 0 615 773 31 0 0 6 0.86667 Architecture\Buildings\BldgMetal3Story1x1CornerComA.nif
89 2858 3371 6906 1.38139 1.19804 1.00031 1.00031 381 381 4 180 165 406.42517 67 0 0 15 0 82 0 1645 858 90 0 0 0 0.94050 Architecture\Buildings\BldgMetal3Story1x2IndA.nif
90 279 637 816 2.28315 2.28315 1.00426 1.00426 11 11 3 19 11 250.82813 5 0 0 1 0 6 0 222 232 21 0 0 2 0.97094 Architecture\Buildings\BldgMetal3x3RoofTopA.nif
91 219 494 691 2.25571 2.25571 1.00325 1.00325 7 7 3 15 10 189.36670 4 0 0 1 0 5 0 179 146 13 0 0 2 0.93638 Architecture\Buildings\BldgMetal3x3RoofTopB.nif
92 2589 4642 7261 1.90189 1.79954 1.00227 1.00227 384 384 5 165 131 576.00000 55 1 0 10 0 65 0 1982 1858 46 0 0 2 0.73810 Architecture\Buildings\BldgMetal5Story1x1CornerIndA.nif
93 1829 2563 4125 1.58174 1.41662 1.00134 1.00134 339 339 5 117 74 175.36249 31 0 0 0 0 31 0 1279 853 8 0 0 6 0.72828 Architecture\Buildings\BldgMetal5Story1x1IndA.nif
94 599 797 1568 1.33055 1.33055 1.00399 1.00399 61 61 4 39 36 437.88583 15 0 0 4 0 19 0 410 380 8 0 0 2 0.84053 Architecture\Buildings\BldgMetal6Story1x1CornerIndA.nif
95 1766 3181 4826 1.84768 1.80294 1.00103 1.00103 494 494 3 114 75 360.36172 33 0 0 4 0 37 0 1440 1134 118 0 0 4 0.70330 Architecture\Buildings\BldgMetal6Story1x1CornerIndB.nif
96 726 1575 2015 2.26309 2.18457 1.00801 1.00801 82 82 5 52 28 246.28174 17 4 0 2 0 19 0 536 655 12 0 0 5 0.73910 Architecture\Buildings\BldgMetal6Story1x1CornerWedge15EntA.nif
97 315 470 723 1.54286 1.49206 1.00362 1.00362 43 43 3 21 13 370.69635 7 0 0 0 0 7 0 211 212 21 0 0 4 0.79891 Architecture\Buildings\BldgMetal6Story1x1IndA.nif
98 1598 1839 3571 1.29287 1.16083 1.00312 1.00312 417 417 6 102 93 1077.54187 45 1 1 2 0 47 0 1074 554 4 0 0 4 0.74286 Architecture\Buildings\BldgMetal6Story1x1IndC.nif
99 418 636 822 1.84689 1.55024 1.00322 1.00322 62 62 4 28 7 464.00000 4 1 1 0 0 4 0 261 233 15 0 0 3 0.71429 Architecture\Buildings\BldgMetal6Story1x1Wedge15B.nif
100 1703 2846 5081 1.82384 1.68937 1.00154 1.00154 105 105 6 110 107 655.54608 44 0 0 7 0 51 0 1300 903 16 0 0 3 0.78161 Architecture\Buildings\BldgMetal6Story2x2IndA.nif
101 510 1400 1903 2.74510 2.74510 1.00266 1.00266 38 38 2 34 20 135.54919 8 1 0 0 0 8 0 498 444 169 0 0 4 0.74740 Architecture\Buildings\BldgMetal6Story2x2Wedge15IndA.nif
102 1313 2674 4376 2.12643 2.04874 1.00085 1.00085 87 87 3 84 70 497.49695 27 0 0 5 0 32 0 1056 925 120 0 0 3 0.77083 Architecture\Buildings\BldgMetal6Story2x2Wedge30IndA.nif
103 2971 5575 9265 1.96197 1.87748 1.00184 1.00184 270 270 8 188 193 1442.51953 79 1 0 12 0 88 3 2392 2293 12 0 0 3 0.83525 Architecture\Buildings\BldgMetal7Story1x1CornerIndA.nif
104 2498 3806 6349 1.70296 1.53723 1.00148 1.00148 299 299 4 159 127 573.91467 51 0 0 14 0 65 0 1716 1321 52 0 0 2 0.86911 Architecture\Buildings\BldgMetal7Story1x1IndA.nif
105 2241 4226 6984 1.90004 1.88577 1.00081 1.00081 564 564 4 143 130 1278.23169 52 0 4 6 0 58 0 1660 1526 88 0 0 4 0.70455 Architecture\Buildings\BldgMetal9Story1x1CornerIndB.nif
106 5 15 21 3.00000 3.00000 1.06667 1.06667 7 7 2 1 1 0.00001 1 1 0 0 0 1 0 7 3 6 0 0 0 1.00000 Architecture\Buildings\Church\ChurchMainA1x1EndCap01Full01.nif
107 7 21 21 3.00000 3.00000 1.14286 1.14286 9 9 1 1 0 0.00000 0 0 0 0 0 0 0 9 6 9 0 0 1 1.00000 Architecture\Buildings\Church\ChurchMainA1x1EndCap01Full02.nif
108 309 615 853 2.09385 1.99029 1.00713 1.00713 167 167 2 20 12 23.75879 6 0 0 0 0 6 0 271 231 127 0 0 3 0.84323 Architecture\Buildings\Church\ChurchMainA1x2DoorSingle01Full01.nif
109 114 172 322 1.75439 1.50877 1.00000 1.00000 60 60 4 8 7 11.89855 4 1 0 0 0 4 0 98 64 25 0 0 1 0.78947 Architecture\Buildings\Church\ChurchMainA1x2Wall01.nif
110 142 242 404 1.90141 1.70423 1.00469 1.00469 80 80 3 10 10 111.32996 6 2 0 0 0 6 0 128 92 45 0 0 1 0.79310 Architecture\Buildings\Church\ChurchMainA1x2Wall01Full01.nif
111 92 172 238 2.02174 1.86957 1.02155 1.02155 62 62 2 7 4 4.00000 2 1 0 0 0 2 0 92 56 47 0 0 2 0.77778 Architecture\Buildings\Church\ChurchMainA1x2WallHalf01Full01.nif
112 437 744 1260 1.86728 1.70938 1.01057 1.01057 109 109 3 29 28 74.50550 14 1 0 2 0 16 0 329 233 70 0 0 1 0.87267 Architecture\Buildings\Church\ChurchMainA1x2WinA01.nif
113 712 1234 2018 1.88483 1.74157 1.00475 1.00475 136 136 4 46 43 99.81449 21 2 0 4 0 25 0 491 435 28 0 0 1 0.71363 Architecture\Buildings\Church\ChurchMainA1x2WinA01Full01.nif
114 1146 1739 3009 1.74869 1.52094 1.00151 1.00151 420 420 4 73 61 347.67691 26 0 0 5 0 31 0 824 663 42 0 0 2 0.85207 Architecture\Buildings\Church\ChurchMainA2x2DoorDouble01Full01.nif
115 4194 6549 11909 1.79065 1.56533 1.00203 1.00203 1022 1022 6 265 259 772.68079 108 1 0 18 0 126 0 2908 2865 9 0 0 4 0.81424 Architecture\Buildings\Church\ChurchMainAAdd01.nif
116 6882 11935 21536 1.94260 1.73656 1.00108 1.00108 1224 1224 8 435 451 964.66656 176 1 2 26 1 202 0 4551 4778 4 0 0 5 0.74940 Architecture\Buildings\Church\ChurchMainAAdd01Full01.nif
117 82 148 226 1.80488 1.80488 1.00000 1.00000 26 26 4 6 6 39.94969 3 1 0 0 0 3 0 62 86 11 0 0 1 0.81587 Architecture\Buildings\Church\ChurchMainAAdd01Roof01Full01.nif
118 1510 2520 4120 1.83311 1.67881 1.00226 1.00226 320 320 4 97 82 333.78421 36 1 0 7 0 43 0 1002 1209 46 0 0 3 0.74221 Architecture\Buildings\Church\ChurchMainATowerBase01.nif
119 1851 3300 5117 1.92437 1.79092 1.00205 1.00205 403 403 3 119 92 336.47083 39 2 0 3 0 42 0 1251 1594 206 0 0 4 0.73644 Architecture\Buildings\Church\ChurchMainATowerBase01Full01.nif
120 3353 5186 9110 1.72115 1.55741 1.00097 1.00097 617 617 4 211 194 528.94153 78 0 0 17 0 95 0 2243 2017 56 0 0 1 0.76085 Architecture\Buildings\Church\ChurchMainATowerMid01.nif
121 48 130 137 2.70833 2.70833 1.04658 1.04658 28 28 2 5 1 8.56383 1 0 0 1 0 2 0 44 53 0 0 0 2 0.92357 Architecture\Buildings\Church\ChurchRoofA1x1Str01.nif
122 58 156 168 2.68966 2.68966 1.02332 1.02332 28 28 2 6 2 8.58271 2 1 0 2 0 4 0 48 67 0 0 0 1 0.92308 Architecture\Buildings\Church\ChurchRoofA1x1Str01Full01.nif
123 180 510 631 2.83333 2.83333 1.00381 1.00381 64 64 3 13 8 17.40861 5 0 0 2 0 7 0 127 67 12 0 0 2 0.72549 Architecture\Buildings\Church\ChurchRoofA1x1Str01Full02.nif
124 223 621 740 2.78475 2.78475 1.01088 1.01088 77 77 2 16 7 13.63086 4 0 0 1 0 5 0 157 293 13 0 0 3 0.83696 Architecture\Buildings\Church\ChurchRoofA1x1Str01Full03.nif
125 112 310 365 2.76786 2.76786 1.00652 1.00652 38 38 3 9 6 78.25821 5 1 0 1 0 6 0 80 70 12 0 0 2 0.82231 Architecture\Buildings\Church\ChurchRoofA1x1Str01Full04.nif
126 58 174 204 3.00000 3.00000 1.01149 1.01149 44 44 2 5 3 16.00000 2 1 0 0 0 2 0 53 82 11 0 0 2 0.74603 Architecture\Buildings\Church\ChurchRoofA1x1Str2Way01Full01.nif
127 116 348 406 3.00000 3.00000 1.00000 1.00000 78 78 2 9 4 19.59244 3 1 0 0 0 3 0 100 142 22 0 0 2 0.83021 Architecture\Buildings\Church\ChurchRoofA1x1Str3Way01Full01.nif
128 79 137 192 1.73418 1.73418 1.02273 1.02273 3 3 3 6 5 6.05279 4 0 0 0 0 4 0 46 87 0 0 0 2 0.93782 Architecture\Buildings\Church\ChurchRoofCapA1x1Str01.nif
129 307 389 700 1.27362 1.27362 1.00750 1.00750 37 37 3 21 15 97.63984 7 0 0 2 0 9 0 224 124 20 0 0 1 0.96643 Architecture\Buildings\DecoKit\DecoLobbyA1x1Cor01.nif
130 327 413 694 1.26911 1.26911 1.00703 1.00703 15 15 3 22 13 97.66610 6 0 0 3 0 9 0 224 147 20 0 0 1 0.86826 Architecture\Buildings\DecoKit\DecoLobbyA1x1Cor01Full01.nif
131 64 74 147 1.15625 1.15625 1.02703 1.02703 22 22 5 4 5 47.42094 4 1 0 0 0 4 0 44 30 6 0 0 0 0.83760 Architecture\Buildings\DecoKit\DecoLobbyA1x1Cor03.nif
132 104 130 263 1.25000 1.25000 1.01663 1.01663 70 70 5 7 8 47.42094 6 1 0 0 0 6 0 97 33 6 0 0 1 0.82062 Architecture\Buildings\DecoKit\DecoLobbyA1x1Cor03Dam01.nif
133 84 96 162 1.14286 1.14286 1.00000 1.00000 0 0 2 6 4 46.92709 2 0 0 1 0 3 0 44 51 0 0 0 0 0.95358 Architecture\Buildings\DecoKit\DecoLobbyA1x1Cor03Full01.nif
134 478 727 1409 1.52092 1.52092 1.00774 1.00774 138 138 4 31 32 165.26425 11 0 0 2 0 13 0 308 354 24 0 0 1 0.88940 Architecture\Buildings\DecoKit\DecoLobbyA1x1CorOpenFull01.nif
135 36 80 100 2.22222 2.22222 1.00000 1.00000 18 18 2 4 2 23.32332 2 1 0 0 0 2 0 36 28 14 0 0 2 0.76273 Architecture\Buildings\DecoKit\DecoLobbyA1x1DoorSingle01.nif
136 70 160 201 2.28571 2.28571 1.00000 1.00000 28 28 3 5 3 15.21326 2 0 0 0 0 2 0 56 94 11 0 0 2 0.80706 Architecture\Buildings\DecoKit\DecoLobbyA1x1DoorSingle01Full01.nif
137 134 199 339 1.48507 1.48507 1.00504 1.00504 40 40 3 9 8 25.14764 4 0 0 0 0 4 0 88 103 11 0 0 2 0.76140 Architecture\Buildings\DecoKit\DecoLobbyA1x1OpenFull01.nif
138 95 171 227 1.80000 1.80000 1.00649 1.00649 41 41 4 7 4 23.89040 3 0 0 0 0 3 0 74 77 6 0 0 2 0.89017 Architecture\Buildings\DecoKit\DecoLobbyA1x1Wall01.nif
139 10 20 20 2.00000 2.00000 1.00000 1.00000 4 4 1 1 0 0.00000 0 0 0 0 0 0 0 8 12 4 0 0 1 1.00000 Architecture\Buildings\DecoKit\DecoLobbyA1x1Wall02.nif
140 18 36 36 2.00000 2.00000 1.00000 1.00000 20 20 1 2 0 0.00000 0 0 0 0 0 0 0 23 13 20 0 0 2 1.00000 Architecture\Buildings\DecoKit\DecoLobbyA1x1Wall02Dam01.nif
141 18 34 42 1.88889 1.88889 1.06349 1.06349 18 18 2 2 1 64.00000 1 1 0 0 0 1 0 21 13 8 0 0 1 0.71697 Architecture\Buildings\DecoKit\DecoLobbyA1x1Wall02Dam02.nif
142 12 24 24 2.00000 2.00000 1.00000 1.00000 0 0 1 1 0 0.00000 0 0 0 0 0 0 0 8 16 0 0 0 1 1.00000 Architecture\Buildings\DecoKit\DecoLobbyA1x1Wall02Full01.nif
143 68 130 152 1.91176 1.91176 1.01435 1.01435 30 30 2 6 2 20.89731 1 1 0 1 0 2 0 56 67 8 0 0 1 0.95678 Architecture\Buildings\DecoKit\DecoLobbyA1x1Win01.nif
144 124 228 266 1.83871 1.83871 1.00000 1.00000 52 52 2 9 4 24.07859 3 2 0 0 0 3 0 106 97 4 0 0 2 0.80490 Architecture\Buildings\DecoKit\DecoLobbyA1x1Win01Full01.nif
145 136 250 313 1.83824 1.83824 1.00768 1.00768 66 66 3 10 6 27.83401 4 1 0 1 0 5 0 122 111 12 0 0 2 0.83667 Architecture\Buildings\DecoKit\DecoLobbyA1x1Win01Full01a.nif
146 296 582 971 1.96622 1.96622 1.00391 1.00391 62 62 3 19 22 41.10135 8 0 1 1 0 9 0 192 298 26 0 0 3 0.77778 Architecture\Buildings\DecoKit\DecoLobbyA1x1Win01Full02.nif
147 82 136 190 1.65854 1.65854 1.00000 1.00000 30 30 4 7 4 23.78705 3 1 0 0 0 3 0 64 64 6 0 0 2 0.95678 Architecture\Buildings\DecoKit\DecoLobbyA1x1Win02.nif
148 134 234 309 1.74627 1.74627 1.00830 1.00830 40 40 3 10 5 46.63913 3 0 0 1 0 4 0 108 112 10 0 0 2 0.73438 Architecture\Buildings\DecoKit\DecoLobbyA1x2OpenFull01.nif
149 10 20 20 2.00000 2.00000 1.00000 1.00000 4 4 1 1 0 0.00000 0 0 0 0 0 0 0 8 12 4 0 0 1 1.00000 Architecture\Buildings\DecoKit\DecoLobbyA1x2Wall01.nif
150 314 517 872 1.64650 1.64650 1.00591 1.00591 113 113 3 21 19 249.36682 10 1 0 1 0 11 0 237 213 53 0 0 1 0.71982 Architecture\Buildings\DecoKit\DecoLobbyB1x1CorWin01.nif
151 76 153 224 2.01316 2.01316 1.03509 1.03509 22 22 3 6 6 6.00618 3 1 0 0 0 3 0 57 85 15 0 0 1 0.90867 Architecture\Buildings\DecoKit\DecoLobbyB1x1Door01.nif
152 62 122 173 1.96774 1.96774 1.02151 1.02151 20 20 3 5 4 23.89040 4 1 0 0 0 4 0 54 39 14 0 0 2 0.76273 Architecture\Buildings\DecoKit\DecoLobbyB1x1DoorSingle01.nif
153 100 206 290 2.06000 2.06000 1.00980 1.00980 20 20 3 8 6 23.70707 4 0 0 0 0 4 0 72 74 14 0 0 2 0.73913 Architecture\Buildings\DecoKit\DecoLobbyB1x1DoorSingle01Full01.nif
154 172 310 550 1.80233 1.80233 1.00645 1.00645 22 22 3 11 11 135.57010 4 0 0 2 0 6 0 96 196 19 0 0 0 0.91146 Architecture\Buildings\DecoKit\DecoLobbyB1x1OpenFull01.nif
155 14 28 35 2.00000 2.00000 1.00000 1.00000 8 8 2 1 1 23.78705 1 0 0 0 0 1 0 12 16 5 0 0 1 0.95678 Architecture\Buildings\DecoKit\DecoLobbyB1x1Wall02.nif
156 26 48 69 1.84615 1.84615 1.00000 1.00000 28 28 2 2 2 35.83734 2 0 0 0 0 2 0 32 16 19 0 0 2 0.82656 Architecture\Buildings\DecoKit\DecoLobbyB1x1Wall02Dam01.nif
157 40 72 72 1.80000 1.80000 1.00000 1.00000 28 28 1 3 0 0.00000 0 0 0 1 0 1 0 39 29 28 0 0 1 1.00000 Architecture\Buildings\DecoKit\DecoLobbyB1x1Wall03.nif
158 90 180 224 2.00000 2.00000 1.01630 1.01630 34 34 3 7 3 23.89040 2 1 0 0 0 2 0 69 102 8 0 0 2 0.95678 Architecture\Buildings\DecoKit\DecoLobbyB1x1Win01.nif
159 161 295 373 1.83230 1.83230 1.00321 1.00321 47 47 2 11 5 61.24842 3 1 0 1 0 4 0 111 157 8 0 0 1 0.78843 Architecture\Buildings\DecoKit\DecoLobbyB1x1Win01Full01.nif
160 82 142 194 1.73171 1.73171 1.01339 1.01339 34 34 4 7 4 23.79180 3 1 0 0 0 3 0 64 68 6 0 0 2 0.95678 Architecture\Buildings\DecoKit\DecoLobbyB1x1Win02.nif
161 88 153 205 1.73864 1.73864 1.01973 1.01973 46 46 4 7 4 23.79180 3 1 0 0 0 3 0 75 68 6 0 0 2 0.95678 Architecture\Buildings\DecoKit\DecoLobbyB1x1Win02Dam01.nif
162 134 228 305 1.70149 1.70149 1.00000 1.00000 54 54 3 10 6 14.30465 3 1 0 0 0 3 0 101 103 4 0 0 2 0.81771 Architecture\Buildings\DecoKit\DecoLobbyB1x1Win02Full01.nif
163 138 236 313 1.71014 1.71014 1.00000 1.00000 62 62 3 10 6 14.30465 3 1 0 0 0 3 0 109 103 4 0 0 2 0.81771 Architecture\Buildings\DecoKit\DecoLobbyB1x1Win02Full01Dam01.nif
164 300 605 919 2.01667 2.01667 1.00485 1.00485 34 34 3 20 15 35.09977 7 0 1 2 0 9 0 186 344 42 0 0 1 0.87432 Architecture\Buildings\DecoKit\DecoLobbyB1x2Garage01Full01.nif
165 570 1441 2139 2.53158 2.52807 1.00203 1.00203 80 80 4 38 37 146.86728 16 1 0 2 0 18 0 351 702 30 0 0 3 0.79561 Architecture\Buildings\DecoKit\DecoLobbyC1x1CorDoorSingle01.nif
166 974 2629 3916 2.70123 2.69918 1.00117 1.00117 102 102 4 62 65 303.09909 23 1 1 6 0 29 0 528 1342 50 0 0 1 0.86767 Architecture\Buildings\DecoKit\DecoLobbyC1x1CorDoorSingle01Full01.nif
167 173 459 565 2.65318 2.65318 1.01259 1.01259 37 37 2 13 7 12.96634 3 2 0 0 0 3 0 123 186 26 0 0 2 0.81655 Architecture\Buildings\DecoKit\DecoLobbyC1x1DoorSingle01.nif
168 344 976 1518 2.83721 2.83721 1.00000 1.00000 44 44 5 22 29 70.00143 12 0 0 2 0 14 0 204 488 10 0 0 1 0.79570 Architecture\Buildings\DecoKit\DecoLobbyC1x1WinA01.nif
169 140 316 434 2.25714 2.25714 1.00000 1.00000 30 30 3 10 7 16.97056 5 1 0 1 0 6 0 106 167 8 0 0 2 0.84563 Architecture\Buildings\DecoKit\DecoLobbyC1x1WinB01.nif
170 238 554 750 2.32773 2.32773 1.00535 1.00535 30 30 4 15 12 17.88854 7 0 0 0 0 7 0 150 334 3 0 0 3 0.81829 Architecture\Buildings\DecoKit\DecoLobbyC1x1WinB01Full01.nif
171 170 416 532 2.44706 2.44706 1.00000 1.00000 18 18 2 12 8 17.88680 5 1 1 1 0 6 0 102 264 12 0 0 1 0.76058 Architecture\Buildings\DecoKit\DecoLobbyC1x1WinB01Full02.nif
172 246 574 770 2.33333 2.33333 1.00517 1.00517 30 30 4 16 12 17.88854 7 0 0 0 0 7 0 158 344 3 0 0 4 0.81829 Architecture\Buildings\DecoKit\DecoLobbyC1x1WinB01Full03.nif
173 562 1588 2418 2.82562 2.82562 1.00317 1.00317 74 74 4 37 40 282.87592 15 1 0 3 0 18 0 344 731 56 0 0 2 0.74706 Architecture\Buildings\DecoKit\DecoLobbyC1x2DoorSingle01.nif
174 1134 3208 4865 2.82892 2.82892 1.00000 1.00000 76 76 4 72 81 377.73969 28 0 0 8 0 36 0 592 1540 59 0 0 1 0.85417 Architecture\Buildings\DecoKit\DecoLobbyC1x2DoorSingle01Full01.nif
175 654 1573 2382 2.40979 2.40520 1.00437 1.00437 234 234 3 43 39 272.75000 18 0 0 4 0 22 0 491 638 82 0 0 3 0.73371 Architecture\Buildings\DecoKit\DecoMainA1x1AngleBDoorDouble01Full.nif
176 18 42 51 2.33333 2.33333 1.04762 1.04762 4 4 2 2 1 15.96884 1 0 0 0 0 1 0 12 27 4 0 0 1 0.75065 Architecture\Buildings\DecoKit\DecoMainA1x1AngleBWall01.nif
177 20 48 57 2.40000 2.40000 1.07619 1.07619 0 0 2 3 1 15.96884 1 1 0 0 0 1 0 16 27 4 0 0 1 0.75065 Architecture\Buildings\DecoKit\DecoMainA1x1AngleBWall01Full.nif
178 18 48 55 2.66667 2.66667 1.00000 1.00000 4 4 2 2 1 15.87875 1 0 0 0 0 1 0 12 31 4 0 0 1 0.75065 Architecture\Buildings\DecoKit\DecoMainA1x1AngleBWall01Half01.nif
179 20 34 59 1.70000 1.70000 1.05882 1.05882 22 22 4 2 3 37.81230 3 1 0 0 0 3 0 22 12 6 0 0 0 0.96774 Architecture\Buildings\DecoKit\DecoMainA1x1Cor01.nif
180 20 22 43 1.10000 1.10000 1.09091 1.09091 22 22 3 2 2 35.51089 2 0 0 1 0 3 0 22 0 7 0 0 0 0.96970 Architecture\Buildings\DecoKit\DecoMainA1x1Cor01Half01.nif
181 178 279 477 1.56742 1.56742 1.00314 1.00314 71 71 4 13 12 110.21539 7 1 0 1 0 8 0 160 82 11 0 0 2 0.70683 Architecture\Buildings\DecoKit\DecoMainA1x1CorDoorSingle01.nif
182 235 407 671 1.73191 1.73191 1.01387 1.01387 104 104 4 16 18 74.82647 11 1 0 0 0 11 0 201 138 15 0 0 3 0.81518 Architecture\Buildings\DecoKit\DecoMainA1x1CorDoorSingle01Full.nif
183 36 40 83 1.11111 1.11111 1.09989 1.09989 6 6 4 3 5 47.95883 5 2 0 0 0 5 0 40 0 6 0 0 0 0.95107 Architecture\Buildings\DecoKit\DecoMainA1x1CorWin01.nif
184 224 264 494 1.17857 1.17857 1.00000 1.00000 0 0 4 15 13 73.93172 8 0 0 0 0 8 0 174 65 12 0 0 4 0.77456 Architecture\Buildings\DecoKit\DecoMainA1x1CorWin01Full01.nif
185 292 348 669 1.19178 1.19178 1.00000 1.00000 36 36 3 19 16 142.99655 9 0 0 1 0 10 0 228 112 43 0 0 2 0.77456 Architecture\Buildings\DecoKit\DecoMainA1x1CorWin01Full02.nif
186 28 34 69 1.21429 1.21429 1.06494 1.06494 34 34 4 3 4 47.95883 4 2 0 0 0 4 0 34 0 6 0 0 0 0.95107 Architecture\Buildings\DecoKit\DecoMainA1x1CorWin02.nif
187 114 200 309 1.75439 1.75439 1.01940 1.01940 54 54 3 9 8 91.91300 6 1 0 1 0 7 0 108 61 23 0 0 2 0.76686 Architecture\Buildings\DecoKit\DecoMainA1x1DoorDouble01.nif
188 134 233 372 1.73881 1.73881 1.01076 1.01076 36 36 4 11 10 68.74808 7 1 0 0 0 7 0 127 67 4 0 0 3 0.78265 Architecture\Buildings\DecoKit\DecoMainA1x1DoorSingle01.nif
189 34 72 82 2.11765 2.11765 1.00000 1.00000 18 18 2 4 1 11.91792 1 1 0 0 0 1 0 36 16 10 0 0 2 0.85268 Architecture\Buildings\DecoKit\DecoMainA1x1DoorSingle02.nif
190 76 173 206 2.27632 2.27632 1.04095 1.04095 0 0 2 6 3 15.92177 2 0 0 0 0 2 0 56 94 12 0 0 3 0.78491 Architecture\Buildings\DecoKit\DecoMainA1x1DoorSingle02Full01.nif
191 2 4 4 2.00000 2.00000 1.00000 1.00000 4 4 1 1 0 0.00000 0 1 0 0 0 0 0 4 0 4 0 0 0 1.00000 Architecture\Buildings\DecoKit\DecoMainA1x1Wall01.nif
192 12 28 28 2.33333 2.33333 1.13131 1.13131 0 0 1 2 0 0.00000 0 1 0 0 0 0 0 12 14 0 0 0 1 1.00000 Architecture\Buildings\DecoKit\DecoMainA1x1Wall01Full01.nif
193 2 4 4 2.00000 2.00000 1.00000 1.00000 4 4 1 1 0 0.00000 0 1 0 0 0 0 0 4 0 4 0 0 0 1.00000 Architecture\Buildings\DecoKit\DecoMainA1x1Wall01Half01.nif
194 12 30 30 2.50000 2.50000 1.05556 1.05556 0 0 1 2 0 0.00000 0 1 0 0 0 0 0 12 16 0 0 0 1 1.00000 architecture\buildings\decokit\DecoMainA1x1Wall01Half01Full01.nif
195 64 132 175 2.06250 2.06250 1.00000 1.00000 10 10 3 5 5 8.00000 4 1 0 1 0 5 0 39 79 8 0 0 0 0.78632 Architecture\Buildings\DecoKit\DecoMainA1x1Wall01Vent01.nif
196 8 18 18 2.25000 2.25000 1.10000 1.10000 0 0 1 2 0 0.00000 0 1 0 0 0 0 0 9 9 0 0 0 1 1.00000 Architecture\Buildings\DecoKit\DecoMainA1x1WallPeakL01Full01.nif
197 8 18 18 2.25000 2.25000 1.10000 1.10000 0 0 1 2 0 0.00000 0 1 0 0 0 0 0 9 9 0 0 0 1 1.00000 Architecture\Buildings\DecoKit\DecoMainA1x1WallPeakR01Full01.nif
198 6 14 14 2.33333 2.33333 1.11111 1.11111 12 12 1 2 0 0.00000 0 2 0 0 0 0 0 12 0 12 0 0 0 1.00000 Architecture\Buildings\DecoKit\DecoMainA1x1Win01.nif
199 68 150 156 2.20588 2.20588 1.04113 1.04113 14 14 2 6 1 0.00001 1 0 0 0 0 1 0 60 40 4 0 0 4 1.00000 Architecture\Buildings\DecoKit\DecoMainA1x1Win01Full01.nif
200 4 10 10 2.50000 2.50000 1.16667 1.16667 8 8 1 2 0 0.00000 0 2 0 0 0 0 0 8 0 8 0 0 0 1.00000 Architecture\Buildings\DecoKit\DecoMainA1x1Win02.nif
201 40 94 109 2.35000 2.35000 1.06444 1.06444 7 7 2 5 2 15.92927 2 3 0 0 0 2 0 36 30 4 0 0 1 0.81771 Architecture\Buildings\DecoKit\DecoMainA1x1Win02Full01.nif
202 4 10 10 2.50000 2.50000 1.16667 1.16667 8 8 1 2 0 0.00000 0 2 0 0 0 0 0 8 0 8 0 0 0 1.00000 Architecture\Buildings\DecoKit\DecoMainA1x1Win03.nif
203 40 86 96 2.15000 2.15000 1.06675 1.06675 6 6 2 5 1 15.93147 1 2 0 0 0 1 0 36 25 8 0 0 2 0.78125 Architecture\Buildings\DecoKit\DecoMainA1x1Win03Full01.nif
204 20 58 68 2.90000 2.90000 1.03333 1.03333 8 8 2 3 2 0.00001 2 3 0 0 0 2 0 20 16 8 0 0 0 1.00000 Architecture\Buildings\DecoKit\DecoMainA1x1Win04.nif
205 4 10 10 2.50000 2.50000 1.16667 1.16667 8 8 1 2 0 0.00000 0 2 0 0 0 0 0 8 0 8 0 0 0 1.00000 Architecture\Buildings\DecoKit\DecoMainA1x1Win05.nif
206 38 90 100 2.36842 2.36842 1.06433 1.06433 4 4 2 5 1 15.92924 1 2 0 0 0 1 0 32 30 8 0 0 2 0.80208 Architecture\Buildings\DecoKit\DecoMainA1x1Win05Full01.nif
207 4 10 10 2.50000 2.50000 1.16667 1.16667 8 8 1 2 0 0.00000 0 2 0 0 0 0 0 8 0 8 0 0 0 1.00000 Architecture\Buildings\DecoKit\DecoMainA1x1Win06.nif
208 38 82 92 2.15789 2.15789 1.06676 1.06676 3 3 2 5 1 15.93147 1 2 0 0 0 1 0 32 25 8 0 0 2 0.78125 Architecture\Buildings\DecoKit\DecoMainA1x1Win06Full01.nif
209 6 18 18 3.00000 3.00000 1.11111 1.11111 12 12 1 2 0 0.00000 0 2 0 0 0 0 0 12 0 12 0 0 0 1.00000 Architecture\Buildings\DecoKit\DecoMainA1x1Win07.nif
210 64 142 148 2.21875 2.21875 1.04231 1.04231 6 6 2 6 1 0.00001 1 1 0 0 0 1 0 52 40 4 0 0 3 1.00000 Architecture\Buildings\DecoKit\DecoMainA1x1Win07Full01.nif
211 72 166 214 2.30556 2.30556 1.03529 1.03529 22 22 2 5 4 49.73236 3 0 0 0 0 3 0 68 40 22 0 0 3 0.71909 Architecture\Buildings\DecoKit\DecoMainA1x1Win07Full02.nif
212 32 76 76 2.37500 2.37500 1.00000 1.00000 40 40 1 3 0 0.00000 0 0 0 0 0 0 0 40 27 40 0 0 2 1.00000 Architecture\Buildings\DecoKit\DecoMainA1x1WinB01.nif
213 132 295 451 2.23485 2.23485 1.01714 1.01714 0 0 4 10 11 15.99994 6 1 0 1 0 7 0 84 140 4 0 0 1 1.00000 Architecture\Buildings\DecoKit\DecoMainA1x1WinB01Full01.nif
214 132 295 451 2.23485 2.23485 1.01714 1.01714 0 0 4 10 11 15.99994 6 1 0 1 0 7 0 84 152 4 0 0 1 1.00000 Architecture\Buildings\DecoKit\DecoMainA1x1WinB01Full02.nif
215 6 18 18 3.00000 3.00000 1.11111 1.11111 12 12 1 2 0 0.00000 0 2 0 0 0 0 0 12 0 12 0 0 0 1.00000 Architecture\Buildings\DecoKit\DecoMainA1x1WinC01.nif
216 60 132 138 2.20000 2.20000 1.03179 1.03179 0 0 2 5 1 0.00001 1 0 0 0 0 1 0 44 40 4 0 0 3 1.00000 Architecture\Buildings\DecoKit\DecoMainA1x1WinC01Full01.nif
217 68 156 190 2.29412 2.29412 1.02699 1.02699 16 16 2 5 3 15.84837 2 0 0 0 0 2 0 60 40 8 0 0 3 0.72208 Architecture\Buildings\DecoKit\DecoMainA1x1WinC01Full02.nif
218 4 10 10 2.50000 2.50000 1.16667 1.16667 8 8 1 2 0 0.00000 0 2 0 0 0 0 0 8 0 8 0 0 0 1.00000 Architecture\Buildings\DecoKit\DecoMainA1x1WinC02.nif
219 36 78 83 2.16667 2.16667 1.02469 1.02469 0 0 2 4 1 0.00001 1 2 0 0 0 1 0 28 28 4 0 0 1 1.00000 Architecture\Buildings\DecoKit\DecoMainA1x1WinC02Full.nif
220 40 90 95 2.25000 2.25000 1.02222 1.02222 16 16 2 4 1 0.00001 1 2 0 0 0 1 0 40 28 4 0 0 1 1.00000 Architecture\Buildings\DecoKit\DecoMainA1x1WinC02Full02.nif
221 6 18 18 3.00000 3.00000 1.11111 1.11111 12 12 1 2 0 0.00000 0 2 0 0 0 0 0 12 0 12 0 0 0 1.00000 Architecture\Buildings\DecoKit\DecoMainA1x1WinD01.nif
222 64 144 155 2.25000 2.25000 1.02981 1.02981 7 7 3 6 2 0.00001 2 2 0 0 0 2 0 52 40 4 0 0 2 1.00000 Architecture\Buildings\DecoKit\DecoMainA1x1WinD01Full01.nif
223 40 106 131 2.65000 2.65000 1.02143 1.02143 18 18 3 4 3 60.71572 3 2 0 0 0 3 0 36 50 6 0 0 1 0.89169 Architecture\Buildings\DecoKit\DecoMainA1x1WinDBayMid01.nif
224 114 286 372 2.50877 2.50877 1.00599 1.00599 33 33 4 10 9 65.96969 7 3 0 0 0 7 0 108 84 12 0 0 2 0.88824 Architecture\Buildings\DecoKit\DecoMainA1x1WinDBayMid01Full01.nif
225 40 104 144 2.60000 2.60000 1.03774 1.03774 18 18 4 4 5 90.50966 5 3 0 0 0 5 0 40 46 6 0 0 0 0.71967 Architecture\Buildings\DecoKit\DecoMainA1x1WinDBayMid02.nif
226 36 94 134 2.61111 2.61111 1.01971 1.01971 10 10 4 3 5 90.50966 5 2 0 0 0 5 0 32 46 6 0 0 0 0.71967 Architecture\Buildings\DecoKit\DecoMainA1x1WinDBayMid03.nif
227 54 118 162 2.18519 2.18519 1.01235 1.01235 18 18 3 5 4 67.05222 3 2 0 1 0 4 0 50 51 12 0 0 0 0.70976 Architecture\Buildings\DecoKit\DecoMainA1x1WinDBayRoofEnd01.nif
228 206 558 712 2.70874 2.70874 1.01011 1.01011 38 38 3 17 9 167.79645 4 2 0 1 0 5 0 132 352 3 0 0 2 0.80292 Architecture\Buildings\DecoKit\DecoMainA1x1WinDBayRoofEndL01Full01.nif
229 22 54 66 2.45455 2.45455 1.03896 1.03896 20 20 2 3 1 174.09457 1 1 0 0 0 1 0 30 13 11 0 0 1 0.84106 Architecture\Buildings\DecoKit\DecoMainA1x1WinDBayRoofStr01.nif
230 134 378 399 2.82090 2.82090 1.01745 1.01745 62 62 2 11 2 166.19514 2 2 0 0 0 2 0 114 204 0 0 0 3 0.80858 Architecture\Buildings\DecoKit\DecoMainA1x1WinDBayRoofStr01Full01.nif
231 90 222 309 2.46667 2.46667 1.00937 1.00937 34 34 3 8 7 67.05222 4 3 0 0 0 4 0 84 95 19 0 0 1 0.70641 Architecture\Buildings\DecoKit\DecoMainA1x1WinDBayTop01.nif
232 198 492 625 2.48485 2.48485 1.00843 1.00843 30 30 2 15 8 50.50224 4 2 0 1 0 5 0 175 189 36 0 0 3 0.82302 Architecture\Buildings\DecoKit\DecoMainA1x1WinDBayTop01Full01.nif
233 90 220 296 2.44444 2.44444 1.01712 1.01712 34 34 3 8 4 47.22575 3 2 0 0 0 3 0 88 90 19 0 0 2 0.78556 Architecture\Buildings\DecoKit\DecoMainA1x1WinDBayTop02.nif
234 53 135 164 2.54717 2.54717 1.03576 1.03576 19 19 2 5 3 11.33574 2 2 0 0 0 2 0 50 57 21 0 0 1 0.78988 Architecture\Buildings\DecoKit\DecoMainA1x1WinDRoofEnd01.nif
235 234 469 762 2.00427 2.00427 1.00540 1.00540 68 68 4 15 16 268.34827 8 1 0 1 0 9 0 154 167 8 0 0 0 0.72727 Architecture\Buildings\DecoKit\DecoMainA1x2AngleAArch01.nif
236 358 761 1108 2.12570 2.12570 1.00413 1.00413 82 82 3 24 18 228.07292 7 0 0 2 0 9 0 220 280 43 0 0 1 0.74643 Architecture\Buildings\DecoKit\DecoMainA1x2AngleAArch01Full01.nif
237 12 18 32 1.50000 1.50000 1.11111 1.11111 14 14 3 1 2 1.20007 2 1 0 0 0 2 0 14 4 6 0 0 0 1.00000 Architecture\Buildings\DecoKit\DecoMainA1x2AngleAWall01.nif
238 313 344 661 1.09904 1.09904 1.01069 1.01069 59 59 3 21 16 116.26505 8 0 0 2 0 10 0 179 124 27 0 0 1 0.81250 Architecture\Buildings\DecoKit\DecoMainA1x2AngleAWall01Greeb01.nif
239 12 20 34 1.66667 1.66667 1.00000 1.00000 12 12 3 1 2 20.05322 2 1 0 0 0 2 0 13 5 6 0 0 0 0.95278 Architecture\Buildings\DecoKit\DecoMainA1x2AngleAWall01Half01.nif
240 20 52 65 2.60000 2.60000 1.07879 1.07879 32 32 3 2 2 1.08943 2 1 0 0 0 2 0 32 10 6 0 0 1 1.00000 Architecture\Buildings\DecoKit\DecoMainA1x2AngleAWin01.nif
241 20 50 63 2.50000 2.50000 1.04545 1.04545 32 32 3 2 2 1.08943 2 1 0 0 0 2 0 32 5 6 0 0 1 1.00000 Architecture\Buildings\DecoKit\DecoMainA1x2AngleAWin02.nif
242 178 379 509 2.12921 2.12921 1.01367 1.01367 20 20 4 13 9 19.88394 5 0 0 2 0 7 0 136 139 5 0 0 2 1.00000 Architecture\Buildings\DecoKit\DecoMainA1x2AngleAWin02Full01.nif
243 262 537 781 2.04962 2.04962 1.01192 1.01192 68 68 3 19 16 80.38890 7 2 0 2 0 9 0 219 234 29 0 0 1 0.93271 Architecture\Buildings\DecoKit\DecoMainA1x2AngleBDoorDouble01.nif
244 26 66 77 2.53846 2.53846 1.03030 1.03030 12 12 2 2 1 4.74292 1 0 0 0 0 1 0 20 39 8 0 0 1 1.00000 Architecture\Buildings\DecoKit\DecoMainA1x2AngleBWall01.nif
245 31 81 98 2.61290 2.61290 1.03617 1.03617 11 11 2 3 2 4.74292 2 1 0 0 0 2 0 27 39 12 0 0 1 1.00000 Architecture\Buildings\DecoKit\DecoMainA1x2AngleBWall01Full.nif
246 26 68 79 2.61538 2.61538 1.00000 1.00000 12 12 2 2 1 4.74046 1 0 0 0 0 1 0 20 39 8 0 0 1 1.00000 Architecture\Buildings\DecoKit\DecoMainA1x2AngleBWall01Half01.nif
247 32 86 103 2.68750 2.68750 1.02083 1.02083 8 8 2 3 2 4.74046 2 1 0 0 0 2 0 28 39 14 0 0 1 1.00000 Architecture\Buildings\DecoKit\DecoMainA1x2AngleBWall01Half01Full01.nif
248 34 90 101 2.64706 2.64706 1.02139 1.02139 28 28 2 3 1 4.74292 1 0 0 0 0 1 0 36 39 8 0 0 2 1.00000 Architecture\Buildings\DecoKit\DecoMainA1x2AngleBWin01.nif
249 22 58 58 2.63636 2.63636 1.03743 1.03743 24 24 1 2 0 0.00000 0 0 0 0 0 0 0 28 22 24 0 0 2 1.00000 Architecture\Buildings\DecoKit\DecoMainA1x2AngleBWin02.nif
250 144 342 433 2.37500 2.37500 1.00630 1.00630 20 20 3 10 7 108.54454 4 0 0 2 0 6 0 114 129 11 0 0 2 0.95237 Architecture\Buildings\DecoKit\DecoMainA1x2AngleBWin02Full01.nif
251 140 260 387 1.85714 1.85714 1.00000 1.00000 38 38 4 9 7 16.11966 4 0 0 1 0 5 0 96 146 6 0 0 1 0.97059 Architecture\Buildings\DecoKit\DecoMainA1x2AngleBWinB01.nif
252 418 809 990 2.00718 1.93541 1.00413 1.00413 140 140 3 28 8 24.06989 5 1 0 0 0 5 0 285 381 16 0 0 3 0.82511 Architecture\Buildings\DecoKit\DecoMainA1x2Balcony01.nif
253 200 380 527 1.90000 1.90000 1.00906 1.00906 68 68 2 15 7 30.35881 4 2 0 1 0 5 0 189 119 56 0 0 2 0.96378 Architecture\Buildings\DecoKit\DecoMainA1x2DoorDouble01.nif
254 344 758 999 2.20349 2.20349 1.00763 1.00763 54 54 3 24 14 119.33102 8 1 0 2 0 10 0 283 301 10 0 0 2 0.80328 Architecture\Buildings\DecoKit\DecoMainA1x2DoorDouble01Full01.nif
255 2 4 4 2.00000 2.00000 1.00000 1.00000 4 4 1 1 0 0.00000 0 1 0 0 0 0 0 4 0 4 0 0 0 1.00000 Architecture\Buildings\DecoKit\DecoMainA1x2Wall01.nif
256 12 24 24 2.00000 2.00000 1.00000 1.00000 0 0 1 2 0 0.00000 0 1 0 0 0 0 0 12 12 0 0 0 1 1.00000 Architecture\Buildings\DecoKit\DecoMainA1x2Wall01Full01.nif
257 2 4 4 2.00000 2.00000 1.00000 1.00000 4 4 1 1 0 0.00000 0 1 0 0 0 0 0 4 0 4 0 0 0 1.00000 Architecture\Buildings\DecoKit\DecoMainA1x2Wall01Half01.nif
258 10 24 24 2.40000 2.40000 1.00000 1.00000 12 12 1 1 0 0.00000 0 0 0 0 0 0 0 12 8 12 0 0 1 1.00000 Architecture\Buildings\DecoKit\DecoMainA1x2Wall02.nif
259 10 26 26 2.60000 2.60000 1.06667 1.06667 20 20 1 2 0 0.00000 0 1 0 0 0 0 0 20 0 20 0 0 1 1.00000 Architecture\Buildings\DecoKit\DecoMainA1x2Win01.nif
260 128 292 349 2.28125 2.28125 1.01414 1.01414 44 44 3 9 5 15.52227 3 0 0 2 0 5 0 112 89 5 0 0 2 0.89003 Architecture\Buildings\DecoKit\DecoMainA1x2Win01Full01.nif
261 10 30 30 3.00000 3.00000 1.06667 1.06667 20 20 1 2 0 0.00000 0 1 0 0 0 0 0 20 0 20 0 0 1 1.00000 Architecture\Buildings\DecoKit\DecoMainA1x2Win02.nif
262 120 282 340 2.35000 2.35000 1.00741 1.00741 28 28 3 9 5 15.52227 3 0 0 2 0 5 0 96 91 6 0 0 2 0.89003 Architecture\Buildings\DecoKit\DecoMainA1x2Win02Full01.nif
263 62 148 181 2.38710 2.38710 1.00000 1.00000 76 76 2 5 2 8.00000 1 0 0 1 0 2 0 76 55 27 0 0 1 1.00000 Architecture\Buildings\DecoKit\DecoMainA1x2WinB01.nif
264 260 584 828 2.24615 2.24615 1.00693 1.00693 0 0 3 18 14 110.35286 6 0 0 2 0 8 0 162 307 6 0 0 1 1.00000 Architecture\Buildings\DecoKit\DecoMainA1x2WinB01Full01.nif
265 32 76 91 2.37500 2.37500 1.00000 1.00000 40 40 2 3 1 8.00000 1 0 0 1 0 2 0 40 27 15 0 0 1 1.00000 Architecture\Buildings\DecoKit\DecoMainA1x2WinB02.nif
266 352 831 1247 2.36080 2.36080 1.01218 1.01218 134 134 3 24 22 178.51120 11 1 0 2 0 13 0 272 332 47 0 0 2 0.72659 Architecture\Buildings\DecoKit\DecoMainA2x1ArchDoorSingle01.nif
267 124 213 314 1.71774 1.71774 1.01408 1.01408 24 24 2 8 5 15.59415 2 0 0 1 0 3 0 73 90 14 0 0 0 0.82292 Architecture\Buildings\DecoKit\DecoMainA2x1ArchFull01.nif
268 18 45 55 2.50000 2.50000 1.06667 1.06667 0 0 3 2 2 27.34672 2 1 0 0 0 2 0 11 20 0 0 0 0 0.90578 Architecture\Buildings\DecoKit\DecoMainA2x1ArchFull01Wall01.nif
269 26 54 69 2.07692 2.07692 1.03704 1.03704 0 0 3 2 2 63.67753 2 0 0 1 0 3 0 15 12 0 0 0 0 0.87175 Architecture\Buildings\DecoKit\DecoMainA2x1ArchFull01Win01.nif
270 18 30 40 1.66667 1.66667 1.06667 1.06667 0 0 3 2 2 27.34672 2 1 0 0 0 2 0 11 0 0 0 0 0 0.79338 Architecture\Buildings\DecoKit\DecoMainA2x1ArchFull01Win02.nif
271 52 123 194 2.36538 2.36538 1.04032 1.04032 0 0 4 4 6 36.25000 6 2 0 0 0 6 0 60 12 0 0 0 0 0.91667 Architecture\Buildings\DecoKit\DecoMainA2x1ArchFull01Win03.nif
272 139 282 289 2.02878 2.02878 1.00709 1.00709 43 43 1 9 0 0.00000 0 0 0 0 0 0 0 88 100 43 0 0 1 1.00000 Architecture\Buildings\DecoKit\DecoMainA2x1ArchWall01.nif
273 139 284 381 2.04317 2.04317 1.01332 1.01332 43 43 2 10 5 7.74524 3 1 0 1 0 4 0 97 148 23 0 0 0 0.98684 Architecture\Buildings\DecoKit\DecoMainA2x1ArchWall02.nif
274 156 261 383 1.67308 1.67308 1.01040 1.01040 46 46 3 10 7 8.34793 4 1 0 1 0 5 0 105 80 6 0 0 0 0.98883 Architecture\Buildings\DecoKit\DecoMainA2x1ArchWin01.nif
275 351 873 909 2.48718 2.48718 1.00456 1.00456 171 171 2 23 1 47.50996 1 0 0 0 0 1 0 285 348 26 0 0 2 0.74513 Architecture\Buildings\DecoKit\DecoMainA2x1ArchWin02.nif
276 70 156 218 2.22857 2.22857 1.00000 1.00000 36 36 3 5 4 0.57470 2 0 0 0 0 2 0 54 37 18 0 0 1 1.00000 Architecture\Buildings\DecoKit\DecoMainA2x1Wall01.nif
277 90 198 259 2.20000 2.20000 1.01010 1.01010 50 50 4 6 4 41.34005 3 0 0 2 0 5 0 70 59 8 0 0 0 0.81818 Architecture\Buildings\DecoKit\DecoMainA2x1Wall01Full.nif
278 425 517 950 1.21647 1.21647 1.00418 1.00418 57 57 3 27 20 176.88501 8 0 0 2 0 10 0 233 230 44 0 0 1 0.88304 Architecture\Buildings\DecoKit\DecoMainA2x1Wall01Greeb01.nif
279 170 394 521 2.31765 2.31765 1.00413 1.00413 64 64 2 11 6 4.46327 3 0 0 1 0 4 0 120 167 39 0 0 1 0.99758 Architecture\Buildings\DecoKit\DecoMainA2x2AngleBArch01.nif
280 306 592 880 1.93464 1.93464 1.00000 1.00000 66 66 3 20 14 327.37054 6 0 0 2 0 8 0 189 189 28 0 0 1 0.83345 Architecture\Buildings\DecoKit\DecoMainA2x2AngleBArch01Full01.nif
281 261 468 765 1.79310 1.79310 1.00000 1.00000 65 65 3 17 14 186.13268 6 0 0 2 0 8 0 162 179 56 0 0 0 0.94792 Architecture\Buildings\DecoKit\DecoMainA2x2AngleBArch01Full02.nif
282 613 1436 2160 2.34258 2.34258 1.00341 1.00341 248 248 3 41 35 291.10953 17 2 0 3 0 20 0 479 542 97 0 0 2 0.70188 Architecture\Buildings\DecoKit\DecoMainA2x2ArchDoorDouble01.nif
283 18 42 42 2.33333 2.33333 1.03704 1.03704 28 28 1 2 0 0.00000 0 1 0 1 0 1 0 28 10 28 0 0 0 1.00000 Architecture\Buildings\DecoKit\DecoMainA2x2Win01.nif
284 320 413 717 1.59063 1.29062 1.00470 1.00470 38 38 4 22 21 78.42123 10 0 0 1 0 11 0 220 153 10 0 0 2 0.88019 Architecture\Buildings\DecoKit\DecoMainADam1x1CorA01Dam01.nif
285 305 392 696 1.53770 1.29508 1.00916 1.00916 43 43 4 20 19 60.25768 10 0 0 3 0 13 0 213 147 7 0 0 0 0.76345 Architecture\Buildings\DecoKit\DecoMainADam1x1CorA01Dam02.nif
286 368 537 897 1.68478 1.46467 1.00550 1.00550 56 56 4 24 22 27.82278 11 0 0 1 0 12 0 257 245 11 0 0 2 0.80727 Architecture\Buildings\DecoKit\DecoMainADam1x1CorWinTrim01.nif
287 461 694 1282 1.74403 1.51193 1.00700 1.00700 41 41 3 30 30 170.25569 13 0 0 3 0 16 0 304 210 26 0 0 0 0.79622 Architecture\Buildings\DecoKit\DecoMainADam1x1WallHole01.nif
288 431 673 973 1.79350 1.56148 1.00933 1.00933 45 45 3 28 16 63.62231 7 0 0 2 0 9 0 298 221 22 0 0 1 0.81601 Architecture\Buildings\DecoKit\DecoMainADam1x1WallHole02.nif
289 227 327 513 1.64317 1.45374 1.01820 1.01820 31 31 3 15 11 14.10601 6 0 0 0 0 6 0 158 104 18 0 0 3 0.73956 Architecture\Buildings\DecoKit\DecoMainADam1x1WallTrim01.nif
290 242 356 564 1.77273 1.48347 1.02275 1.02275 32 32 3 16 12 13.44707 6 0 0 0 0 6 0 167 118 15 0 0 3 0.75711 Architecture\Buildings\DecoKit\DecoMainADam1x1WallTrim01L.nif
291 261 385 591 1.78161 1.48659 1.00781 1.00781 29 29 3 18 12 22.17847 6 0 0 1 0 7 0 179 131 10 0 0 2 0.92006 Architecture\Buildings\DecoKit\DecoMainADam1x1WallTrim02.nif
292 256 389 620 1.79688 1.53125 1.00766 1.00766 32 32 3 16 12 17.37189 7 0 0 0 0 7 0 177 127 20 0 0 3 0.78401 Architecture\Buildings\DecoKit\DecoMainADam1x1WallTrim02L.nif
293 252 384 553 1.85317 1.53571 1.01119 1.01119 32 32 3 18 10 13.92291 6 0 0 0 0 6 0 173 163 8 0 0 3 0.70833 Architecture\Buildings\DecoKit\DecoMainADam1x1WallTrim03.nif
294 278 318 589 1.39928 1.15468 1.01818 1.01818 34 34 4 19 17 22.61183 10 0 0 0 0 10 0 190 128 9 0 0 3 0.72861 Architecture\Buildings\DecoKit\DecoMainADam1x1WallTrim03L.nif
295 263 334 596 1.45247 1.28137 1.00657 1.00657 35 35 5 18 19 13.72347 10 1 0 0 0 10 0 180 101 6 0 0 2 0.78269 Architecture\Buildings\DecoKit\DecoMainADam1x1WallTrimBtm01.nif
296 236 305 511 1.39831 1.30508 1.02116 1.02116 32 32 3 16 14 13.97745 6 0 0 0 0 6 0 162 89 17 0 0 3 0.76441 Architecture\Buildings\DecoKit\DecoMainADam1x1WallTrimBtm02.nif
297 305 495 684 1.84590 1.62295 1.01119 1.01119 37 37 3 21 11 14.04934 5 0 0 1 0 6 0 209 148 16 0 0 2 0.76188 Architecture\Buildings\DecoKit\DecoMainADam1x1WallTrimHalf01.nif
298 308 506 841 1.96429 1.64286 1.00649 1.00649 36 36 4 21 21 20.94746 10 0 0 0 0 10 0 211 164 10 0 0 3 0.76610 Architecture\Buildings\DecoKit\DecoMainADam1x1WallTrimHalf01L.nif
299 245 323 531 1.57959 1.32653 1.01459 1.01459 43 43 3 17 12 17.72028 5 0 0 0 0 5 0 173 100 14 0 0 3 0.73554 Architecture\Buildings\DecoKit\DecoMainADam1x1WallTrimHalf02.nif
300 226 302 494 1.63274 1.33628 1.02078 1.02078 40 40 3 15 12 14.66959 6 0 0 0 0 6 0 160 76 22 0 0 3 0.77604 Architecture\Buildings\DecoKit\DecoMainADam1x1WallTrimHalf02L.nif
301 206 238 375 1.35922 1.15534 1.02197 1.02197 28 28 3 14 9 14.00195 5 0 0 0 0 5 0 143 94 17 0 0 3 0.77062 Architecture\Buildings\DecoKit\DecoMainADam1x1WallTrimHalf03.nif
302 260 377 545 1.70769 1.46154 1.01944 1.01944 42 42 4 18 10 21.58050 6 0 0 1 0 7 0 184 120 8 0 0 2 0.73769 Architecture\Buildings\DecoKit\DecoMainADam1x1WallTrimHalf03L.nif
303 180 295 455 1.73889 1.64444 1.01616 1.01616 26 26 3 13 10 13.37210 5 0 0 0 0 5 0 127 94 17 0 0 3 0.74432 Architecture\Buildings\DecoKit\DecoMainADam1x1WallTrimHalf04.nif
304 209 336 513 1.87081 1.62201 1.01749 1.01749 33 33 3 14 10 12.81520 6 0 0 0 0 6 0 147 102 14 0 0 3 0.79435 Architecture\Buildings\DecoKit\DecoMainADam1x1WallTrimHalf04L.nif
305 196 303 430 1.67857 1.54592 1.01849 1.01849 32 32 3 14 8 14.65675 5 0 0 0 0 5 0 139 94 16 0 0 3 0.77866 Architecture\Buildings\DecoKit\DecoMainADam1x1WallTrimHalf05.nif
306 192 304 433 1.81771 1.58333 1.01305 1.01305 32 32 3 14 8 12.90570 5 0 0 0 0 5 0 136 101 17 0 0 3 0.75180 Architecture\Buildings\DecoKit\DecoMainADam1x1WallTrimHalf05L.nif
307 258 420 617 1.84496 1.63953 1.00000 1.00000 36 36 4 17 13 14.52014 6 0 0 1 0 7 0 178 134 6 0 0 2 0.74167 Architecture\Buildings\DecoKit\DecoMainADam1x1WallTrimTop01.nif
308 364 560 862 1.69231 1.53846 1.00509 1.00509 52 52 3 25 19 218.55516 9 0 0 3 0 12 0 262 223 30 0 0 1 0.71693 Architecture\Buildings\DecoKit\DecoMainADam1x2AngleAWin02.nif
309 1074 1513 2633 1.57449 1.41155 1.00228 1.00228 108 108 4 68 63 294.09286 29 0 0 4 0 33 0 711 561 16 0 0 1 0.83432 Architecture\Buildings\DecoKit\DecoMainADam2x1CorA01Dam01.nif
310 1287 1885 2913 1.67055 1.46465 1.00394 1.00394 117 117 3 83 53 242.20734 24 0 0 3 0 27 0 858 744 64 0 0 2 0.90974 Architecture\Buildings\DecoKit\DecoMainADam3x1 CorA01Dam01.nif
311 4900 5013 10994 1.75898 1.04388 1.00031 1.00031 38 38 4 308 284 342.25171 119 0 0 20 1 139 0 2550 2403 106 0 0 2 0.82063 Architecture\Buildings\DecoKit\DecoMainBDam1x1CorA01Dam01.nif
312 4976 5099 11439 1.77271 1.04703 1.00087 1.00087 44 44 7 313 305 333.01553 132 2 1 19 0 151 0 2582 2465 0 0 0 0 0.72165 Architecture\Buildings\DecoKit\DecoMainBDam1x1CorA01Dam02.nif
313 7220 7438 16526 1.76316 1.05208 1.00012 1.00012 58 58 4 453 420 232.18303 172 0 0 30 1 202 0 3761 3556 136 0 0 1 0.72451 Architecture\Buildings\DecoKit\DecoMainBDam1x1CorA01Dam03.nif
314 3748 3938 8321 1.77508 1.07204 1.00029 1.00029 56 56 4 235 205 94.20095 87 0 0 2 0 89 0 1971 1918 11 0 0 2 0.80351 Architecture\Buildings\DecoKit\DecoMainBDam1x1CorWinTrim01.nif
315 4195 4458 9983 1.77092 1.08343 1.00077 1.00077 41 41 9 264 260 383.05417 112 1 0 15 0 123 4 2203 2056 5 0 0 0 0.91332 Architecture\Buildings\DecoKit\DecoMainBDam1x1WallHole01.nif
316 1997 2126 4532 1.74562 1.08112 1.00059 1.00059 113 113 4 126 115 53.44814 51 0 0 8 0 59 0 1098 953 27 0 0 2 0.77156 Architecture\Buildings\DecoKit\DecoMainBDam1x1WallTrim01.nif
317 2094 2214 4702 1.76982 1.07880 1.00169 1.00169 32 32 4 132 121 140.99979 51 0 0 0 0 51 0 1107 1028 5 0 0 3 0.70261 Architecture\Buildings\DecoKit\DecoMainBDam1x1WallTrim01L.nif
318 2280 2443 4443 1.77500 1.09167 1.00137 1.00137 70 70 4 144 86 27.96556 36 0 0 0 0 36 0 1224 1131 5 0 0 3 0.71763 Architecture\Buildings\DecoKit\DecoMainBDam1x1WallTrim02.nif
319 2087 2243 4760 1.76234 1.09487 1.00189 1.00189 68 68 4 131 116 29.24142 49 0 0 2 0 51 0 1126 1018 8 0 0 2 0.71354 Architecture\Buildings\DecoKit\DecoMainBDam1x1WallTrim02L.nif
320 2321 2459 5189 1.77811 1.08057 1.00169 1.00169 51 51 3 147 129 29.06635 54 0 0 0 0 54 0 1232 1173 30 0 0 3 0.70457 Architecture\Buildings\DecoKit\DecoMainBDam1x1WallTrim03.nif
321 2048 2111 4531 1.71875 1.05078 1.00203 1.00203 74 74 3 130 116 140.77464 51 0 0 0 0 51 0 1104 996 42 0 0 3 0.81250 Architecture\Buildings\DecoKit\DecoMainBDam1x1WallTrim03L.nif
322 1937 2014 4186 1.71812 1.05989 1.00087 1.00087 35 35 4 122 107 44.43544 49 0 0 0 0 49 0 1035 919 5 0 0 3 0.79096 Architecture\Buildings\DecoKit\DecoMainBDam1x1WallTrimBtm01.nif
323 1636 1716 3649 1.71271 1.06907 1.00361 1.00361 32 32 4 104 97 99.08080 42 0 0 5 0 47 0 878 777 8 0 0 2 0.87812 Architecture\Buildings\DecoKit\DecoMainBDam1x1WallTrimBtm02.nif
324 2215 2413 4981 1.77878 1.10835 1.00064 1.00064 37 37 4 140 123 24.34293 50 0 0 9 0 59 0 1182 1084 17 0 0 1 0.72659 Architecture\Buildings\DecoKit\DecoMainBDam1x1WallTrimHalf01.nif
325 2448 2654 5769 1.79208 1.10376 1.00081 1.00081 36 36 5 155 150 211.71835 62 0 0 12 0 74 0 1299 1215 7 0 0 1 0.71111 Architecture\Buildings\DecoKit\DecoMainBDam1x1WallTrimHalf01L.nif
326 1950 2055 4281 1.74462 1.07333 1.00182 1.00182 82 82 3 124 107 22.00580 50 0 0 0 0 50 0 1059 935 28 0 0 3 0.79394 Architecture\Buildings\DecoKit\DecoMainBDam1x1WallTrimHalf02.nif
327 1925 2014 3629 1.74545 1.06494 1.00245 1.00245 75 75 3 121 74 13.89239 30 0 0 0 0 30 0 1039 901 8 0 0 3 0.78125 Architecture\Buildings\DecoKit\DecoMainBDam1x1WallTrimHalf02L.nif
328 2005 2074 4572 1.74314 1.05287 1.00226 1.00226 103 103 3 126 117 37.92819 50 0 0 0 0 50 0 1087 977 39 0 0 3 0.75934 Architecture\Buildings\DecoKit\DecoMainBDam1x1WallTrimHalf03.nif
329 1866 2005 4281 1.74973 1.09218 1.00271 1.00271 84 84 4 118 111 43.76817 47 0 0 9 0 56 0 1018 906 64 0 0 1 0.73958 Architecture\Buildings\DecoKit\DecoMainBDam1x1WallTrimHalf03L.nif
330 1298 1422 3020 1.76810 1.11479 1.00293 1.00293 26 26 5 83 80 21.85335 37 0 1 2 0 38 1 698 645 9 0 0 3 0.70997 Architecture\Buildings\DecoKit\DecoMainBDam1x1WallTrimHalf04.nif
331 1579 1717 3819 1.77391 1.10830 1.00156 1.00156 33 33 7 100 100 13.83699 44 1 0 5 0 49 0 846 777 5 0 0 2 0.71399 Architecture\Buildings\DecoKit\DecoMainBDam1x1WallTrimHalf04L.nif
332 1243 1364 2807 1.75784 1.11665 1.00200 1.00200 51 51 3 79 65 18.61174 28 0 0 0 0 28 0 681 607 22 0 0 3 0.79386 Architecture\Buildings\DecoKit\DecoMainBDam1x1WallTrimHalf05.nif
333 1208 1338 2712 1.75331 1.12417 1.00366 1.00366 54 54 3 77 63 20.79360 27 0 0 0 0 27 0 666 596 30 0 0 3 0.84038 Architecture\Buildings\DecoKit\DecoMainBDam1x1WallTrimHalf05L.nif
334 1592 1757 3652 1.77324 1.12437 1.00188 1.00188 36 36 4 101 87 40.01060 37 0 0 1 0 38 0 855 787 6 0 0 2 0.73958 Architecture\Buildings\DecoKit\DecoMainBDam1x1WallTrimTop01.nif
335 3800 4014 7313 1.77500 1.07684 1.00101 1.00101 54 54 3 240 142 218.55516 56 0 0 2 0 58 0 2006 1918 5 0 0 2 0.86749 Architecture\Buildings\DecoKit\DecoMainBDam1x2AngleAWin02.nif
336 3917 4206 7603 1.76130 1.09216 1.00090 1.00090 154 154 5 246 150 384.08423 62 0 0 2 0 64 0 2124 1923 9 0 0 2 0.80213 Architecture\Buildings\DecoKit\DecoMainBDam1x2AngleBWallHole01.nif
337 7450 7824 17140 1.77638 1.07154 1.00027 1.00027 94 94 5 467 432 386.65854 183 0 0 32 0 215 0 3909 3737 10 0 0 0 0.73408 Architecture\Buildings\DecoKit\DecoMainBDam2x1Cor01.nif
338 153 266 378 1.73856 1.73856 1.00678 1.00678 39 39 2 12 6 94.53433 3 2 0 1 0 4 0 131 119 30 0 0 1 0.95850 Architecture\Buildings\DecoKit\DecoMainC1x1BumpOut01.nif
339 271 498 679 1.83764 1.83764 1.00447 1.00447 25 25 4 19 12 62.10451 7 1 0 1 0 8 0 197 210 8 0 0 3 0.78127 Architecture\Buildings\DecoKit\DecoMainC1x1BumpOut01Full01.nif
340 133 361 456 2.71429 2.71429 1.02107 1.02107 61 61 2 11 5 7.98446 2 2 0 1 0 3 0 111 120 32 0 0 1 0.85355 Architecture\Buildings\DecoKit\DecoMainC1x1DoorSingle01.nif
341 155 413 517 2.66452 2.66452 1.01945 1.01945 65 65 2 11 5 14.52832 3 1 0 1 0 4 0 127 146 35 0 0 2 0.73171 Architecture\Buildings\DecoKit\DecoMainC1x1DoorSingle01Full01.nif
342 210 415 654 1.97619 1.97619 1.01161 1.01161 32 32 4 16 16 53.99608 10 4 0 1 0 11 0 163 195 6 0 0 0 0.70875 Architecture\Buildings\DecoKit\DecoMainC1x1DoorSingle02.nif
343 310 856 1143 2.76129 2.76129 1.00913 1.00913 66 66 3 22 18 23.58893 9 2 0 0 0 9 0 222 419 29 0 0 3 0.84714 Architecture\Buildings\DecoKit\DecoMainC1x1DoorSingle03.nif
344 71 128 179 1.80282 1.80282 1.03082 1.03082 13 13 3 6 4 11.06574 3 2 0 0 0 3 0 57 59 10 0 0 1 0.77778 Architecture\Buildings\DecoKit\DecoMainC1x1RoofWall01.nif
345 72 139 188 1.93056 1.93056 1.00725 1.00725 14 14 3 7 4 11.06574 3 3 0 0 0 3 0 60 65 10 0 0 1 0.77778 Architecture\Buildings\DecoKit\DecoMainC1x1RoofWall01Full01.nif
346 235 570 729 2.42553 2.42553 1.00409 1.00409 41 41 2 17 9 13.15980 5 2 0 0 0 5 0 174 310 42 0 0 2 0.80000 Architecture\Buildings\DecoKit\DecoMainC1x1RoofWinA01.nif
347 407 859 1266 2.11057 2.11057 1.00702 1.00702 75 75 6 27 24 128.03125 14 1 0 4 0 18 0 287 412 8 0 0 1 0.73891 Architecture\Buildings\DecoKit\DecoMainC1x1RoofWinA01Full01.nif
348 4 8 8 2.00000 2.00000 1.00000 1.00000 6 6 1 1 0 0.00000 0 1 0 0 0 0 0 6 2 6 0 0 0 1.00000 Architecture\Buildings\DecoKit\DecoMainc1x1Wall01.nif
349 12 24 24 2.00000 2.00000 1.00000 1.00000 0 0 1 2 0 0.00000 0 1 0 0 0 0 0 12 12 0 0 0 1 1.00000 Architecture\Buildings\DecoKit\DecoMainC1x1Wall01Full01.nif
350 8 18 18 2.25000 2.25000 1.10000 1.10000 0 0 1 2 0 0.00000 0 1 0 0 0 0 0 9 9 0 0 0 1 1.00000 Architecture\Buildings\DecoKit\DecoMainC1x1WallPeak01LFull01.nif
351 16 28 34 1.75000 1.75000 1.13929 1.13929 0 0 2 3 1 0.00144 1 2 1 0 0 1 0 20 8 6 0 0 0 1.00000 Architecture\Buildings\DecoKit\DecoMainC1x1WallPeak01LFull02.nif
352 8 18 18 2.25000 2.25000 1.10000 1.10000 0 0 1 2 0 0.00000 0 1 0 0 0 0 0 9 9 0 0 0 1 1.00000 Architecture\Buildings\DecoKit\DecoMainC1x1WallPeak01RFull01.nif
353 16 30 36 1.87500 1.87500 1.20873 1.20873 0 0 2 3 1 0.00052 1 2 1 0 0 1 0 20 8 6 0 0 0 1.00000 Architecture\Buildings\DecoKit\DecoMainC1x1WallPeak01RFull02.nif
354 97 212 292 2.18557 2.18557 1.00000 1.00000 19 19 5 8 7 8.00000 5 2 0 0 0 5 0 72 79 4 0 0 1 0.76329 Architecture\Buildings\DecoKit\DecoMainC1x1WinA01.nif
355 93 209 227 2.24731 2.24731 1.01956 1.01956 3 3 2 7 2 7.97855 2 0 0 1 0 3 0 69 93 3 0 0 3 0.74740 Architecture\Buildings\DecoKit\DecoMainC1x1WinA01Full01.nif
356 34 86 93 2.52941 2.52941 1.02118 1.02118 6 6 2 4 1 6.82070 1 1 0 0 0 1 0 28 38 4 0 0 2 0.76329 Architecture\Buildings\DecoKit\DecoMainC1x1WinA02.nif
357 52 126 131 2.42308 2.42308 1.02198 1.02198 0 0 2 5 1 0.00002 1 2 0 0 0 1 0 40 51 4 0 0 2 1.00000 Architecture\Buildings\DecoKit\DecoMainC1x1WinA02Full01.nif
358 34 88 95 2.58824 2.58824 1.04540 1.04540 6 6 2 4 1 6.82235 1 1 0 0 0 1 0 28 39 4 0 0 2 0.76329 Architecture\Buildings\DecoKit\DecoMainC1x1WinA03.nif
359 52 132 137 2.53846 2.53846 1.03108 1.03108 0 0 2 5 1 0.00001 1 2 0 0 0 1 0 40 53 4 0 0 2 1.00000 Architecture\Buildings\DecoKit\DecoMainC1x1WinA03Full01.nif
360 195 447 682 2.29231 2.29231 1.00225 1.00225 56 56 3 14 15 70.20439 7 1 0 1 0 8 0 150 237 13 0 0 2 0.85338 Architecture\Buildings\DecoKit\DecoMainC1x1WinBayA01.nif
361 284 596 908 2.09859 2.09859 1.00701 1.00701 40 40 4 19 18 65.39812 10 2 0 1 0 11 0 200 315 6 0 0 2 0.79766 Architecture\Buildings\DecoKit\DecoMainC1x1WinBayA01Full01.nif
362 338 698 897 2.06509 2.06509 1.00323 1.00323 69 69 4 22 12 39.36699 8 1 0 0 0 8 0 262 307 6 0 0 4 0.74817 Architecture\Buildings\DecoKit\DecoMainC1x1WinBayA01Full02.nif
363 256 548 786 2.14063 2.14063 1.00687 1.00687 79 79 3 18 12 92.69520 6 0 0 1 0 7 0 220 226 34 0 0 3 0.71581 Architecture\Buildings\DecoKit\DecoMainC1x1WinBayA02.nif
364 436 1108 1600 2.54128 2.54128 1.00329 1.00329 150 150 5 28 30 66.83224 16 0 0 1 0 17 0 368 272 18 0 0 3 0.80622 Architecture\Buildings\DecoKit\DecoMainCDam1x1WallHole01.nif
365 224 400 494 1.78571 1.78571 1.02003 1.02003 112 112 2 15 5 12.56683 3 0 0 0 0 3 0 218 70 10 0 0 4 0.73352 Architecture\Buildings\DecoKit\DecoMainCDam1x1WallTrim02.nif
366 207 357 420 1.72947 1.72464 1.00812 1.00812 125 125 2 15 3 2.00000 2 0 0 1 0 3 0 216 49 31 0 0 3 0.94975 Architecture\Buildings\DecoKit\DecoMainCDam1x1WallTrim02L.nif
367 360 666 985 1.87778 1.85278 1.01115 1.01115 160 160 3 24 17 55.60723 9 0 0 3 0 12 0 323 293 32 0 0 1 0.79452 Architecture\Buildings\DecoKit\DecoMainCDam1x1WallTrim03.nif
368 341 643 916 1.89443 1.88563 1.01689 1.01689 165 165 3 23 15 47.25348 8 1 0 1 0 9 0 313 279 21 0 0 2 0.84227 Architecture\Buildings\DecoKit\DecoMainCDam1x1WallTrim03L.nif
369 197 522 701 2.64975 2.64975 1.01423 1.01423 123 123 3 15 11 31.22013 7 3 0 1 0 8 0 197 184 38 0 0 1 0.82928 Architecture\Buildings\DecoKit\DecoMainCDam1x1WallTrimBtm01.nif
370 255 485 565 1.90196 1.90196 1.01481 1.01481 91 91 2 18 5 8.00342 3 0 0 0 0 3 0 215 180 36 0 0 4 0.84699 Architecture\Buildings\DecoKit\DecoMainCDam1x1WallTrimBtm02.nif
371 283 765 1023 2.70318 2.70318 1.00588 1.00588 169 169 4 19 14 33.51259 8 1 0 1 0 9 0 276 242 6 0 0 2 0.84549 Architecture\Buildings\DecoKit\DecoMainCDam1x1WallTrimHalf01.nif
372 318 830 1216 2.61006 2.61006 1.00539 1.00539 196 196 4 21 23 49.10075 14 2 0 0 0 14 0 306 265 56 0 0 2 0.73784 Architecture\Buildings\DecoKit\DecoMainCDam1x1WallTrimHalf01L.nif
373 226 406 503 1.81416 1.79646 1.01754 1.01754 116 116 2 16 6 16.92547 4 0 0 1 0 5 0 225 157 43 0 0 3 0.93591 Architecture\Buildings\DecoKit\DecoMainCDam1x1WallTrimHalf02.nif
374 252 440 614 1.77381 1.74603 1.02403 1.02403 132 132 5 18 11 42.47095 7 0 0 3 0 10 0 244 167 10 0 0 2 0.81360 Architecture\Buildings\DecoKit\DecoMainCDam1x1WallTrimHalf02L.nif
375 240 456 628 1.90000 1.90000 1.00896 1.00896 96 96 2 17 10 5.68369 4 0 0 0 0 4 0 226 66 64 0 0 4 0.75676 Architecture\Buildings\DecoKit\DecoMainCDam1x1WallTrimHalf03.nif
376 250 452 648 1.85200 1.80800 1.02119 1.02119 102 102 3 18 11 32.16100 6 1 0 1 0 7 0 223 166 23 0 0 2 0.72049 Architecture\Buildings\DecoKit\DecoMainCDam1x1WallTrimHalf03L.nif
377 137 245 299 1.78832 1.78832 1.01224 1.01224 83 83 3 10 5 7.71379 4 1 0 1 0 5 0 132 51 4 0 0 2 0.73750 Architecture\Buildings\DecoKit\DecoMainCDam1x1WallTrimHalf04.nif
378 155 281 340 1.81290 1.81290 1.01117 1.01117 95 95 2 12 4 4.00000 3 0 0 0 0 3 0 148 70 8 0 0 4 0.74528 Architecture\Buildings\DecoKit\DecoMainCDam1x1WallTrimHalf04L.nif
379 194 356 465 1.84536 1.83505 1.01685 1.01685 80 80 3 14 8 18.91778 6 2 0 0 0 6 0 186 147 14 0 0 2 0.70769 Architecture\Buildings\DecoKit\DecoMainCDam1x1WallTrimHalf05.nif
380 184 344 416 1.86957 1.86957 1.01094 1.01094 96 96 3 13 6 12.68846 4 0 0 1 0 5 0 173 70 4 0 0 3 0.74850 Architecture\Buildings\DecoKit\DecoMainCDam1x1WallTrimHalf05L.nif
381 295 543 761 1.84068 1.84068 1.00186 1.00186 117 117 3 21 14 15.84248 7 0 0 0 0 7 0 265 184 9 0 0 4 0.78261 Architecture\Buildings\DecoKit\DecoMainCDam1x1WallTrimTop01.nif
382 1 3 3 3.00000 3.00000 1.33333 1.33333 3 3 1 1 0 0.00000 0 1 0 0 0 0 0 3 0 3 0 0 0 1.00000 Architecture\Buildings\DecoKit\DecoRoof1x1AngleB01.nif
383 8 15 21 1.87500 1.87500 1.06667 1.06667 10 10 2 1 1 8.75340 1 1 0 0 0 1 0 10 0 6 0 0 0 1.00000 Architecture\Buildings\DecoKit\DecoRoof1x1Cor01.nif
384 52 68 128 1.30769 1.30769 1.00000 1.00000 0 0 4 4 5 35.56936 5 1 1 0 0 5 0 56 8 8 0 0 0 0.93902 Architecture\Buildings\DecoKit\DecoRoof1x1Cor01Full01.nif
385 2 4 4 2.00000 2.00000 1.00000 1.00000 4 4 1 1 0 0.00000 0 1 0 0 0 0 0 4 0 4 0 0 0 1.00000 Architecture\Buildings\DecoKit\DecoRoof1x1Str01.nif
386 4 8 8 2.00000 2.00000 1.00000 1.00000 8 8 1 1 0 0.00000 0 1 0 0 0 0 0 8 0 8 0 0 0 1.00000 Architecture\Buildings\DecoKit\DecoRoof1x1Str01Full01.nif
387 130 230 408 1.76923 1.76923 1.00889 1.00889 14 14 3 9 9 51.13612 3 1 1 1 0 4 0 76 140 30 0 0 0 0.78339 Architecture\Buildings\DecoKit\DecoRoof1x1Str01Stairs01.nif
388 34 76 85 2.23529 2.23529 1.00000 1.00000 20 20 2 3 1 10.73315 1 0 0 0 0 1 0 27 38 4 0 0 2 1.00000 Architecture\Buildings\DecoKit\DecoRoof1x1StrSky01.nif
389 77 153 200 1.98701 1.98701 1.01967 1.01967 17 17 3 6 4 73.78186 3 0 2 0 0 3 0 57 67 16 0 0 1 0.78632 Architecture\Buildings\DecoKit\DecoRoof1x1StrSky01Full01.nif
390 2 4 4 2.00000 2.00000 1.00000 1.00000 4 4 1 1 0 0.00000 0 1 0 0 0 0 0 4 0 4 0 0 0 1.00000 Architecture\Buildings\DecoKit\DecoRoof1x2AngleA01.nif
391 4 8 8 2.00000 2.00000 1.00000 1.00000 8 8 1 1 0 0.00000 0 1 0 0 0 0 0 8 0 8 0 0 0 1.00000 Architecture\Buildings\DecoKit\DecoRoof1x2AngleA01Full01.nif
392 236 666 899 2.82203 2.82203 1.00302 1.00302 58 58 2 16 11 49.81158 5 0 0 2 0 7 0 168 350 48 0 0 1 0.88638 Architecture\Buildings\DecoKit\DecoRoof1x2SkyLightEndL01.nif
393 236 666 1122 2.82203 2.82203 1.00302 1.00302 52 52 4 16 18 116.34513 7 0 0 2 0 9 0 166 354 37 0 0 1 0.91151 Architecture\Buildings\DecoKit\DecoRoof1x2SkyLightEndR01.nif
394 210 604 903 2.87619 2.87619 1.00000 1.00000 74 74 3 14 13 84.56248 6 0 0 1 0 7 0 164 288 22 0 0 1 0.72717 Architecture\Buildings\DecoKit\DecoRoof1x2SkyLightMid01.nif
395 1 3 3 3.00000 3.00000 1.33333 1.33333 3 3 1 1 0 0.00000 0 1 0 0 0 0 0 3 0 3 0 0 0 1.00000 Architecture\Buildings\DecoKit\DecoRoof2x2AngleB01.nif
396 4 9 9 2.25000 2.25000 1.33333 1.33333 8 8 1 1 0 0.00000 0 1 0 0 0 0 0 8 0 8 0 0 0 1.00000 Architecture\Buildings\DecoKit\DecoRoof2x2AngleB01Full01.nif
397 73 155 202 2.12329 2.12329 1.00654 1.00654 29 29 3 6 4 73.78185 3 1 1 0 0 3 0 59 64 16 0 0 1 0.78612 Architecture\Buildings\DecoKit\DecoRoof2x2AngleBSky01Full01.nif
398 433 1229 1865 2.83834 2.83834 1.00246 1.00246 61 61 3 28 26 226.46535 9 0 1 2 0 11 0 287 668 51 0 0 1 0.99406 Architecture\Buildings\DecoKit\DecoRoof2x2SkyLight01.nif
399 533 1491 2745 2.79737 2.79737 1.00068 1.00068 51 51 5 34 56 366.26901 13 0 2 4 0 17 0 273 834 42 0 0 1 0.99089 Architecture\Buildings\DecoKit\DecoRoof2x2SkyLight01Full01.nif
400 2 4 4 2.00000 2.00000 1.00000 1.00000 4 4 1 1 0 0.00000 0 1 0 0 0 0 0 4 0 4 0 0 0 1.00000 Architecture\Buildings\DecoKit\DecoRoof2x2Str01.nif
401 132 226 358 1.71212 1.71212 1.00826 1.00826 8 8 4 9 8 38.46276 5 0 0 0 0 5 0 83 93 3 0 0 2 0.71429 Architecture\Buildings\DecoKit\DecoRoofAddA1x1Cor01.nif
402 144 253 383 1.75694 1.75694 1.01059 1.01059 26 26 2 9 6 31.17635 3 0 0 1 0 4 0 103 97 32 0 0 1 0.73927 Architecture\Buildings\DecoKit\DecoRoofAddA1x1CorIn01.nif
403 76 144 190 1.89474 1.89474 1.00000 1.00000 10 10 2 6 2 10.63926 1 0 0 0 0 1 0 52 70 12 0 0 2 0.98940 Architecture\Buildings\DecoKit\DecoRoofAddA1x1Str01.nif
404 155 323 435 2.08387 2.08387 1.00215 1.00215 27 27 2 11 6 36.69613 3 0 0 1 0 4 0 106 147 18 0 0 1 0.74262 Architecture\Buildings\DecoKit\DecoRoofAddA1x1Str01Door01.nif
405 93 191 285 2.05376 2.05376 1.02224 1.02224 15 15 3 6 6 16.49491 3 0 0 0 0 3 0 68 68 12 0 0 2 0.78370 Architecture\Buildings\DecoKit\DecoRoofAddA1x1Str01Half01.nif
406 177 304 437 1.71751 1.71751 1.00000 1.00000 23 23 2 12 7 4.99216 3 0 0 0 0 3 0 122 115 21 0 0 2 0.95623 Architecture\Buildings\DecoKit\DecoRoofAddA1x2Str01.nif
407 248 514 706 2.07258 2.07258 1.00422 1.00422 20 20 2 16 10 54.62625 4 0 0 0 0 4 0 165 225 22 0 0 2 0.84309 Architecture\Buildings\DecoKit\DecoRoofAddA1x2Str02.nif
408 172 280 286 1.62791 1.62791 1.00000 1.00000 90 90 1 11 0 0.00000 0 0 0 0 0 0 0 132 138 90 0 0 1 1.00000 Architecture\Buildings\DecoKit\DecoRoofARW1x1Stairs01.nif
409 374 428 869 1.14438 1.14438 1.00000 1.00000 56 56 4 25 24 72.41106 11 0 0 2 0 13 0 228 157 10 0 0 1 0.88521 Architecture\Buildings\DecoKit\DecoRoofATrimB1x1Cor01.nif
410 132 256 420 1.93939 1.93939 1.01849 1.01849 38 38 4 9 9 45.79191 6 0 0 1 0 7 0 91 136 13 0 0 1 0.72723 Architecture\Buildings\DecoKit\DecoRoofATrimB1x1Cor02.nif
411 64 156 212 2.43750 2.43750 1.03421 1.03421 34 34 3 5 4 15.65805 3 0 0 1 0 4 0 53 84 9 0 0 1 0.86739 Architecture\Buildings\DecoKit\DecoRoofATrimB1x1Cor03.nif
412 34 64 89 1.88235 1.88235 1.00000 1.00000 36 36 3 3 2 42.35790 2 0 0 1 0 3 0 38 22 9 0 0 1 0.92474 Architecture\Buildings\DecoKit\DecoRoofATrimB1x1Str01.nif
413 168 377 516 2.24405 2.24405 1.00932 1.00932 42 42 4 11 8 25.79288 5 1 0 1 0 6 0 112 178 6 0 0 0 0.97752 Architecture\Buildings\DecoKit\DecoRoofATrimB1x2AngleA01.nif
414 132 282 443 2.13636 2.13636 1.01111 1.01111 38 38 5 9 10 53.58307 6 0 0 0 0 6 0 91 164 9 0 0 2 0.80388 Architecture\Buildings\DecoKit\DecoRoofATrimB1x2AngleB01.nif
415 34 64 89 1.88235 1.88235 1.00000 1.00000 36 36 3 3 2 31.84119 2 0 0 0 0 2 0 38 22 9 0 0 2 0.91216 Architecture\Buildings\DecoKit\DecoRoofATrimB1x2Str01.nif
416 300 486 809 1.62000 1.62000 1.00320 1.00320 100 100 5 20 18 176.55705 12 2 0 2 0 14 0 213 207 11 0 0 0 0.79516 Architecture\Buildings\DecoKit\DecoRoofATrimB1x2Str02.nif
417 396 585 1224 1.47727 1.47727 1.00513 1.00513 64 64 3 25 29 200.45757 10 0 0 3 0 13 0 231 230 68 0 0 0 0.92206 Architecture\Buildings\DecoKit\DecoRoofBTrimB1x1Cor01.nif
418 476 798 1622 1.67647 1.67647 1.00251 1.00251 68 68 4 30 37 260.49185 13 0 0 3 0 16 0 271 324 66 0 0 0 0.92674 Architecture\Buildings\DecoKit\DecoRoofBTrimB1x1Cor02.nif
419 68 162 233 2.38235 2.38235 1.01235 1.01235 36 36 3 5 5 22.08630 2 0 0 0 0 2 0 53 73 13 0 0 1 0.81259 Architecture\Buildings\DecoKit\DecoRoofBTrimB1x1Cor03.nif
420 204 334 546 1.63725 1.63725 1.00599 1.00599 52 52 3 13 9 60.00002 4 0 0 2 0 6 0 128 125 28 0 0 0 0.92853 Architecture\Buildings\DecoKit\DecoRoofBTrimB1x1Str01.nif
421 156 286 487 1.83333 1.83333 1.00699 1.00699 50 50 3 10 10 38.47872 4 0 0 1 0 5 0 104 108 15 0 0 0 0.91494 Architecture\Buildings\DecoKit\DecoRoofBTrimB1x1Str02.nif
422 660 1276 2801 1.93636 1.93333 1.00000 1.00000 72 72 5 42 67 263.08908 21 0 0 6 0 27 0 367 570 39 0 0 0 0.87692 Architecture\Buildings\DecoKit\DecoRoofBTrimB1x2AngleA01.nif
423 676 1325 2706 1.96302 1.96006 1.00226 1.00226 76 76 4 43 62 512.51154 19 0 0 5 0 24 0 377 553 75 0 0 0 0.94866 Architecture\Buildings\DecoKit\DecoRoofBTrimB1x2AngleB01.nif
424 392 603 1136 1.53827 1.53827 1.00166 1.00166 68 68 3 25 24 52.15362 8 0 0 3 0 11 0 229 219 54 0 0 0 0.96481 Architecture\Buildings\DecoKit\DecoRoofBTrimB1x2Str01.nif
425 428 804 1480 1.87850 1.87850 1.00000 1.00000 52 52 4 28 34 233.64986 13 1 0 2 0 15 0 249 451 42 0 0 0 0.96020 Architecture\Buildings\DecoKit\DecoRoofBTrimC1x1Cor01Win01.nif
426 236 402 627 1.70339 1.70339 1.00498 1.00498 40 40 3 15 11 37.52625 5 0 0 2 0 7 0 139 233 19 0 0 0 0.94414 Architecture\Buildings\DecoKit\DecoRoofBTrimC1x1Cor02.nif
427 44 94 132 2.13636 2.13636 1.02128 1.02128 28 28 3 3 3 10.37413 2 0 0 0 0 2 0 36 52 7 0 0 1 0.89830 Architecture\Buildings\DecoKit\DecoRoofBTrimC1x1Cor03.nif
428 192 320 514 1.66667 1.66667 1.00000 1.00000 40 40 3 12 9 47.26678 4 0 0 2 0 6 0 117 176 30 0 0 0 0.98221 Architecture\Buildings\DecoKit\DecoRoofBTrimC1x1CorIn01.nif
429 232 436 675 1.87931 1.87931 1.00000 1.00000 54 54 3 16 14 140.33992 5 1 0 1 0 6 0 149 238 23 0 0 0 0.91307 Architecture\Buildings\DecoKit\DecoRoofBTrimC1x1CorIn01Full01.nif
430 168 319 487 1.89881 1.89881 1.01498 1.01498 23 23 3 12 8 26.76591 5 1 0 1 0 6 0 127 127 28 0 0 1 0.70588 Architecture\Buildings\DecoKit\DecoRoofBTrimC1x1EndCapL01Full01.nif
431 166 318 400 1.91566 1.91566 1.01826 1.01826 20 20 4 12 5 47.35299 4 0 0 1 1 5 0 127 148 8 0 0 2 0.83498 Architecture\Buildings\DecoKit\DecoRoofBTrimC1x1EndCapR01Full01.nif
432 96 154 276 1.60417 1.60417 1.01299 1.01299 32 32 4 6 7 29.80787 4 0 0 0 0 4 0 65 77 9 0 0 1 0.90811 Architecture\Buildings\DecoKit\DecoRoofBTrimC1x1Str01.nif
433 118 220 329 1.86441 1.86441 1.01484 1.01484 38 38 3 9 6 25.04751 3 1 0 1 0 4 0 83 109 15 0 0 0 0.91135 Architecture\Buildings\DecoKit\DecoRoofBTrimC1x1Str01Full01.nif
434 159 313 429 1.96855 1.96855 1.00629 1.00629 32 32 2 11 6 14.49947 3 1 0 0 0 3 0 100 188 17 0 0 1 0.83142 Architecture\Buildings\DecoKit\DecoRoofBTrimC1x1Str01Win01.nif
435 195 415 620 2.12821 2.12821 1.01088 1.01088 42 42 3 14 13 64.57569 6 1 0 1 0 7 0 130 227 19 0 0 1 0.93743 Architecture\Buildings\DecoKit\DecoRoofBTrimC1x1Str01Win01Full01.nif
436 455 887 1493 1.94945 1.94945 1.00487 1.00487 47 47 3 30 30 86.79749 12 1 0 0 0 12 0 259 517 15 0 0 1 0.97686 Architecture\Buildings\DecoKit\DecoRoofBTrimC1x2AngleA01Win01.nif
437 188 440 656 2.34043 2.34043 1.00956 1.00956 0 0 5 13 11 37.72213 6 1 1 1 0 7 0 124 196 6 0 0 0 0.94857 Architecture\Buildings\DecoKit\DecoRoofDTrimA1x1Cor01.nif
438 530 897 1802 1.69245 1.69245 1.00363 1.00363 30 30 4 34 42 243.21939 15 0 0 3 0 18 0 298 355 62 0 0 1 0.87066 Architecture\Buildings\DecoKit\DecoRoofDTrimA1x1Cor02.nif
439 212 355 610 1.67453 1.67453 1.00323 1.00323 14 14 3 14 13 44.28194 7 0 0 1 0 8 0 123 154 8 0 0 1 0.85102 Architecture\Buildings\DecoKit\DecoRoofDTrimA1x1Str01.nif
440 412 914 1330 2.21845 2.21845 1.00215 1.00215 216 216 4 26 22 297.78394 9 0 0 2 0 11 0 322 363 19 0 0 1 0.71677 Architecture\Buildings\DecoKit\DecoSkyWalk1x2Str01.nif
441 225 463 633 2.23111 2.05778 1.00216 1.00216 9 9 5 15 12 587.45551 6 1 0 0 1 6 0 104 256 2 0 0 0 0.90751 Architecture\Buildings\Hightech\Damage\HitExtA15WallTallDmg01.nif
442 73 71 122 0.97260 0.97260 1.01408 1.01408 21 21 2 5 3 4.88651 1 0 0 1 0 2 0 48 23 13 0 0 0 0.99975 Architecture\Buildings\Hightech\Damage\HitExtA15WallTallDmg01_2.nif
443 225 463 602 2.23111 2.05778 1.00216 1.00216 9 9 2 15 8 4.00000 3 0 0 0 2 3 0 104 256 2 0 0 0 0.99976 Architecture\Buildings\Hightech\Damage\HitExtA15WallTallDmg01B.nif
444 24 28 45 1.16667 1.16667 1.00000 1.00000 8 8 3 2 2 3.99461 2 1 0 0 0 2 0 17 11 4 0 0 0 0.99306 Architecture\Buildings\Hightech\Damage\HitExtA15WallTallDmg02_2.nif
445 36 32 73 0.88889 0.88889 1.00000 1.00000 18 18 4 3 4 9.36291 3 1 0 0 0 3 0 28 4 6 0 0 0 0.99010 Architecture\Buildings\Hightech\Damage\HitExtA45Wall01Dmg02.nif
446 132 269 502 2.23485 2.03788 1.01115 1.01115 21 21 3 9 11 24.38269 4 0 0 1 0 5 0 61 179 3 0 0 0 0.99742 Architecture\Buildings\Hightech\Damage\HitExtA45WallLong01Dmg01.nif
447 42 54 104 1.28571 1.28571 1.03704 1.03704 20 20 5 3 5 9.25296 4 1 0 0 0 4 0 32 9 6 0 0 0 0.98969 Architecture\Buildings\Hightech\Damage\HitExtA45WallLong01Dmg02.nif
448 112 248 302 2.40179 2.21429 1.00000 1.00000 21 21 2 7 4 5.57048 2 0 0 0 0 2 0 53 163 4 0 0 1 1.00000 Architecture\Buildings\Hightech\Damage\HitExtA45WallLong02Dmg01.nif
449 138 303 488 2.37681 2.19565 1.00330 1.00330 21 21 3 9 13 28.25947 5 0 0 1 0 6 0 64 189 2 0 0 0 0.99739 Architecture\Buildings\Hightech\Damage\HitExtA45WallTall01Dmg01.nif
450 48 87 140 1.81250 1.81250 1.01149 1.01149 20 20 5 3 5 9.14603 4 1 0 0 0 4 0 35 23 6 0 0 0 1.00000 Architecture\Buildings\Hightech\Damage\HitExtA45WallTall01Dmg02.nif
451 146 274 506 2.15753 1.87671 1.00730 1.00730 23 23 3 10 13 242.96030 5 0 0 1 0 6 0 69 188 2 0 0 0 0.99631 Architecture\Buildings\Hightech\Damage\HitExtA45WallTall02Dmg01.nif
452 56 60 123 1.07143 1.07143 1.00000 1.00000 22 22 5 4 5 9.25296 4 1 0 0 0 4 0 40 20 6 0 0 0 1.00000 Architecture\Buildings\Hightech\Damage\HitExtA45WallTall02Dmg02.nif
453 56 102 141 1.82143 1.82143 1.01961 1.01961 0 0 3 4 3 31.08371 2 0 0 0 0 2 0 30 66 0 0 0 1 0.92947 Architecture\Buildings\Hightech\Damage\HitExtACornerACapTopDmg01.nif
454 116 216 291 2.00862 1.86207 1.00000 1.00000 2 2 2 8 6 19.77942 2 0 0 0 0 2 0 50 158 2 0 0 1 0.99724 Architecture\Buildings\Hightech\Damage\HitExtACornerADmg01.nif
455 28 68 77 2.42857 2.42857 1.00000 1.00000 0 0 2 2 1 31.75291 1 0 0 0 0 1 0 16 49 0 0 0 1 0.97233 Architecture\Buildings\Hightech\Damage\HitExtACornerADmg01Full.nif
456 28 28 44 1.00000 1.00000 1.00000 1.00000 10 10 2 2 1 9.33686 1 0 0 1 0 2 0 20 8 8 0 0 0 1.00000 Architecture\Buildings\Hightech\Damage\HitExtACornerADmg02.nif
457 96 202 258 2.18750 2.10417 1.00990 1.00990 2 2 3 6 5 30.98497 3 0 0 0 1 3 0 40 155 1 0 0 0 0.92774 Architecture\Buildings\Hightech\Damage\HitExtACornerAShortDmg01.nif
458 28 68 77 2.42857 2.42857 1.00000 1.00000 0 0 2 2 1 31.04457 1 0 0 0 0 1 0 16 49 0 0 0 1 0.97233 Architecture\Buildings\Hightech\Damage\HitExtACornerAShortDmg01Full.nif
459 128 234 324 2.06250 1.82813 1.00855 1.00855 4 4 3 8 6 30.18303 3 0 0 0 1 3 0 57 170 1 0 0 0 0.98029 Architecture\Buildings\Hightech\Damage\HitExtACornerATallDmg01.nif
460 42 94 121 2.23810 2.23810 1.02128 1.02128 6 6 3 3 3 31.91647 2 0 0 0 0 2 0 24 67 0 0 0 1 0.89958 Architecture\Buildings\Hightech\Damage\HitExtACornerATallDmg01Full.nif
461 40 46 69 1.15000 1.15000 1.04348 1.04348 12 12 2 3 2 9.33664 1 0 0 1 0 2 0 27 19 8 0 0 0 1.00000 Architecture\Buildings\Hightech\Damage\HitExtACornerATallDmg02.nif
462 1358 1430 3150 1.44845 1.05891 1.00059 1.00059 186 186 8 86 89 613.04370 40 0 0 1 0 37 4 818 521 15 0 0 2 0.73668 Architecture\Buildings\Hightech\Damage\HitExtACornerATallDmg03.nif
463 104 98 249 0.94231 0.94231 1.02041 1.02041 72 72 5 7 8 63.87521 5 0 0 0 0 5 0 92 4 14 0 0 1 0.82849 Architecture\Buildings\Hightech\Damage\HitExtACornerATallDmgPanels02.nif
464 140 179 338 1.27857 1.27857 1.00559 1.00559 0 0 4 9 9 74.06757 4 0 0 0 0 4 0 72 92 0 0 0 1 0.77493 Architecture\Buildings\Hightech\Damage\HitExtACornerBCapBottomDmg01.nif
465 360 502 1037 1.74167 1.39444 1.00398 1.00398 0 0 4 23 25 117.07471 8 0 1 1 2 9 0 178 288 9 0 0 0 0.81828 Architecture\Buildings\Hightech\Damage\HitExtACornerBCapBottomDmgPanels01.nif
466 158 182 326 1.15190 1.15190 1.01099 1.01099 0 0 2 10 7 31.02247 3 0 0 0 0 3 0 81 85 0 0 0 1 1.00000 Architecture\Buildings\Hightech\Damage\HitExtACornerBCapTopDmg01.nif
467 220 454 910 2.21818 2.06364 1.00441 1.00441 2 2 6 14 24 253.90944 9 0 0 2 0 11 0 98 263 5 0 0 0 0.95033 Architecture\Buildings\Hightech\Damage\HitExtACornerBDmg01.nif
468 68 158 207 2.32353 2.32353 1.01266 1.01266 0 0 3 5 4 38.37069 2 0 0 0 0 2 0 36 96 0 0 0 1 0.80152 Architecture\Buildings\Hightech\Damage\HitExtACornerBDmg01Full.nif
469 52 48 113 0.92308 0.92308 1.00000 1.00000 18 18 5 4 5 60.71483 4 1 0 0 0 4 0 36 6 6 0 0 0 0.89441 Architecture\Buildings\Hightech\Damage\HitExtACornerBDmg02.nif
470 572 799 1339 1.48776 1.39685 1.00125 1.00125 32 32 4 36 28 239.72630 12 1 0 2 2 14 0 304 408 4 0 0 0 0.92449 Architecture\Buildings\Hightech\Damage\HitExtACornerBDmg03.nif
471 104 156 275 1.50000 1.50000 1.00000 1.00000 0 0 3 7 7 58.69845 3 0 0 0 0 3 0 58 97 0 0 0 1 0.76869 Architecture\Buildings\Hightech\Damage\HitExtACornerBDmgPanels02.nif
472 212 422 802 2.13208 1.99057 1.00474 1.00474 10 10 4 14 19 170.31989 6 0 1 2 0 8 0 98 237 29 0 0 0 1.00000 Architecture\Buildings\Hightech\Damage\HitExtACornerBShortDmg01.nif
473 272 453 853 1.88603 1.66544 1.00662 1.00662 4 4 4 17 20 193.13354 7 0 0 2 0 9 0 125 260 19 0 0 0 0.99989 Architecture\Buildings\Hightech\Damage\HitExtACornerBTallDmg01.nif
474 104 204 286 1.96154 1.96154 1.00000 1.00000 0 0 4 7 6 31.41246 3 0 0 1 0 4 0 54 115 7 0 0 1 0.93666 Architecture\Buildings\Hightech\Damage\HitExtACornerBTallDmg01Full.nif
475 104 95 210 0.91346 0.91346 1.01053 1.01053 20 20 4 7 7 26.96816 4 0 0 1 0 5 0 63 21 9 0 0 0 1.00000 Architecture\Buildings\Hightech\Damage\HitExtACornerBTallDmg02.nif
476 942 1235 2312 1.50212 1.31423 1.00081 1.00081 104 104 3 59 55 155.20338 21 0 0 0 1 21 0 531 584 84 0 0 1 0.81072 Architecture\Buildings\Hightech\Damage\HitExtACornerBTallDmg03.nif
477 122 210 324 1.72131 1.72131 1.01187 1.01187 55 55 3 8 7 12.08511 3 0 0 0 0 3 0 99 94 0 0 0 2 0.99040 Architecture\Buildings\Hightech\Damage\HitExtACornerBTallDmg04.nif
478 152 190 311 1.25000 1.25000 1.01053 1.01053 0 0 2 10 6 16.60401 3 0 0 0 0 3 0 82 108 0 0 0 1 0.97906 Architecture\Buildings\Hightech\Damage\HitExtACornerBTallDmgPanels01.nif
479 216 254 451 1.17593 1.17593 1.00787 1.00787 0 0 2 14 9 7.93961 3 0 0 0 0 3 0 111 142 0 0 0 1 0.99386 Architecture\Buildings\Hightech\Damage\HitExtACornerBTallDmgPanels02.nif
480 58 104 181 1.79310 1.79310 1.00000 1.00000 72 72 3 4 3 86.20214 2 0 0 0 0 2 0 69 0 26 0 0 1 0.87075 Architecture\Buildings\Hightech\Damage\HitExtACornerBTallDmgPanels03.nif
481 68 72 177 1.05882 1.05882 1.00000 1.00000 58 58 4 5 5 96.70406 3 0 0 0 0 3 0 68 1 16 0 0 1 0.70599 Architecture\Buildings\Hightech\Damage\HitExtACornerBTallDmgPanels04.nif
482 543 622 1403 1.14733 1.14549 1.00320 1.00320 31 31 5 35 38 152.85225 15 1 0 3 0 18 0 328 283 8 0 0 0 0.70609 Architecture\Buildings\Hightech\Damage\HitExtACornerBWindowADmg01.nif
483 204 312 538 1.71078 1.52941 1.00000 1.00000 16 16 3 13 13 252.03174 5 0 0 1 0 6 0 98 159 4 0 0 0 0.99081 Architecture\Buildings\Hightech\Damage\HitExtACornerCDmg01.nif
484 52 66 136 1.26923 1.26923 1.03030 1.03030 18 18 5 4 5 32.63858 4 1 0 0 0 4 0 36 5 6 0 0 0 0.99890 Architecture\Buildings\Hightech\Damage\HitExtACornerCDmg02.nif
485 16 20 36 1.25000 1.25000 1.00000 1.00000 18 18 3 1 2 21.93147 2 1 0 0 0 2 0 18 2 6 0 0 0 1.00000 Architecture\Buildings\Hightech\Damage\HitExtACornerCShortDmg01.nif
486 68 92 141 1.35294 1.35294 1.00000 1.00000 0 0 3 5 4 31.38546 2 0 0 0 0 2 0 36 54 0 0 0 1 0.79875 Architecture\Buildings\Hightech\Damage\HitExtACornerCShortDmg01Full.nif
487 256 371 660 1.69922 1.44922 1.00270 1.00270 20 20 3 16 16 256.00000 7 0 0 1 1 8 0 125 172 3 0 0 0 1.00000 Architecture\Buildings\Hightech\Damage\HitExtACornerCTallDmg01.nif
488 104 196 315 1.88462 1.88462 1.00000 1.00000 0 0 4 7 7 32.09675 4 0 0 0 0 4 0 54 106 0 0 0 1 0.86625 Architecture\Buildings\Hightech\Damage\HitExtACornerCTallDmg01Full.nif
489 104 129 270 1.24038 1.24038 1.02326 1.02326 20 20 6 7 9 32.63857 6 1 0 0 0 6 0 63 19 6 0 0 0 1.00000 Architecture\Buildings\Hightech\Damage\HitExtACornerCTallDmg02.nif
490 473 678 1502 1.43340 1.43340 1.00283 1.00283 31 31 4 31 40 134.01303 13 0 0 3 0 16 0 289 285 12 0 0 1 0.91059 Architecture\Buildings\Hightech\Damage\HitExtACornerCWindowADmg01.nif
491 68 154 203 2.26471 2.26471 1.01299 1.01299 0 0 3 5 4 41.49275 2 0 0 0 0 2 0 36 83 0 0 0 1 0.80933 Architecture\Buildings\Hightech\Damage\HitExtACornerDDmg01Full.nif
492 52 55 118 1.05769 1.05769 1.01818 1.01818 18 18 5 4 5 61.64919 4 1 0 0 0 4 0 36 13 6 0 0 0 0.99455 Architecture\Buildings\Hightech\Damage\HitExtACornerDDmg02.nif
493 68 154 202 2.26471 2.26471 1.01299 1.01299 0 0 3 5 4 31.79178 2 0 0 0 0 2 0 36 83 0 0 0 1 0.93297 Architecture\Buildings\Hightech\Damage\HitExtACornerDShortDmg01Full.nif
494 52 67 133 1.28846 1.28846 1.01493 1.01493 18 18 5 4 5 61.64919 4 1 0 0 0 4 0 36 15 6 0 0 0 0.99023 Architecture\Buildings\Hightech\Damage\HitExtACornerDShortDmg02.nif
495 230 286 558 1.61304 1.24348 1.00699 1.00699 15 15 3 15 17 505.05460 7 0 0 1 1 8 0 109 176 4 0 0 0 1.00000 Architecture\Buildings\Hightech\Damage\HitExtACornerDTallDmg01.nif
496 104 210 328 2.01923 2.01923 1.00952 1.00952 0 0 4 7 8 41.55689 4 0 0 0 0 4 0 54 107 0 0 0 1 0.92029 Architecture\Buildings\Hightech\Damage\HitExtACornerDTallDmg01Full.nif
497 72 76 169 1.05556 1.05556 1.00000 1.00000 20 20 5 5 7 61.64919 4 1 0 0 0 4 0 47 29 6 0 0 0 0.99781 Architecture\Buildings\Hightech\Damage\HitExtACornerDTallDmg02.nif
498 402 460 801 1.33582 1.14428 1.00000 1.00000 85 85 3 26 17 154.23407 8 0 0 1 1 9 0 237 200 56 0 0 0 0.94349 Architecture\Buildings\Hightech\Damage\HitExtACornerDTallDmg03.nif
499 128 118 294 0.92188 0.92188 1.01695 1.01695 80 80 5 8 8 96.47050 5 0 0 0 0 5 0 106 6 12 0 0 1 0.89688 Architecture\Buildings\Hightech\Damage\HitExtACornerDTallDmgPanels01.nif
500 64 54 136 0.84375 0.84375 1.03704 1.03704 40 40 5 4 5 81.10946 4 1 0 0 0 4 0 54 0 8 0 0 0 0.75096 Architecture\Buildings\Hightech\Damage\HitExtACornerDTallDmgPanels02.nif
501 50 58 116 1.16000 1.16000 1.03448 1.03448 40 40 3 4 3 41.61385 2 0 0 0 0 2 0 47 0 16 0 0 1 0.89286 Architecture\Buildings\Hightech\Damage\HitExtACornerDTallDmgPanels03.nif
502 56 86 127 1.53571 1.53571 1.02326 1.02326 0 0 3 4 3 68.11030 2 0 0 0 0 2 0 30 54 0 0 0 1 0.85110 Architecture\Buildings\Hightech\Damage\HitExtACornerDTallDmgPanels04.nif
503 76 112 172 1.47368 1.47368 1.00000 1.00000 0 0 2 5 3 1.05194 1 0 0 0 0 1 0 43 68 0 0 0 1 0.98588 Architecture\Buildings\Hightech\Damage\HitExtACornerDTallDmgPanels05.nif
504 56 66 106 1.17857 1.17857 1.03030 1.03030 0 0 3 4 3 1.05614 2 0 0 0 0 2 0 30 34 0 0 0 1 0.94866 Architecture\Buildings\Hightech\Damage\HitExtACornerDTallDmgPanels06.nif
505 55 71 98 1.29091 1.29091 1.01408 1.01408 3 3 2 4 2 1.04993 1 0 0 0 0 1 0 30 33 0 0 0 1 0.97137 Architecture\Buildings\Hightech\Damage\HitExtACornerDTallDmgPanels07.nif
506 208 354 511 1.74038 1.70192 1.00565 1.00565 20 20 3 13 11 65.70877 5 0 0 0 1 5 0 125 196 12 0 0 0 0.88050 Architecture\Buildings\Hightech\Damage\HitExtACornerInADmg01.nif
507 292 531 915 1.83904 1.81849 1.00188 1.00188 14 14 6 19 22 399.11575 11 1 0 1 0 12 0 164 316 4 0 0 0 0.87774 Architecture\Buildings\Hightech\Damage\HitExtACornerInATall01Dmg01.nif
508 42 94 122 2.23810 2.23810 1.02128 1.02128 14 14 3 3 3 31.93905 2 0 0 0 0 2 0 27 48 4 0 0 1 0.90625 Architecture\Buildings\Hightech\Damage\HitExtACornerInATall01Dmg01Full.nif
509 24 28 54 1.16667 1.16667 1.00000 1.00000 8 8 4 2 3 12.51812 3 1 0 0 0 3 0 17 10 6 0 0 0 0.92231 Architecture\Buildings\Hightech\Damage\HitExtACornerInATall01Dmg02.nif
510 28 64 75 2.28571 2.28571 1.00000 1.00000 0 0 2 2 1 31.75262 1 0 0 0 0 1 0 16 43 0 0 0 1 0.75546 Architecture\Buildings\Hightech\Damage\HitExtATrimVADmg01.nif
511 44 94 115 2.13636 2.13636 1.02128 1.02128 0 0 2 3 2 7.07497 1 0 0 0 0 1 0 24 65 0 0 0 1 1.00000 Architecture\Buildings\Hightech\Damage\HitExtATrimVATallDmg01.nif
512 114 230 332 2.17544 2.01754 1.00870 1.00870 28 28 2 8 5 8.25030 2 0 0 0 0 2 0 73 149 11 0 0 1 0.95808 Architecture\Buildings\Hightech\Damage\HitExtATrimVATallDmgPanels01.nif
513 28 60 76 2.14286 2.14286 1.00000 1.00000 0 0 3 2 2 57.70169 2 0 0 0 0 2 0 16 40 0 0 0 1 0.78650 Architecture\Buildings\Hightech\Damage\HitExtAWallCapBottomDmg01.nif
514 30 38 74 1.60000 1.26667 1.05263 1.05263 30 30 3 2 2 51.50551 2 0 0 1 0 3 0 33 0 11 0 0 0 0.95324 Architecture\Buildings\Hightech\Damage\HitExtAWallCapBottomDmgPanels01.nif
515 44 76 110 1.72727 1.72727 1.00000 1.00000 0 0 4 3 4 57.96507 3 1 0 0 0 3 0 24 45 0 0 0 0 0.76430 Architecture\Buildings\Hightech\Damage\HitExtAWallCapBottomLongDmg01.nif
516 28 60 76 2.14286 2.14286 1.00000 1.00000 0 0 3 2 2 57.70169 2 0 0 0 0 2 0 16 40 0 0 0 1 0.78650 Architecture\Buildings\Hightech\Damage\HitExtAWallCapTopDmg01.nif
517 44 84 118 1.90909 1.90909 1.00000 1.00000 0 0 4 3 4 78.46601 3 1 0 0 0 3 0 24 53 0 0 0 0 0.74025 Architecture\Buildings\Hightech\Damage\HitExtAWallCapTopLongDmg01.nif
518 65 137 164 2.16923 2.10769 1.02190 1.02190 9 9 2 5 2 5.65685 1 0 0 0 0 1 0 33 89 6 0 0 1 0.98383 Architecture\Buildings\Hightech\Damage\HitExtAWallDmg01.nif
519 12 36 41 3.00000 3.00000 1.00000 1.00000 0 0 2 1 1 31.75296 1 0 0 0 0 1 0 8 24 0 0 0 1 0.82484 Architecture\Buildings\Hightech\Damage\HitExtAWallDmg01Full.nif
520 2 4 4 2.00000 2.00000 1.00000 1.00000 4 4 1 1 0 0.00000 0 1 0 0 0 0 0 4 0 4 0 0 0 1.00000 Architecture\Buildings\Hightech\Damage\HitExtAWallDmg02.nif
521 217 243 390 1.46083 1.14286 1.00412 1.00412 19 19 2 14 8 118.68750 3 0 0 2 0 5 0 122 109 8 0 0 0 0.98854 Architecture\Buildings\Hightech\Damage\HitExtAWallDmg03.nif
522 137 240 348 1.86131 1.75182 1.00000 1.00000 7 7 4 9 8 31.27204 4 0 0 0 1 4 0 73 155 0 0 0 0 0.84117 Architecture\Buildings\Hightech\Damage\HitExtAWallHalfDmg01.nif
523 12 36 42 3.00000 3.00000 1.00000 1.00000 4 4 2 1 1 31.04455 1 0 0 0 0 1 0 9 22 4 0 0 1 0.80310 Architecture\Buildings\Hightech\Damage\HitExtAWallHalfDmg01Full.nif
524 10 8 8 0.80000 0.80000 1.00000 1.00000 4 4 1 1 0 0.00000 0 0 0 0 0 0 0 8 0 4 0 0 1 1.00000 Architecture\Buildings\Hightech\Damage\HitExtAWallHalfDmg02.nif
525 83 171 219 2.06024 2.06024 1.00585 1.00585 6 6 2 6 3 7.81588 2 0 0 0 0 2 0 41 107 6 0 0 1 0.99494 Architecture\Buildings\Hightech\Damage\HitExtAWallLongDmg01.nif
526 20 58 69 2.90000 2.90000 1.03448 1.03448 0 0 3 2 2 31.75290 2 1 0 0 0 2 0 12 35 0 0 0 0 0.75000 Architecture\Buildings\Hightech\Damage\HitExtAWallLongDmg01Full.nif
527 38 38 77 1.00000 1.00000 1.05263 1.05263 8 8 4 3 4 4.64063 3 1 0 0 0 3 0 24 7 6 0 0 0 0.89109 Architecture\Buildings\Hightech\Damage\HitExtAWallLongDmg02.nif
528 32 32 52 1.00000 1.00000 1.00000 1.00000 28 28 2 2 1 4.83222 1 0 0 0 0 1 0 32 0 20 0 0 1 0.92818 Architecture\Buildings\Hightech\Damage\HitExtAWallLongDmgPanels02.nif
529 157 286 366 1.84713 1.82166 1.00699 1.00699 32 32 2 10 5 5.57057 3 0 0 0 0 3 0 99 172 28 0 0 1 0.91364 Architecture\Buildings\Hightech\Damage\HitExtAWallTallDmg01.nif
530 20 55 62 2.75000 2.75000 1.01818 1.01818 0 0 2 2 1 31.75290 1 0 0 0 0 1 0 12 35 0 0 0 1 0.94326 Architecture\Buildings\Hightech\Damage\HitExtAWallTallDmg01Full.nif
531 20 20 33 1.00000 1.00000 1.00000 1.00000 6 6 2 2 1 4.33085 1 0 0 0 0 1 0 14 2 6 0 0 1 0.77297 Architecture\Buildings\Hightech\Damage\HitExtAWallTallDmg02.nif
532 64 159 197 2.48438 2.48438 1.00629 1.00629 4 4 3 4 3 7.17955 2 0 0 0 1 2 0 35 107 2 0 0 0 0.74870 Architecture\Buildings\Hightech\Damage\HitExtAWallTallHalfDmg01.nif
533 20 60 71 3.00000 3.00000 1.00000 1.00000 0 0 3 2 2 31.04458 2 1 0 0 0 2 0 12 36 0 0 0 0 0.74306 Architecture\Buildings\Hightech\Damage\HitExtAWallTallHalfDmg01Full.nif
534 16 23 30 1.43750 1.43750 1.04348 1.04348 6 6 2 1 1 7.17955 1 0 0 0 0 1 0 12 5 4 0 0 1 1.00000 Architecture\Buildings\Hightech\Damage\HitExtAWallTallHalfDmg02.nif
535 230 383 613 1.71304 1.66522 1.00261 1.00261 45 45 3 15 13 66.27867 6 0 0 1 0 7 0 146 213 29 0 0 0 0.99532 Architecture\Buildings\Hightech\Damage\HitExtAWallTallLongDmg01.nif
536 32 92 108 2.87500 2.87500 1.00000 1.00000 0 0 3 2 2 31.87575 2 0 0 0 0 2 0 18 57 0 0 0 1 0.97063 Architecture\Buildings\Hightech\Damage\HitExtAWallTallLongDmg01Full.nif
537 40 40 47 1.00000 1.00000 1.00000 1.00000 8 8 1 3 0 0.00000 0 0 0 0 0 0 0 25 7 8 0 0 1 1.00000 Architecture\Buildings\Hightech\Damage\HitExtAWallTallLongDmg02.nif
538 112 124 203 1.10714 1.10714 1.00000 1.00000 0 0 3 7 6 27.37805 3 0 0 0 0 3 0 56 64 0 0 0 1 0.75610 Architecture\Buildings\Hightech\Damage\HitExtAWallTallLongDmgEndPanels01.nif
539 76 76 154 1.00000 1.00000 1.00000 1.00000 0 0 4 5 6 36.98621 3 0 0 0 0 3 0 40 36 0 0 0 1 0.81763 Architecture\Buildings\Hightech\Damage\HitExtAWallTallLongDmgEndPanels02.nif
540 59 143 166 2.42373 2.42373 1.00699 1.00699 5 5 2 4 2 5.63506 1 0 0 0 0 1 0 31 93 3 0 0 1 0.97382 Architecture\Buildings\Hightech\Damage\HitExtAWallTrimDmg01.nif
541 12 30 35 2.50000 2.50000 1.06667 1.06667 0 0 2 1 1 31.04456 1 0 0 0 0 1 0 8 20 0 0 0 1 0.88651 Architecture\Buildings\Hightech\Damage\HitExtAWallTrimDmg01Full.nif
542 10 16 16 1.60000 1.60000 1.00000 1.00000 4 4 1 1 0 0.00000 0 0 0 0 0 0 0 8 0 4 0 0 1 1.00000 Architecture\Buildings\Hightech\Damage\HitExtAWallTrimDmg02.nif
543 66 152 178 2.30303 2.30303 1.00000 1.00000 6 6 2 5 2 5.65685 1 0 0 0 0 1 0 35 98 3 0 0 1 0.99060 Architecture\Buildings\Hightech\Damage\HitExtAWallTrimLongDmg01.nif
544 20 46 59 2.30000 2.30000 1.04348 1.04348 0 0 3 2 2 31.04460 2 1 0 0 0 2 0 12 26 0 0 0 0 0.75000 Architecture\Buildings\Hightech\Damage\HitExtAWallTrimLongDmg01Full.nif
545 16 28 40 1.75000 1.75000 1.00000 1.00000 6 6 3 1 2 4.49073 2 1 0 0 0 2 0 12 6 4 0 0 0 0.98837 Architecture\Buildings\Hightech\Damage\HitExtAWallTrimLongDmg02.nif
546 88 109 217 1.34091 1.23864 1.02328 1.02328 90 90 5 6 7 210.23253 6 1 0 1 0 7 0 92 13 8 0 0 0 0.83759 Architecture\Buildings\Hightech\Damage\HitExtAWallXLDmg02.nif
547 24 32 50 1.33333 1.33333 1.00000 1.00000 28 28 2 2 1 15.37663 1 0 0 1 0 2 0 28 2 16 0 0 0 0.98576 Architecture\Buildings\Hightech\Damage\HitExtAWallXLDmgPanels01.nif
548 28 36 75 1.28571 1.28571 1.00000 1.00000 32 32 4 2 3 44.11084 3 1 0 0 0 3 0 32 4 8 0 0 0 0.96625 Architecture\Buildings\Hightech\Damage\HitExtAWallXLDmgPanels02.nif
549 40 36 98 0.90000 0.90000 1.00000 1.00000 28 28 5 3 5 5.96843 4 1 0 0 0 4 0 36 0 8 0 0 0 0.99571 Architecture\Buildings\Hightech\Damage\HitExtAWallXLDmgPanels03.nif
550 519 575 1346 1.47206 1.12139 1.00174 1.00174 45 45 5 33 38 70.98305 16 1 0 0 0 16 0 293 267 8 0 0 1 0.75882 Architecture\Buildings\Hightech\Damage\HitExtAWindowADmg01.nif
551 5 13 13 2.60000 2.60000 1.20000 1.20000 9 9 1 2 0 0.00000 0 2 0 0 0 0 0 9 0 9 0 0 0 1.00000 Architecture\Buildings\Hightech\Damage\HitExtAWindowADmg02.nif
552 743 1099 2111 1.65410 1.48183 1.00392 1.00392 181 181 5 47 51 197.26285 24 1 0 4 0 28 0 489 449 29 0 0 0 0.83815 Architecture\Buildings\Hightech\Damage\HitExtAWindowBLongDmg01.nif
553 666 967 1657 1.64565 1.45195 1.00445 1.00445 154 154 4 43 32 180.56686 14 0 0 4 0 18 0 428 395 11 0 0 1 0.87211 Architecture\Buildings\Hightech\Damage\HitExtAWindowBTallDmg01.nif
554 418 615 960 1.70813 1.48804 1.00185 1.00185 84 84 3 27 17 11.40160 7 0 0 0 0 7 0 253 257 15 0 0 2 0.88125 Architecture\Buildings\Hightech\Damage\HitExtAWindowCDmg01.nif
555 5 13 13 2.60000 2.60000 1.20000 1.20000 9 9 1 2 0 0.00000 0 2 0 0 0 0 0 9 0 9 0 0 0 1.00000 Architecture\Buildings\Hightech\Damage\HitExtAWindowCDmg02.nif
556 190 460 701 2.42105 2.42105 1.00000 1.00000 55 55 3 12 13 192.64735 5 0 0 1 0 6 0 104 287 8 0 0 0 0.84366 Architecture\Buildings\Hightech\Damage\HitExtAWindowDDmg01.nif
557 206 470 825 2.28155 2.28155 1.00426 1.00426 63 63 5 13 19 140.44672 7 0 1 0 0 7 0 115 300 6 0 0 1 0.70541 Architecture\Buildings\Hightech\Damage\HitExtAWindowDTallDmg01.nif
558 544 1248 2148 2.36765 2.29412 1.00000 1.00000 22 22 6 35 39 513.13129 16 1 0 3 0 19 0 415 573 7 0 0 0 0.92993 Architecture\Buildings\Hightech\Damage\HitExtAWindowDXLDmg02.nif
559 751 1770 3414 2.43276 2.35686 1.00120 1.00120 7 7 7 48 71 762.81787 27 1 1 2 0 29 0 574 819 8 0 0 1 0.74081 Architecture\Buildings\Hightech\Damage\HitExtAWindowDXLDmg03.nif
560 148 356 480 2.40541 2.40541 1.00000 1.00000 36 36 2 10 6 30.47831 2 0 0 0 0 2 0 73 243 10 0 0 1 0.84993 Architecture\Buildings\Hightech\Damage\HitExtAWindowETallDmg01.nif
561 144 272 460 1.88889 1.88889 1.00000 1.00000 10 10 3 9 9 68.93482 5 0 0 0 0 5 0 112 113 22 0 0 2 0.83941 Architecture\Buildings\Hightech\Damage\HitExtAWindowETallDmg02.nif
562 60 140 176 2.33333 2.33333 1.00000 1.00000 0 0 3 5 4 4.47890 3 0 0 1 0 4 0 44 42 4 0 0 1 0.97404 Architecture\Buildings\Hightech\Damage\HitExtRoofFloorAMidDmg01.nif
563 166 330 432 1.98795 1.98795 1.00606 1.00606 12 12 2 11 6 29.05706 2 0 1 0 0 2 0 75 212 16 0 0 1 0.83926 Architecture\Buildings\Hightech\Damage\HitExtStructureColumnACornerATallDmg01.nif
564 52 76 116 1.46154 1.46154 1.00000 1.00000 0 0 3 4 3 11.35782 2 0 0 0 0 2 0 28 46 0 0 0 1 0.75686 Architecture\Buildings\Hightech\Damage\HitExtStructureColumnAMidTall01Dmg02.nif
565 120 168 300 1.40000 1.40000 1.00000 1.00000 12 12 3 8 6 27.14782 3 0 0 1 0 4 0 66 75 4 0 0 0 0.73512 Architecture\Buildings\Hightech\Damage\HitExtStructureColumnATallDmg01.nif
566 92 148 224 1.60870 1.60870 1.00000 1.00000 12 12 2 6 4 13.00942 2 0 0 0 0 2 0 52 72 7 0 0 1 0.80494 Architecture\Buildings\Hightech\Damage\HitExtStructureColumnAXLDmg01.nif
567 108 158 245 1.46296 1.46296 1.01266 1.01266 12 12 2 7 4 14.99985 2 0 0 1 0 3 0 60 71 9 0 0 0 0.83051 Architecture\Buildings\Hightech\Damage\HitExtStructureColumnAXLDmg02.nif
568 52 72 106 1.38462 1.38462 1.00000 1.00000 12 12 2 4 2 16.19414 1 0 0 0 0 1 0 32 31 12 0 0 1 0.73597 Architecture\Buildings\Hightech\Damage\HitExtStructureColumnAXLDmg03.nif
569 124 258 301 2.09677 2.09677 1.00957 1.00957 6 6 2 9 3 25.28788 1 0 0 1 0 2 0 90 138 4 0 0 1 0.98726 Architecture\Buildings\Hightech\Extensions\HitExtExtABase01.nif
570 55 133 175 2.41818 2.41818 1.02256 1.02256 3 3 4 4 4 231.46533 3 0 0 0 0 3 0 30 88 0 0 0 1 0.79416 Architecture\Buildings\Hightech\Extensions\HitExtExtABase02.nif
571 184 254 466 1.38043 1.38043 1.02104 1.02104 0 0 4 13 12 369.93488 7 1 0 1 0 8 0 118 77 6 0 0 1 0.97646 Architecture\Buildings\Hightech\Extensions\HitExtExtABaseCornerA01.nif
572 264 364 622 1.37879 1.37879 1.00000 1.00000 6 6 3 17 15 60.05616 7 0 0 2 0 9 0 156 91 9 0 0 0 0.97835 Architecture\Buildings\Hightech\Extensions\HitExtExtABaseCornerB01.nif
573 84 147 262 1.75000 1.75000 1.04426 1.04426 6 6 5 6 10 403.71851 8 1 1 0 0 8 0 85 15 9 0 0 0 0.86648 Architecture\Buildings\Hightech\Extensions\HitExtExtACorneB01.nif
574 68 134 203 1.97059 1.97059 1.01080 1.01080 0 0 4 5 6 464.47586 5 1 0 0 0 5 0 72 12 6 0 0 1 0.95455 Architecture\Buildings\Hightech\Extensions\HitExtExtACorneBShort01.nif
575 640 728 1488 1.17188 1.16094 1.00608 1.00608 56 56 6 41 36 587.60236 19 1 0 2 0 21 0 618 42 8 0 0 0 0.76132 Architecture\Buildings\Hightech\Extensions\HitExtExtACorneBWindowA01.nif
576 162 187 327 1.15432 1.15432 1.02611 1.02611 6 6 4 11 8 49.04618 5 1 0 1 0 6 0 94 72 6 0 0 0 0.93054 Architecture\Buildings\Hightech\Extensions\HitExtExtACornerBase01.nif
577 40 65 92 1.62500 1.62500 1.04615 1.04615 0 0 3 3 3 48.28443 2 0 0 0 0 2 0 22 41 0 0 0 1 0.78663 Architecture\Buildings\Hightech\Extensions\HitExtExtARoofA01.nif
578 250 339 607 1.35600 1.35600 1.00295 1.00295 28 28 3 16 14 127.99441 6 0 0 1 0 7 0 140 173 9 0 0 0 0.95586 Architecture\Buildings\Hightech\Extensions\HitExtExtARoofACornerB01.nif
579 525 960 1623 1.82857 1.82857 1.00489 1.00489 77 77 4 34 38 496.02194 16 2 0 4 0 20 0 333 369 40 0 0 0 0.75591 Architecture\Buildings\Hightech\Lobby\HitExtLobbyALongEntrance01.nif
580 175 269 435 1.53714 1.53714 1.01139 1.01139 13 13 5 12 10 14.78912 6 1 0 1 0 7 0 124 67 8 0 0 0 0.96257 Architecture\Buildings\Hightech\Lobby\HitExtLobbyBCornerA01.nif
581 191 309 562 1.61780 1.61780 1.00965 1.00965 21 21 5 13 16 69.40465 10 1 0 0 0 10 0 136 76 11 0 0 1 0.85411 Architecture\Buildings\Hightech\Lobby\HitExtLobbyBCornerB01.nif
582 175 300 465 1.71429 1.71429 1.01434 1.01434 19 19 5 12 11 21.89610 6 1 0 1 0 7 0 128 70 6 0 0 0 0.86598 Architecture\Buildings\Hightech\Lobby\HitExtLobbyBCornerC01.nif
583 120 182 321 1.51667 1.51667 1.01039 1.01039 12 12 4 8 8 31.93769 6 0 0 1 0 7 0 95 63 9 0 0 1 0.91993 Architecture\Buildings\Hightech\Lobby\HitExtLobbyBCornerIn01.nif
584 64 90 141 1.40625 1.40625 1.02679 1.02679 6 6 3 5 4 28.09825 3 0 0 1 0 4 0 50 29 7 0 0 1 0.96350 Architecture\Buildings\Hightech\Lobby\HitExtLobbyBWallTall01.nif
585 178 312 520 1.75281 1.75281 1.03156 1.03156 44 44 5 13 17 364.01245 13 3 0 1 0 14 0 153 69 6 0 0 0 0.79315 Architecture\Buildings\Hightech\Lobby\HitExtLobbyCCornerA01.nif
586 79 213 281 2.69620 2.69620 1.03213 1.03213 43 43 3 8 6 51.57096 5 1 0 3 0 8 0 93 36 11 0 0 1 0.73913 Architecture\Buildings\Hightech\Lobby\HitExtLobbyCWallTall01.nif
587 166 312 400 1.87952 1.87952 1.02425 1.02425 68 68 3 12 7 6.96009 6 2 0 1 0 7 0 159 36 14 0 0 2 0.70000 Architecture\Buildings\Hightech\Lobby\HitExtLobbyCWallTall02.nif
588 149 263 431 1.76510 1.76510 1.01870 1.01870 24 24 4 11 10 18.17067 6 1 0 0 0 6 0 120 80 11 0 0 2 0.82774 Architecture\Buildings\Hightech\Lobby\HitExtLobbySmA01.nif
589 227 431 650 1.89868 1.89868 1.01263 1.01263 36 36 5 16 12 52.09010 7 2 0 0 0 7 0 166 170 8 0 0 2 0.70443 Architecture\Buildings\Hightech\Lobby\HitExtLobbySmA01Full.nif
590 188 351 558 1.86702 1.86702 1.00337 1.00337 18 18 5 12 13 52.09010 8 0 0 0 0 8 0 140 104 9 0 0 2 0.83888 Architecture\Buildings\Hightech\Lobby\HitExtLobbySmA4501.nif
591 260 529 789 2.03462 2.03462 1.01411 1.01411 30 30 3 17 14 16.49232 7 1 0 0 0 7 0 182 199 19 0 0 2 0.88590 Architecture\Buildings\Hightech\Lobby\HitExtLobbySmA4501Full.nif
592 192 365 566 1.90104 1.90104 1.00752 1.00752 18 18 5 13 13 51.14716 7 1 0 0 0 7 0 142 116 6 0 0 1 0.81214 Architecture\Buildings\Hightech\Lobby\HitExtLobbySmA45Long01.nif
593 266 551 787 2.07143 2.07143 1.00914 1.00914 32 32 3 18 14 27.71281 6 0 0 0 0 6 0 184 216 22 0 0 3 0.70847 Architecture\Buildings\Hightech\Lobby\HitExtLobbySmA45Long01Full.nif
594 166 307 485 1.84940 1.84940 1.01583 1.01583 22 22 5 11 11 52.09009 7 0 0 0 0 7 0 126 109 10 0 0 2 0.73882 Architecture\Buildings\Hightech\Lobby\HitExtLobbySmACornerA01.nif
595 251 496 751 1.97610 1.97610 1.00740 1.00740 39 39 5 18 15 51.15222 9 2 0 1 0 10 0 182 196 8 0 0 1 0.90598 Architecture\Buildings\Hightech\Lobby\HitExtLobbySmACornerA01Full.nif
596 462 768 1260 1.66450 1.66450 1.00549 1.00549 98 98 4 29 28 242.45055 14 1 0 2 0 16 0 338 186 19 0 0 1 0.79516 Architecture\Buildings\Hightech\Lobby\HitExtLobbySmACornerB01.nif
597 691 1192 1987 1.72648 1.72648 1.00793 1.00793 115 115 7 45 47 240.18254 25 3 0 2 0 27 0 477 413 5 0 0 0 0.76337 Architecture\Buildings\Hightech\Lobby\HitExtLobbySmACornerB01Full01.nif
598 305 487 818 1.59672 1.59672 1.00966 1.00966 49 49 4 20 19 81.01845 11 1 0 2 0 13 0 219 139 18 0 0 0 0.72914 Architecture\Buildings\Hightech\Lobby\HitExtLobbySmACornerC01.nif
599 397 675 1077 1.70025 1.70025 1.01160 1.01160 65 65 4 26 25 29.47419 14 2 0 2 0 16 0 283 229 6 0 0 0 0.86571 Architecture\Buildings\Hightech\Lobby\HitExtLobbySmACornerC01Full.nif
600 626 982 1802 1.56869 1.56869 1.00135 1.00135 115 115 4 40 40 376.23056 17 0 1 2 0 19 0 436 303 11 0 0 2 0.78924 Architecture\Buildings\Hightech\Lobby\HitExtLobbySmACornerD01.nif
601 770 1385 2354 1.79870 1.79870 1.00224 1.00224 104 104 4 49 50 265.77191 23 1 1 2 0 25 0 516 502 22 0 0 2 0.85876 Architecture\Buildings\Hightech\Lobby\HitExtLobbySmACornerD01Full.nif
602 178 331 519 1.85955 1.85955 1.01446 1.01446 44 44 4 13 12 234.92056 7 1 0 1 0 8 0 142 104 12 0 0 1 0.72013 Architecture\Buildings\Hightech\Lobby\HitExtLobbySmACornerIn01.nif
603 326 614 938 1.88344 1.88344 1.01010 1.01010 48 48 5 23 21 240.18254 11 2 0 1 0 12 0 227 238 8 0 0 1 0.73916 Architecture\Buildings\Hightech\Lobby\HitExtLobbySmACornerIn01Full.nif
604 150 202 380 1.34667 1.34667 1.03178 1.03178 76 76 5 11 12 88.44991 7 1 0 1 0 8 0 133 36 8 0 0 1 0.70496 Architecture\Buildings\Hightech\Lobby\HitExtLobbySmAEntranceCornerD01.nif
605 248 435 682 1.75403 1.75403 1.01004 1.01004 38 38 3 17 15 235.37204 7 1 0 1 0 8 0 184 127 28 0 0 1 0.95870 Architecture\Buildings\Hightech\Lobby\HitExtLobbySmALong01.nif
606 349 640 990 1.83381 1.83381 1.00679 1.00679 49 49 3 24 19 97.32420 9 2 0 2 0 11 0 240 261 36 0 0 0 0.77374 Architecture\Buildings\Hightech\Lobby\HitExtLobbySmALong01Full.nif
607 151 262 428 1.73510 1.73510 1.02421 1.02421 17 17 5 11 11 52.09009 7 1 0 0 0 7 0 118 84 9 0 0 2 0.92351 Architecture\Buildings\Hightech\Lobby\HitExtLobbySmALong02.nif
608 219 420 614 1.91781 1.91781 1.01194 1.01194 29 29 5 16 12 97.83437 7 2 0 1 0 8 0 159 167 8 0 0 1 0.72141 Architecture\Buildings\Hightech\Lobby\HitExtLobbySmALong02Full.nif
609 120 248 372 2.06667 2.06667 1.02290 1.02290 32 32 4 9 8 171.76729 6 1 0 0 0 6 0 116 67 8 0 0 2 0.73491 Architecture\Buildings\Hightech\Lobby\HitExtLobbySmCEntrance01.nif
610 216 455 626 2.10648 2.10648 1.01467 1.01467 66 66 4 15 10 65.78780 8 1 0 0 0 8 0 194 151 6 0 0 4 0.70316 Architecture\Buildings\Hightech\Lobby\HitExtLobbySmCEntrance01Full.nif
611 1244 1919 3340 1.54582 1.54421 1.00474 1.00474 360 360 5 82 75 185.11856 37 1 0 3 0 40 0 836 719 19 0 0 4 0.71294 Architecture\Buildings\Hightech\Lobby\HitExtLobbySmCEntrance02Full.nif
612 24 54 64 2.25000 2.25000 1.03704 1.03704 0 0 2 2 1 28.44445 1 0 0 0 0 1 0 16 25 0 0 0 1 0.88346 Architecture\Buildings\Hightech\Props\HitExtElevatorMFStructure02.nif
613 364 433 835 1.19780 1.19780 1.01071 1.01071 44 44 5 23 22 118.86449 11 0 0 1 0 12 0 208 148 5 0 0 1 0.71740 Architecture\Buildings\Hightech\Props\HitExtSkylightACorner01.nif
614 72 176 209 2.44444 2.44444 1.00000 1.00000 22 22 2 6 3 1.10527 1 1 0 0 0 1 0 46 98 9 0 0 1 0.99976 Architecture\Buildings\Hightech\Props\HitExtSkylightAMid01.nif
615 50 120 140 2.40000 2.40000 1.00000 1.00000 4 4 2 4 2 1.10940 1 1 0 0 0 1 0 28 78 0 0 0 1 1.00000 Architecture\Buildings\Hightech\Props\HitExtSkylightAMidtHalf01.nif
616 370 532 593 1.43784 1.43784 1.00000 1.00000 47 47 3 24 2 11.78355 2 1 0 0 0 2 0 212 166 6 0 0 1 0.98815 Architecture\Buildings\Hightech\Props\HitExtSkylightAStraight01.nif
617 246 342 380 1.39024 1.39024 1.00579 1.00579 29 29 2 16 1 6.12056 1 0 0 0 0 1 0 140 147 9 0 0 2 0.97756 Architecture\Buildings\Hightech\Props\HitExtSkylightAStraightHalf01.nif
618 254 609 908 2.42913 2.39764 1.00493 1.00493 56 56 3 16 16 241.06334 6 0 1 1 0 7 0 157 368 37 0 0 0 0.87563 Architecture\Buildings\Hightech\Roof\HitExtRoofA01.nif
619 166 410 549 2.51205 2.46988 1.00488 1.00488 56 56 5 11 10 148.55040 6 1 0 1 0 7 0 113 255 3 0 0 0 0.92780 Architecture\Buildings\Hightech\Roof\HitExtRoofACornerA01.nif
620 805 1921 3220 2.54162 2.38634 1.00156 1.00156 67 67 5 51 60 302.94757 23 0 0 3 0 26 0 435 995 28 0 0 0 0.71988 Architecture\Buildings\Hightech\Roof\HitExtRoofACornerB01.nif
621 686 1430 2391 2.26676 2.08455 1.00140 1.00140 154 154 4 43 47 389.55307 17 0 0 4 0 21 0 429 621 13 0 0 0 0.87438 Architecture\Buildings\Hightech\Roof\HitExtRoofACornerC01.nif
622 350 643 1158 1.83714 1.83714 1.00156 1.00156 0 0 4 22 26 399.52274 9 0 0 2 0 11 0 177 381 18 0 0 0 0.89894 Architecture\Buildings\Hightech\Roof\HitExtRoofACornerD01.nif
623 330 819 1102 2.51515 2.48182 1.00122 1.00122 56 56 3 21 15 296.24463 6 0 0 2 1 8 0 195 460 3 0 0 0 0.78087 Architecture\Buildings\Hightech\Roof\HitExtRoofACornerInA01.nif
624 198 475 712 2.39899 2.39899 1.00211 1.00211 22 22 3 13 12 242.65210 5 0 0 1 0 6 0 108 298 3 0 0 0 0.82928 Architecture\Buildings\Hightech\Roof\HitExtRoofAFlat01.nif
625 542 825 1451 1.52214 1.52214 1.00302 1.00302 97 97 4 35 33 194.93820 15 0 0 2 0 17 0 335 421 12 0 0 1 0.76325 Architecture\Buildings\Hightech\Roof\HitExtRoofAFlatEntrance02.nif
626 285 708 1133 2.52281 2.48421 1.00000 1.00000 69 69 3 18 21 271.40292 7 0 0 2 0 9 0 176 400 3 0 0 0 0.90249 Architecture\Buildings\Hightech\Roof\HitExtRoofAFlatShort01.nif
627 658 1195 2074 1.83739 1.81915 1.00519 1.00519 4 4 5 42 44 300.34909 19 1 0 3 0 22 0 450 506 8 0 0 0 0.83333 Architecture\Buildings\Hightech\Roof\HitExtRoofAWindowA01.nif
628 582 1167 1932 2.02921 2.00687 1.00794 1.00794 62 62 5 39 39 347.67883 18 1 0 2 0 20 0 401 502 8 0 0 1 0.74627 Architecture\Buildings\Hightech\Roof\HitExtRoofAWindowABroken01.nif
629 44 118 158 2.68182 2.68182 1.01675 1.01675 14 14 4 4 4 180.66855 3 1 0 1 0 4 0 34 48 5 0 0 0 0.77493 Architecture\Buildings\Hightech\Roof\HitExtRoofB01.nif
630 80 212 296 2.65000 2.65000 1.00000 1.00000 16 16 5 6 7 234.63750 4 2 0 0 0 4 0 55 79 4 0 0 0 0.82037 Architecture\Buildings\Hightech\Roof\HitExtRoofBCornerA01.nif
631 42 118 138 2.80952 2.80952 1.01587 1.01587 0 0 2 3 2 31.80428 2 0 0 1 0 3 0 33 58 7 0 0 1 0.91602 Architecture\Buildings\Hightech\Roof\HitExtRoofCCornerAShort01.nif
632 47 128 141 2.72340 2.72340 1.03051 1.03051 9 9 3 4 2 34.72203 2 1 0 0 0 2 0 40 43 0 0 0 1 0.79941 Architecture\Buildings\Hightech\Roof\HitExtRoofCShort01.nif
633 86 236 289 2.74419 2.74419 1.00000 1.00000 0 0 2 6 3 13.92761 2 0 0 0 0 2 0 67 74 19 0 0 2 0.89175 Architecture\Buildings\Hightech\Roof\HitExtRoofCShortLong01.nif
634 32 96 106 3.00000 3.00000 1.00000 1.00000 0 0 2 2 1 0.00008 1 0 0 0 0 1 0 18 48 0 0 0 1 1.00000 Architecture\Buildings\Hightech\Roof\HitExtRoofECornerA01.nif
635 75 158 221 2.10667 2.10667 1.01266 1.01266 3 3 3 5 5 9.82952 2 0 0 0 0 2 0 40 90 0 0 0 1 0.98958 Architecture\Buildings\Hightech\Roof\HitExtRoofECornerC01.nif
636 32 96 106 3.00000 3.00000 1.00000 1.00000 0 0 2 2 1 0.00008 1 0 0 0 0 1 0 18 63 0 0 0 1 1.00000 Architecture\Buildings\Hightech\Roof\HitExtRoofEMid01.nif
637 43 103 128 2.39535 2.39535 1.04761 1.04761 11 11 3 5 3 3.28124 2 2 0 0 0 2 0 35 42 6 0 0 1 0.99227 Architecture\Buildings\Hightech\Roof\HitExtRoofFloorACorner01.nif
638 96 206 275 2.14583 2.14583 1.03469 1.03469 6 6 3 7 6 8.16270 3 0 0 1 0 4 0 74 74 9 0 0 2 0.96458 Architecture\Buildings\Hightech\Roof\HitExtRoofFloorACornerB01.nif
639 96 204 287 2.12500 2.12500 1.02546 1.02546 6 6 4 7 7 28.95806 5 1 0 0 0 5 0 74 64 8 0 0 2 0.95000 Architecture\Buildings\Hightech\Roof\HitExtRoofFloorACornerC01.nif
640 178 296 422 1.66292 1.66292 1.02096 1.02096 0 0 3 12 7 32.00003 4 0 0 1 0 5 0 121 128 13 0 0 2 0.94651 Architecture\Buildings\Hightech\Roof\HitExtRoofFloorACornerD01.nif
641 59 132 178 2.23729 2.23729 1.03315 1.03315 7 7 3 5 5 3.28124 4 1 0 1 0 5 0 51 50 9 0 0 1 0.95364 Architecture\Buildings\Hightech\Roof\HitExtRoofFloorACornerIn01.nif
642 48 72 104 1.50000 1.50000 1.00000 1.00000 14 14 3 5 3 4.18750 2 2 0 0 0 2 0 38 25 6 0 0 1 0.96938 Architecture\Buildings\Hightech\Roof\HitExtRoofFloorAEdge01.nif
643 32 54 72 1.68750 1.68750 1.03571 1.03571 0 0 2 4 2 3.28124 2 2 0 0 0 2 0 30 21 10 0 0 1 0.95558 Architecture\Buildings\Hightech\Roof\HitExtRoofFloorAEdge02.nif
644 28 48 60 1.71429 1.71429 1.00000 1.00000 14 14 2 3 1 4.47781 1 1 0 1 0 2 0 24 21 6 0 0 0 0.88872 Architecture\Buildings\Hightech\Roof\HitExtRoofFloorAEdge03.nif
645 36 58 75 1.61111 1.61111 1.02381 1.02381 24 24 2 4 2 0.00001 2 0 0 2 0 4 0 32 0 8 0 0 0 0.73846 Architecture\Buildings\Hightech\Roof\HitExtRoofFloorAMid01.nif
646 60 142 171 2.36667 2.36667 1.01111 1.01111 0 0 3 5 3 3.28119 2 0 0 0 0 2 0 44 24 4 0 0 2 0.96762 Architecture\Buildings\Hightech\Roof\HitExtRoofFloorAMid02.nif
647 10 28 28 2.80000 2.80000 1.00000 1.00000 4 4 1 1 0 0.00000 0 0 0 0 0 0 0 8 16 4 0 0 1 1.00000 Architecture\Buildings\Hightech\Roof\HitExtRoofFloorAMid03.nif
648 6 16 22 2.66667 2.66667 1.00000 1.00000 6 6 2 1 1 4.00878 1 1 0 0 0 1 0 7 6 6 0 0 0 0.75521 Architecture\Buildings\Hightech\Roof\HitExtRoofFloorAQuater01.nif
649 12 26 26 2.16667 2.16667 1.05556 1.05556 0 0 1 2 0 0.00000 0 1 0 0 0 0 0 12 11 0 0 0 1 1.00000 Architecture\Buildings\Hightech\Roof\HitExtRoofFloorARamp01.nif
650 818 1409 2274 1.72372 1.72372 1.00546 1.00546 188 188 5 52 47 373.07507 21 0 0 3 0 24 0 571 602 8 0 0 2 0.78125 Architecture\Buildings\Hightech\Roof\HitExtRoofHelipad01.nif
651 92 174 253 2.04348 1.89130 1.01149 1.01149 0 0 2 6 4 35.99282 2 0 0 1 0 3 0 48 57 0 0 0 0 0.93304 Architecture\Buildings\Hightech\Skin\HitExtA15Trim01.nif
652 20 56 63 2.80000 2.80000 1.00000 1.00000 0 0 2 2 1 22.08640 1 0 0 0 0 1 0 12 32 0 0 0 1 0.93562 Architecture\Buildings\Hightech\Skin\HitExtA15Trim02.nif
653 14 16 31 1.14286 1.14286 1.00000 1.00000 16 16 3 1 2 34.15602 2 1 0 0 0 2 0 16 0 6 0 0 0 0.98824 Architecture\Buildings\Hightech\Skin\HitExtA15Wall01.nif
654 14 16 31 1.14286 1.14286 1.00000 1.00000 16 16 3 1 2 34.15602 2 1 0 0 0 2 0 16 0 6 0 0 0 0.98824 Architecture\Buildings\Hightech\Skin\HitExtA15Wall01B.nif
655 64 144 217 2.25000 2.25000 1.00000 1.00000 0 0 5 5 7 34.15602 6 2 0 0 0 6 0 50 55 6 0 0 0 0.89351 Architecture\Buildings\Hightech\Skin\HitExtA15Wall01BFull.nif
656 60 128 168 2.13333 2.13333 1.00000 1.00000 0 0 3 4 3 31.06155 2 0 0 0 0 2 0 32 87 0 0 0 1 0.93241 Architecture\Buildings\Hightech\Skin\HitExtA15Wall01Trim01.nif
657 60 128 168 2.13333 2.13333 1.00000 1.00000 0 0 3 4 3 38.39935 2 0 0 0 0 2 0 32 87 0 0 0 1 0.89147 Architecture\Buildings\Hightech\Skin\HitExtA15Wall01Trim01B.nif
658 2 6 6 3.00000 3.00000 1.33333 1.33333 4 4 1 1 0 0.00000 0 1 0 0 0 0 0 4 0 4 0 0 0 1.00000 Architecture\Buildings\Hightech\Skin\HitExtA15Wall02.nif
659 2 6 6 3.00000 3.00000 1.33333 1.33333 4 4 1 1 0 0.00000 0 1 0 0 0 0 0 4 0 4 0 0 0 1.00000 Architecture\Buildings\Hightech\Skin\HitExtA15Wall02B.nif
660 18 52 63 2.88889 2.88889 1.07568 1.07568 6 6 3 2 2 32.00000 2 2 0 0 0 2 0 16 23 4 0 0 0 0.82143 Architecture\Buildings\Hightech\Skin\HitExtA15Wall02BFull.nif
661 12 36 41 3.00000 3.00000 1.00000 1.00000 0 0 2 1 1 31.04456 1 0 0 0 0 1 0 8 24 0 0 0 1 0.81845 Architecture\Buildings\Hightech\Skin\HitExtA15Wall02Trim01.nif
662 12 36 41 3.00000 3.00000 1.00000 1.00000 0 0 2 1 1 31.04456 1 0 0 0 0 1 0 8 24 0 0 0 1 0.81845 Architecture\Buildings\Hightech\Skin\HitExtA15Wall02Trim01B.nif
663 14 16 31 1.14286 1.14286 1.00000 1.00000 16 16 3 1 2 34.15602 2 1 0 0 0 2 0 16 0 6 0 0 0 0.98824 Architecture\Buildings\Hightech\Skin\HitExtA15WallTall01.nif
664 14 16 31 1.14286 1.14286 1.00000 1.00000 16 16 3 1 2 34.15602 2 1 0 0 0 2 0 16 0 6 0 0 0 0.98824 Architecture\Buildings\Hightech\Skin\HitExtA15WallTall01B.nif
665 2 6 6 3.00000 3.00000 1.33333 1.33333 4 4 1 1 0 0.00000 0 1 0 0 0 0 0 4 0 4 0 0 0 1.00000 Architecture\Buildings\Hightech\Skin\HitExtA15WallTall02.nif
666 2 6 6 3.00000 3.00000 1.33333 1.33333 4 4 1 1 0 0.00000 0 1 0 0 0 0 0 4 0 4 0 0 0 1.00000 Architecture\Buildings\Hightech\Skin\HitExtA15WallTall02B.nif
667 79 190 262 2.40506 2.40506 1.03246 1.03246 20 20 4 6 7 31.93768 5 0 0 1 0 6 0 61 60 7 0 0 1 0.84195 Architecture\Buildings\Hightech\Skin\HitExtA15WallTall02BFull.nif
668 16 20 35 1.25000 1.25000 1.00000 1.00000 20 20 3 2 2 34.15602 2 2 0 0 0 2 0 20 0 6 0 0 0 0.98824 Architecture\Buildings\Hightech\Skin\HitExtA15WindowE01.nif
669 4 10 10 2.50000 2.50000 1.16667 1.16667 8 8 1 2 0 0.00000 0 2 0 0 0 0 0 8 0 8 0 0 0 1.00000 Architecture\Buildings\Hightech\Skin\HitExtA15WindowE02.nif
670 4 8 8 2.00000 2.00000 1.00000 1.00000 8 8 1 2 0 0.00000 0 2 0 0 0 0 0 8 0 8 0 0 0 1.00000 Architecture\Buildings\Hightech\Skin\HitExtA15WindowE03.nif
671 24 36 61 1.50000 1.50000 1.00000 1.00000 28 28 3 3 3 39.33563 3 2 0 0 0 3 0 28 2 6 0 0 0 0.98901 Architecture\Buildings\Hightech\Skin\HitExtA15WindowELong01.nif
672 24 38 63 1.58333 1.58333 1.05769 1.05769 28 28 3 3 3 39.33563 3 2 0 0 0 3 0 28 5 6 0 0 0 0.98901 Architecture\Buildings\Hightech\Skin\HitExtA15WindowELong02.nif
673 11 21 21 1.90909 1.90909 1.14286 1.14286 13 13 1 1 0 0.00000 0 0 0 0 0 0 0 13 0 13 0 0 1 1.00000 Architecture\Buildings\Hightech\Skin\HitExtA45Wall01.nif
674 22 52 52 2.36364 2.36364 1.00000 1.00000 12 12 1 3 0 0.00000 0 1 0 0 0 0 0 24 11 12 0 0 1 1.00000 Architecture\Buildings\Hightech\Skin\HitExtA45WallInLong01.nif
675 23 55 55 2.39130 2.39130 1.01921 1.01921 13 13 1 3 0 0.00000 0 1 0 0 0 0 0 25 10 13 0 0 1 1.00000 Architecture\Buildings\Hightech\Skin\HitExtA45WallInLong02.nif
676 10 18 25 1.80000 1.80000 1.11111 1.11111 12 12 2 1 1 9.24692 1 0 0 0 0 1 0 12 0 7 0 0 1 1.00000 Architecture\Buildings\Hightech\Skin\HitExtA45WallLong01.nif
677 14 30 45 2.14286 2.14286 1.06667 1.06667 16 16 3 1 2 9.35667 2 1 0 0 0 2 0 16 0 6 0 0 0 1.00000 Architecture\Buildings\Hightech\Skin\HitExtA45WallLong02.nif
678 10 21 21 2.10000 2.10000 1.14286 1.14286 12 12 1 1 0 0.00000 0 0 0 0 0 0 0 12 3 12 0 0 1 1.00000 Architecture\Buildings\Hightech\Skin\HitExtA45WallTall01.nif
679 42 109 127 2.59524 2.59524 1.02800 1.02800 0 0 3 3 2 30.75465 2 0 0 0 0 2 0 37 42 4 0 0 2 0.95588 Architecture\Buildings\Hightech\Skin\HitExtA45WallTall01Full.nif
680 6 8 8 1.33333 1.33333 1.00000 1.00000 8 8 1 1 0 0.00000 0 0 0 0 0 0 0 8 0 8 0 0 1 1.00000 Architecture\Buildings\Hightech\Skin\HitExtA45WallTall02.nif
681 44 112 136 2.54545 2.54545 1.00000 1.00000 0 0 3 4 3 31.33285 2 0 0 0 0 2 0 36 50 4 0 0 2 0.97917 Architecture\Buildings\Hightech\Skin\HitExtA45WallTall02Full.nif
682 10 18 25 1.80000 1.80000 1.11111 1.11111 12 12 2 1 1 9.35513 1 0 0 1 0 2 0 12 0 7 0 0 0 1.00000 Architecture\Buildings\Hightech\Skin\HitExtA45WallTall03.nif
683 50 135 177 2.70000 2.70000 1.04274 1.04274 0 0 4 4 5 31.93429 4 1 0 1 0 5 0 39 63 4 0 0 0 0.78238 Architecture\Buildings\Hightech\Skin\HitExtA45WallTall03Full.nif
684 20 50 50 2.50000 2.50000 1.04000 1.04000 0 0 1 2 0 0.00000 0 0 0 0 0 0 0 12 30 0 0 0 1 1.00000 Architecture\Buildings\Hightech\Skin\HitExtA45WallTrimLong02.nif
685 16 34 47 2.12500 2.12500 1.06944 1.06944 20 20 2 2 2 9.24691 2 1 0 1 0 3 0 20 0 13 0 0 0 1.00000 Architecture\Buildings\Hightech\Skin\HitExtA45WindowALong01.nif
686 16 34 47 2.12500 2.12500 1.06944 1.06944 20 20 2 2 2 9.35050 2 1 0 1 0 3 0 20 0 13 0 0 0 1.00000 Architecture\Buildings\Hightech\Skin\HitExtA45WindowALong02.nif
687 14 20 27 1.42857 1.42857 1.00000 1.00000 20 20 2 2 1 9.24740 1 1 0 1 0 2 0 20 0 7 0 0 0 1.00000 Architecture\Buildings\Hightech\Skin\HitExtA45WindowDLong01.nif
688 14 20 33 1.42857 1.42857 1.00000 1.00000 20 20 3 2 2 9.35052 2 2 0 0 0 2 0 20 0 6 0 0 0 1.00000 Architecture\Buildings\Hightech\Skin\HitExtA45WindowDLong02.nif
689 12 24 24 2.00000 2.00000 1.14815 1.14815 16 16 1 2 0 0.00000 0 1 0 0 0 0 0 16 0 16 0 0 1 1.00000 Architecture\Buildings\Hightech\Skin\HitExtA45WindowE01.nif
690 12 22 29 1.83333 1.83333 1.09259 1.09259 16 16 2 2 1 9.24691 1 1 0 1 0 2 0 16 0 7 0 0 0 1.00000 Architecture\Buildings\Hightech\Skin\HitExtA45WindowELong01.nif
691 60 144 191 2.40000 2.40000 1.00000 1.00000 0 0 4 4 4 64.45682 3 0 0 0 0 3 0 32 64 0 0 0 1 0.81260 Architecture\Buildings\Hightech\Skin\HitExtABase4501.nif
692 88 152 240 1.72727 1.72727 1.00000 1.00000 0 0 4 6 6 62.06366 4 0 0 0 0 4 0 45 67 0 0 0 1 0.77521 Architecture\Buildings\Hightech\Skin\HitExtABaseCornerA01.nif
693 158 252 377 1.59494 1.59494 1.00000 1.00000 0 0 2 10 6 14.14718 2 0 0 0 0 2 0 81 62 0 0 0 1 0.98522 Architecture\Buildings\Hightech\Skin\HitExtABaseCornerB01.nif
694 158 225 389 1.42405 1.42405 1.01333 1.01333 0 0 4 10 9 52.06630 5 0 1 0 0 5 0 81 66 13 0 0 1 0.87603 Architecture\Buildings\Hightech\Skin\HitExtABaseCornerC01.nif
695 158 268 432 1.69620 1.69620 1.00000 1.00000 0 0 4 10 9 148.89215 4 0 1 0 0 4 0 81 96 10 0 0 1 0.78708 Architecture\Buildings\Hightech\Skin\HitExtABaseCornerD01.nif
696 32 72 82 2.25000 2.25000 1.00000 1.00000 0 0 2 2 1 10.97858 1 0 0 0 0 1 0 18 49 0 0 0 1 0.98232 Architecture\Buildings\Hightech\Skin\HitExtABaseHalf01.nif
697 32 74 94 2.31250 2.31250 1.02703 1.02703 0 0 4 2 3 63.84238 3 1 0 0 0 3 0 18 51 0 0 0 0 0.79969 Architecture\Buildings\Hightech\Skin\HitExtABaseLong01.nif
698 464 503 1089 1.08405 1.08405 1.00199 1.00199 0 0 3 29 28 121.97882 11 0 1 2 0 13 0 234 61 0 0 0 0 0.89850 Architecture\Buildings\Hightech\Skin\HitExtAColumnTall01.nif
699 68 84 138 1.23529 1.23529 1.00000 1.00000 0 0 3 5 4 7.49221 2 0 0 0 0 2 0 36 26 0 0 0 1 0.94281 Architecture\Buildings\Hightech\Skin\HitExtAColumnTall02.nif
700 8 10 16 1.25000 1.25000 1.20000 1.20000 10 10 2 1 1 9.33664 1 1 0 0 0 1 0 10 0 6 0 0 0 1.00000 Architecture\Buildings\Hightech\Skin\HitExtACornerA01.nif
701 28 66 87 2.35714 2.35714 1.05714 1.05714 0 0 3 3 3 31.97895 3 2 0 0 0 3 0 26 31 6 0 0 0 1.00000 Architecture\Buildings\Hightech\Skin\HitExtACornerA01Full.nif
702 56 100 135 1.78571 1.78571 1.00000 1.00000 0 0 3 4 3 31.08387 2 0 0 0 0 2 0 30 59 0 0 0 1 0.92947 Architecture\Buildings\Hightech\Skin\HitExtACornerACapBottom01.nif
703 62 108 143 1.74194 1.74194 1.00000 1.00000 0 0 3 4 3 31.31535 2 0 0 0 0 2 0 33 62 0 0 0 1 0.92947 Architecture\Buildings\Hightech\Skin\HitExtACornerACapTop01.nif
704 8 12 18 1.50000 1.50000 1.00000 1.00000 10 10 2 1 1 9.33664 1 1 0 0 0 1 0 10 2 6 0 0 0 1.00000 Architecture\Buildings\Hightech\Skin\HitExtACornerAShort01.nif
705 8 10 16 1.25000 1.25000 1.20000 1.20000 10 10 2 1 1 9.33664 1 1 0 0 0 1 0 10 0 6 0 0 0 1.00000 Architecture\Buildings\Hightech\Skin\HitExtACornerATall01.nif
706 78 137 222 1.75641 1.75641 1.02282 1.02282 16 16 4 6 8 107.79752 6 2 0 0 0 6 0 61 54 8 0 0 0 0.81281 Architecture\Buildings\Hightech\Skin\HitExtACornerATall01Full.nif
707 28 46 57 1.64286 1.64286 1.04348 1.04348 0 0 2 2 1 30.95454 1 0 0 0 0 1 0 16 29 0 0 0 1 0.94466 Architecture\Buildings\Hightech\Skin\HitExtACornerATrim01.nif
708 40 53 105 1.32500 1.32500 1.06158 1.06158 44 44 4 4 6 9.33665 6 2 0 0 0 6 0 44 4 12 0 0 0 0.99918 Architecture\Buildings\Hightech\Skin\HitExtACornerAWindowE01.nif
709 16 18 34 1.12500 1.12500 1.11111 1.11111 18 18 3 1 2 43.28526 2 1 0 0 0 2 0 18 0 6 0 0 0 0.99023 Architecture\Buildings\Hightech\Skin\HitExtACornerB01.nif
710 68 172 231 2.52941 2.52941 1.03607 1.03607 0 0 3 5 5 43.28526 4 1 0 1 0 5 0 54 66 11 0 0 0 0.92708 Architecture\Buildings\Hightech\Skin\HitExtACornerB01Full.nif
711 12 14 28 1.16667 1.16667 1.14286 1.14286 14 14 3 1 2 10.81789 2 1 0 0 0 2 0 14 0 6 0 0 0 1.00000 Architecture\Buildings\Hightech\Skin\HitExtACornerB02.nif
712 140 162 312 1.15714 1.15714 1.01235 1.01235 0 0 3 9 8 32.08937 3 0 0 1 0 4 0 72 61 0 0 0 0 0.90507 Architecture\Buildings\Hightech\Skin\HitExtACornerBCapBottom01.nif
713 158 177 366 1.12025 1.12025 1.01695 1.01695 0 0 3 10 10 130.93851 4 0 0 1 0 5 0 81 70 0 0 0 0 0.77054 Architecture\Buildings\Hightech\Skin\HitExtACornerBCapTop01.nif
714 122 149 278 1.22131 1.22131 1.02013 1.02013 0 0 3 8 6 31.85902 3 0 0 1 0 4 0 63 84 0 0 0 0 0.77698 Architecture\Buildings\Hightech\Skin\HitExtACornerBCapTop02.nif
715 36 56 71 1.55556 1.55556 1.00000 1.00000 0 0 2 3 2 9.75721 1 0 0 0 0 1 0 20 36 0 0 0 1 1.00000 Architecture\Buildings\Hightech\Skin\HitExtACornerBInShort01.nif
716 24 46 58 1.91667 1.91667 1.04348 1.04348 14 14 2 2 1 19.11791 1 0 0 0 0 1 0 20 18 10 0 0 1 0.73829 Architecture\Buildings\Hightech\Skin\HitExtACornerBInTall01.nif
717 16 18 34 1.12500 1.12500 1.11111 1.11111 18 18 3 1 2 42.71075 2 1 0 0 0 2 0 18 0 6 0 0 0 0.99023 Architecture\Buildings\Hightech\Skin\HitExtACornerBShort01.nif
718 12 14 28 1.16667 1.16667 1.14286 1.14286 14 14 3 1 2 21.43497 2 1 0 0 0 2 0 14 0 6 0 0 0 0.90000 Architecture\Buildings\Hightech\Skin\HitExtACornerBShort02.nif
719 16 18 34 1.12500 1.12500 1.11111 1.11111 18 18 3 1 2 43.43255 2 1 0 0 0 2 0 18 0 6 0 0 0 0.99023 Architecture\Buildings\Hightech\Skin\HitExtACornerBTall01.nif
720 112 248 347 2.21429 2.21429 1.01830 1.01830 9 9 4 8 6 58.46301 5 1 0 1 0 6 0 77 104 6 0 0 0 0.86979 Architecture\Buildings\Hightech\Skin\HitExtACornerBTall01Full.nif
721 12 14 28 1.16667 1.16667 1.14286 1.14286 14 14 3 1 2 10.81789 2 1 0 0 0 2 0 14 0 6 0 0 0 1.00000 Architecture\Buildings\Hightech\Skin\HitExtACornerBTall02.nif
722 68 92 144 1.35294 1.35294 1.00000 1.00000 0 0 3 5 4 30.69225 2 0 0 0 0 2 0 36 56 0 0 0 1 0.91526 Architecture\Buildings\Hightech\Skin\HitExtACornerBTrim01.nif
723 52 68 111 1.30769 1.30769 1.00000 1.00000 0 0 3 4 3 24.18898 2 0 0 0 0 2 0 28 39 0 0 0 1 0.78507 Architecture\Buildings\Hightech\Skin\HitExtACornerBTrim02.nif
724 32 38 70 1.18750 1.18750 1.05556 1.05556 36 36 3 2 4 43.28526 4 2 0 0 0 4 0 36 2 12 0 0 0 0.99023 Architecture\Buildings\Hightech\Skin\HitExtACornerBWindowA01.nif
725 32 36 68 1.12500 1.12500 1.11111 1.11111 36 36 3 2 4 43.48198 4 2 0 0 0 4 0 36 0 12 0 0 0 0.99023 Architecture\Buildings\Hightech\Skin\HitExtACornerBWindowE01.nif
726 16 21 37 1.31250 1.31250 1.14286 1.14286 18 18 3 1 2 32.63857 2 1 0 0 0 2 0 18 0 6 0 0 0 0.96458 Architecture\Buildings\Hightech\Skin\HitExtACornerC01.nif
727 68 145 218 2.13235 2.13235 1.03361 1.03361 0 0 5 5 7 32.63858 6 2 0 0 0 6 0 54 33 6 0 0 0 0.96458 Architecture\Buildings\Hightech\Skin\HitExtACornerC01Full.nif
728 140 194 306 1.38571 1.38571 1.01031 1.01031 0 0 4 9 9 50.99481 4 0 0 0 0 4 0 72 93 0 0 0 1 0.83977 Architecture\Buildings\Hightech\Skin\HitExtACornerCCapBottom01.nif
729 140 198 324 1.41429 1.41429 1.00741 1.00741 0 0 3 9 7 29.65339 4 0 0 0 0 4 0 102 50 15 0 0 2 0.88407 Architecture\Buildings\Hightech\Skin\HitExtACornerCCapTop01.nif
730 16 20 36 1.25000 1.25000 1.00000 1.00000 18 18 3 1 2 21.93147 2 1 0 0 0 2 0 18 0 6 0 0 0 1.00000 Architecture\Buildings\Hightech\Skin\HitExtACornerCShort01.nif
731 40 48 70 1.20000 1.20000 1.00000 1.00000 18 18 2 4 2 29.34478 1 0 0 1 0 2 0 42 0 7 0 0 1 0.95000 Architecture\Buildings\Hightech\Skin\HitExtACornerCTall01.nif
732 86 175 256 2.03488 2.03488 1.00809 1.00809 0 0 3 6 7 32.63858 4 1 0 1 0 5 0 63 55 9 0 0 0 0.96458 Architecture\Buildings\Hightech\Skin\HitExtACornerCTall01Full.nif
733 68 96 146 1.41176 1.41176 1.00000 1.00000 0 0 3 5 4 30.48261 2 0 0 0 0 2 0 36 54 0 0 0 1 0.79875 Architecture\Buildings\Hightech\Skin\HitExtACornerCTrim01.nif
734 40 52 90 1.30000 1.30000 1.08081 1.08081 46 46 3 3 5 32.37674 5 3 0 0 0 5 0 46 2 12 0 0 0 0.93750 Architecture\Buildings\Hightech\Skin\HitExtACornerCWindowA01.nif
735 32 36 68 1.12500 1.12500 1.11111 1.11111 36 36 3 2 4 32.63857 4 2 0 0 0 4 0 36 0 12 0 0 0 0.95000 Architecture\Buildings\Hightech\Skin\HitExtACornerCWindowE01.nif
736 20 24 37 1.20000 1.20000 1.00000 1.00000 18 18 2 3 1 20.80690 1 1 0 0 0 1 0 24 0 11 0 0 1 0.98229 Architecture\Buildings\Hightech\Skin\HitExtACornerD01.nif
737 72 156 225 2.16667 2.16667 1.00000 1.00000 16 16 4 6 5 60.87692 4 0 0 1 0 5 0 59 68 10 0 0 1 0.90812 Architecture\Buildings\Hightech\Skin\HitExtACornerD01Full.nif
738 140 190 324 1.35714 1.35714 1.01053 1.01053 0 0 4 9 9 74.01337 4 0 0 0 0 4 0 72 62 0 0 0 1 0.80182 Architecture\Buildings\Hightech\Skin\HitExtACornerDCapBottom01.nif
739 140 192 324 1.37143 1.37143 1.00000 1.00000 0 0 4 9 9 52.60976 4 0 0 0 0 4 0 72 63 0 0 0 1 0.87164 Architecture\Buildings\Hightech\Skin\HitExtACornerDCapTop01.nif
740 16 20 36 1.25000 1.25000 1.00000 1.00000 18 18 3 1 2 55.54271 2 1 0 0 0 2 0 18 0 6 0 0 0 0.95000 Architecture\Buildings\Hightech\Skin\HitExtACornerDShort01.nif
741 22 26 47 1.18182 1.18182 1.08264 1.08264 20 20 3 3 2 82.45029 2 1 0 1 0 3 0 26 0 7 0 0 0 0.94691 Architecture\Buildings\Hightech\Skin\HitExtACornerDTall01.nif
742 137 247 434 1.80292 1.80292 1.02031 1.02031 25 25 6 9 14 137.34998 10 2 0 0 0 10 0 97 110 6 0 0 0 0.72792 Architecture\Buildings\Hightech\Skin\HitExtACornerDTall01Full.nif
743 16 18 34 1.12500 1.12500 1.11111 1.11111 18 18 3 1 2 61.45494 2 1 0 0 0 2 0 18 0 6 0 0 0 0.96458 Architecture\Buildings\Hightech\Skin\HitExtACornerDTall02.nif
744 68 86 142 1.26471 1.26471 1.02367 1.02367 0 0 3 6 3 30.63415 2 1 0 0 0 2 0 40 44 4 0 0 1 0.88723 Architecture\Buildings\Hightech\Skin\HitExtACornerDTrim01.nif
745 32 42 78 1.31250 1.31250 1.05556 1.05556 38 38 3 2 4 61.64919 4 2 0 0 0 4 0 38 4 14 0 0 0 0.95000 Architecture\Buildings\Hightech\Skin\HitExtACornerDWindowA01.nif
746 48 66 122 1.37500 1.37500 1.03704 1.03704 58 58 3 3 4 61.64919 4 1 0 0 0 4 0 58 8 22 0 0 1 0.95000 Architecture\Buildings\Hightech\Skin\HitExtACornerDWindowATall01.nif
747 32 42 74 1.31250 1.31250 1.04545 1.04545 36 36 3 2 4 61.64919 4 2 0 0 0 4 0 36 5 12 0 0 0 0.94118 Architecture\Buildings\Hightech\Skin\HitExtACornerDWindowB01.nif
748 32 48 80 1.50000 1.50000 1.00000 1.00000 42 42 3 2 3 41.47124 3 1 0 0 0 3 0 42 4 6 0 0 1 1.00000 Architecture\Buildings\Hightech\Skin\HitExtACornerDWindowBTall01.nif
749 48 76 124 1.58333 1.58333 1.00000 1.00000 54 54 3 3 4 90.27090 4 1 0 0 0 4 0 54 8 18 0 0 1 0.83229 Architecture\Buildings\Hightech\Skin\HitExtACornerDWindowBTall02.nif
750 32 36 68 1.12500 1.12500 1.11111 1.11111 36 36 3 2 4 61.64920 4 2 0 0 0 4 0 36 0 12 0 0 0 0.95000 Architecture\Buildings\Hightech\Skin\HitExtACornerDWindowE01.nif
751 8 10 16 1.25000 1.25000 1.20000 1.20000 10 10 2 1 1 3.78119 1 1 0 0 0 1 0 10 0 6 0 0 0 1.00000 Architecture\Buildings\Hightech\Skin\HitExtACornerInA01.nif
752 8 12 18 1.50000 1.50000 1.00000 1.00000 10 10 2 1 1 3.78119 1 1 0 0 0 1 0 10 2 6 0 0 0 1.00000 Architecture\Buildings\Hightech\Skin\HitExtACornerInAShort01.nif
753 8 10 16 1.25000 1.25000 1.20000 1.20000 10 10 2 1 1 3.78119 1 1 0 0 0 1 0 10 0 6 0 0 0 1.00000 Architecture\Buildings\Hightech\Skin\HitExtACornerInATall01.nif
754 34 80 109 2.35294 2.35294 1.06891 1.06891 0 0 4 3 4 50.91244 4 2 0 0 0 4 0 29 26 6 0 0 0 0.74074 Architecture\Buildings\Hightech\Skin\HitExtACornerInATall01Full.nif
755 62 78 123 1.25806 1.25806 1.02564 1.02564 6 6 3 4 3 32.39030 2 0 0 0 0 2 0 34 44 0 0 0 1 0.78145 Architecture\Buildings\Hightech\Skin\HitExtACornerTransitionCtoB01.nif
756 68 90 146 1.32353 1.32353 1.02222 1.02222 0 0 3 5 4 29.56472 2 0 0 0 0 2 0 36 52 0 0 0 1 0.88915 Architecture\Buildings\Hightech\Skin\HitExtACornerTransitionDtoC01.nif
757 60 172 206 2.86667 2.86667 1.00000 1.00000 0 0 3 4 3 31.75186 2 0 0 0 0 2 0 32 97 0 0 0 1 0.78008 Architecture\Buildings\Hightech\Skin\HitExtACustomTrim01.nif
758 155 426 556 2.74839 2.74839 1.01365 1.01365 57 57 3 12 7 128.31445 4 1 0 0 0 4 0 157 145 25 0 0 3 0.74976 Architecture\Buildings\Hightech\Skin\HitExtAEntranceCustome01.nif
759 424 592 1100 1.58726 1.41509 1.00562 1.00562 92 92 3 28 27 18.71342 13 1 0 2 0 15 0 278 211 39 0 0 0 0.72874 Architecture\Buildings\Hightech\Skin\HitExtAEntranceD01.nif
760 432 608 1147 1.59491 1.42593 1.00544 1.00544 94 94 3 29 28 55.61342 14 1 0 1 0 15 0 284 217 40 0 0 1 0.81267 Architecture\Buildings\Hightech\Skin\HitExtAEntranceS01.nif
761 438 597 1132 1.54795 1.38128 1.00511 1.00511 98 98 3 29 27 20.25001 13 0 0 1 0 14 0 288 225 34 0 0 2 0.81267 Architecture\Buildings\Hightech\Skin\HitExtAEntranceS01Load.nif
762 183 366 578 2.00000 2.00000 1.01447 1.01447 63 63 3 13 13 52.00000 7 0 1 1 0 8 0 139 150 22 0 0 1 0.77309 Architecture\Buildings\Hightech\Skin\HitExtAEntranceSingle01.nif
763 424 564 1072 1.52123 1.34906 1.00732 1.00732 92 92 3 28 27 18.71342 13 1 0 2 0 15 0 278 211 39 0 0 0 0.71301 Architecture\Buildings\Hightech\Skin\HitExtAEntranceTallD01.nif
764 432 585 1126 1.54167 1.37269 1.00524 1.00524 94 94 3 29 28 55.66926 14 1 0 1 0 15 0 284 217 40 0 0 1 0.83832 Architecture\Buildings\Hightech\Skin\HitExtAEntranceTallS01.nif
765 438 620 1154 1.60046 1.43379 1.00550 1.00550 98 98 3 29 27 20.25001 13 0 0 1 0 14 0 288 225 34 0 0 2 0.83832 Architecture\Buildings\Hightech\Skin\HitExtAEntranceTallS01Load.nif
766 54 130 166 2.40741 2.40741 1.04704 1.04704 0 0 3 5 4 41.84563 4 1 0 0 0 4 0 49 26 6 0 0 2 0.80769 Architecture\Buildings\Hightech\Skin\HitExtAFloor1501.nif
767 54 130 166 2.40741 2.40741 1.04704 1.04704 0 0 3 5 4 41.84563 4 1 0 0 0 4 0 49 26 6 0 0 2 0.80769 Architecture\Buildings\hightech\Skin\HitExtAFloor1501B.nif
768 34 86 88 2.52941 2.52941 1.02397 1.02397 0 0 1 4 0 0.00000 0 1 1 0 0 0 0 29 28 0 0 0 1 1.00000 Architecture\Buildings\Hightech\Skin\HitExtAFloor1502.nif
769 34 86 88 2.52941 2.52941 1.02397 1.02397 0 0 1 4 0 0.00000 0 1 1 0 0 0 0 29 28 0 0 0 1 1.00000 Architecture\Buildings\hightech\Skin\HitExtAFloor1502B.nif
770 34 88 90 2.58824 2.58824 1.04536 1.04536 0 0 1 4 0 0.00000 0 1 1 0 0 0 0 29 30 0 0 0 1 1.00000 Architecture\Buildings\Hightech\Skin\HitExtAFloor1503.nif
771 34 88 90 2.58824 2.58824 1.04536 1.04536 0 0 1 4 0 0.00000 0 1 1 0 0 0 0 29 30 0 0 0 1 1.00000 Architecture\Buildings\hightech\Skin\HitExtAFloor1503B.nif
772 30 74 76 2.46667 2.46667 1.07795 1.07795 0 0 1 4 0 0.00000 0 1 1 0 0 0 0 25 24 0 0 0 1 1.00000 Architecture\Buildings\Hightech\Skin\HitExtAFloor4501.nif
773 30 76 78 2.53333 2.53333 1.04938 1.04938 0 0 1 4 0 0.00000 0 1 1 0 0 0 0 25 27 0 0 0 1 1.00000 Architecture\Buildings\Hightech\Skin\HitExtAFloor45Long01.nif
774 44 78 85 1.77273 1.77273 1.01852 1.01852 24 24 1 4 0 0.00000 0 0 0 0 0 0 0 37 18 24 0 0 2 1.00000 Architecture\Buildings\Hightech\Skin\HitExtAFloorCircleB01.nif
775 34 78 80 2.29412 2.29412 1.02397 1.02397 0 0 1 4 0 0.00000 0 1 1 0 0 0 0 29 24 0 0 0 1 1.00000 Architecture\Buildings\Hightech\Skin\HitExtAFloorCornerA01.nif
776 34 78 80 2.29412 2.29412 1.02397 1.02397 0 0 1 4 0 0.00000 0 1 1 0 0 0 0 29 26 0 0 0 1 1.00000 Architecture\Buildings\Hightech\Skin\HitExtAFloorCornerA02.nif
777 2 4 4 2.00000 2.00000 1.00000 1.00000 4 4 1 1 0 0.00000 0 1 0 0 0 0 0 4 0 4 0 0 0 1.00000 Architecture\Buildings\Hightech\Skin\HitExtAFloorCornerA02DummyLOD.nif
778 34 80 82 2.35294 2.35294 1.05011 1.05011 0 0 1 4 0 0.00000 0 1 1 0 0 0 0 29 28 0 0 0 1 1.00000 Architecture\Buildings\Hightech\Skin\HitExtAFloorCornerA03.nif
779 2 4 4 2.00000 2.00000 1.00000 1.00000 4 4 1 1 0 0.00000 0 1 0 0 0 0 0 4 0 4 0 0 0 1.00000 Architecture\Buildings\Hightech\Skin\HitExtAFloorCornerA03DummyLOD.nif
780 58 119 153 2.05172 2.05172 1.04492 1.04492 0 0 3 5 3 37.90878 3 1 0 0 0 3 0 53 22 8 0 0 2 0.96242 Architecture\Buildings\Hightech\Skin\HitExtAFloorCornerB01.nif
781 58 121 142 2.08621 2.08621 1.02112 1.02112 0 0 3 5 2 39.89567 2 0 1 0 0 2 0 53 25 7 0 0 2 0.86985 Architecture\Buildings\Hightech\Skin\HitExtAFloorCornerB02.nif
782 58 121 142 2.08621 2.08621 1.02112 1.02112 0 0 3 5 2 55.85297 2 0 1 0 0 2 0 53 26 7 0 0 2 0.76008 Architecture\Buildings\Hightech\Skin\HitExtAFloorCornerB03.nif
783 58 132 180 2.27586 2.27586 1.03704 1.03704 0 0 4 5 5 74.95334 5 1 1 0 0 5 0 53 25 6 0 0 1 0.71186 Architecture\Buildings\Hightech\Skin\HitExtAFloorCornerC01.nif
784 62 138 160 2.22581 2.22581 1.04755 1.04755 0 0 3 6 2 37.11717 2 0 1 0 0 2 0 57 25 7 0 0 2 0.90721 Architecture\Buildings\Hightech\Skin\HitExtAFloorCornerC02.nif
785 66 143 167 2.16667 2.16667 1.04172 1.04172 0 0 3 6 2 67.39121 2 0 1 0 0 2 0 61 24 8 0 0 2 0.98780 Architecture\Buildings\Hightech\Skin\HitExtAFloorCornerC03.nif
786 58 128 170 2.20690 2.20690 1.04057 1.04057 0 0 3 5 4 58.01326 4 1 1 0 0 4 0 53 24 8 0 0 1 1.00000 Architecture\Buildings\Hightech\Skin\HitExtAFloorCornerD01.nif
787 152 254 415 1.67763 1.67763 1.00602 1.00602 0 0 3 10 10 56.23560 4 0 0 2 0 6 0 152 10 20 0 0 0 1.00000 Architecture\Buildings\Hightech\Skin\HitExtAFloorCustom01.nif
788 34 80 82 2.35294 2.35294 1.04749 1.04749 0 0 1 4 0 0.00000 0 1 1 0 0 0 0 29 26 0 0 0 1 1.00000 Architecture\Buildings\Hightech\Skin\HitExtAFloorHalf01.nif
789 34 80 82 2.35294 2.35294 1.05011 1.05011 0 0 1 4 0 0.00000 0 1 1 0 0 0 0 29 27 0 0 0 1 1.00000 Architecture\Buildings\Hightech\Skin\HitExtAFloorHalfLong01.nif
790 230 506 701 2.20000 2.20000 1.00492 1.00492 44 44 3 15 11 81.92827 5 0 0 1 0 6 0 161 243 24 0 0 1 0.73648 Architecture\Buildings\Hightech\Skin\HitExtAntenna01.nif
791 1234 2951 4710 2.39141 2.39141 1.00206 1.00206 230 230 7 78 81 645.29126 32 0 1 5 0 37 0 900 1258 6 0 0 3 0.70833 Architecture\Buildings\Hightech\Skin\HitExtAntennaJH01.nif
792 36 92 103 2.55556 2.55556 1.04048 1.04048 0 0 2 4 1 28.44419 1 1 0 0 0 1 0 24 53 4 0 0 1 0.82452 Architecture\Buildings\Hightech\Skin\HitExtAParapet01.nif
793 36 94 112 2.61111 2.61111 1.01852 1.01852 0 0 2 3 2 28.62142 2 1 0 0 0 2 0 28 52 5 0 0 1 0.82025 Architecture\Buildings\Hightech\Skin\HitExtAParapet02.nif
794 59 165 221 2.79661 2.79661 1.01839 1.01839 35 35 3 5 3 21.54069 2 0 0 0 0 2 0 58 58 19 0 0 2 0.77563 Architecture\Buildings\Hightech\Skin\HitExtAParapet03.nif
795 42 102 110 2.42857 2.42857 1.01905 1.01905 4 4 2 3 1 64.37575 1 0 0 1 0 2 0 40 40 4 0 0 1 0.72973 Architecture\Buildings\Hightech\Skin\HitExtAParapet04.nif
796 64 180 218 2.81250 2.81250 1.00000 1.00000 0 0 3 5 3 42.95786 2 0 0 0 0 2 0 44 99 6 0 0 2 0.72207 Architecture\Buildings\Hightech\Skin\HitExtAParapet45Trim03.nif
797 94 236 329 2.51064 2.51064 1.00000 1.00000 0 0 3 7 6 58.50853 3 1 0 0 0 3 0 55 109 6 0 0 1 0.88699 Architecture\Buildings\Hightech\Skin\HitExtAParapetCornerA01.nif
798 84 206 259 2.45238 2.45238 1.01048 1.01048 0 0 3 6 4 36.92278 3 0 0 0 0 3 0 52 116 4 0 0 2 0.88056 Architecture\Buildings\Hightech\Skin\HitExtAParapetCornerA02.nif
799 100 282 371 2.82000 2.82000 1.00718 1.00718 40 40 3 7 7 103.08006 5 1 0 0 0 5 0 88 95 24 0 0 1 0.85620 Architecture\Buildings\Hightech\Skin\HitExtAParapetCornerA03.nif
800 64 181 219 2.82813 2.82813 1.01637 1.01637 6 6 2 5 3 64.40112 2 0 0 0 0 2 0 59 52 26 0 0 2 0.88889 Architecture\Buildings\Hightech\Skin\HitExtAParapetCornerA04.nif
801 48 108 127 2.25000 2.25000 1.03590 1.03590 0 0 2 4 2 15.99546 1 0 0 0 0 1 0 42 33 15 0 0 2 0.80608 Architecture\Buildings\Hightech\Skin\HitExtAParapetCornerATrim04.nif
802 177 346 489 1.95480 1.95480 1.00631 1.00631 3 3 3 12 8 64.00005 4 0 0 1 0 5 0 113 160 10 0 0 1 0.90022 Architecture\Buildings\Hightech\Skin\HitExtAParapetCornerB01.nif
803 177 357 508 2.01695 2.01695 1.00900 1.00900 3 3 3 12 8 63.99945 4 0 0 1 0 5 0 113 162 11 0 0 1 0.88487 Architecture\Buildings\Hightech\Skin\HitExtAParapetCornerC01.nif
804 177 291 450 1.64407 1.64407 1.01697 1.01697 3 3 3 12 9 44.95263 5 0 0 0 0 5 0 113 103 13 0 0 2 0.82899 Architecture\Buildings\Hightech\Skin\HitExtAParapetCornerD01.nif
805 47 133 167 2.82979 2.82979 1.02227 1.02227 3 3 3 4 3 50.36066 2 1 0 0 0 2 0 30 81 3 0 0 1 0.71768 Architecture\Buildings\Hightech\Skin\HitExtAParapetCornerDownA01.nif
806 57 143 171 2.50877 2.50877 1.00689 1.00689 3 3 2 5 2 28.39115 1 1 0 0 0 1 0 37 82 6 0 0 1 1.00000 Architecture\Buildings\Hightech\Skin\HitExtAParapetCornerInA01.nif
807 57 138 163 2.42105 2.42105 1.01401 1.01401 3 3 2 4 2 21.88611 1 0 0 0 0 1 0 41 80 10 0 0 2 0.98416 Architecture\Buildings\Hightech\Skin\HitExtAParapetCornerInA02.nif
808 36 96 107 2.66667 2.66667 1.00000 1.00000 0 0 2 4 1 27.93165 1 1 0 0 0 1 0 24 58 4 0 0 1 0.90239 Architecture\Buildings\Hightech\Skin\HitExtAParapetHalf01.nif
809 36 88 106 2.44444 2.44444 1.00000 1.00000 0 0 2 3 2 28.62142 2 1 0 0 0 2 0 28 50 6 0 0 1 0.79810 Architecture\Buildings\Hightech\Skin\HitExtAParapetHalf02.nif
810 45 123 148 2.73333 2.73333 1.04058 1.04058 27 27 2 4 2 9.54048 1 0 0 0 1 1 0 46 43 14 0 0 1 0.94917 Architecture\Buildings\Hightech\Skin\HitExtAParapetHalf03.nif
811 42 99 107 2.35714 2.35714 1.05010 1.05010 4 4 2 3 1 64.02934 1 0 0 1 0 2 0 40 40 4 0 0 1 0.74515 Architecture\Buildings\Hightech\Skin\HitExtAParapetHalf04.nif
812 50 128 154 2.56000 2.56000 1.02907 1.02907 0 0 2 4 2 21.86615 1 1 0 0 0 1 0 31 70 4 0 0 1 0.95485 Architecture\Buildings\Hightech\Skin\HitExtAParapetLong01.nif
813 53 135 172 2.54717 2.54717 1.03441 1.03441 3 3 3 4 4 53.96948 3 0 0 0 0 3 0 38 72 5 0 0 2 0.96508 Architecture\Buildings\Hightech\Skin\HitExtAParapetLong02.nif
814 79 215 275 2.72152 2.72152 1.02318 1.02318 39 39 2 6 4 21.54069 2 1 0 1 0 3 0 72 88 26 0 0 0 0.91228 Architecture\Buildings\Hightech\Skin\HitExtAParapetLong03.nif
815 64 149 195 2.32813 2.32813 1.02042 1.02042 6 6 2 5 3 30.35782 2 0 0 0 0 2 0 59 68 10 0 0 2 0.91415 Architecture\Buildings\Hightech\Skin\HitExtAParapetLong04.nif
816 16 46 54 2.87500 2.87500 1.04167 1.04167 0 0 2 2 1 28.62167 1 1 0 0 0 1 0 20 13 8 0 0 1 0.83350 Architecture\Buildings\Hightech\Skin\HitExtATransitionCCorner01.nif
817 20 58 64 2.90000 2.90000 1.03529 1.03529 0 0 2 2 1 133.76949 1 0 0 1 0 2 0 24 23 4 0 0 1 1.00000 Architecture\Buildings\Hightech\Skin\HitExtATransitionCCornerTranWall01.nif
818 20 60 66 3.00000 3.00000 1.00000 1.00000 0 0 2 2 1 133.76950 1 0 0 1 0 2 0 24 23 4 0 0 1 1.00000 Architecture\Buildings\Hightech\Skin\HitExtATransitionCCornerTranWall02.nif
819 125 258 376 2.06400 2.06400 1.00775 1.00775 43 43 2 8 5 124.77935 2 0 0 1 0 3 0 87 142 22 0 0 0 0.93416 Architecture\Buildings\Hightech\Skin\HitExtATransitionCCustom01.nif
820 125 258 371 2.06400 2.06400 1.00775 1.00775 43 43 2 8 5 124.77935 2 0 0 1 0 3 0 87 142 21 0 0 0 0.93283 Architecture\Buildings\Hightech\Skin\HitExtATransitionCCustom02.nif
821 15 41 46 2.73333 2.73333 1.07586 1.07586 3 3 2 2 1 190.81114 1 1 0 1 0 2 0 18 10 3 0 0 0 1.00000 Architecture\Buildings\Hightech\Skin\HitExtATransitionCWall01.nif
822 12 32 38 2.66667 2.66667 1.00000 1.00000 0 0 2 2 1 26.54604 1 1 0 0 0 1 0 16 9 6 0 0 1 1.00000 Architecture\Buildings\Hightech\Skin\HitExtATransitionCWall02.nif
823 31 87 106 2.80645 2.80645 1.05634 1.05634 9 9 3 3 2 31.67839 2 1 0 0 0 2 0 37 29 8 0 0 2 0.71005 Architecture\Buildings\Hightech\Skin\HitExtATransitionCWall04.nif
824 16 38 46 2.37500 2.37500 1.16176 1.16176 4 4 2 2 1 22.62743 1 1 0 0 0 1 0 22 12 8 0 0 1 0.98829 Architecture\Buildings\Hightech\Skin\HitExtATransitionDCornerTranWall01.nif
825 14 34 48 2.42857 2.42857 1.18681 1.18681 8 8 2 2 2 286.21671 2 2 0 0 0 2 0 22 8 10 0 0 0 0.98829 Architecture\Buildings\Hightech\Skin\HitExtATransitionDCornerTranWall02.nif
826 12 32 32 2.66667 2.66667 1.12727 1.12727 0 0 1 2 0 0.00000 0 1 0 0 0 0 0 16 11 0 0 0 1 1.00000 Architecture\Buildings\Hightech\Skin\HitExtATransitionDWall01.nif
827 12 34 40 2.83333 2.83333 1.06061 1.06061 0 0 2 2 1 20.97234 1 1 0 0 0 1 0 16 11 6 0 0 1 1.00000 Architecture\Buildings\Hightech\Skin\HitExtATransitionDWall02.nif
828 18 54 62 3.00000 3.00000 1.03704 1.03704 8 8 2 2 1 31.87573 1 0 0 1 0 2 0 24 15 12 0 0 1 0.73759 Architecture\Buildings\Hightech\Skin\HitExtATransitionDWall04.nif
829 26 74 85 2.84615 2.84615 1.02769 1.02769 12 12 2 3 1 60.69466 1 0 0 0 0 1 0 30 27 9 0 0 2 0.79355 Architecture\Buildings\Hightech\Skin\HitExtATransitionDWall05.nif
830 140 180 319 1.28571 1.28571 1.00000 1.00000 0 0 4 9 9 31.05659 4 0 0 0 0 4 0 72 82 0 0 0 1 0.80773 Architecture\Buildings\Hightech\Skin\HitExtATrimCurve01.nif
831 44 49 82 1.11364 1.11364 1.06122 1.06122 0 0 3 3 3 25.94383 2 0 0 0 0 2 0 24 25 0 0 0 1 0.81656 Architecture\Buildings\Hightech\Skin\HitExtATrimCurve01IN.nif
832 28 68 77 2.42857 2.42857 1.00000 1.00000 0 0 2 2 1 31.75250 1 0 0 0 0 1 0 16 42 0 0 0 1 0.75508 Architecture\Buildings\Hightech\Skin\HitExtATrimVA01.nif
833 36 98 113 2.72222 2.72222 1.02041 1.02041 0 0 2 3 2 19.93925 1 0 0 0 0 1 0 20 56 0 0 0 1 0.91750 Architecture\Buildings\Hightech\Skin\HitExtATrimVA02.nif
834 28 64 75 2.28571 2.28571 1.00000 1.00000 0 0 2 2 1 11.50555 1 0 0 0 0 1 0 16 42 0 0 0 1 0.97674 Architecture\Buildings\Hightech\Skin\HitExtATrimVAShort01.nif
835 36 98 120 2.72222 2.72222 1.02041 1.02041 0 0 3 3 3 45.22795 2 0 0 0 0 2 0 20 58 0 0 0 1 0.78232 Architecture\Buildings\Hightech\Skin\HitExtATrimVAShort02.nif
836 28 72 81 2.57143 2.57143 1.00000 1.00000 0 0 2 2 1 11.50268 1 0 0 0 0 1 0 16 52 0 0 0 1 0.99659 Architecture\Buildings\Hightech\Skin\HitExtATrimVATall01.nif
837 28 70 79 2.50000 2.50000 1.02857 1.02857 0 0 2 2 1 19.98476 1 0 0 0 0 1 0 16 48 0 0 0 1 0.83058 Architecture\Buildings\Hightech\Skin\HitExtATrimVATall02.nif
838 84 230 302 2.76190 2.73810 1.00870 1.00870 30 30 3 6 6 48.00000 3 0 0 0 0 3 0 61 122 5 0 0 1 0.76599 Architecture\Buildings\Hightech\Skin\HitExtATrimVB01.nif
839 110 302 389 2.76364 2.74545 1.00662 1.00662 61 61 4 7 7 32.00003 4 0 0 0 0 4 0 92 155 1 0 0 1 0.75439 Architecture\Buildings\Hightech\Skin\HitExtATrimVBTall01.nif
840 2 6 6 3.00000 3.00000 1.33333 1.33333 4 4 1 1 0 0.00000 0 1 0 0 0 0 0 4 0 4 0 0 0 1.00000 Architecture\Buildings\Hightech\Skin\HitExtAWall01.nif
841 12 36 36 3.00000 3.00000 1.11111 1.11111 0 0 1 2 0 0.00000 0 1 0 0 0 0 0 12 18 0 0 0 1 1.00000 Architecture\Buildings\Hightech\Skin\HitExtAWall01Full.nif
842 34 65 85 1.91176 1.91176 1.05882 1.05882 16 16 2 3 2 6.35691 2 1 0 0 0 2 0 33 0 6 0 0 1 0.73750 Architecture\Buildings\Hightech\Skin\HitExtAWall02.nif
843 28 48 64 1.71429 1.71429 1.00000 1.00000 0 0 3 2 2 57.70168 2 0 0 0 0 2 0 16 29 0 0 0 1 0.78650 Architecture\Buildings\Hightech\Skin\HitExtAWallCapBottom01.nif
844 44 70 100 1.59091 1.59091 1.02857 1.02857 0 0 3 3 3 54.57325 2 0 0 0 0 2 0 24 36 0 0 0 1 0.85962 Architecture\Buildings\Hightech\Skin\HitExtAWallCapBottomLong01.nif
845 28 60 71 2.14286 2.14286 1.00000 1.00000 0 0 2 2 1 31.76791 1 0 0 0 0 1 0 16 40 0 0 0 1 0.96315 Architecture\Buildings\Hightech\Skin\HitExtAWallCapTop01.nif
846 28 63 77 2.25000 2.25000 1.01587 1.01587 0 0 3 2 2 57.96728 2 0 0 0 0 2 0 16 43 0 0 0 1 0.75736 Architecture\Buildings\Hightech\Skin\HitExtAWallCapTopLong01.nif
847 82 208 261 2.53659 2.53659 1.01900 1.01900 18 18 3 6 5 49.88165 3 1 0 0 0 3 0 63 73 6 0 0 1 0.87705 Architecture\Buildings\Hightech\Skin\HitExtAWallCornerD01.nif
848 2 6 6 3.00000 3.00000 1.33333 1.33333 4 4 1 1 0 0.00000 0 1 0 0 0 0 0 4 0 4 0 0 0 1.00000 Architecture\Buildings\Hightech\Skin\HitExtAWallDummyLOD.nif
849 2 6 6 3.00000 3.00000 1.33333 1.33333 4 4 1 1 0 0.00000 0 1 0 0 0 0 0 4 0 4 0 0 0 1.00000 Architecture\Buildings\Hightech\Skin\HitExtAWallHalf01.nif
850 12 36 36 3.00000 3.00000 1.11111 1.11111 0 0 1 2 0 0.00000 0 1 0 0 0 0 0 12 18 0 0 0 1 1.00000 Architecture\Buildings\Hightech\Skin\HitExtAWallHalf01Full.nif
851 16 26 33 1.62500 1.62500 1.07955 1.07955 12 12 2 2 1 1.90556 1 1 0 0 0 1 0 18 0 6 0 0 1 1.00000 Architecture\Buildings\Hightech\Skin\HitExtAWallHalf02.nif
852 26 78 87 3.00000 3.00000 1.02564 1.02564 24 24 2 2 1 3.87134 1 0 0 0 0 1 0 22 26 4 0 0 1 0.99255 Architecture\Buildings\Hightech\Skin\HitExtAWallHalfUtility01.nif
853 32 67 78 2.09375 2.09375 1.01493 1.01493 12 12 2 2 1 12.48957 1 0 0 0 0 1 0 21 38 5 0 0 1 0.74697 Architecture\Buildings\Hightech\Skin\HitExtAWallHalfUtility02.nif
854 32 78 88 2.43750 2.43750 1.02976 1.02976 6 6 2 3 1 94.10748 1 0 0 0 0 1 0 38 28 10 0 0 2 0.78518 Architecture\Buildings\Hightech\Skin\HitExtAWallIn01.nif
855 28 74 88 2.64286 2.64286 1.02857 1.02857 0 0 3 2 2 114.48671 2 1 0 0 0 2 0 32 33 6 0 0 1 1.00000 Architecture\Buildings\Hightech\Skin\HitExtAWallIn02.nif
856 92 249 315 2.70652 2.70652 1.01449 1.01449 59 59 3 7 3 17.24338 2 0 0 0 0 2 0 84 105 22 0 0 2 0.88258 Architecture\Buildings\Hightech\Skin\HitExtAWallIn03.nif
857 156 444 474 2.84615 2.84615 1.00000 1.00000 121 121 3 10 3 69.10260 2 0 0 0 0 2 0 152 172 0 0 0 2 0.85090 Architecture\Buildings\Hightech\Skin\HitExtAWallIn03Tall.nif
858 100 276 310 2.76000 2.76000 1.00000 1.00000 57 57 4 7 4 78.88295 3 1 0 0 0 3 0 88 124 0 0 0 1 0.77340 Architecture\Buildings\Hightech\Skin\HitExtAWallIn03TallLong.nif
859 36 98 106 2.72222 2.72222 1.02116 1.02116 0 0 2 3 1 91.87081 1 0 0 0 0 1 0 38 37 7 0 0 2 0.71131 Architecture\Buildings\Hightech\Skin\HitExtAWallInCorner01.nif
860 32 96 122 3.00000 3.00000 1.00000 1.00000 0 0 2 3 2 22.62741 2 0 0 1 0 3 0 40 24 4 0 0 1 0.81125 Architecture\Buildings\Hightech\Skin\HitExtAWallInEnd01.nif
861 26 68 101 2.61538 2.61538 1.00000 1.00000 4 4 3 2 4 106.96053 4 2 0 0 0 4 0 32 28 11 0 0 0 0.96590 Architecture\Buildings\Hightech\Skin\HitExtAWallInHalf01.nif
862 40 110 149 2.75000 2.75000 1.01724 1.01724 6 6 4 4 4 128.00005 4 1 0 0 0 4 0 44 43 6 0 0 1 0.81679 Architecture\Buildings\Hightech\Skin\HitExtAWallInLong01.nif
863 22 58 80 2.63636 2.63636 1.03306 1.03306 4 4 3 2 3 125.80769 3 2 0 0 0 3 0 28 22 5 0 0 0 0.97984 Architecture\Buildings\Hightech\Skin\HitExtAWallInLong02.nif
864 26 68 82 2.61538 2.61538 1.05803 1.05803 4 4 3 2 2 89.88764 2 1 0 0 0 2 0 32 24 6 0 0 1 0.75521 Architecture\Buildings\Hightech\Skin\HitExtAWallInShort01.nif
865 40 114 114 2.85000 2.85000 1.01852 1.01852 6 6 1 4 0 0.00000 0 0 0 0 0 0 0 44 46 6 0 0 2 1.00000 Architecture\Buildings\Hightech\Skin\HitExtAWallInShortCorner01.nif
866 26 70 84 2.69231 2.69231 1.02564 1.02564 4 4 3 2 2 77.58302 2 1 0 0 0 2 0 32 26 6 0 0 1 0.75162 Architecture\Buildings\Hightech\Skin\HitExtAWallInShortHalf01.nif
867 30 76 89 2.53333 2.53333 1.00000 1.00000 4 4 2 2 1 32.00001 1 0 0 1 0 2 0 34 32 13 0 0 1 0.93915 Architecture\Buildings\Hightech\Skin\HitExtAWallInShortLong01.nif
868 29 75 89 2.58621 2.58621 1.01247 1.01247 3 3 3 3 2 124.17828 2 1 0 0 0 2 0 33 32 6 0 0 1 1.00000 Architecture\Buildings\Hightech\Skin\HitExtAWallInTall01.nif
869 28 74 88 2.64286 2.64286 1.02484 1.02484 0 0 3 2 2 128.00005 2 1 0 0 0 2 0 32 34 6 0 0 1 1.00000 Architecture\Buildings\Hightech\Skin\HitExtAWallInTallLong01.nif
870 2 6 6 3.00000 3.00000 1.33333 1.33333 4 4 1 1 0 0.00000 0 1 0 0 0 0 0 4 0 4 0 0 0 1.00000 Architecture\Buildings\Hightech\Skin\HitExtAWallLong01.nif
871 16 46 52 2.87500 2.87500 1.04167 1.04167 0 0 2 2 1 31.93771 1 1 0 0 0 1 0 14 23 4 0 0 1 0.94444 Architecture\Buildings\Hightech\Skin\HitExtAWallLong01Full.nif
872 32 88 106 2.75000 2.75000 1.00000 1.00000 10 10 3 2 2 3.93601 2 0 0 0 0 2 0 22 47 4 0 0 1 1.00000 Architecture\Buildings\Hightech\Skin\HitExtAWallLongUtility01.nif
873 2 6 6 3.00000 3.00000 1.33333 1.33333 4 4 1 1 0 0.00000 0 1 0 0 0 0 0 4 0 4 0 0 0 1.00000 Architecture\Buildings\Hightech\Skin\HitExtAWallShort01.nif
874 12 32 32 2.66667 2.66667 1.11966 1.11966 0 0 1 2 0 0.00000 0 1 0 0 0 0 0 12 16 0 0 0 1 1.00000 Architecture\Buildings\Hightech\Skin\HitExtAWallShort01Full.nif
875 2 6 6 3.00000 3.00000 1.33333 1.33333 4 4 1 1 0 0.00000 0 1 0 0 0 0 0 4 0 4 0 0 0 1.00000 Architecture\Buildings\Hightech\Skin\HitExtAWallShortLong01.nif
876 16 44 50 2.75000 2.75000 1.08772 1.08772 0 0 2 2 1 30.98772 1 1 0 0 0 1 0 14 21 4 0 0 1 0.97063 Architecture\Buildings\Hightech\Skin\HitExtAWallShortLong01Full.nif
877 2 6 6 3.00000 3.00000 1.33333 1.33333 4 4 1 1 0 0.00000 0 1 0 0 0 0 0 4 0 4 0 0 0 1.00000 Architecture\Buildings\Hightech\Skin\HitExtAWallShortLong02.nif
878 2 6 6 3.00000 3.00000 1.33333 1.33333 4 4 1 1 0 0.00000 0 1 0 0 0 0 0 4 0 4 0 0 0 1.00000 Architecture\Buildings\Hightech\Skin\HitExtAWallTall01.nif
879 62 148 176 2.38710 2.38710 1.00000 1.00000 15 15 2 4 2 31.69201 2 0 0 0 0 2 0 49 40 17 0 0 2 0.92308 Architecture\Buildings\Hightech\Skin\HitExtAWallTall01Full.nif
880 2 6 6 3.00000 3.00000 1.33333 1.33333 4 4 1 1 0 0.00000 0 1 0 0 0 0 0 4 0 4 0 0 0 1.00000 Architecture\Buildings\Hightech\Skin\HitExtAWallTallDummyLOD.nif
881 2 4 4 2.00000 2.00000 1.00000 1.00000 4 4 1 1 0 0.00000 0 1 0 0 0 0 0 4 0 4 0 0 0 1.00000 Architecture\Buildings\Hightech\Skin\HitExtAWallTallHalf01.nif
882 16 46 52 2.87500 2.87500 1.04167 1.04167 0 0 2 2 1 30.98765 1 1 0 0 0 1 0 14 25 4 0 0 1 0.90155 Architecture\Buildings\Hightech\Skin\HitExtAWallTallHalf01Full.nif
883 2 6 6 3.00000 3.00000 1.33333 1.33333 4 4 1 1 0 0.00000 0 1 0 0 0 0 0 4 0 4 0 0 0 1.00000 Architecture\Buildings\Hightech\Skin\HitExtAWallTallLong01.nif
884 60 155 204 2.58333 2.58333 1.03379 1.03379 6 6 4 5 6 31.93768 5 1 0 0 0 5 0 44 51 5 0 0 1 0.90866 Architecture\Buildings\Hightech\Skin\HitExtAWallTallLong01Full.nif
885 2 6 6 3.00000 3.00000 1.33333 1.33333 4 4 1 1 0 0.00000 0 1 0 0 0 0 0 4 0 4 0 0 0 1.00000 Architecture\Buildings\Hightech\Skin\HitExtAWallTallLongDummyLOD.nif
886 39 83 109 2.12821 2.12821 1.01186 1.01186 3 3 3 3 2 30.30465 2 0 0 0 0 2 0 40 43 7 0 0 2 0.97772 Architecture\Buildings\Hightech\Skin\HitExtAWallTallOpen01.nif
887 72 192 237 2.66667 2.66667 1.00000 1.00000 20 20 2 5 3 0.00441 1 0 0 1 0 2 0 47 98 8 0 0 0 1.00000 Architecture\Buildings\Hightech\Skin\HitExtAWallTallUtility01.nif
888 62 128 177 2.06452 2.06452 1.00000 1.00000 12 12 4 4 4 24.54037 3 0 0 0 0 3 0 36 82 4 0 0 1 0.97087 Architecture\Buildings\Hightech\Skin\HitExtAWallTallUtility02.nif
889 12 36 41 3.00000 3.00000 1.00000 1.00000 0 0 2 1 1 30.81877 1 0 0 0 0 1 0 8 24 0 0 0 1 0.88651 Architecture\Buildings\Hightech\Skin\HitExtAWallTrim01.nif
890 12 36 41 3.00000 3.00000 1.00000 1.00000 0 0 2 1 1 31.75289 1 0 0 0 0 1 0 8 24 0 0 0 1 0.82484 Architecture\Buildings\Hightech\Skin\HitExtAWallTrim02.nif
891 59 159 198 2.69492 2.69492 1.00565 1.00565 3 3 3 5 4 29.07525 3 0 1 1 0 4 0 47 54 4 0 0 1 0.71558 Architecture\Buildings\Hightech\Skin\HitExtAWallTrim03.nif
892 42 94 127 2.23810 2.23810 1.02128 1.02128 8 8 3 3 3 29.07525 2 0 0 0 0 2 0 26 40 4 0 0 1 0.72676 Architecture\Buildings\Hightech\Skin\HitExtAWallTrim04.nif
893 104 232 327 2.23077 2.23077 1.01536 1.01536 28 28 3 7 6 39.27022 3 0 2 1 0 4 0 76 114 17 0 0 0 0.83105 Architecture\Buildings\Hightech\Skin\HitExtAWallTrim05.nif
894 41 89 125 2.17073 2.17073 1.03371 1.03371 11 11 4 3 4 32.00000 3 1 0 0 0 3 0 26 36 4 0 0 0 0.70781 Architecture\Buildings\Hightech\Skin\HitExtAWallTrim07.nif
895 16 48 54 3.00000 3.00000 1.08333 1.08333 0 0 2 2 1 22.62741 1 0 0 0 0 1 0 20 9 6 0 0 2 0.80000 Architecture\Buildings\Hightech\Skin\HitExtAWallTrimEnd01.nif
896 12 36 41 3.00000 3.00000 1.00000 1.00000 0 0 2 1 1 31.04453 1 0 0 0 0 1 0 8 24 0 0 0 1 0.80310 Architecture\Buildings\Hightech\Skin\HitExtAWallTrimHalf01.nif
897 16 28 38 1.75000 1.75000 1.00000 1.00000 12 12 2 1 1 3.77755 1 0 0 0 0 1 0 16 0 8 0 0 1 0.75067 Architecture\Buildings\Hightech\Skin\HitExtAWallTrimHalf02.nif
898 20 60 67 3.00000 3.00000 1.06667 1.06667 0 0 2 3 1 29.19495 1 1 0 0 0 1 0 16 29 4 0 0 1 0.90224 Architecture\Buildings\Hightech\Skin\HitExtAWallTrimHalf03.nif
899 12 34 43 2.83333 2.83333 1.05882 1.05882 0 0 3 1 2 30.98767 2 1 0 0 0 2 0 8 22 0 0 0 0 0.94126 Architecture\Buildings\Hightech\Skin\HitExtAWallTrimLong01.nif
900 12 36 41 3.00000 3.00000 1.00000 1.00000 0 0 2 1 1 31.01573 1 0 0 1 0 2 0 8 24 0 0 0 0 0.96964 Architecture\Buildings\Hightech\Skin\HitExtAWallTrimLong02.nif
901 80 186 262 2.32500 2.32500 1.01075 1.01075 14 14 4 5 6 32.00000 3 0 0 1 0 4 0 48 97 5 0 0 0 0.81223 Architecture\Buildings\Hightech\Skin\HitExtAWallTrimLong04.nif
902 40 116 146 2.90000 2.90000 1.00000 1.00000 28 28 3 3 3 0.00011 2 0 0 0 0 2 0 31 46 4 0 0 1 1.00000 Architecture\Buildings\Hightech\Skin\HitExtAWallUtility01.nif
903 37 82 109 2.21622 2.21622 1.02439 1.02439 7 7 3 3 3 24.45624 2 0 0 0 0 2 0 22 54 4 0 0 1 0.97087 Architecture\Buildings\Hightech\Skin\HitExtAWallUtility02.nif
904 4 10 10 2.50000 2.50000 1.16667 1.16667 8 8 1 2 0 0.00000 0 2 0 0 0 0 0 8 0 8 0 0 0 1.00000 Architecture\Buildings\Hightech\Skin\HitExtAWindowA01.nif
905 290 452 781 1.55862 1.55862 1.00888 1.00888 38 38 5 19 19 23.75000 10 1 0 2 0 12 0 216 86 8 0 0 0 0.83393 Architecture\Buildings\Hightech\Skin\HitExtAWindowABroken01.nif
906 4 8 8 2.00000 2.00000 1.00000 1.00000 8 8 1 2 0 0.00000 0 2 0 0 0 0 0 8 0 8 0 0 0 1.00000 Architecture\Buildings\Hightech\Skin\HitExtAWindowABroken03F.nif
907 155 257 449 1.65806 1.65806 1.00645 1.00645 29 29 5 11 13 62.92968 10 2 0 0 0 10 0 124 53 8 0 0 1 0.75221 Architecture\Buildings\Hightech\Skin\HitExtAWindowABroken05.nif
908 4 8 8 2.00000 2.00000 1.00000 1.00000 8 8 1 2 0 0.00000 0 2 0 0 0 0 0 8 0 8 0 0 0 1.00000 Architecture\Buildings\Hightech\Skin\HitExtAWindowABroken05F.nif
909 155 255 441 1.64516 1.64516 1.00215 1.00215 29 29 5 11 12 52.54191 9 1 0 1 0 10 0 124 53 8 0 0 1 0.73760 Architecture\Buildings\Hightech\Skin\HitExtAWindowABroken06.nif
910 4 8 8 2.00000 2.00000 1.00000 1.00000 8 8 1 2 0 0.00000 0 2 0 0 0 0 0 8 0 8 0 0 0 1.00000 Architecture\Buildings\Hightech\Skin\HitExtAWindowABroken06F.nif
911 183 227 371 1.24044 1.24044 1.01811 1.01811 29 29 3 13 8 9.36916 5 0 0 2 0 7 0 134 51 9 0 0 1 0.81696 Architecture\Buildings\Hightech\Skin\HitExtAWindowABroken07.nif
912 4 8 8 2.00000 2.00000 1.00000 1.00000 8 8 1 2 0 0.00000 0 2 0 0 0 0 0 8 0 8 0 0 0 1.00000 Architecture\Buildings\Hightech\Skin\HitExtAWindowABroken07F.nif
913 183 219 356 1.19672 1.19672 1.01811 1.01811 29 29 3 13 8 6.37179 5 0 0 2 0 7 0 134 45 9 0 0 1 0.83333 Architecture\Buildings\Hightech\Skin\HitExtAWindowABroken08.nif
914 4 8 8 2.00000 2.00000 1.00000 1.00000 8 8 1 2 0 0.00000 0 2 0 0 0 0 0 8 0 8 0 0 0 1.00000 Architecture\Buildings\Hightech\Skin\HitExtAWindowABroken08F.nif
915 6 14 14 2.33333 2.33333 1.11111 1.11111 12 12 1 2 0 0.00000 0 2 0 0 0 0 0 12 0 12 0 0 0 1.00000 Architecture\Buildings\Hightech\Skin\HitExtAWindowATall01.nif
916 4 10 10 2.50000 2.50000 1.16667 1.16667 8 8 1 2 0 0.00000 0 2 0 0 0 0 0 8 0 8 0 0 0 1.00000 Architecture\Buildings\Hightech\Skin\HitExtAWindowATall02.nif
917 4 10 10 2.50000 2.50000 1.16667 1.16667 8 8 1 2 0 0.00000 0 2 0 0 0 0 0 8 0 8 0 0 0 1.00000 Architecture\Buildings\Hightech\Skin\HitExtAWindowATall03.nif
918 7 13 13 1.85714 1.85714 1.25714 1.25714 13 13 1 2 0 0.00000 0 2 0 0 0 0 0 13 0 13 0 0 0 1.00000 Architecture\Buildings\Hightech\Skin\HitExtAWindowATallLong01.nif
919 4 10 10 2.50000 2.50000 1.16667 1.16667 8 8 1 2 0 0.00000 0 2 0 0 0 0 0 8 0 8 0 0 0 1.00000 Architecture\Buildings\Hightech\Skin\HitExtAWindowBLong01.nif
920 368 548 976 1.67663 1.48913 1.00875 1.00875 166 166 5 25 21 116.85580 12 1 0 2 0 14 0 288 151 8 0 0 0 0.73477 Architecture\Buildings\Hightech\Skin\HitExtAWindowBLongBroken01.nif
921 8 20 26 2.50000 2.50000 1.00000 1.00000 12 12 2 2 1 0.00002 1 2 0 0 0 1 0 12 0 6 0 0 0 1.00000 Architecture\Buildings\Hightech\Skin\HitExtAWindowBTall01.nif
922 344 536 1027 1.55814 1.55814 1.00388 1.00388 43 43 5 23 27 79.40720 12 1 0 3 0 15 0 217 159 8 0 0 0 0.71148 Architecture\Buildings\Hightech\Skin\HitExtAWindowBTallBroken01.nif
923 6 12 12 2.00000 2.00000 1.33333 1.33333 10 10 1 2 0 0.00000 0 2 0 0 0 0 0 10 0 10 0 0 0 1.00000 Architecture\Buildings\Hightech\Skin\HitExtAWindowBTallLong01.nif
924 368 548 981 1.67663 1.48913 1.00875 1.00875 102 102 5 25 22 185.16463 13 1 0 2 0 15 0 288 151 8 0 0 0 0.72523 Architecture\Buildings\Hightech\Skin\HitExtAWindowBTallLong01Broken.nif
925 6 10 10 1.66667 1.66667 1.22222 1.22222 10 10 1 2 0 0.00000 0 2 0 0 0 0 0 10 0 10 0 0 0 1.00000 Architecture\Buildings\Hightech\Skin\HitExtAWindowBTallLong02.nif
926 6 12 12 2.00000 2.00000 1.00000 1.00000 12 12 1 2 0 0.00000 0 2 0 0 0 0 0 12 0 12 0 0 0 1.00000 Architecture\Buildings\Hightech\Skin\HitExtAWindowBTallLong03.nif
927 5 13 13 2.60000 2.60000 1.20000 1.20000 9 9 1 2 0 0.00000 0 2 0 0 0 0 0 9 0 9 0 0 0 1.00000 Architecture\Buildings\Hightech\Skin\HitExtAWindowC01.nif
928 266 418 702 1.75940 1.57143 1.00257 1.00257 34 34 3 18 16 47.85398 9 0 0 2 0 11 0 198 58 31 0 0 1 0.85734 Architecture\Buildings\Hightech\Skin\HitExtAWindowCBroken01.nif
929 8 16 16 2.00000 2.00000 1.00000 1.00000 16 16 1 2 0 0.00000 0 1 0 0 0 0 0 16 0 16 0 0 1 1.00000 Architecture\Buildings\Hightech\Skin\HitExtAWindowCTall01.nif
930 6 12 12 2.00000 2.00000 1.00000 1.00000 12 12 1 2 0 0.00000 0 2 0 0 0 0 0 12 0 12 0 0 0 1.00000 Architecture\Buildings\Hightech\Skin\HitExtAWindowD01.nif
931 6 14 14 2.33333 2.33333 1.11111 1.11111 12 12 1 2 0 0.00000 0 2 0 0 0 0 0 12 0 12 0 0 0 1.00000 Architecture\Buildings\Hightech\Skin\HitExtAWindowD02.nif
932 4 8 8 2.00000 2.00000 1.00000 1.00000 8 8 1 2 0 0.00000 0 2 0 0 0 0 0 8 0 8 0 0 0 1.00000 Architecture\Buildings\Hightech\Skin\HitExtAWindowDHalf01.nif
933 4 8 8 2.00000 2.00000 1.00000 1.00000 8 8 1 2 0 0.00000 0 2 0 0 0 0 0 8 0 8 0 0 0 1.00000 Architecture\Buildings\Hightech\Skin\HitExtAWindowDHalf02.nif
934 6 12 12 2.00000 2.00000 1.00000 1.00000 12 12 1 2 0 0.00000 0 2 0 0 0 0 0 12 0 12 0 0 0 1.00000 Architecture\Buildings\Hightech\Skin\HitExtAWindowDLong01.nif
935 6 12 12 2.00000 2.00000 1.00000 1.00000 12 12 1 2 0 0.00000 0 2 0 0 0 0 0 12 0 12 0 0 0 1.00000 Architecture\Buildings\Hightech\Skin\HitExtAWindowDShort01.nif
936 10 20 28 2.00000 2.00000 1.00000 1.00000 16 16 2 2 1 0.00000 1 2 0 0 0 1 0 16 4 8 0 0 0 1.00000 Architecture\Buildings\Hightech\Skin\HitExtAWindowDShortCapBottom01.nif
937 18 28 40 1.55556 1.55556 1.00000 1.00000 16 16 2 2 1 0.00000 1 1 0 1 0 2 0 20 8 12 0 0 0 1.00000 Architecture\Buildings\Hightech\Skin\HitExtAWindowDShortCapBottom02.nif
938 18 28 28 1.55556 1.55556 1.00000 1.00000 16 16 1 2 0 0.00000 0 1 0 1 0 1 0 20 8 16 0 0 0 1.00000 Architecture\Buildings\Hightech\Skin\HitExtAWindowDShortCapLeft01.nif
939 18 28 46 1.55556 1.55556 1.00000 1.00000 16 16 3 2 2 0.00001 2 2 0 0 0 2 0 20 8 8 0 0 0 1.00000 Architecture\Buildings\Hightech\Skin\HitExtAWindowDShortCapRight01.nif
940 10 20 20 2.00000 2.00000 1.00000 1.00000 16 16 1 2 0 0.00000 0 1 0 1 0 1 0 16 4 16 0 0 0 1.00000 Architecture\Buildings\Hightech\Skin\HitExtAWindowDShortCapTop01.nif
941 18 28 38 1.55556 1.55556 1.00000 1.00000 16 16 2 2 1 0.00000 1 1 0 1 0 2 0 20 8 8 0 0 0 1.00000 Architecture\Buildings\Hightech\Skin\HitExtAWindowDShortCapTop02.nif
942 6 12 12 2.00000 2.00000 1.00000 1.00000 12 12 1 2 0 0.00000 0 2 0 0 0 0 0 12 0 12 0 0 0 1.00000 Architecture\Buildings\Hightech\Skin\HitExtAWindowDShortHalf01.nif
943 8 17 17 2.12500 2.12500 1.17308 1.17308 8 8 1 2 0 0.00000 0 1 0 1 0 1 0 10 5 8 0 0 0 1.00000 Architecture\Buildings\Hightech\Skin\HitExtAWindowDShortHalfCapBottom01.nif
944 10 16 21 1.60000 1.60000 1.00000 1.00000 10 10 2 2 1 0.00001 1 2 0 0 0 1 0 12 4 4 0 0 0 1.00000 Architecture\Buildings\Hightech\Skin\HitExtAWindowDShortHalfCapBottom02.nif
945 10 16 16 1.60000 1.60000 1.00000 1.00000 10 10 1 2 0 0.00000 0 1 0 1 0 1 0 12 4 10 0 0 0 1.00000 Architecture\Buildings\Hightech\Skin\HitExtAWindowDShortHalfCapTop01.nif
946 10 16 21 1.60000 1.60000 1.00000 1.00000 10 10 2 2 1 0.00000 1 2 0 0 0 1 0 12 4 4 0 0 0 1.00000 Architecture\Buildings\Hightech\Skin\HitExtAWindowDShortHalfCapTop02.nif
947 6 12 12 2.00000 2.00000 1.00000 1.00000 12 12 1 2 0 0.00000 0 2 0 0 0 0 0 12 0 12 0 0 0 1.00000 Architecture\Buildings\Hightech\Skin\HitExtAWindowDTall01.nif
948 154 278 509 1.80519 1.80519 1.00433 1.00433 158 158 5 11 12 63.25000 6 1 0 0 0 6 0 176 62 16 0 0 2 0.73529 Architecture\Buildings\Hightech\Skin\HitExtAWindowDTall01Broken.nif
949 4 8 8 2.00000 2.00000 1.00000 1.00000 8 8 1 2 0 0.00000 0 2 0 0 0 0 0 8 0 8 0 0 0 1.00000 Architecture\Buildings\Hightech\Skin\HitExtAWindowDTallHalf01.nif
950 4 8 8 2.00000 2.00000 1.00000 1.00000 8 8 1 2 0 0.00000 0 2 0 0 0 0 0 8 0 8 0 0 0 1.00000 Architecture\Buildings\Hightech\Skin\HitExtAWindowDTallHalf02.nif
951 392 375 819 0.95918 0.95918 1.00925 1.00925 8 8 4 25 23 86.30759 12 0 0 4 0 16 0 249 68 26 0 0 0 0.81261 Architecture\Buildings\Hightech\Skin\HitExtAWindowDTallLong01.nif
952 6 10 10 1.66667 1.66667 1.22222 1.22222 8 8 1 2 0 0.00000 0 2 0 0 0 0 0 10 0 8 0 0 0 1.00000 Architecture\Buildings\Hightech\Skin\HitExtAWindowE02.nif
953 16 26 32 1.62500 1.62500 1.08333 1.08333 20 20 2 3 1 3.25907 1 2 0 0 0 1 0 20 4 6 0 0 1 0.93519 Architecture\Buildings\Hightech\Skin\HitExtAWindowE03.nif
954 44 66 88 1.50000 1.50000 1.03030 1.03030 48 48 2 5 2 3.28123 1 1 0 1 0 2 0 48 12 18 0 0 1 0.95833 Architecture\Buildings\Hightech\Skin\HitExtAWindowELong01.nif
955 8 14 19 1.75000 1.75000 1.15000 1.15000 8 8 2 2 1 0.00000 1 2 0 0 0 1 0 10 3 4 0 0 0 1.00000 Architecture\Buildings\Hightech\Skin\HitExtAWindowEShortCapBottom01.nif
956 8 14 14 1.75000 1.75000 1.15000 1.15000 8 8 1 2 0 0.00000 0 1 0 1 0 1 0 10 4 8 0 0 0 1.00000 Architecture\Buildings\Hightech\Skin\HitExtAWindowEShortCapLeft01.nif
957 8 17 22 2.12500 2.12500 1.17308 1.17308 8 8 2 2 1 0.00000 1 2 0 0 0 1 0 10 3 4 0 0 0 1.00000 Architecture\Buildings\Hightech\Skin\HitExtAWindowEShortCapTop01.nif
958 4 10 10 2.50000 2.50000 1.16667 1.16667 8 8 1 2 0 0.00000 0 2 0 0 0 0 0 8 0 8 0 0 0 1.00000 Architecture\Buildings\Hightech\Skin\HitExtAWindowEShortHalf01.nif
959 28 56 56 2.00000 2.00000 1.00000 1.00000 22 22 1 4 0 0.00000 0 1 0 1 0 1 0 32 20 22 0 0 1 1.00000 Architecture\Buildings\Hightech\Skin\HitExtAWindowETall01.nif
960 8 12 12 1.50000 1.50000 1.00000 1.00000 6 6 1 2 0 0.00000 0 1 0 1 0 1 0 12 0 6 0 0 0 1.00000 Architecture\Buildings\Hightech\Skin\HitExtAWindowETall02.nif
961 92 176 278 1.91304 1.91304 1.00000 1.00000 100 100 3 7 7 21.92289 4 2 0 1 0 5 0 104 44 18 0 0 0 0.72478 Architecture\Buildings\Hightech\Skin\HitExtAWindowETallBroken01.nif
962 6 10 10 1.66667 1.66667 1.22222 1.22222 8 8 1 2 0 0.00000 0 2 0 0 0 0 0 10 0 8 0 0 0 1.00000 Architecture\Buildings\Hightech\Skin\HitExtAWindowShortsE02.nif
963 230 395 681 1.71739 1.71739 1.01171 1.01171 0 0 6 16 16 231.27223 9 1 1 1 0 10 0 153 145 8 0 0 0 0.83704 Architecture\Buildings\Hightech\Skin\HitExtBCornerB01.nif
964 230 394 593 1.71304 1.71304 1.00582 1.00582 0 0 4 16 12 246.43533 6 1 0 0 0 6 0 153 142 3 0 0 1 0.76875 Architecture\Buildings\Hightech\Skin\HitExtBCornerC01.nif
965 230 420 678 1.82609 1.82609 1.01427 1.01427 0 0 4 16 15 162.68814 10 1 0 2 0 12 0 173 119 6 0 0 0 0.80250 Architecture\Buildings\Hightech\Skin\HitExtBCornerD01.nif
966 366 515 931 1.41530 1.41530 1.00805 1.00805 50 50 4 24 22 112.54394 11 0 0 1 0 12 0 273 137 31 0 0 2 0.72094 Architecture\Buildings\Hightech\Skin\HitExtBCornerD02.nif
967 366 515 931 1.41530 1.41530 1.00805 1.00805 50 50 4 24 23 85.39973 11 0 0 1 0 12 0 273 131 23 0 0 2 0.75000 Architecture\Buildings\Hightech\Skin\HitExtBCornerDTall02.nif
968 72 164 224 2.27778 2.27778 1.06473 1.06473 0 0 3 6 5 35.05019 4 1 1 0 0 4 0 60 59 12 0 0 1 0.95363 Architecture\Buildings\Hightech\Skin\HitExtBWall01.nif
969 104 181 270 1.74038 1.74038 1.01588 1.01588 0 0 3 7 5 52.92876 2 0 1 1 0 3 0 68 90 16 0 0 1 0.97807 Architecture\Buildings\Hightech\Skin\HitExtBWall02.nif
970 102 184 283 1.80392 1.80392 1.01896 1.01896 0 0 3 7 6 17.82468 3 0 0 0 0 3 0 65 97 11 0 0 2 0.95783 Architecture\Buildings\Hightech\Skin\HitExtBWall03.nif
971 556 642 1207 1.43525 1.15468 1.00183 1.00183 168 168 3 36 33 196.14154 14 0 0 0 0 14 0 364 81 69 0 0 2 0.75890 Architecture\Buildings\Hightech\Skin\HitExtCColumnTall01.nif
972 110 318 388 2.89091 2.89091 1.00629 1.00629 46 46 2 7 4 54.40588 2 0 0 1 0 3 0 84 136 38 0 0 0 0.93750 Architecture\Buildings\Hightech\Skin\HitExtCCornerA01.nif
973 251 689 970 2.74502 2.74502 1.00443 1.00443 17 17 5 16 16 82.39697 8 1 1 1 0 9 0 183 258 6 0 0 0 0.84028 Architecture\Buildings\Hightech\Skin\HitExtCCornerACapBottom01.nif
974 251 691 965 2.75299 2.75299 1.00147 1.00147 17 17 4 16 15 82.39697 7 0 1 1 0 8 0 183 260 11 0 0 1 0.95595 Architecture\Buildings\Hightech\Skin\HitExtCCornerACapTop01.nif
975 241 688 885 2.85477 2.85477 1.00582 1.00582 27 27 2 16 9 74.24935 4 0 0 1 0 5 0 204 292 74 0 0 1 0.78993 Architecture\Buildings\Hightech\Skin\HitExtCCornerACapTop02.nif
976 110 310 398 2.81818 2.81818 1.00645 1.00645 46 46 2 7 4 16.00000 2 0 0 1 0 3 0 84 153 34 0 0 0 0.98730 Architecture\Buildings\Hightech\Skin\HitExtCCornerATall01.nif
977 124 258 390 2.08065 2.08065 1.00689 1.00689 20 20 5 9 9 253.26151 6 0 0 0 0 6 0 113 91 0 0 0 2 0.74938 Architecture\Buildings\Hightech\Skin\HitExtCCornerDShort01.nif
978 156 434 587 2.83333 2.78205 1.00461 1.00461 66 66 3 10 9 416.33734 4 0 0 1 0 5 0 106 222 11 0 0 0 0.96658 Architecture\Buildings\Hightech\Skin\HitExtCCornerDTall01.nif
979 140 298 410 2.12857 2.12857 1.01203 1.01203 0 0 4 9 8 125.17033 5 1 0 1 0 6 0 108 19 8 0 0 0 0.86724 Architecture\Buildings\Hightech\Skin\HitExtCurveA01.nif
980 148 308 435 2.08108 2.08108 1.01635 1.01635 0 0 4 10 9 113.13708 5 1 0 1 0 6 0 116 22 8 0 0 0 0.85321 Architecture\Buildings\Hightech\Skin\HitExtCurveA02.nif
981 125 263 393 2.10400 2.10400 1.00366 1.00366 34 34 3 9 8 40.72665 5 1 0 0 0 5 0 89 116 23 0 0 1 0.70237 Architecture\Buildings\Hightech\Skin\HitExtCurveA03.nif
982 292 338 662 1.15753 1.15753 1.00395 1.00395 0 0 5 19 19 162.06601 10 0 0 2 0 12 0 192 39 5 0 0 0 0.77318 Architecture\Buildings\Hightech\Skin\HitExtCurveACornerB01.nif
983 150 206 329 1.37333 1.37333 1.00971 1.00971 24 24 2 10 6 10.42631 2 0 0 0 0 2 0 88 75 16 0 0 1 0.97482 Architecture\Buildings\Hightech\Skin\HitExtCurveACornerB02.nif
984 209 369 607 1.76555 1.76555 1.00730 1.00730 31 31 4 14 14 256.00000 8 0 0 1 0 9 0 173 48 13 0 0 1 0.80255 Architecture\Buildings\Hightech\Skin\HitExtCurveACustom01.nif
985 209 373 607 1.78469 1.78469 1.00720 1.00720 31 31 4 14 12 252.00002 7 0 0 2 0 9 0 173 48 13 0 0 1 0.80304 Architecture\Buildings\Hightech\Skin\HitExtCurveACustom02.nif
986 36 78 101 2.16667 2.16667 1.02564 1.02564 0 0 3 3 3 32.19492 2 0 0 0 0 2 0 20 39 0 0 0 1 0.78212 Architecture\Buildings\Hightech\Skin\HitExtCurveCapSideA01.nif
987 52 138 172 2.65385 2.65385 1.01449 1.01449 20 20 2 4 2 16.00000 1 0 0 0 1 1 0 40 54 14 0 0 0 0.96484 Architecture\Buildings\Hightech\Skin\HitExtCWall01.nif
988 108 291 372 2.69444 2.69444 1.00340 1.00340 12 12 3 7 5 31.41413 3 0 0 1 0 4 0 92 99 9 0 0 1 0.96833 Architecture\Buildings\Hightech\Skin\HitExtCWallCapBottom01.nif
989 211 609 776 2.88626 2.88626 1.00492 1.00492 23 23 2 14 8 71.55424 4 0 0 1 0 5 0 177 251 60 0 0 1 0.79749 Architecture\Buildings\Hightech\Skin\HitExtCWallCapLong01.nif
990 114 301 410 2.64035 2.64035 1.00994 1.00994 14 14 3 8 7 19.76024 4 0 0 1 0 5 0 96 96 17 0 0 1 0.92271 Architecture\Buildings\Hightech\Skin\HitExtCWallCapTop01.nif
991 114 333 418 2.92105 2.92105 1.00903 1.00903 14 14 3 8 6 11.53740 3 0 0 1 0 4 0 96 131 13 0 0 1 0.86123 Architecture\Buildings\Hightech\Skin\HitExtCWallCapTop02.nif
992 66 196 238 2.96970 2.96970 1.02028 1.02028 10 10 3 5 4 11.53740 3 0 0 1 0 4 0 56 81 7 0 0 1 0.88282 Architecture\Buildings\Hightech\Skin\HitExtCWallCapTopHalf02.nif
993 34 102 110 3.00000 3.00000 1.01961 1.01961 16 16 2 3 1 7.05044 1 0 0 0 0 1 0 38 33 8 0 0 2 0.83109 Architecture\Buildings\Hightech\Skin\HitExtCWallCapTopTrimShort01.nif
994 8 24 24 3.00000 3.00000 1.00000 1.00000 0 0 1 1 0 0.00000 0 0 0 0 0 0 0 6 18 0 0 0 1 1.00000 Architecture\Buildings\Hightech\Skin\HitExtCWallCapTrim01.nif
995 32 86 100 2.68750 2.68750 1.02326 1.02326 12 12 2 2 1 4.37722 1 0 0 0 1 1 0 24 37 6 0 0 0 0.98849 Architecture\Buildings\Hightech\Skin\HitExtCWallHalf01.nif
996 52 138 172 2.65385 2.65385 1.01449 1.01449 20 20 2 4 2 16.00000 1 0 0 0 1 1 0 40 85 14 0 0 0 0.96484 Architecture\Buildings\Hightech\Skin\HitExtCWallShort01.nif
997 50 134 174 2.68000 2.68000 1.01493 1.01493 4 4 4 4 4 46.27164 3 0 0 0 0 3 0 28 74 4 0 0 1 0.72727 Architecture\Buildings\Hightech\Skin\HitExtCWallShortHalf01.nif
998 32 88 102 2.75000 2.75000 1.00000 1.00000 12 12 2 2 1 4.37722 1 0 0 0 1 1 0 24 40 6 0 0 0 0.98849 Architecture\Buildings\Hightech\Skin\HitExtCWallTallHalf01.nif
999 92 250 311 2.71739 2.71739 1.00800 1.00800 36 36 2 6 3 16.27060 2 0 0 0 1 2 0 72 148 31 0 0 0 0.97143 Architecture\Buildings\Hightech\Skin\HitExtCWallTallLong01.nif
1000 42 104 127 2.47619 2.47619 1.03922 1.03922 4 4 3 3 2 26.62560 2 0 0 1 0 3 0 40 36 4 0 0 1 0.75521 Architecture\Buildings\Hightech\Skin\HitExtCWallTrim01.nif
1001 42 111 111 2.64286 2.64286 1.00912 1.00912 4 4 1 4 0 0.00000 0 0 0 1 0 1 0 40 33 4 0 0 1 1.00000 Architecture\Buildings\Hightech\Skin\HitExtCWallTrim02.nif
1002 30 73 98 2.43333 2.43333 1.04490 1.04490 12 12 3 3 3 57.76672 3 1 0 1 0 4 0 32 23 5 0 0 0 0.75031 Architecture\Buildings\Hightech\Skin\HitExtCWallTrimHalf01.nif
1003 55 155 182 2.81818 2.81818 1.00645 1.00645 3 3 2 4 2 20.47006 1 0 0 0 0 1 0 30 69 0 0 0 1 0.92620 Architecture\Buildings\Hightech\Skin\HitExtDecorA01.nif
1004 30 78 92 2.60000 2.60000 1.03077 1.03077 8 8 2 3 2 20.45436 2 1 1 0 0 2 0 32 27 4 0 0 1 0.98872 Architecture\Buildings\Hightech\Skin\HitExtDWall01.nif
1005 108 324 407 3.00000 3.00000 1.00000 1.00000 30 30 2 7 5 31.24449 2 0 0 1 0 3 0 70 0 16 0 0 0 0.92700 Architecture\Buildings\Hightech\Stains\HitExtAStainsBase01.nif
1006 214 131 417 0.66355 0.66355 1.00763 1.00763 40 40 3 14 12 226.79092 5 0 0 1 0 6 0 128 0 21 0 0 0 0.98992 Architecture\Buildings\Hightech\Stains\HitExtAStainsBaseCornerA01.nif
1007 130 84 202 0.64615 0.64615 1.00000 1.00000 36 36 2 9 5 0.00002 2 0 0 1 0 3 0 84 0 20 0 0 0 1.00000 Architecture\Buildings\Hightech\Stains\HitExtAStainsCorneA1x1.nif
1008 126 80 188 0.69048 0.69048 1.00000 1.00000 32 32 2 8 5 0.00004 2 0 0 1 0 3 0 80 0 22 0 0 0 1.00000 Architecture\Buildings\Hightech\Stains\HitExtAStainsCorneA1x2.nif
1009 84 56 188 0.69048 0.69048 1.00000 1.00000 26 26 6 6 8 6.98141 6 1 0 0 0 6 0 56 0 6 0 0 0 1.00000 Architecture\Buildings\Hightech\Stains\HitExtAStainsCorneA1x2Edge.nif
1010 96 63 199 0.70833 0.70833 1.01587 1.01587 28 28 5 6 7 6.98141 5 0 0 1 0 6 0 63 0 7 0 0 0 1.00000 Architecture\Buildings\Hightech\Stains\HitExtAStainsCorneA1x3Edge.nif
1011 198 151 389 0.82828 0.81818 1.00662 1.00662 106 106 3 13 11 191.22343 5 0 0 1 0 6 0 151 0 41 0 0 0 1.00000 Architecture\Buildings\Hightech\Stains\HitExtAStainsCorneBWindowA01.nif
1012 64 45 62 0.70313 0.70313 1.06667 1.06667 24 24 1 4 0 0.00000 0 0 0 1 0 1 0 45 0 24 0 0 0 1.00000 Architecture\Buildings\Hightech\Stains\HitExtAStainsCornerD1x1.nif
1013 40 30 40 0.75000 0.75000 1.06667 1.06667 18 18 1 3 0 0.00000 0 0 0 1 0 1 0 30 0 18 0 0 0 1.00000 Architecture\Buildings\Hightech\Stains\HitExtAStainsCornerD1x1B.nif
1014 24 20 25 0.83333 0.83333 1.00000 1.00000 14 14 1 2 0 0.00000 0 0 0 1 0 1 0 20 0 14 0 0 0 1.00000 Architecture\Buildings\Hightech\Stains\HitExtAStainsCornerD1x1C.nif
1015 40 30 41 0.75000 0.75000 1.06667 1.06667 18 18 1 3 0 0.00000 0 0 0 1 0 1 0 30 0 18 0 0 0 1.00000 Architecture\Buildings\Hightech\Stains\HitExtAStainsCornerD1x1D.nif
1016 80 54 124 0.67500 0.67500 1.03704 1.03704 26 26 2 5 3 0.00001 1 0 0 1 0 2 0 54 0 25 0 0 0 1.00000 Architecture\Buildings\Hightech\Stains\HitExtAStainsCornerD2x1.nif
1017 50 36 56 0.72000 0.72000 1.00000 1.00000 20 20 1 4 0 0.00000 0 0 0 1 0 1 0 36 0 20 0 0 0 1.00000 Architecture\Buildings\Hightech\Stains\HitExtAStainsCornerD2x1B.nif
1018 30 24 57 0.80000 0.80000 1.00000 1.00000 16 16 4 2 3 10.45343 3 1 0 0 0 3 0 24 0 6 0 0 0 1.00000 Architecture\Buildings\Hightech\Stains\HitExtAStainsCornerD2x1C.nif
1019 128 81 276 0.68750 0.68750 1.03704 1.03704 32 32 6 8 9 61.57634 6 1 0 0 0 6 0 81 0 6 0 0 0 0.95000 Architecture\Buildings\Hightech\Stains\HitExtAStainsCornerD4x1.nif
1020 64 45 125 0.70313 0.70313 1.06667 1.06667 24 24 5 4 5 61.69777 4 1 0 0 0 4 0 45 0 6 0 0 0 0.96350 Architecture\Buildings\Hightech\Stains\HitExtAStainsCornerTransitionDtoC01.nif
1021 96 65 199 0.67708 0.67708 1.04615 1.04615 32 32 6 6 9 34.19269 6 1 0 0 0 6 0 65 0 6 0 0 0 0.98824 Architecture\Buildings\Hightech\Stains\HitExtAStainsWall15_1x2_01.nif
1022 48 142 183 2.95833 2.95833 1.01408 1.01408 20 20 3 3 3 0.02816 2 0 0 1 0 3 0 35 0 8 0 0 0 1.00000 Architecture\Buildings\Hightech\Stains\HitExtAStainsWall15_1x2_02.nif
1023 100 66 214 0.66000 0.66000 1.03030 1.03030 30 30 6 7 9 34.19269 6 1 0 0 0 6 0 66 0 6 0 0 0 0.98824 Architecture\Buildings\Hightech\Stains\HitExtAStainsWall15A_2x2_01.nif
1024 64 173 211 2.70313 2.70313 1.01734 1.01734 22 22 2 4 2 0.02653 1 0 0 1 0 2 0 44 0 11 0 0 0 1.00000 Architecture\Buildings\Hightech\Stains\HitExtAStainsWall15A_2x2_02.nif
1025 24 72 82 3.00000 3.00000 1.00000 1.00000 14 14 2 2 1 0.02528 1 0 0 1 0 2 0 20 0 7 0 0 0 1.00000 Architecture\Buildings\Hightech\Stains\HitExtAStainsWall15B_1x2_02B.nif
1026 24 70 90 2.91667 2.91667 1.02857 1.02857 14 14 3 2 2 0.01263 2 0 0 1 0 3 0 20 0 8 0 0 0 1.00000 Architecture\Buildings\Hightech\Stains\HitExtAStainsWall15B_1x2_02C.nif
1027 100 66 145 0.67000 0.67000 1.03030 1.03030 30 30 4 7 4 99.34536 3 1 0 1 0 4 0 66 0 6 0 0 0 0.92733 Architecture\Buildings\Hightech\Stains\HitExtAStainsWall15B_2x2_01.nif
1028 60 154 206 2.56667 2.56667 1.01299 1.01299 22 22 3 4 3 0.02671 2 0 0 1 0 3 0 42 0 9 0 0 0 1.00000 Architecture\Buildings\Hightech\Stains\HitExtAStainsWall15B_2x2_02.nif
1029 40 106 146 2.65000 2.65000 1.01887 1.01887 18 18 4 3 4 0.02854 3 1 0 0 0 3 0 30 0 6 0 0 0 1.00000 Architecture\Buildings\Hightech\Stains\HitExtAStainsWall15B_2x2_02B.nif
1030 40 112 151 2.80000 2.80000 1.00000 1.00000 18 18 4 3 4 0.01315 3 1 0 0 0 3 0 30 0 6 0 0 0 1.00000 Architecture\Buildings\Hightech\Stains\HitExtAStainsWall15B_2x2_02C.nif
1031 60 42 110 0.70000 0.70000 1.04762 1.04762 22 22 3 4 3 0.00002 2 0 0 0 0 2 0 42 0 14 0 0 1 1.00000 Architecture\Buildings\Hightech\Stains\HitExtAStainsWall1x1.nif
1032 30 24 50 0.80000 0.80000 1.00000 1.00000 16 16 3 2 2 0.00002 2 0 0 1 0 3 0 24 0 8 0 0 0 1.00000 Architecture\Buildings\Hightech\Stains\HitExtAStainsWall1x1B.nif
1033 30 24 28 0.80000 0.80000 1.00000 1.00000 16 16 1 2 0 0.00000 0 0 0 0 0 0 0 24 0 16 0 0 1 1.00000 Architecture\Buildings\Hightech\Stains\HitExtAStainsWall1x1C.nif
1034 102 68 164 0.66667 0.66667 1.00000 1.00000 30 30 2 7 4 0.00002 2 0 0 0 0 2 0 67 0 14 0 0 1 1.00000 Architecture\Buildings\Hightech\Stains\HitExtAStainsWall1x2.nif
1035 60 42 98 0.71667 0.71667 1.04762 1.04762 22 22 2 4 2 0.00002 1 0 0 0 0 1 0 42 0 14 0 0 1 0.94792 Architecture\Buildings\Hightech\Stains\HitExtAStainsWall2x1.nif
1036 30 24 42 0.80000 0.80000 1.00000 1.00000 16 16 2 2 1 0.00031 1 0 0 1 0 2 0 24 0 11 0 0 0 1.00000 Architecture\Buildings\Hightech\Stains\HitExtAStainsWall2x1B.nif
1037 30 24 28 0.80000 0.80000 1.00000 1.00000 16 16 1 2 0 0.00000 0 0 0 0 0 0 0 24 0 16 0 0 1 1.00000 Architecture\Buildings\Hightech\Stains\HitExtAStainsWall2x1C.nif
1038 72 56 70 0.77778 0.77778 1.00000 1.00000 24 24 1 5 0 0.00000 0 0 0 0 0 0 0 49 3 24 0 0 1 1.00000 Architecture\Buildings\Hightech\Stains\HitExtAStainsWall3x1.nif
1039 52 36 73 0.69231 0.69231 1.00000 1.00000 18 18 2 4 2 0.00002 1 0 0 1 0 2 0 36 0 10 0 0 0 1.00000 Architecture\Buildings\Hightech\Stains\HitExtAStainsWall3x1Streak.nif
1040 140 96 228 0.72143 0.72143 1.00000 1.00000 34 34 2 9 5 0.00026 2 0 0 1 0 3 0 88 3 15 0 0 0 0.85417 Architecture\Buildings\Hightech\Stains\HitExtAStainsWall3X2.nif
1041 48 35 45 0.72917 0.72917 1.02857 1.02857 20 20 1 3 0 0.00000 0 0 0 0 0 0 0 35 0 20 0 0 1 1.00000 Architecture\Buildings\Hightech\Stains\HitExtAStainsWall4x1Streak.nif
1042 158 116 261 0.74051 0.74051 1.00000 1.00000 60 60 2 10 6 0.00002 2 0 0 0 0 2 0 109 0 42 0 0 1 1.00000 Architecture\Buildings\Hightech\Stains\HitExtAStainsWindowB2x2.nif
1043 104 236 317 2.26923 2.26923 1.00000 1.00000 24 24 3 7 6 15.90534 3 0 0 0 0 3 0 54 77 5 0 0 1 0.80423 Architecture\Buildings\Hightech\Structure\HitExtStructureBeamACornerA01.nif
1044 96 216 292 2.25000 2.25000 1.00000 1.00000 12 12 3 6 6 14.41799 3 0 0 0 0 3 0 46 64 3 0 0 1 0.73307 Architecture\Buildings\Hightech\Structure\HitExtStructureBeamACornerALong01.nif
1045 48 110 142 2.29167 2.29167 1.01818 1.01818 0 0 3 3 3 13.99899 2 0 0 0 0 2 0 26 66 0 0 0 1 0.99192 Architecture\Buildings\Hightech\Structure\HitExtStructureBeamACornerAXL01.nif
1046 48 110 142 2.29167 2.29167 1.01818 1.01818 0 0 3 3 3 13.99571 2 0 0 0 0 2 0 26 66 0 0 0 1 0.96650 Architecture\Buildings\Hightech\Structure\HitExtStructureBeamACornerAXL02.nif
1047 164 210 395 1.28049 1.28049 1.00952 1.00952 12 12 3 11 11 22.67157 5 0 0 0 0 5 0 84 59 0 0 0 1 0.79979 Architecture\Buildings\Hightech\Structure\HitExtStructureBeamACornerB01.nif
1048 164 212 338 1.29268 1.29268 1.00000 1.00000 12 12 2 11 7 8.94163 3 0 0 0 0 3 0 84 60 8 0 0 1 0.92754 Architecture\Buildings\Hightech\Structure\HitExtStructureBeamACornerBLong01.nif
1049 140 150 290 1.07143 1.07143 1.01333 1.01333 0 0 3 9 8 13.67810 3 0 0 0 0 3 0 72 65 0 0 0 1 0.97297 Architecture\Buildings\Hightech\Structure\HitExtStructureBeamACornerBXL01.nif
1050 164 209 419 1.27439 1.27439 1.01435 1.01435 12 12 4 11 12 18.72968 6 0 0 0 0 6 0 84 59 4 0 0 1 0.76091 Architecture\Buildings\Hightech\Structure\HitExtStructureBeamACornerC01.nif
1051 196 248 465 1.26531 1.26531 1.00000 1.00000 12 12 3 13 12 99.01956 5 0 0 1 0 6 0 100 66 0 0 0 0 0.73744 Architecture\Buildings\Hightech\Structure\HitExtStructureBeamACornerCLong01.nif
1052 158 177 335 1.13291 1.12025 1.01695 1.01695 0 0 3 10 8 95.05395 3 0 1 1 0 4 0 81 87 22 0 0 0 0.71048 Architecture\Buildings\Hightech\Structure\HitExtStructureBeamACornerCXL01.nif
1053 164 211 339 1.28659 1.28659 1.00474 1.00474 12 12 2 11 6 27.82855 3 0 0 0 0 3 0 84 59 9 0 0 1 0.77252 Architecture\Buildings\Hightech\Structure\HitExtStructureBeamACornerDLong01.nif
1054 140 149 266 1.06429 1.06429 1.02013 1.02013 0 0 2 9 5 13.92960 2 0 0 0 0 2 0 72 66 0 0 0 1 0.97174 Architecture\Buildings\Hightech\Structure\HitExtStructureBeamACornerDXL01.nif
1055 44 76 104 1.72727 1.72727 1.00000 1.00000 12 12 3 3 3 24.37091 2 0 0 0 0 2 0 28 40 0 0 0 1 0.77399 Architecture\Buildings\Hightech\Structure\HitExtStructureBeamAMid01.nif
1056 44 76 108 1.72727 1.72727 1.00000 1.00000 0 0 3 3 3 24.37091 2 0 0 0 0 2 0 24 45 0 0 0 1 0.78125 Architecture\Buildings\Hightech\Structure\HitExtStructureBeamAMidLong01.nif
1057 88 152 238 1.72727 1.72727 1.00000 1.00000 24 24 3 6 5 21.17191 3 0 0 0 0 3 0 56 79 0 0 0 1 0.76852 Architecture\Buildings\Hightech\Structure\HitExtStructureBeamAMidLong02.nif
1058 52 126 128 2.42308 2.42308 1.01587 1.01587 12 12 1 4 0 0.00000 0 0 0 0 0 0 0 28 42 12 0 0 1 1.00000 Architecture\Buildings\Hightech\Structure\HitExtStructureBeamAWall4501.nif
1059 52 122 148 2.34615 2.34615 1.01639 1.01639 12 12 2 4 2 3.70869 1 0 0 0 0 1 0 28 38 12 0 0 1 0.82000 Architecture\Buildings\Hightech\Structure\HitExtStructureBeamAWall4502.nif
1060 52 120 147 2.46154 2.30769 1.00000 1.00000 17 17 2 4 2 8.93971 1 0 0 0 0 1 0 31 44 10 0 0 1 0.93368 Architecture\Buildings\Hightech\Structure\HitExtStructureBeamAWallA01.nif
1061 60 128 168 2.13333 2.13333 1.00000 1.00000 0 0 3 4 3 16.22804 2 0 0 0 0 2 0 32 68 0 0 0 1 0.95303 Architecture\Buildings\Hightech\Structure\HitExtStructureBeamAWallA1501.nif
1062 60 128 168 2.13333 2.13333 1.00000 1.00000 0 0 3 4 3 16.22804 2 0 0 0 0 2 0 32 68 0 0 0 1 0.95303 Architecture\Buildings\Hightech\Structure\HitExtStructureBeamAWallA1501b.nif
1063 12 36 41 3.00000 3.00000 1.00000 1.00000 0 0 2 1 1 13.84368 1 0 0 0 0 1 0 8 24 0 0 0 1 0.96980 Architecture\Buildings\Hightech\Structure\HitExtStructureBeamAWallA1502b.nif
1064 52 128 152 2.46154 2.46154 1.00000 1.00000 12 12 2 4 2 3.71031 1 0 0 0 0 1 0 28 47 12 0 0 1 0.86000 Architecture\Buildings\Hightech\Structure\HitExtStructureBeamAWallA45Long01.nif
1065 52 120 146 2.30769 2.30769 1.00000 1.00000 15 15 2 4 2 8.94272 1 0 0 0 0 1 0 30 36 11 0 0 1 0.87976 Architecture\Buildings\Hightech\Structure\HitExtStructureBeamAWallALong01.nif
1066 104 240 303 2.30769 2.30769 1.00000 1.00000 43 43 2 7 4 17.76217 2 0 0 0 0 2 0 69 69 13 0 0 1 0.78646 Architecture\Buildings\Hightech\Structure\HitExtStructureBeamAWallALong02.nif
1067 40 100 100 2.50000 2.50000 1.00000 1.00000 20 20 1 3 0 0.00000 0 0 0 0 0 0 0 36 49 20 0 0 1 1.00000 Architecture\Buildings\Hightech\Structure\HitExtStructureBeamAWallXL01.nif
1068 28 64 73 2.28571 2.28571 1.00000 1.00000 0 0 2 2 1 12.94416 1 0 0 0 0 1 0 16 41 0 0 0 1 0.97049 Architecture\Buildings\Hightech\Structure\HitExtStructureBeamAWallXL02.nif
1069 51 119 154 2.33333 2.33333 1.00840 1.00840 7 7 3 4 3 18.33030 2 0 0 0 0 2 0 27 80 0 0 0 1 0.86851 Architecture\Buildings\Hightech\Structure\HitExtStructureBeamAWallXL4502.nif
1070 148 342 519 2.37838 2.31081 1.00585 1.00585 8 8 3 10 10 160.00000 4 0 0 1 0 5 0 82 248 0 0 0 0 0.72982 Architecture\Buildings\Hightech\Structure\HitExtStructureCantaliver01.nif
1071 364 860 1179 2.43956 2.36264 1.00000 1.00000 23 23 5 23 19 338.59119 8 0 0 3 0 11 0 200 568 0 0 0 0 0.77181 Architecture\Buildings\Hightech\Structure\HitExtStructureCantaliver02.nif
1072 142 386 487 2.73239 2.71831 1.00518 1.00518 41 41 3 9 8 22.71247 3 0 0 0 0 3 0 94 235 6 0 0 1 0.86886 Architecture\Buildings\Hightech\Structure\HitExtStructureCantaliver03.nif
1073 76 210 251 2.76316 2.76316 1.00952 1.00952 0 0 2 5 3 7.69219 1 0 0 0 0 1 0 38 150 0 0 0 1 0.98225 Architecture\Buildings\Hightech\Structure\HitExtStructureCantaliver4501.nif
1074 62 96 100 1.87097 1.54839 1.00000 1.00000 28 28 1 4 0 0.00000 0 0 0 0 0 0 0 44 39 28 0 0 1 1.00000 Architecture\Buildings\Hightech\Structure\HitExtStructureColumnA01.nif
1075 54 116 151 2.25926 2.14815 1.00000 1.00000 28 28 2 4 2 13.59854 1 0 0 0 0 1 0 40 57 18 0 0 1 0.73353 Architecture\Buildings\Hightech\Structure\HitExtStructureColumnACornerA01.nif
1076 56 122 160 2.37500 2.17857 1.01639 1.01639 28 28 2 4 2 9.40744 1 0 0 0 0 1 0 41 50 18 0 0 1 0.75500 Architecture\Buildings\Hightech\Structure\HitExtStructureColumnACornerATall01.nif
1077 112 234 308 2.19643 2.08929 1.00855 1.00855 52 52 2 7 4 16.26997 2 0 0 0 0 2 0 79 116 36 0 0 1 0.88867 Architecture\Buildings\Hightech\Structure\HitExtStructureColumnACornerATall02.nif
1078 118 250 332 2.22034 2.11864 1.00800 1.00800 42 42 2 8 4 7.69219 2 0 0 0 0 2 0 86 93 32 0 0 1 0.87906 Architecture\Buildings\Hightech\Structure\HitExtStructureColumnAMid01.nif
1079 152 312 411 2.20395 2.05263 1.00000 1.00000 64 64 2 10 6 17.65411 3 0 0 0 0 3 0 100 115 35 0 0 1 0.79986 Architecture\Buildings\Hightech\Structure\HitExtStructureColumnAMidTall01.nif
1080 194 440 619 2.36082 2.26804 1.00000 1.00000 74 74 5 13 10 225.99988 6 1 0 1 0 7 0 138 174 8 0 0 0 0.86748 Architecture\Buildings\Hightech\Structure\HitExtStructureColumnAMidTall02.nif
1081 62 98 102 1.75806 1.58065 1.02041 1.02041 28 28 1 4 0 0.00000 0 0 0 0 0 0 0 44 40 28 0 0 1 1.00000 Architecture\Buildings\Hightech\Structure\HitExtStructureColumnATall01.nif
1082 124 192 277 1.80645 1.54839 1.00000 1.00000 56 56 2 8 5 47.16991 2 0 0 1 0 3 0 88 79 30 0 0 0 0.79349 Architecture\Buildings\Hightech\Structure\HitExtStructureColumnATall02.nif
1083 52 112 143 2.15385 2.15385 1.00000 1.00000 0 0 2 4 2 4.82226 1 0 0 0 0 1 0 28 83 0 0 0 1 0.98541 Architecture\Buildings\Hightech\Structure\HitExtStructureColumnTopA.nif
1084 207 375 629 1.83092 1.81159 1.00267 1.00267 3 3 4 13 14 443.45026 6 0 0 1 0 7 0 106 209 0 0 0 0 0.78609 Architecture\Buildings\Hightech\Structure\HitExtStructureColumnTopPanelA.nif
1085 154 252 356 1.63636 1.63636 1.00000 1.00000 60 60 2 10 6 12.32660 3 0 0 0 0 3 0 108 117 34 0 0 1 0.79314 Architecture\Buildings\Hightech\Structure\HitExtStructureTransitionC01.nif
1086 216 308 513 1.42593 1.42593 1.00000 1.00000 0 0 2 14 9 93.72102 3 0 0 0 0 3 0 110 174 0 0 0 1 0.82877 Architecture\Buildings\Hightech\Structure\HitExtStrutureMassFusion01.nif
1087 162 208 344 1.28395 1.28395 1.00000 1.00000 12 12 2 11 6 57.24334 3 0 0 0 0 3 0 88 104 8 0 0 1 0.93115 Architecture\Buildings\Hightech\Structure\HitExtStrutureMassFusion02.nif
1088 116 148 245 1.27586 1.27586 1.00000 1.00000 0 0 2 8 5 61.17103 2 0 0 1 0 3 0 60 84 0 0 0 0 0.87308 Architecture\Buildings\Hightech\Structure\HitExtStrutureMassFusion03.nif
1089 80 228 273 2.85000 2.85000 1.00000 1.00000 0 0 2 5 3 7.99610 1 0 0 0 0 1 0 40 167 0 0 0 1 0.90499 Architecture\Buildings\Hightech\Structure\HitExtStrutureWallA.nif
1090 28 70 70 2.50000 2.50000 1.02857 1.02857 0 0 1 2 0 0.00000 0 0 0 1 0 1 0 16 49 0 0 0 0 1.00000 Architecture\Buildings\Hightech\Structure\HitExtStrutureWallABeam.nif
1091 222 613 822 2.78378 2.76126 1.00489 1.00489 16 16 3 14 10 284.00000 4 0 0 2 0 6 0 116 432 31 0 0 0 0.70614 Architecture\Buildings\Hightech\Structure\HitExtStrutureWallALargeLong01.nif
1092 194 541 543 2.80412 2.78866 1.00555 1.00555 16 16 1 13 0 0.00000 0 0 0 0 0 0 0 104 376 16 0 0 1 1.00000 Architecture\Buildings\Hightech\Structure\HitExtStrutureWallALargeLong02.nif
1093 152 438 562 2.88158 2.88158 1.00457 1.00457 0 0 2 10 7 20.57921 2 0 0 0 0 2 0 72 325 0 0 0 1 0.80208 Architecture\Buildings\Hightech\Structure\HitExtStrutureWallATall01.nif
1094 28 74 94 2.64286 2.64286 1.02381 1.02381 40 40 2 4 1 8.02940 1 2 0 0 0 1 0 40 24 20 0 0 1 0.75074 Architecture\Buildings\HouseKit\HouseKCapGarageWall01.nif
1095 73 173 195 2.36986 2.36986 1.02466 1.02466 69 69 3 7 3 0.00002 3 1 0 1 0 4 0 83 42 4 0 0 2 1.00000 Architecture\Buildings\HouseKit\HouseKCapGarageWin01.nif
1096 6 14 14 2.33333 2.33333 1.11111 1.11111 10 10 1 3 0 0.00000 0 3 0 0 0 0 0 12 0 10 0 0 0 1.00000 Architecture\Buildings\HouseKit\HouseKCapWall01.nif
1097 568 1518 2183 2.67254 2.67254 1.00646 1.00646 408 408 6 38 35 66.83224 20 3 0 2 0 22 0 616 272 8 0 0 1 0.82682 Architecture\Buildings\HouseKit\HouseKCapWall01Dam01.nif
1098 445 1068 1490 2.40000 2.40000 1.00897 1.00897 251 251 4 30 25 44.09175 12 3 0 1 0 13 0 417 387 6 0 0 1 0.93962 Architecture\Buildings\HouseKit\HouseKCapWall01Dam02.nif
1099 6 14 14 2.33333 2.33333 1.11111 1.11111 10 10 1 3 0 0.00000 0 3 0 0 0 0 0 12 0 10 0 0 0 1.00000 Architecture\Buildings\HouseKit\HouseKCapWall02.nif
1100 568 1540 2153 2.71127 2.71127 1.00765 1.00765 408 408 4 38 31 157.17233 16 1 0 3 0 19 0 616 284 7 0 0 2 0.82682 Architecture\Buildings\HouseKit\HouseKCapWall02Dam01.nif
1101 445 1068 1496 2.40000 2.40000 1.00897 1.00897 251 251 4 30 25 44.09175 12 3 0 1 0 13 0 417 387 6 0 0 1 0.93962 Architecture\Buildings\HouseKit\HouseKCapWall02Dam02.nif
1102 338 810 1158 2.39645 2.39645 1.01109 1.01109 198 198 4 23 20 54.65026 13 3 0 2 0 15 0 319 259 37 0 0 1 0.75853 Architecture\Buildings\HouseKit\HouseKCapWallEndL01.nif
1103 338 818 1183 2.42012 2.42012 1.01105 1.01105 198 198 4 23 21 49.10075 13 3 0 1 0 14 0 319 260 25 0 0 1 0.77105 Architecture\Buildings\HouseKit\HouseKCapWallEndL02.nif
1104 325 782 1097 2.40615 2.40615 1.01041 1.01041 191 191 4 22 17 79.28195 11 3 0 2 0 13 0 310 236 6 0 0 1 0.84549 Architecture\Buildings\HouseKit\HouseKCapWallEndR01.nif
1105 325 782 1085 2.40615 2.40615 1.01041 1.01041 191 191 4 22 18 33.51259 12 4 0 1 0 13 0 310 236 12 0 0 1 0.84549 Architecture\Buildings\HouseKit\HouseKCapWallEndR02.nif
1106 330 875 989 2.65152 2.65152 1.00902 1.00902 192 192 3 23 7 11.59075 4 2 0 0 0 4 0 311 249 29 0 0 3 0.77202 Architecture\Buildings\HouseKit\HouseKCapWallEndR03.nif
1107 313 818 1104 2.61342 2.61342 1.01066 1.01066 179 179 3 22 15 25.35162 8 1 0 0 0 8 0 299 225 86 0 0 4 0.78467 Architecture\Buildings\HouseKit\HouseKCapWallEndR04.nif
1108 55 128 147 2.32727 2.32727 1.09042 1.09042 45 45 3 5 3 0.00002 3 1 0 1 0 4 0 62 24 4 0 0 2 1.00000 Architecture\Buildings\HouseKit\HouseKCapWallWin01.nif
1109 47 94 101 2.00000 2.00000 1.03789 1.03789 37 37 2 5 1 0.00002 1 1 0 3 0 4 0 50 0 0 0 0 1 1.00000 Architecture\Buildings\HouseKit\HouseKCapWallWin02.nif
1110 469 1257 1638 2.68017 2.68017 1.00235 1.00235 167 167 5 31 21 174.10887 12 1 0 3 0 15 0 394 471 13 0 0 2 0.78947 Architecture\Buildings\HouseKit\HouseKGrndAddonBayWin01.nif
1111 1856 5230 6922 2.81897 2.81789 1.00042 1.00042 390 390 3 120 76 135.67976 29 1 1 1 0 30 0 1195 2525 28 0 0 4 0.73500 Architecture\Buildings\HouseKit\HouseKGrndAddonGarage01.nif
1112 268 666 702 2.48507 2.48507 1.00249 1.00249 147 147 3 20 2 19.36382 2 0 0 0 0 2 0 330 170 8 0 0 8 0.97859 Architecture\Buildings\HouseKit\HouseKGrndAddonRoom01.nif
1113 1592 4650 7067 2.92085 2.92085 1.00133 1.00133 424 424 6 102 119 361.05063 48 3 1 9 0 57 0 1029 2230 11 0 0 3 0.76341 Architecture\Buildings\HouseKit\HouseKGrndAddonSunRoom01.nif
1114 1566 4576 6787 2.92209 2.92209 1.00174 1.00174 408 408 5 101 106 377.22665 42 1 1 8 0 50 0 1019 2228 46 0 0 5 0.75771 Architecture\Buildings\HouseKit\HouseKGrndAddonSunRoom02.nif
1115 1022 2766 3624 2.70646 2.70646 1.00289 1.00289 238 238 4 67 44 772.00000 21 2 0 0 0 21 0 775 1145 8 0 0 5 0.77529 Architecture\Buildings\HouseKit\HouseKGrndFrameA01.nif
1116 1038 2331 3406 2.24952 2.24952 1.00228 1.00228 467 467 3 69 52 189.41858 24 1 0 0 0 24 0 843 992 127 0 0 7 0.77109 Architecture\Buildings\HouseKit\HouseKGrndFrameA01Back01.nif
1117 1545 3440 5285 2.23172 2.22913 1.00466 1.00466 948 948 4 101 89 238.73813 40 3 0 4 0 44 0 1484 1177 19 0 0 5 0.72159 Architecture\Buildings\HouseKit\HouseKGrndFrameA01Back01Dam01.nif
1118 990 2271 3174 2.29899 2.29596 1.00426 1.00426 526 526 5 66 45 278.92831 21 1 0 1 0 22 0 835 947 25 0 0 7 0.73276 Architecture\Buildings\HouseKit\HouseKGrndFrameA01Front01.nif
1119 1557 3621 5310 2.33141 2.32691 1.00337 1.00337 1008 1008 4 101 84 328.32477 39 2 0 8 0 47 0 1509 1275 58 0 0 2 0.75556 Architecture\Buildings\HouseKit\HouseKGrndFrameA01Front01Dam01.nif
1120 681 1861 2445 2.73275 2.73275 1.00562 1.00562 207 207 3 46 28 760.70068 14 1 0 1 0 15 0 599 712 30 0 0 7 0.75854 Architecture\Buildings\HouseKit\HouseKGrndFrameA02.nif
1121 678 1819 1972 2.68289 2.68289 1.00308 1.00308 194 194 4 46 10 256.14108 8 2 0 0 0 8 0 592 703 10 0 0 7 0.76088 Architecture\Buildings\HouseKit\HouseKGrndFrameA03.nif
1122 1056 2851 4302 2.70170 2.69981 1.00367 1.00367 272 272 4 70 70 772.00000 31 4 1 0 0 31 0 819 1160 15 0 0 5 0.75659 Architecture\Buildings\HouseKit\HouseKGrndFrameA04.nif
1123 391 947 1281 2.42199 2.42199 1.01734 1.01734 191 191 5 28 21 158.29068 12 3 0 2 0 14 0 344 437 6 0 0 2 0.70588 Architecture\Buildings\HouseKit\HouseKRoofEnd01.nif
1124 364 883 1263 2.42582 2.42582 1.01198 1.01198 182 182 5 25 23 170.47314 15 2 0 0 0 15 0 321 417 6 0 0 4 0.70588 Architecture\Buildings\HouseKit\HouseKRoofEnd02.nif
1125 364 883 1226 2.42582 2.42582 1.01198 1.01198 176 176 5 25 21 182.19237 14 2 0 1 0 15 0 321 418 6 0 0 3 0.70588 Architecture\Buildings\HouseKit\HouseKRoofEnd02Stairs01.nif
1126 343 601 949 1.75219 1.75219 1.00292 1.00292 3 3 4 22 21 271.70914 10 0 0 1 0 11 0 209 267 4 0 0 2 0.92860 Architecture\Buildings\HouseKit\HouseKRoofFlatIntact01.nif
1127 472 1368 1753 2.89831 2.89831 1.00000 1.00000 96 96 3 31 21 39.23588 10 2 0 0 0 10 0 310 597 8 0 0 2 0.85133 Architecture\Buildings\HouseKit\HouseKSocketDoorFrame01.nif
1128 508 1485 1961 2.92323 2.92323 1.00203 1.00203 158 158 3 32 25 98.40126 10 0 0 1 0 11 0 380 648 47 0 0 2 0.80808 Architecture\Buildings\HouseKit\HouseKSocketWideFrame01.nif
1129 411 1083 1443 2.63504 2.63504 1.00439 1.00439 117 117 3 27 18 67.54880 8 0 0 2 0 10 0 328 415 44 0 0 2 0.81564 Architecture\Buildings\HouseKit\HouseKUpprAddonBayWin01.nif
1130 228 548 558 2.40351 2.40351 1.00643 1.00643 145 145 1 17 0 0.00000 0 0 0 0 0 0 0 286 124 145 0 0 7 1.00000 Architecture\Buildings\HouseKit\HouseKUpprAddonRoom01.nif
1131 294 628 883 2.13605 2.13605 1.01240 1.01240 196 196 3 21 14 582.00342 8 0 0 2 0 10 0 379 146 24 0 0 5 0.71353 Architecture\Buildings\HouseKit\HouseKUpprFrameA01.nif
1132 144 318 401 2.20833 2.20833 1.02984 1.02984 94 94 3 12 6 192.16660 5 2 0 0 0 5 0 185 71 12 0 0 5 0.71716 Architecture\Buildings\HouseKit\HouseKUpprFrameA01Back01.nif
1133 1052 2349 3528 2.23384 2.23289 1.00297 1.00297 602 602 4 70 58 233.37952 27 2 0 5 0 32 0 1033 687 27 0 0 3 0.78120 Architecture\Buildings\HouseKit\HouseKUpprFrameA01Back01Dam01.nif
1134 150 350 450 2.33333 2.33333 1.01808 1.01808 102 102 3 13 6 226.98128 5 1 0 1 0 6 0 194 82 8 0 0 5 0.73450 Architecture\Buildings\HouseKit\HouseKUpprFrameA01Front01.nif
1135 884 1947 3109 2.20249 2.20249 1.00539 1.00539 534 534 4 58 56 210.38864 28 1 0 3 0 31 0 899 577 95 0 0 4 0.71075 Architecture\Buildings\HouseKit\HouseKUpprFrameA01Front01Dam01.nif
1136 126 226 384 1.79365 1.79365 1.02686 1.02686 0 0 4 9 9 85.87802 5 0 0 2 0 7 0 128 82 9 0 0 0 0.76888 Architecture\Buildings\Metal\MetalAddGoog1x1Mid01.nif
1137 126 246 412 1.95238 1.95238 1.00825 1.00825 0 0 4 9 8 86.56757 5 0 0 2 0 7 0 128 90 9 0 0 0 0.76669 Architecture\Buildings\Metal\MetalAddGoog1x1Mid02.nif
1138 126 283 447 2.24603 2.24603 1.01810 1.01810 0 0 4 9 8 85.09425 5 0 0 2 0 7 0 128 106 9 0 0 0 0.72413 Architecture\Buildings\Metal\MetalAddGoog1x1Slant01.nif
1139 126 316 452 2.50794 2.50794 1.01252 1.01252 0 0 4 9 7 85.09427 5 0 0 2 0 7 0 128 112 9 0 0 0 0.72150 Architecture\Buildings\Metal\MetalAddGoog1x1Slant02.nif
1140 1444 1636 3372 1.26662 1.14958 1.00266 1.00266 341 341 7 93 86 354.92404 41 1 0 0 0 38 3 939 508 9 0 0 3 0.87001 Architecture\Buildings\Metal\MetalAddWall1x3Mid01.nif
1141 68 120 153 1.76471 1.76471 1.06096 1.06096 42 42 2 7 2 4.90260 1 1 0 0 0 1 0 70 38 20 0 0 3 0.95676 Architecture\Buildings\Metal\MetalBaseA1x1DoorSingle01.nif
1142 86 151 224 1.75581 1.75581 1.03206 1.03206 36 36 3 7 5 67.92415 4 0 0 1 0 5 0 76 58 17 0 0 2 0.74364 Architecture\Buildings\Metal\MetalBaseA1x1DoorSingle01Full01.nif
1143 118 246 314 2.08475 2.08475 1.02602 1.02602 34 34 2 10 5 16.00001 3 2 0 1 0 4 0 100 125 25 0 0 2 0.83265 Architecture\Buildings\Metal\MetalBaseA1x1Garage01.nif
1144 74 148 182 2.00000 2.00000 1.02955 1.02955 32 32 2 7 3 34.17602 3 2 0 1 0 4 0 74 56 25 0 0 2 0.70503 Architecture\Buildings\Metal\MetalBaseA1x1Garage01Full01.nif
1145 358 336 728 1.32961 1.00000 1.00675 1.00675 90 90 3 25 19 88.28452 10 2 0 1 0 11 0 240 80 19 0 0 2 0.75000 Architecture\Buildings\Metal\MetalBaseA1x1Wall01.nif
1146 366 348 740 1.33333 1.01093 1.00000 1.00000 90 90 3 25 19 88.28452 10 2 0 1 0 11 0 244 88 19 0 0 2 0.75000 Architecture\Buildings\Metal\MetalBaseA1x1Wall01Full01.nif
1147 84 167 210 1.98810 1.98810 1.03132 1.03132 28 28 2 7 2 8.84615 1 1 0 0 0 1 0 76 69 21 0 0 3 0.96991 Architecture\Buildings\Metal\MetalBaseA1x1WinA01.nif
1148 120 236 315 1.96667 1.96667 1.01768 1.01768 28 28 2 10 5 37.58815 3 1 0 1 0 4 0 82 103 17 0 0 2 0.71154 Architecture\Buildings\Metal\MetalBaseA1x1WinA01Full01.nif
1149 70 167 218 2.38571 2.38571 1.03357 1.03357 24 24 3 6 4 14.99820 3 1 0 0 0 3 0 66 58 11 0 0 3 0.86667 Architecture\Buildings\Metal\MetalBaseA1x1WinA02.nif
1150 128 294 412 2.29688 2.29688 1.00710 1.00710 24 24 5 10 10 59.61862 7 1 1 0 0 7 0 102 109 5 0 0 2 0.71154 Architecture\Buildings\Metal\MetalBaseA1x1WinA02Full01.nif
1151 480 678 1176 1.41250 1.41250 1.01262 1.01262 88 88 5 33 32 132.00993 15 3 0 2 0 17 0 318 276 6 0 0 1 0.72055 Architecture\Buildings\Metal\MetalBaseB1x1CorDoor01.nif
1152 889 1076 1995 1.21035 1.21035 1.00677 1.00677 89 89 4 58 50 167.10905 23 0 0 5 0 28 0 637 379 8 0 0 1 0.83313 Architecture\Buildings\Metal\MetalBaseB1x1CorDoor01Full01.nif
1153 84 170 234 2.02381 2.02381 1.01261 1.01261 46 46 3 8 5 29.07537 4 1 0 0 0 4 0 80 77 16 0 0 3 0.74124 Architecture\Buildings\Metal\MetalBaseB1x1DoorSingle01.nif
1154 116 223 301 1.92241 1.92241 1.02545 1.02545 40 40 3 9 6 39.95263 5 1 0 0 0 5 0 102 103 8 0 0 4 0.75740 Architecture\Buildings\Metal\MetalBaseB1x1DoorSingle01Full01.nif
1155 44 90 123 2.04545 2.04545 1.02479 1.02479 24 24 3 4 4 43.10841 4 1 0 1 0 5 0 44 36 14 0 0 1 0.81329 Architecture\Buildings\Metal\MetalBaseB1x1Wall01.nif
1156 68 128 167 1.88235 1.88235 1.03501 1.03501 11 11 3 7 5 14.01579 5 2 0 1 0 6 0 64 50 12 0 0 2 0.92218 Architecture\Buildings\Metal\MetalBaseB1x1Wall01Full01.nif
1157 142 222 333 1.56338 1.56338 1.02503 1.02503 28 28 3 10 9 54.08852 7 2 0 1 0 8 0 100 100 14 0 0 1 0.83329 Architecture\Buildings\Metal\MetalBaseB1x1WinA01.nif
1158 236 311 521 1.31780 1.31780 1.01510 1.01510 11 11 4 18 12 19.06573 7 1 0 2 0 9 0 184 100 16 0 0 2 0.93077 Architecture\Buildings\Metal\MetalBaseB1x1WinA01Full01.nif
1159 283 713 928 2.54064 2.51943 1.01061 1.01061 42 42 3 20 13 122.95789 7 0 1 0 0 7 0 172 284 9 0 0 3 0.70000 Architecture\Buildings\Metal\MetalIntCeilingA1x1AngleA01.nif
1160 1184 3528 4531 2.98649 2.97973 1.00113 1.00113 307 307 5 77 58 128.08434 24 1 1 2 0 26 0 768 1570 6 0 0 3 0.77030 Architecture\Buildings\Metal\MetalIntCeilingA1x1Chunk02.nif
1161 461 1096 1698 2.44685 2.37961 1.00847 1.00847 62 62 3 31 29 92.15067 11 1 0 5 0 16 0 275 480 0 0 0 0 0.85366 Architecture\Buildings\Metal\MetalIntCeilingA1x1Cor01.nif
1162 272 692 859 2.54412 2.54412 1.01431 1.01431 78 78 2 19 11 28.31243 6 0 0 2 0 8 0 193 267 52 0 0 3 0.96693 Architecture\Buildings\Metal\MetalIntCeilingA1x1CorDamL01.nif
1163 864 2041 2905 2.36806 2.36227 1.00233 1.00233 157 157 5 57 52 201.21880 25 1 0 4 0 29 0 530 1043 6 0 0 2 0.74692 Architecture\Buildings\Metal\MetalIntCeilingA1x1CorDamL02.nif
1164 318 824 951 2.60692 2.59119 1.01051 1.01051 98 98 3 23 9 57.25438 6 1 1 1 0 7 0 225 351 13 0 0 3 0.83703 Architecture\Buildings\Metal\MetalIntCeilingA1x1CorDamR01.nif
1165 940 2060 2804 2.20426 2.19149 1.00637 1.00637 229 229 5 62 39 54.82829 18 0 0 2 0 20 0 607 1000 11 0 0 3 0.83512 Architecture\Buildings\Metal\MetalIntCeilingA1x1CorDamR02.nif
1166 176 445 552 2.52841 2.52841 1.01811 1.01811 63 63 2 13 8 64.10614 5 1 0 1 0 6 0 137 184 49 0 0 3 0.75000 Architecture\Buildings\Metal\MetalIntCeilingA1x1EndDamL01.nif
1167 248 570 769 2.29839 2.29839 1.01655 1.01655 84 84 4 18 14 17.73333 9 1 0 0 0 9 0 190 258 6 0 0 4 0.73333 Architecture\Buildings\Metal\MetalIntCeilingA1x1EndDamL02.nif
1168 32 88 88 2.75000 2.75000 1.00000 1.00000 12 12 1 4 0 0.00000 0 2 1 0 0 0 0 32 45 12 0 0 1 1.00000 Architecture\Buildings\Metal\MetalIntCeilingA1x1Mid01.nif
1169 244 597 809 2.44672 2.44672 1.00504 1.00504 134 134 3 17 14 22.59919 9 0 0 2 0 11 0 197 204 28 0 0 3 0.75000 Architecture\Buildings\Metal\MetalIntCeilingA1x1Mid01Dam01.nif
1170 32 86 86 2.68750 2.68750 1.02500 1.02500 12 12 1 4 0 0.00000 0 2 1 0 0 0 0 32 43 12 0 0 1 1.00000 Architecture\Buildings\Metal\MetalIntCeilingA1x1Mid02.nif
1171 2 4 4 2.00000 2.00000 1.00000 1.00000 4 4 1 1 0 0.00000 0 1 0 0 0 0 0 4 0 4 0 0 0 1.00000 Architecture\Buildings\Metal\MetalIntCeilingA1x1MidFlrOnly01.nif
1172 42 114 127 2.71429 2.71429 1.01806 1.01806 6 6 2 5 2 106.26913 2 2 1 1 0 3 0 37 63 6 0 0 0 0.74468 Architecture\Buildings\Metal\MetalIntCeilingA1x2AngleA01.nif
1173 708 1699 2557 2.40254 2.39972 1.00584 1.00584 118 118 5 47 50 137.94531 25 2 0 2 0 27 0 430 852 6 0 0 2 0.71841 Architecture\Buildings\Metal\MetalIntCeilingA1x2CorDamL01.nif
1174 806 1969 3365 2.45782 2.44293 1.00748 1.00748 130 130 5 54 68 192.04166 28 2 1 3 0 31 0 486 844 6 0 0 2 0.77731 Architecture\Buildings\Metal\MetalIntCeilingA1x2CorDamR01.nif
1175 1554 3729 4517 2.40991 2.39961 1.00170 1.00170 397 397 5 100 43 75.80057 19 1 0 2 0 21 0 980 1652 6 0 0 3 0.76316 Architecture\Buildings\Metal\MetalIntCeilingA2x2StrDam01.nif
1176 1217 2811 3920 2.32128 2.30978 1.00383 1.00383 260 260 6 78 62 117.10493 30 2 0 0 0 30 0 772 1391 10 0 0 3 0.81089 Architecture\Buildings\Metal\MetalIntCeilingA3x2EndCap01.nif
1177 12 14 28 1.16667 1.16667 1.14286 1.14286 14 14 3 1 2 18.31172 2 1 0 0 0 2 0 14 0 6 0 0 0 0.99978 Architecture\Buildings\Metal\MetalRoofC1x1EndHalfRound01.nif
1178 284 436 482 1.53521 1.53521 1.01055 1.01055 28 28 3 19 4 18.31172 4 2 0 0 0 4 0 168 179 12 0 0 1 0.98276 Architecture\Buildings\Metal\MetalRoofC1x1EndHalfRound01Full01.nif
1179 214 360 539 1.68224 1.68224 1.00000 1.00000 16 16 2 14 10 14.69660 4 0 0 0 0 4 0 133 183 18 0 0 2 0.80772 Architecture\Buildings\Metal\MetalRoofC1x1EndL01.nif
1180 376 628 1318 1.67021 1.67021 1.00560 1.00560 4 4 3 24 35 118.88093 10 0 1 2 0 12 0 183 348 13 0 0 1 0.87784 Architecture\Buildings\Metal\MetalRoofC1x1EndL01Full01.nif
1181 214 360 541 1.68224 1.68224 1.00000 1.00000 16 16 2 14 10 14.69659 4 0 0 0 0 4 0 133 183 18 0 0 2 0.80772 Architecture\Buildings\Metal\MetalRoofC1x1EndR01.nif
1182 376 628 1379 1.67021 1.67021 1.00560 1.00560 4 4 5 24 39 118.87303 12 0 1 3 0 15 0 183 348 16 0 0 1 0.87784 Architecture\Buildings\Metal\MetalRoofC1x1EndR01Full01.nif
1183 566 903 1737 1.59541 1.59541 1.00085 1.00085 16 16 3 37 44 127.66759 15 0 0 4 0 19 0 285 497 19 0 0 2 0.84995 Architecture\Buildings\Metal\MetalRoofC1x2Mid01.nif
1184 497 768 1290 1.61972 1.57545 1.00485 1.00485 145 145 5 34 32 169.93782 16 0 0 2 0 18 0 365 339 8 0 0 4 0.70660 Architecture\Buildings\Metal\MetalRoofC1x2WallCover01.nif
1185 552 911 1495 1.71739 1.67754 1.00502 1.00502 196 196 6 38 35 170.32013 18 2 0 1 0 19 0 429 392 8 0 0 4 0.70310 Architecture\Buildings\Metal\MetalRoofC1x2WallCover01Full01.nif
1186 72 168 226 2.33333 2.33333 1.00000 1.00000 0 0 3 5 5 13.33307 2 0 0 0 0 2 0 38 109 0 0 0 1 0.91859 Architecture\Buildings\Metal\MetalRoofD1x1CorCap01.nif
1187 134 307 404 2.29104 2.29104 1.00332 1.00332 8 8 2 9 6 11.13864 3 1 0 1 0 4 0 82 169 12 0 0 0 0.99003 Architecture\Buildings\Metal\MetalRoofD1x1CorIn01.nif
1188 82 189 262 2.30488 2.30488 1.01612 1.01612 4 4 4 6 6 39.03190 3 1 0 0 0 3 0 50 112 4 0 0 1 0.85207 Architecture\Buildings\Metal\MetalRoofD1x1Mid01.nif
1189 78 218 272 2.79487 2.79487 1.02701 1.02701 16 16 3 8 5 15.93568 5 3 0 0 0 5 0 72 78 14 0 0 2 0.83111 Architecture\Buildings\Metal\MetalTopA1x1CorL01.nif
1190 80 218 281 2.72500 2.72500 1.02554 1.02554 20 20 4 8 6 121.57261 5 4 0 0 0 5 0 80 74 8 0 0 1 0.80658 Architecture\Buildings\Metal\MetalTopA1x1CorR01.nif
1191 36 90 95 2.50000 2.50000 1.02151 1.02151 10 10 2 5 1 0.00001 1 3 0 0 0 1 0 36 30 4 0 0 1 1.00000 Architecture\Buildings\Metal\MetalTopA1x1Mid01.nif
1192 135 251 335 1.85926 1.85926 1.02024 1.02024 29 29 2 10 6 41.23833 4 1 0 1 0 5 0 109 118 16 0 0 2 0.81481 Architecture\Buildings\Metal\MetalTopA1x2Mid01.nif
1193 145 340 456 2.34483 2.34483 1.01245 1.01245 115 115 3 11 7 32.59881 5 2 0 0 0 5 0 161 122 8 0 0 4 0.73472 Architecture\Buildings\Metal\MetalTopC1x1WinA01.nif
1194 194 377 458 1.94330 1.94330 1.01101 1.01101 42 42 2 13 4 8.05851 2 0 0 0 0 2 0 138 133 36 0 0 4 0.75134 Architecture\Buildings\Metal\MetalTopC1x1WinA01Dam01.nif
1195 169 387 532 2.28994 2.28994 1.00253 1.00253 151 151 2 11 7 33.49067 5 0 0 2 0 7 0 200 127 88 0 0 2 0.86885 Architecture\Buildings\Metal\MetalTopC1x2Wall01.nif
1196 203 541 714 2.66502 2.66502 1.01712 1.01712 123 123 3 14 11 59.51680 7 2 0 0 0 7 0 213 161 12 0 0 2 0.71429 Architecture\Buildings\Metal\MetalTopC1x2Wall01Dam01.nif
1197 146 392 506 2.68493 2.68493 1.01631 1.01631 94 94 2 11 7 72.16902 5 1 0 2 0 7 0 155 106 59 0 0 1 0.73762 Architecture\Buildings\Metal\MetalTopC1x2Wall01Dam02.nif
1198 127 353 464 2.77953 2.77953 1.01344 1.01344 87 87 2 10 6 8.72148 3 2 0 0 0 3 0 143 98 75 0 0 2 0.82992 Architecture\Buildings\Metal\MetalTopC1x2Wall01Dam03.nif
1199 124 342 363 2.75806 2.75806 1.00573 1.00573 50 50 2 10 2 8.91424 2 0 0 1 0 3 0 128 153 18 0 0 4 0.79487 Architecture\Buildings\Metal\MetalTopC1x2WinA01.nif
1200 319 685 923 2.15987 2.15674 1.00747 1.00747 195 195 2 22 13 136.02022 6 0 0 2 0 8 0 306 257 128 0 0 3 0.77393 Architecture\Buildings\Metal\MetalTopC1x2WinA01Full01.nif
1201 269 655 838 2.43494 2.43494 1.00142 1.00142 149 149 2 19 10 136.02022 4 0 0 0 0 4 0 259 257 90 0 0 5 0.76846 Architecture\Buildings\Metal\MetalTopC1x2WinA02.nif
1202 58 154 192 2.65517 2.65517 1.01311 1.01311 12 12 3 5 3 23.05800 2 1 0 1 0 3 0 40 83 6 0 0 0 0.93772 Architecture\Buildings\Metal\MetalTopD1x1CorWin01.nif
1203 126 340 430 2.69841 2.69841 1.01176 1.01176 0 0 3 10 6 27.51137 4 1 0 0 0 4 0 97 148 13 0 0 3 0.86086 Architecture\Buildings\Metal\MetalTopD1x1CorWin01Full01.nif
1204 156 387 587 2.48077 2.48077 1.00266 1.00266 12 12 5 11 13 89.21899 8 1 0 0 0 8 0 103 215 4 0 0 2 0.73926 Architecture\Buildings\Metal\MetalTopD2x1WinA01.nif
1205 222 578 804 2.60360 2.60360 1.00372 1.00372 3 3 4 15 14 43.00775 8 0 0 0 0 8 0 128 337 4 0 0 3 0.78070 Architecture\Buildings\Metal\MetalTopD2x1WinA01Full01.nif
1206 242 618 908 2.55372 2.55372 1.00341 1.00341 51 51 4 17 18 43.00775 11 1 0 0 0 11 0 164 353 20 0 0 2 0.76390 Architecture\Buildings\Metal\MetalTopD2x1WinA01Full02.nif
1207 82 173 236 2.10976 2.10976 1.01428 1.01428 8 8 4 7 5 50.62500 4 1 0 1 0 5 0 59 85 3 0 0 1 0.89720 Architecture\Buildings\Metal\MetalTopD2x1WinB01.nif
1208 138 323 433 2.34058 2.34058 1.00271 1.00271 0 0 3 11 9 23.33105 5 2 0 0 0 5 0 98 151 12 0 0 2 0.87122 Architecture\Buildings\Metal\MetalTopD2x1WinB01Full01.nif
1209 80 102 191 1.27500 1.27500 1.02222 1.02222 22 22 5 5 7 49.59472 6 2 0 0 0 6 0 62 33 6 0 0 0 0.88889 Architecture\Buildings\Metal\MetalTopE1x1CorWin01.nif
1210 224 264 483 1.17857 1.17857 1.00000 1.00000 0 0 3 15 12 73.93172 7 0 0 1 0 8 0 174 62 23 0 0 3 0.77456 Architecture\Buildings\Metal\MetalTopE1x1CorWin01Full01.nif
1211 62 124 143 2.00000 2.00000 1.00000 1.00000 35 35 2 5 1 26.26423 1 1 0 0 0 1 0 52 61 17 0 0 2 0.91202 Architecture\Buildings\Metal\MetalTopE1x1DoorSingle01.nif
1212 78 155 198 1.98718 1.98718 1.00652 1.00652 30 30 3 6 4 72.34111 3 1 0 0 0 3 0 56 86 8 0 0 2 0.73276 Architecture\Buildings\Metal\MetalTopE1x1DoorSingle01Full01.nif
1213 20 46 61 2.30000 2.30000 1.04286 1.04286 16 16 3 3 2 28.20759 2 2 0 0 0 2 0 20 18 6 0 0 0 0.89333 Architecture\Buildings\Metal\MetalTopE1x1Wall01.nif
1214 36 82 93 2.27778 2.27778 1.02422 1.02422 8 8 2 4 1 21.60178 1 1 0 0 0 1 0 24 48 4 0 0 1 0.91012 Architecture\Buildings\Metal\MetalTopE1x1Wall01Full01.nif
1215 32 70 80 2.18750 2.18750 1.02841 1.02841 12 12 2 3 1 20.93345 1 1 0 0 0 1 0 24 40 4 0 0 1 0.91012 Architecture\Buildings\Metal\MetalTopE1x1WinA01.nif
1216 192 194 394 1.03125 1.03125 1.00833 1.00833 8 8 5 14 13 20.93345 8 0 1 1 0 9 0 124 37 5 0 0 1 0.73261 Architecture\Buildings\Metal\MetalTopE1x1WinA01Full01.nif
1217 150 190 257 1.26667 1.26667 1.01591 1.01591 4 4 3 11 3 20.93345 2 0 0 0 0 2 0 104 49 8 0 0 3 0.90350 Architecture\Buildings\Metal\MetalTopE1x1WinA01Full01Dam01.nif
1218 145 169 306 1.16552 1.16552 1.02107 1.02107 11 11 4 11 10 27.15051 6 0 0 0 0 6 0 100 52 8 0 0 3 0.72933 Architecture\Buildings\Metal\MetalTopE1x1WinA01Full01Dam02.nif
1219 146 182 251 1.24658 1.24658 1.00761 1.00761 6 6 3 11 4 27.04420 3 0 0 0 0 3 0 102 53 8 0 0 3 0.75074 Architecture\Buildings\Metal\MetalTopE1x1WinA01Full01Dam03.nif
1220 4 12 12 3.00000 3.00000 1.00000 1.00000 6 6 1 1 0 0.00000 0 1 0 0 0 0 0 6 3 6 0 0 0 1.00000 Architecture\Buildings\NeoClassical\NCA1x1BaseCorner01.nif
1221 2 4 4 2.00000 2.00000 1.00000 1.00000 4 4 1 1 0 0.00000 0 1 0 0 0 0 0 4 0 4 0 0 0 1.00000 Architecture\Buildings\NeoClassical\NCA1x1BaseWall01.nif
1222 2 4 4 2.00000 2.00000 1.00000 1.00000 4 4 1 1 0 0.00000 0 1 0 0 0 0 0 4 0 4 0 0 0 1.00000 Architecture\Buildings\NeoClassical\NCA1x1Half.nif
1223 4 12 12 3.00000 3.00000 1.00000 1.00000 6 6 1 1 0 0.00000 0 1 0 0 0 0 0 6 3 6 0 0 0 1.00000 Architecture\Buildings\NeoClassical\NCA1x1HalfCorner01.nif
1224 26 58 83 2.23077 2.23077 1.03448 1.03448 30 30 3 2 2 80.00009 2 0 0 1 0 3 0 30 16 8 0 0 0 0.77288 Architecture\Buildings\NeoClassical\NCA1x1ParapetA01.nif
1225 52 128 162 2.46154 2.46154 1.00000 1.00000 34 34 2 4 2 33.94112 1 0 0 0 0 1 0 45 36 24 0 0 1 0.96285 Architecture\Buildings\NeoClassical\NCA1x1ParapetACorner01.nif
1226 46 122 122 2.65217 2.65217 1.01639 1.01639 28 28 1 3 0 0.00000 0 0 0 0 0 0 0 39 32 28 0 0 1 1.00000 Architecture\Buildings\NeoClassical\NCA1x1ParapetACorner02.nif
1227 52 126 175 2.42308 2.42308 1.01587 1.01587 34 34 3 4 3 32.80732 2 0 0 0 0 2 0 45 38 14 0 0 1 0.94978 Architecture\Buildings\NeoClassical\NCA1x1ParapetACornerIn01.nif
1228 26 44 60 1.69231 1.69231 1.00000 1.00000 4 4 3 2 2 39.52047 2 0 0 0 0 2 0 16 28 0 0 0 1 0.75089 Architecture\Buildings\NeoClassical\NCA1x1ParapetB01.nif
1229 40 87 115 2.17500 2.17500 1.01149 1.01149 6 6 3 3 3 39.23984 2 0 0 0 0 2 0 24 53 4 0 0 1 0.72070 Architecture\Buildings\NeoClassical\NCA1x1ParapetBCorner01.nif
1230 24 58 68 2.41667 2.41667 1.03448 1.03448 0 0 2 2 1 7.76114 1 0 0 0 0 1 0 14 43 0 0 0 1 1.00000 Architecture\Buildings\NeoClassical\NCA1x1ParapetBCorner02.nif
1231 40 86 115 2.15000 2.15000 1.02326 1.02326 6 6 3 3 3 39.23983 2 0 0 0 0 2 0 24 54 5 0 0 1 0.84680 Architecture\Buildings\NeoClassical\NCA1x1ParapetBCornerIn01.nif
1232 40 86 115 2.15000 2.15000 1.02326 1.02326 6 6 3 3 3 39.80259 2 0 0 0 0 2 0 24 58 4 0 0 1 0.84192 Architecture\Buildings\NeoClassical\NCA1x1ParapetBCornerIn02.nif
1233 2 4 4 2.00000 2.00000 1.00000 1.00000 4 4 1 1 0 0.00000 0 1 0 0 0 0 0 4 0 4 0 0 0 1.00000 Architecture\Buildings\NeoClassical\NCA1x1Roof01.nif
1234 14 36 47 2.57143 2.57143 1.11209 1.11209 18 18 2 2 1 19.31053 1 1 0 0 0 1 0 22 7 11 0 0 1 0.70000 Architecture\Buildings\NeoClassical\NCA1x1RoofAFrame01.nif
1235 48 130 154 2.70833 2.70833 1.01521 1.01521 16 16 2 4 2 19.47443 1 1 0 0 0 1 0 35 65 10 0 0 1 0.93365 Architecture\Buildings\NeoClassical\NCA1x1RoofAFrameWall01.nif
1236 2 6 6 3.00000 3.00000 1.33333 1.33333 4 4 1 1 0 0.00000 0 1 0 0 0 0 0 4 0 4 0 0 0 1.00000 Architecture\Buildings\NeoClassical\NCA1x1RoofCorner01.nif
1237 2 4 4 2.00000 2.00000 1.00000 1.00000 4 4 1 1 0 0.00000 0 1 0 0 0 0 0 4 0 4 0 0 0 1.00000 Architecture\Buildings\NeoClassical\NCA1x1RoofFlat01.nif
1238 2 4 4 2.00000 2.00000 1.00000 1.00000 4 4 1 1 0 0.00000 0 1 0 0 0 0 0 4 0 4 0 0 0 1.00000 Architecture\Buildings\NeoClassical\NCA1x1Wall01.nif
1239 528 994 1589 2.08333 1.88258 1.00392 1.00392 76 76 4 35 34 113.32433 20 2 0 3 0 23 0 403 269 47 0 0 0 0.72923 Architecture\Buildings\NeoClassical\NCA1x1Win01.nif
1240 97 225 308 2.31959 2.31959 1.01474 1.01474 23 23 4 8 6 61.01024 5 1 0 1 0 6 0 99 92 7 0 0 1 0.75610 Architecture\Buildings\NeoClassical\NCA1x1Win02.nif
1241 47 121 133 2.57447 2.57447 1.05959 1.05959 31 31 2 5 1 0.00334 1 1 0 1 0 2 0 57 33 13 0 0 2 1.00000 Architecture\Buildings\NeoClassical\NCA1x1Win03.nif
1242 95 215 277 2.26316 2.26316 1.03985 1.03985 22 22 2 8 6 13.83921 4 1 0 1 0 5 0 96 36 47 0 0 2 0.91389 Architecture\Buildings\NeoClassical\NCA1x1Win04.nif
1243 4 8 8 2.00000 2.00000 1.00000 1.00000 6 6 1 1 0 0.00000 0 1 0 0 0 0 0 6 2 6 0 0 0 1.00000 Architecture\Buildings\NeoClassical\NCA1x1XCorner01.nif
1244 4 8 8 2.00000 2.00000 1.00000 1.00000 6 6 1 1 0 0.00000 0 1 0 0 0 0 0 6 2 6 0 0 0 1.00000 Architecture\Buildings\NeoClassical\NCA1x1XCornerIn01.nif
1245 429 747 1299 2.00466 1.76923 1.00510 1.00510 111 111 7 28 27 225.27158 13 1 0 2 0 15 0 277 345 10 0 0 1 0.91301 Architecture\Buildings\NeoClassical\NCA2x1Arch01.nif
1246 389 638 973 1.87918 1.67095 1.00893 1.00893 83 83 3 26 18 27.00264 10 1 0 0 0 10 0 298 217 18 0 0 3 0.88889 Architecture\Buildings\NeoClassical\NCA2x1Door02.nif
1247 618 1090 1867 1.92880 1.78317 1.00570 1.00570 129 129 5 40 38 530.23224 20 0 0 3 0 23 0 518 337 7 0 0 2 0.76876 Architecture\Buildings\NeoClassical\NCA2x1DoorMetro01.nif
1248 206 461 563 2.26699 2.23786 1.02775 1.02775 122 122 2 15 6 53.25121 4 1 0 1 0 5 0 205 181 41 0 0 4 0.72840 Architecture\Buildings\NeoClassical\NCA2x1StoreFront01.nif
1249 406 772 1049 2.14286 1.92611 1.00757 1.00757 179 179 3 28 14 56.62500 7 1 0 1 0 8 0 332 209 27 0 0 5 0.72304 Architecture\Buildings\NeoClassical\NCA2x1StoreFront02.nif
1250 136 335 419 2.46324 2.46324 1.02616 1.02616 62 62 2 11 6 65.89088 4 2 0 0 0 4 0 132 147 45 0 0 3 0.81221 Architecture\Buildings\NeoClassical\NCA2x1StoreFront03.nif
1251 210 515 693 2.45238 2.45238 1.00894 1.00894 102 102 4 16 11 55.93116 8 3 0 0 0 8 0 230 180 8 0 0 4 0.73036 Architecture\Buildings\NeoClassical\NCA2x1StoreFront04.nif
1252 2 6 6 3.00000 3.00000 1.33333 1.33333 4 4 1 1 0 0.00000 0 1 0 0 0 0 0 4 0 4 0 0 0 1.00000 Architecture\Buildings\NeoClassical\NCA2x1Wall01.nif
1253 68 142 189 2.08824 2.08824 1.04623 1.04623 16 16 4 6 5 32.00000 4 2 0 0 0 4 0 52 75 4 0 0 1 0.78091 Architecture\Buildings\NeoClassical\NCA2x1Win01.nif
1254 401 658 1227 1.93267 1.67082 1.00775 1.00775 90 90 6 27 29 176.06757 17 2 0 2 0 19 0 300 185 9 0 0 1 0.78727 Architecture\Buildings\NeoClassical\NCA2x1Win02.nif
1255 60 128 148 2.13333 2.13333 1.03473 1.03473 22 22 2 5 1 7.15541 1 1 0 0 0 1 0 62 46 16 0 0 2 0.83889 Architecture\Buildings\NeoClassical\NCA2x1Win03.nif
1256 522 936 1499 2.01533 1.79310 1.00274 1.00274 80 80 4 35 32 68.39383 18 2 0 3 0 21 0 388 283 16 0 0 0 0.84042 Architecture\Buildings\NeoClassical\NCA2x1Win04.nif
1257 79 207 264 2.62025 2.62025 1.00552 1.00552 31 31 4 8 5 8.54688 4 1 0 1 0 5 0 81 75 7 0 0 2 0.97030 Architecture\Buildings\NeoClassical\NCA2x1Win05.nif
1258 197 447 647 2.27919 2.27919 1.00354 1.00354 43 43 4 13 12 128.00000 7 0 0 2 0 9 0 199 180 12 0 0 1 0.72727 Architecture\Buildings\NeoClassical\NCA2x1Win06.nif
1259 8 20 20 2.50000 2.50000 1.00000 1.00000 8 8 1 1 0 0.00000 0 0 0 1 0 1 0 9 5 8 0 0 0 1.00000 Architecture\Buildings\NeoClassical\NCA2x1XCorner01.nif
1260 8 20 20 2.50000 2.50000 1.00000 1.00000 8 8 1 1 0 0.00000 0 0 0 1 0 1 0 9 5 8 0 0 0 1.00000 Architecture\Buildings\NeoClassical\NCA2x1XCornerIn01.nif
1261 393 892 1222 2.31298 2.27226 1.01262 1.01262 219 219 4 28 17 137.79652 10 1 0 1 0 11 0 442 309 8 0 0 5 0.76817 Architecture\Buildings\NeoClassical\NCA2x2StoreFront01.nif
1262 503 1076 1551 2.15308 2.13916 1.00752 1.00752 236 236 4 34 29 313.57953 19 2 1 1 0 20 0 460 299 33 0 0 4 0.74563 Architecture\Buildings\NeoClassical\NCA2x2StoreFront02.nif
1263 60 126 167 2.13333 2.10000 1.01333 1.01333 8 8 3 5 3 20.83129 2 1 0 0 0 2 0 40 78 8 0 0 1 0.88974 Architecture\Buildings\NeoClassical\NCAAddOnWin01.nif
1264 26 62 72 2.38462 2.38462 1.02564 1.02564 4 4 2 3 1 11.37699 1 1 0 0 0 1 0 20 36 8 0 0 1 0.73599 Architecture\Buildings\NeoClassical\NCAAddOnWin02.nif
1265 36 96 108 2.72222 2.66667 1.00000 1.00000 6 6 2 4 1 4.14345 1 1 0 0 0 1 0 26 58 8 0 0 1 0.95097 Architecture\Buildings\NeoClassical\NCAAddOnWin03.nif
1266 182 269 404 1.76374 1.47802 1.00815 1.00815 44 44 3 12 9 5.91462 6 1 0 1 0 7 0 129 68 6 0 0 1 0.96107 Architecture\Buildings\NeoClassical\NCAAddOnWin04.nif
1267 273 377 681 1.75824 1.41758 1.00724 1.00724 45 45 3 18 18 13.75464 10 2 0 1 0 11 0 183 120 32 0 0 0 0.80732 Architecture\Buildings\NeoClassical\NCAAddOnWin05.nif
1268 68 132 167 1.94118 1.94118 1.02523 1.02523 34 34 2 6 2 2.77669 1 2 0 0 0 1 0 56 47 20 0 0 1 0.93395 Architecture\Buildings\NeoClassical\NCAAddOnWin06.nif
1269 158 246 429 1.77215 1.55696 1.01803 1.01803 42 42 3 11 12 7.93438 7 2 0 1 0 8 0 116 82 30 0 0 0 0.89274 Architecture\Buildings\NeoClassical\NCAAddOnWin07.nif
1270 9932 16136 27983 1.86015 1.62586 1.00091 1.00091 4520 4520 6 624 545 1041.91785 225 0 0 47 0 272 0 7813 4148 7 0 0 4 0.71949 Architecture\Buildings\Residential\Res01Modern01RR.nif
1271 11761 17561 30663 1.75546 1.49426 1.00072 1.00072 4226 4226 7 741 607 1172.37537 256 0 1 19 0 272 3 8617 4713 7 0 0 10 0.73624 Architecture\Buildings\Residential\Res01Modern02RR.nif
1272 9688 15138 26536 1.79758 1.56637 1.00122 1.00122 3398 3398 6 612 542 1317.97510 234 2 0 34 1 268 0 7238 4191 8 0 0 5 0.71204 Architecture\Buildings\Residential\Res01Modern03RR.nif
1273 10166 16197 28517 1.83858 1.59443 1.00176 1.00176 3678 3678 6 642 594 1023.24060 242 0 1 38 0 279 1 7623 4509 7 0 0 6 0.71075 Architecture\Buildings\Residential\Res01Modern04RR.nif
1274 12429 18952 34011 1.69008 1.52973 1.00104 1.00104 4781 4781 5 781 684 1171.92480 291 0 0 54 0 345 0 9359 4875 19 0 0 8 0.70451 Architecture\Buildings\Residential\Res01Modern05RR.nif
1275 1310 1622 3142 1.59237 1.25038 1.00336 1.00336 764 764 4 85 66 761.00635 31 3 0 5 0 36 0 1139 222 15 0 0 1 0.73296 Architecture\Buildings\Residential\Res01ModernCarport01RR.nif
1276 459 803 1253 1.74946 1.74946 1.00496 1.00496 153 153 4 31 22 306.97351 12 2 0 1 0 13 0 369 200 20 0 0 3 0.72510 Architecture\Buildings\Residential\Res01ModernCarport03RR.nif
1277 1104 1842 3180 1.75906 1.66848 1.00286 1.00286 661 661 4 73 64 668.30731 30 2 0 2 0 32 0 1041 442 20 0 0 5 0.74461 Architecture\Buildings\Residential\Res01ModernCarportgarage01RR.nif
1278 1175 1839 3002 1.56511 1.56511 1.00282 1.00282 384 384 5 75 55 348.60202 24 1 0 1 0 25 0 854 505 6 0 0 4 0.71951 Architecture\Buildings\Residential\Res01ModernDormer02RR.nif
1279 5963 9143 16198 1.74325 1.54369 1.00172 1.00172 2947 2947 6 379 324 826.33929 148 3 0 24 0 172 0 4832 2120 14 0 0 7 0.70000 Architecture\Buildings\Residential\Res01ModernEndLeft01RR.nif
1280 17554 30105 52226 1.97243 1.71915 1.00246 1.00060 7000 7000 9 1103 994 1471.03076 417 4 1 79 1 491 5 13586 6778 4 0 0 5 0.72942 Architecture\Buildings\Residential\Res01ModernRubble01.nif
1281 4714 8768 14417 2.11752 1.86020 1.00166 1.00166 2024 2024 6 300 267 436.30298 117 2 0 24 1 141 0 3603 1598 10 0 0 2 0.73311 Architecture\Buildings\Residential\Res01ModernRubbleMed01.nif
1282 7454 10574 17807 1.62450 1.42286 1.00086 1.00086 2547 2547 5 471 346 1769.68286 148 0 1 14 1 162 0 5216 3156 15 0 0 6 0.71024 Architecture\Buildings\Residential\Res01PlayerHouseRR.nif
1283 2 6 6 3.00000 3.00000 1.33333 1.33333 4 4 1 1 0 0.00000 0 1 0 0 0 0 0 4 0 4 0 0 0 1.00000 Architecture\Buildings\Shell\BldgShellBrickAnlge45Wall04flat.nif
1284 18 46 46 2.55556 2.55556 1.03704 1.03704 36 36 1 3 0 0.00000 0 1 0 0 0 0 0 36 0 36 0 0 2 1.00000 Architecture\Buildings\Shell\BldgShellBrickAnlge45Win01Flat.nif
1285 3248 3520 6220 1.79741 1.10468 1.00084 1.00084 50 50 2 205 120 12.29589 50 0 0 1 0 51 0 1738 1621 38 0 0 3 0.88144 Architecture\Buildings\Shell\BldgShellBrickAnlge45WinDam02.nif
1286 5321 5672 12357 1.78613 1.08626 1.00030 1.00030 38 38 9 334 315 409.98767 137 1 0 18 1 150 5 2804 2684 10 0 0 0 0.73422 Architecture\Buildings\Shell\BldgShellBrickCornerDam01.nif
1287 4081 4388 9639 1.78461 1.09654 1.00066 1.00066 117 117 8 257 251 174.58041 113 1 1 14 1 123 4 2196 2043 4 0 0 0 0.70432 Architecture\Buildings\Shell\BldgShellBrickCornerDam02.nif
1288 3923 4139 7566 1.76396 1.07647 1.00012 1.00012 101 101 6 246 151 24.20304 69 2 0 0 0 69 0 2102 1966 12 0 0 1 0.72492 Architecture\Buildings\Shell\BldgShellBrickCornerDam03.nif
1289 28 58 78 2.07143 2.07143 1.05714 1.05714 10 10 3 3 3 15.99999 3 3 0 0 0 3 0 28 24 6 0 0 0 0.93333 Architecture\Buildings\Shell\BldgShellBrickCornerWall01.nif
1290 132 299 421 2.26515 2.26515 1.02166 1.02166 58 58 4 10 9 41.22384 7 2 0 1 0 8 0 124 119 6 0 0 1 0.75348 Architecture\Buildings\Shell\BldgShellBrickCornerWin02.nif
1291 1620 1862 3769 1.80679 1.16790 1.00205 1.00205 64 64 5 104 90 125.34682 43 1 0 6 0 49 0 904 832 0 0 0 2 0.73408 Architecture\Buildings\Shell\BldgShellBrickCornerWin03.nif
1292 317 611 852 2.04416 1.92744 1.01113 1.01113 85 85 5 22 13 50.64449 8 0 0 1 0 9 0 263 222 9 0 0 3 0.79070 Architecture\Buildings\Shell\BldgShellBrickCornerWin03L.nif
1293 4315 4730 9955 1.79583 1.11564 1.00100 1.00100 69 69 3 271 241 297.34503 102 0 0 1 0 103 0 2309 2239 61 0 0 2 0.74100 Architecture\Buildings\Shell\BldgShellBrickCornerWinDam01.nif
1294 5034 5628 11886 1.80075 1.13786 1.00044 1.00044 124 124 6 316 299 217.52788 123 1 2 1 0 124 0 2729 2423 5 0 0 2 0.82301 Architecture\Buildings\Shell\BldgShellBrickCornerWinDam02.nif
1295 74 188 223 2.54054 2.54054 1.02189 1.02189 34 34 2 6 3 15.72259 3 0 0 1 0 4 0 62 101 16 0 0 2 0.75976 Architecture\Buildings\Shell\BldgShellBrickDoor01.nif
1296 75 199 249 2.65333 2.65333 1.02654 1.02654 33 33 2 7 4 15.97118 3 0 0 0 0 3 0 66 92 21 0 0 3 0.86979 Architecture\Buildings\Shell\BldgShellBrickDoor01B.nif
1297 143 361 433 2.52448 2.52448 1.00899 1.00899 43 43 2 12 6 13.96824 4 1 0 1 0 5 0 117 188 27 0 0 3 0.81716 Architecture\Buildings\Shell\BldgShellBrickDoor02.nif
1298 74 186 226 2.51351 2.51351 1.01113 1.01113 34 34 3 6 4 15.67891 4 1 0 0 0 4 0 62 100 4 0 0 2 0.75802 Architecture\Buildings\Shell\BldgShellBrickDoorDouble01.nif
1299 68 180 208 2.64706 2.64706 1.02271 1.02271 28 28 2 6 2 15.95146 2 0 0 0 0 2 0 60 89 25 0 0 3 0.75743 Architecture\Buildings\Shell\BldgShellBrickDoorDouble01b.nif
1300 12 34 34 2.83333 2.83333 1.05556 1.05556 0 0 1 2 0 0.00000 0 1 0 0 0 0 0 12 14 0 0 0 1 1.00000 Architecture\Buildings\Shell\BldgShellBrickWall01.nif
1301 2 4 4 2.00000 2.00000 1.00000 1.00000 4 4 1 1 0 0.00000 0 1 0 0 0 0 0 4 0 4 0 0 0 1.00000 Architecture\Buildings\Shell\BldgShellBrickWall01Flat.nif
1302 12 34 34 2.83333 2.83333 1.05556 1.05556 0 0 1 3 0 0.00000 0 2 1 0 0 0 0 16 6 0 0 0 0 1.00000 Architecture\Buildings\Shell\BldgShellBrickWall02.nif
1303 4163 4328 9569 1.75907 1.06053 1.00126 1.00126 47 47 8 262 245 176.84569 107 0 0 17 1 121 3 2178 2054 6 0 0 0 0.92208 Architecture\Buildings\Shell\BldgShellBrickWallHole01.nif
1304 2069 2155 4723 1.76075 1.06622 1.00048 1.00048 29 29 4 131 120 133.64833 54 0 0 1 0 55 0 1092 1023 6 0 0 2 0.79888 Architecture\Buildings\Shell\BldgShellBrickWallTrim01.nif
1305 2069 2151 4632 1.76075 1.06138 1.00048 1.00048 29 29 4 131 121 141.25693 51 0 1 0 0 51 0 1092 1029 6 0 0 3 0.78462 Architecture\Buildings\Shell\BldgShellBrickWallTrim01L.nif
1306 2222 2331 5080 1.77093 1.06976 1.00139 1.00139 70 70 4 140 128 101.24532 54 0 0 0 0 54 0 1193 1111 7 0 0 3 0.70492 Architecture\Buildings\Shell\BldgShellBrickWallTrim02.nif
1307 2051 2159 4639 1.75232 1.07314 1.00299 1.00299 68 68 3 130 115 29.24142 48 0 0 1 0 49 0 1105 1020 73 0 0 3 0.71459 Architecture\Buildings\Shell\BldgShellBrickWallTrim02L.nif
1308 2327 2479 5264 1.78212 1.08638 1.00166 1.00166 51 51 3 147 132 29.06635 56 0 0 0 0 56 0 1236 1152 39 0 0 3 0.70375 Architecture\Buildings\Shell\BldgShellBrickWallTrim03.nif
1309 2048 2185 4702 1.75488 1.08691 1.00098 1.00098 74 74 5 130 123 140.72815 55 1 0 8 0 63 0 1106 1041 6 0 0 1 0.82304 Architecture\Buildings\Shell\BldgShellBrickWallTrim03L.nif
1310 1883 1960 4060 1.74031 1.06160 1.00142 1.00142 35 35 3 119 100 44.43544 47 0 0 0 0 47 0 1005 935 19 0 0 3 0.80394 Architecture\Buildings\Shell\BldgShellBrickWallTrimBtm01.nif
1311 1582 1600 3506 1.69785 1.03224 1.00231 1.00231 32 32 4 100 95 99.08080 43 0 0 6 0 49 0 848 745 8 0 0 1 0.71681 Architecture\Buildings\Shell\BldgShellBrickWallTrimBtm02.nif
1312 2134 2230 4696 1.76054 1.06467 1.00048 1.00048 23 23 4 134 123 24.46212 55 1 0 0 0 55 0 1133 1068 5 0 0 2 0.72438 Architecture\Buildings\Shell\BldgShellBrickWallTrimHalf01.nif
1313 2392 2526 5708 1.78052 1.07609 1.00163 1.00163 36 36 6 151 153 211.53236 65 2 0 11 0 76 0 1269 1203 19 0 0 0 0.71875 Architecture\Buildings\Shell\BldgShellBrickWallTrimHalf01L.nif
1314 1949 2072 4465 1.75423 1.08261 1.00156 1.00156 81 81 4 124 117 43.53524 53 0 0 7 0 60 0 1059 953 83 0 0 2 0.71080 Architecture\Buildings\Shell\BldgShellBrickWallTrimHalf02.nif
1315 1926 2029 3661 1.75182 1.07217 1.00263 1.00263 68 68 4 122 75 15.92317 31 0 0 1 0 32 0 1039 953 7 0 0 2 0.74958 Architecture\Buildings\Shell\BldgShellBrickWallTrimHalf02L.nif
1316 2001 2111 3863 1.76462 1.07296 1.00133 1.00133 103 103 4 127 76 15.99183 35 1 0 0 0 35 0 1087 992 4 0 0 2 0.77245 Architecture\Buildings\Shell\BldgShellBrickWallTrimHalf03.nif
1317 1835 1950 4315 1.74932 1.08065 1.00247 1.00247 75 75 4 116 116 44.01452 51 0 0 7 0 58 0 997 912 46 0 0 2 0.80228 Architecture\Buildings\Shell\BldgShellBrickWallTrimHalf03L.nif
1318 1276 1373 2828 1.76019 1.09561 1.00336 1.00336 26 26 4 81 73 20.85621 37 1 0 1 0 38 0 686 648 5 0 0 1 0.72114 Architecture\Buildings\Shell\BldgShellBrickWallTrimHalf04.nif
1319 1552 1651 3803 1.76224 1.08505 1.00193 1.00193 30 30 5 99 106 87.20471 46 2 0 6 0 52 0 830 779 38 0 0 0 0.71257 Architecture\Buildings\Shell\BldgShellBrickWallTrimHalf04L.nif
1320 1211 1282 2729 1.73906 1.07845 1.00142 1.00142 51 51 3 77 68 26.88129 30 0 0 0 0 30 0 663 602 21 0 0 3 0.85665 Architecture\Buildings\Shell\BldgShellBrickWallTrimHalf05.nif
1321 1189 1278 2680 1.73003 1.09167 1.00340 1.00340 51 51 3 76 66 21.09868 30 0 0 0 0 30 0 655 589 34 0 0 3 0.84232 Architecture\Buildings\Shell\BldgShellBrickWallTrimHalf05L.nif
1322 1546 1641 3514 1.75097 1.08279 1.00323 1.00323 30 30 4 98 86 40.01064 38 0 0 1 0 39 0 827 776 7 0 0 2 0.81845 Architecture\Buildings\Shell\BldgShellBrickWallTrimTop01.nif
1323 4 10 10 2.50000 2.50000 1.16667 1.16667 8 8 1 2 0 0.00000 0 2 0 0 0 0 0 8 0 8 0 0 0 1.00000 Architecture\Buildings\Shell\BldgShellBrickWin01BFlat.nif
1324 8 18 18 2.25000 2.25000 1.08333 1.08333 16 16 1 3 0 0.00000 0 3 0 0 0 0 0 16 0 16 0 0 0 1.00000 Architecture\Buildings\Shell\BldgShellBrickWin01Flat.nif
1325 12 34 34 2.83333 2.83333 1.17172 1.17172 8 8 1 3 0 0.00000 0 2 1 0 0 0 0 16 8 8 0 0 0 1.00000 Architecture\Buildings\Shell\BldgShellBrickWin01NB.nif
1326 63 156 198 2.47619 2.47619 1.02428 1.02428 33 33 3 5 4 35.37500 4 0 0 1 0 5 0 62 47 4 0 0 2 0.86715 Architecture\Buildings\Shell\BldgShellBrickWin02.nif
1327 6 16 16 2.66667 2.66667 1.00000 1.00000 12 12 1 2 0 0.00000 0 2 0 0 0 0 0 12 0 12 0 0 0 1.00000 Architecture\Buildings\Shell\BldgShellBrickWin02BFlat.nif
1328 10 24 24 2.40000 2.40000 1.00000 1.00000 20 20 1 3 0 0.00000 0 3 0 0 0 0 0 20 0 20 0 0 0 1.00000 Architecture\Buildings\Shell\BldgShellBrickWin02Flat.nif
1329 4392 4582 10019 1.76525 1.06375 1.00045 1.00045 20 20 8 276 269 264.67352 126 2 0 13 0 136 3 2295 2195 0 0 0 1 0.71007 Architecture\Buildings\Shell\BldgShellBrickWinDam01.nif
1330 113 260 315 2.30088 2.30088 1.01509 1.01509 3 3 2 9 4 22.52744 2 0 0 0 0 2 0 84 126 10 0 0 4 0.91303 Architecture\Buildings\Shell\BldgShellBrickWinOut01.nif
1331 282 506 753 1.90426 1.79433 1.01727 1.01727 39 39 3 19 14 26.13322 7 0 0 1 0 8 0 212 220 19 0 0 2 0.86536 Architecture\Buildings\Shell\BldgShellBrickWinOutDam01.nif
1332 380 997 1006 2.62895 2.62368 1.00808 1.00808 160 160 2 26 1 15.36212 1 0 0 1 0 2 0 308 544 8 0 0 3 0.96466 Architecture\Buildings\Shell\BldgShellMetalRoof01.nif
1333 38 94 120 2.47368 2.47368 1.02288 1.02288 4 4 3 4 3 51.66460 3 1 1 0 0 3 0 34 45 8 0 0 1 0.89707 Architecture\Buildings\Shell\BldgShellMetalRoof02Solid.nif
1334 60 162 206 2.70000 2.70000 1.01264 1.01264 4 4 3 6 5 96.95609 4 1 0 1 0 5 0 47 61 9 0 0 1 0.80042 Architecture\Buildings\Shell\BldgShellMetalRoofCorne01Solid.nif
1335 46 112 148 2.43478 2.43478 1.07039 1.07039 4 4 3 5 4 52.75000 4 2 1 0 0 4 0 37 31 10 0 0 0 0.92583 Architecture\Buildings\Shell\BldgShellMetalRoofCorne02Solid.nif
1336 52 104 151 2.00000 2.00000 1.00000 1.00000 24 24 4 5 4 16.98572 4 2 0 0 0 4 0 53 38 6 0 0 1 0.88859 Architecture\Buildings\Shell\BldgShellMetalRoofCorne03.nif
1337 538 1514 1840 2.82342 2.81413 1.00726 1.00726 320 320 4 35 21 56.99384 12 2 0 0 0 12 0 473 763 6 0 0 2 0.80623 Architecture\Buildings\Shell\BldgShellMetalRoofCorner01.nif
1338 566 1638 2131 2.89753 2.89399 1.00196 1.00196 242 242 4 37 25 189.44073 13 1 0 5 0 18 0 460 890 6 0 0 1 0.73617 Architecture\Buildings\Shell\BldgShellMetalRoofCornerDam01.nif
1339 326 850 1177 2.61350 2.60736 1.00733 1.00733 123 123 3 22 20 59.35297 10 1 0 0 0 10 0 273 421 28 0 0 3 0.72908 Architecture\Buildings\Shell\BldgShellMetalRoofCornerDam02.nif
1340 352 936 1147 2.65909 2.65909 1.00434 1.00434 180 180 2 24 11 35.19399 5 0 0 0 0 5 0 291 501 38 0 0 3 0.81577 Architecture\Buildings\Shell\BldgShellMetalRoofCornerIn01.nif
1341 40 110 140 2.75000 2.75000 1.01818 1.01818 4 4 3 3 3 50.91482 2 0 0 0 0 2 0 23 72 4 0 0 1 0.97768 Architecture\Buildings\Shell\BldgShellMetalRoofCornerIn01Solid.nif
1342 84 170 254 2.02381 2.02381 1.00794 1.00794 26 26 4 7 7 172.05255 5 1 0 0 0 5 0 76 74 7 0 0 2 0.81506 Architecture\Buildings\Shell\BldgShellMetalRoofCornerU03.nif
1343 715 1958 2453 2.74545 2.73846 1.00330 1.00330 510 510 4 46 27 124.62549 13 1 0 0 0 13 0 615 1033 6 0 0 3 0.83238 Architecture\Buildings\Shell\BldgShellMetalRoofCornerWin01.nif
1344 108 304 401 2.81481 2.81481 1.01342 1.01342 16 16 4 9 8 96.95609 5 2 0 1 0 6 0 87 126 4 0 0 1 0.78626 Architecture\Buildings\Shell\BldgShellMetalRoofCornerWin01Solid.nif
1345 590 1665 1810 2.82542 2.82203 1.00274 1.00274 187 187 3 39 7 233.93556 4 0 0 1 0 5 0 463 856 39 0 0 3 0.73431 Architecture\Buildings\Shell\BldgShellMetalRoofDam01.nif
1346 465 1227 1534 2.63871 2.63871 1.00469 1.00469 245 245 4 31 20 64.12413 11 2 0 0 0 11 0 392 641 6 0 0 2 0.72693 Architecture\Buildings\Shell\BldgShellMetalRoofendL01.nif
1347 461 1234 1598 2.67679 2.67679 1.00523 1.00523 212 212 3 31 20 187.94838 9 1 0 1 0 10 0 372 686 11 0 0 2 0.71580 Architecture\Buildings\Shell\BldgShellMetalRoofendR01.nif
1348 176 400 506 2.27273 2.27273 1.00932 1.00932 14 14 2 11 6 24.22191 3 0 0 0 0 3 0 120 256 16 0 0 2 0.79289 Architecture\Buildings\Shell\BldgShellMetalRoofMid01.nif
1349 2 4 4 2.00000 2.00000 1.00000 1.00000 4 4 1 1 0 0.00000 0 1 0 0 0 0 0 4 0 4 0 0 0 1.00000 Architecture\Buildings\Shell\BldgShellMetalRoofMid01Flat01.nif
1350 26 62 62 2.38462 2.38462 1.03226 1.03226 4 4 1 2 0 0.00000 0 0 0 1 0 1 0 16 40 4 0 0 0 1.00000 Architecture\Buildings\Shell\BldgShellMetalRoofMid01Solid.nif
1351 532 1328 1450 2.49624 2.49624 1.00000 1.00000 228 228 4 34 7 106.41359 4 0 1 0 0 4 0 424 740 16 0 0 1 0.81287 Architecture\Buildings\Shell\BldgShellMetalRoofMidDam01.nif
1352 310 770 968 2.48387 2.48387 1.00266 1.00266 126 126 2 22 11 31.56460 5 2 0 0 0 5 0 254 432 65 0 0 2 0.81334 Architecture\Buildings\Shell\BldgShellMetalRoofStaright01.nif
1353 423 1065 1354 2.51773 2.51773 1.00260 1.00260 249 249 2 29 15 52.21029 7 2 0 0 0 7 0 369 546 120 0 0 2 0.86427 Architecture\Buildings\Shell\BldgShellMetalRoofStarightEnrance01.nif
1354 262 752 789 2.87023 2.87023 1.00509 1.00509 91 91 3 19 3 1.00000 2 2 0 1 0 3 0 212 362 14 0 0 1 1.00000 Architecture\Buildings\Shell\BldgShellMetalRoofWall01.nif
1355 473 1214 1523 2.57082 2.56660 1.00564 1.00564 267 267 2 32 18 179.00020 8 0 0 2 0 10 0 393 678 84 0 0 2 0.72139 Architecture\Buildings\Shell\BldgShellMetalRoofWin01.nif
1356 118 203 292 1.72881 1.72881 1.00493 1.00493 0 0 2 8 4 16.00000 2 0 0 1 0 3 0 61 105 0 0 0 0 1.00000 Architecture\Buildings\skyscraper\SSMetalMidSkinBWallA.nif
1357 34 89 107 2.61765 2.61765 1.03371 1.03371 4 4 3 3 2 64.30780 2 0 0 0 0 2 0 20 44 4 0 0 1 0.88119 Architecture\Buildings\skyscraper\SSMetalMidSkinBWallHalfB.nif
1358 1487 3149 4608 2.24613 2.13114 1.00286 1.00286 368 368 6 99 74 254.56540 37 2 0 6 0 43 0 1093 1356 3 0 0 7 0.77439 Architecture\Buildings\SmallTown\Bld01FreeBrickARes01.nif
1359 2521 7233 9372 2.86910 2.86910 1.00160 1.00160 758 758 4 163 113 757.09149 52 0 0 12 0 64 0 2068 3114 19 0 0 8 0.72078 Architecture\Buildings\SmallTown\Bld01FreeSidingARes01.nif
1360 2451 6798 9234 2.77438 2.77356 1.00236 1.00236 691 691 4 158 121 506.72095 56 0 0 11 0 67 0 2008 3075 61 0 0 7 0.75323 Architecture\Buildings\SmallTown\Bld01FreeSidingARes02.nif
1361 1621 2898 4041 2.19124 1.81801 1.00322 1.00322 321 321 5 105 53 132.37679 25 0 0 6 0 31 0 978 1149 13 0 0 5 0.78924 Architecture\Buildings\SmallTown\Bld01FrontSidingACom01.nif
1362 909 2378 2978 2.65897 2.61606 1.00621 1.00621 323 323 4 60 34 109.39330 20 2 0 1 1 21 0 674 1169 22 0 0 5 0.71429 Architecture\Buildings\SmallTown\Bld02AddBalcony01.nif
1363 208 534 732 2.56731 2.56731 1.00370 1.00370 94 94 4 15 14 125.21751 8 2 0 1 0 9 0 173 220 21 0 0 1 0.88218 Architecture\Buildings\SmallTown\Bld02AddBayWin01.nif
1364 208 534 708 2.56731 2.56731 1.00377 1.00377 94 94 3 14 12 30.96131 7 1 0 1 0 8 0 168 235 33 0 0 1 0.92105 Architecture\Buildings\SmallTown\Bld02AddBayWin02.nif
1365 968 2257 3004 2.42149 2.33161 1.00520 1.00520 352 352 4 65 40 215.68288 21 1 0 4 0 25 0 775 883 17 0 0 5 0.71700 Architecture\Buildings\SmallTown\Bld02AddPorchSidingA01.nif
1366 2100 2600 4371 1.48619 1.25952 1.00202 1.00202 349 349 6 135 87 322.94214 41 1 1 2 0 43 0 1171 918 6 0 0 8 0.72474 Architecture\Buildings\SmallTown\Bld02Angle45BrickACom01.nif
1367 2543 3980 6283 1.86512 1.58514 1.00359 1.00359 745 745 4 166 108 577.50409 48 1 1 6 5 54 0 1760 1409 15 0 0 8 0.70588 Architecture\Buildings\SmallTown\Bld02CornerBrickACom01.nif
1368 13605 18359 34322 1.88343 1.36656 1.00158 1.00070 1831 1831 8 857 763 1834.33032 311 2 1 44 11 347 8 8260 7773 12 0 0 6 0.71141 Architecture\Buildings\SmallTown\Bld02CornerBrickACom01RR.nif
1369 1402 2608 4049 1.99215 1.88302 1.00251 1.00251 366 366 6 92 74 210.78279 38 0 0 1 0 38 1 998 1079 21 0 0 10 0.77460 Architecture\Buildings\SmallTown\Bld02FrontBrickACom01.nif
1370 3982 5366 9144 1.82923 1.36866 1.00346 1.00346 415 415 4 257 182 419.87192 85 0 0 5 0 90 0 2449 2319 16 0 0 13 0.70175 Architecture\Buildings\SmallTown\Bld02FrontBrickACom01R.nif
1371 861 1883 2569 2.18699 2.18699 1.00586 1.00586 338 338 3 58 35 218.31247 16 1 0 1 0 17 0 723 524 33 0 0 7 0.73333 Architecture\Buildings\SmallTown\Bld02FrontSidingACom01.nif
1372 3442 7687 11339 2.28704 2.23446 1.00166 1.00166 1480 1480 6 219 187 511.37854 85 1 0 16 0 101 0 2887 3216 12 0 0 7 0.76511 Architecture\Buildings\SmallTown\Bld02FrontSidingACom02R.nif
1373 2199 5252 8176 2.39063 2.38881 1.00163 1.00163 624 624 4 141 142 611.90918 59 0 1 11 0 70 0 1632 2607 92 0 0 5 0.78353 Architecture\Buildings\SmallTown\Bld02FrontSidingACom03.nif
1374 1013 2139 3206 2.40276 2.13031 1.00329 1.00329 287 287 5 69 53 415.44281 27 3 0 5 2 32 0 761 593 8 0 0 5 0.70701 Architecture\Buildings\SmallTown\Bld02FrontSidingACom04.nif
1375 2854 4070 6571 1.42782 1.42607 1.00200 1.00200 62 62 4 181 198 1005.41980 57 1 27 5 0 62 0 1165 1716 0 0 0 3 0.81323 Architecture\Buildings\SmallTown\Bld03AddPorchCorSidingA01.nif
1376 1522 3728 5340 2.44941 2.44941 1.00185 1.00185 440 440 4 100 93 415.88544 47 2 0 7 0 54 0 1195 1677 95 0 0 4 0.80444 Architecture\Buildings\SmallTown\Bld03AddPorchSidingA01.nif
1377 888 2429 2768 2.73536 2.73536 1.00447 1.00447 322 322 4 59 21 329.95770 11 1 0 2 0 13 0 680 1159 10 0 0 5 0.70992 Architecture\Buildings\SmallTown\Bld03AddPorchSidingA02.nif
1378 973 2553 3247 2.62384 2.62384 1.00567 1.00567 337 337 3 66 39 311.44824 18 1 0 3 0 21 0 767 1126 88 0 0 8 0.76008 Architecture\Buildings\SmallTown\Bld03AddStairs01.nif
1379 4414 7251 11784 1.79950 1.65247 1.00230 1.00230 1153 1153 5 282 213 1200.06323 99 1 0 14 0 113 0 3410 2579 42 0 0 7 0.71171 Architecture\Buildings\SmallTown\Bld03Angle45tBrickACom01.nif
1380 5258 9100 13246 2.08996 1.75371 1.00142 1.00142 836 836 5 333 207 1150.96350 85 1 1 15 10 99 1 3145 3896 19 0 0 10 0.71084 Architecture\Buildings\SmallTown\Bld03CornerBrickACom01.nif
1381 1418 3324 4902 2.34556 2.34415 1.00396 1.00396 600 600 4 92 76 756.66742 33 0 0 6 0 39 0 1359 1082 19 0 0 8 0.73750 Architecture\Buildings\SmallTown\Bld03CornerSidingACom01.nif
1382 3509 7922 11596 2.26218 2.25762 1.00185 1.00185 1144 1144 6 225 183 1409.69373 81 2 0 14 1 93 2 3861 2600 15 0 0 9 0.70414 Architecture\Buildings\SmallTown\Bld03FreeSidingARes01.nif
1383 9453 23681 33278 2.51550 2.50545 1.00105 1.00105 3729 3729 7 598 466 1168.70227 205 3 0 33 2 237 1 8873 8662 7 0 0 10 0.70246 Architecture\Buildings\SmallTown\Bld03FreeSidingARes01RR.nif
1384 8103 20727 29354 2.57361 2.55992 1.00126 1.00126 3560 3560 6 513 415 818.71613 183 1 0 25 0 207 1 7026 7887 15 0 0 10 0.70246 Architecture\Buildings\SmallTown\Bld03FreeSidingARes01RR01.nif
1385 3154 8363 11310 2.65853 2.65155 1.00233 1.00233 977 977 8 202 152 544.50507 72 1 0 6 2 78 0 2537 3784 8 0 0 7 0.73410 Architecture\Buildings\SmallTown\Bld03FreeSidingARes02.nif
1386 3416 9721 12468 2.84573 2.84573 1.00112 1.00112 1041 1041 6 219 138 733.38837 62 2 0 13 0 75 0 2691 4175 12 0 0 8 0.70105 Architecture\Buildings\SmallTown\Bld03FreeSidingARes03.nif
1387 4117 11755 16147 2.85572 2.85523 1.00148 1.00148 1306 1306 5 261 223 813.87195 94 0 1 21 0 115 0 3252 5262 8 0 0 7 0.70806 Architecture\Buildings\SmallTown\Bld03FreeSidingARes04.nif
1388 3366 8567 11533 2.72876 2.54516 1.00249 1.00249 1001 1001 6 215 163 623.64276 68 2 1 11 0 79 0 2553 3559 6 0 0 8 0.78788 Architecture\Buildings\SmallTown\Bld03FreeSidingARes05.nif
1389 3143 5138 8115 1.90741 1.65702 1.00262 1.00262 722 722 5 200 148 516.57544 66 0 0 10 4 76 0 2175 1701 7 0 0 7 0.72477 Architecture\Buildings\SmallTown\Bld03FrontBrickACom01.nif
1390 1059 2750 4103 2.59679 2.59679 1.00378 1.00378 517 517 4 70 68 743.96893 30 0 0 5 0 35 0 931 898 85 0 0 7 0.74359 Architecture\Buildings\SmallTown\Bld03FrontSidingACom01.nif
1391 3404 7672 9627 2.33020 2.25411 1.00332 1.00332 1540 1540 5 219 93 747.09039 44 0 1 7 0 51 0 2833 2946 11 0 0 9 0.70767 Architecture\Buildings\SmallTown\Bld03FrontSidingACom01R.nif
1392 1234 3489 4701 2.82739 2.82739 1.00341 1.00341 451 451 3 79 61 760.15436 28 0 0 6 0 34 0 1025 1499 111 0 0 8 0.72000 Architecture\Buildings\SmallTown\Bld03FrontSidingACom02.nif
1393 2195 4593 7173 2.35171 2.10797 1.00125 1.00125 557 557 7 141 115 750.00598 49 1 0 11 4 60 0 1542 1699 4 0 0 6 0.70121 Architecture\Buildings\SmallTown\Bld03FrontSidingACom03.nif
1394 4053 9658 14082 2.55095 2.39156 1.00139 1.00139 1221 1221 6 261 206 701.75897 94 1 0 12 8 106 0 3175 3116 8 0 0 8 0.74743 Architecture\Buildings\SmallTown\Bld03FrontSidingACom03R.nif
1395 2017 4927 7437 2.44274 2.44274 1.00402 1.00402 874 874 7 131 115 731.58374 51 1 0 9 0 60 0 1783 1809 12 0 0 6 0.70088 Architecture\Buildings\SmallTown\Bld03LShapeSidingACom01.nif
1396 4275 7550 12306 2.20678 1.79556 1.00093 1.00093 774 774 6 270 231 1065.13965 91 0 1 17 7 108 0 2720 2767 7 0 0 4 0.71661 Architecture\Buildings\SmallTown\Bld04Angle45BrickACom01.nif
1397 4029 5672 8823 1.81881 1.44031 1.00118 1.00118 726 726 6 256 139 1025.00000 60 1 0 12 6 72 0 2413 1793 6 0 0 7 0.71765 Architecture\Buildings\SmallTown\Bld04FrontBrickACom01.nif
1398 282 544 730 1.92908 1.92908 1.00000 1.00000 44 44 5 19 13 104.24339 8 1 0 2 0 10 0 164 100 4 0 0 0 0.83298 Architecture\Bunkers\Animated\RadioTower01\BunExtMidTowerUp01.nif
1399 2124 5554 8254 2.61488 2.61488 1.00230 1.00230 426 426 5 137 138 790.46466 62 2 2 9 0 71 0 1476 2331 4 0 0 7 0.71077 Architecture\CovenantSettlement\CovenantHouse01.nif
1400 520 1412 1905 2.71538 2.71538 1.00273 1.00273 228 228 3 35 25 57.30344 13 2 1 2 0 15 0 435 558 67 0 0 2 0.78586 Architecture\CovenantSettlement\CovenantHouse01AddonBayWin01.nif
1401 623 1789 1829 2.87159 2.87159 1.00375 1.00375 177 177 4 41 4 5.90190 4 2 0 0 0 4 0 476 799 6 0 0 4 0.95000 Architecture\CovenantSettlement\CovenantHouse01AddonDeck01.nif
1402 3439 9424 14242 2.74149 2.74033 1.00146 1.00146 899 899 8 219 226 1245.82092 87 1 1 16 0 99 4 2506 4162 8 0 0 9 0.70000 Architecture\CovenantSettlement\CovenantHouse02.nif
1403 3431 9409 13718 2.74352 2.74235 1.00227 1.00227 889 889 5 219 206 624.72357 78 0 1 19 0 97 0 2500 4157 18 0 0 9 0.70000 Architecture\CovenantSettlement\CovenantHouse02yellow.nif
1404 4079 10861 15165 2.66315 2.66266 1.00103 1.00103 1128 1128 5 261 217 697.01379 92 1 2 17 0 109 0 3097 5290 11 0 0 9 0.72084 Architecture\CovenantSettlement\CovenantHouse03.nif
1405 910 1192 2091 1.98242 1.30989 1.00165 1.00165 654 654 4 59 51 391.72733 27 0 0 4 0 31 0 804 288 0 0 0 3 0.76723 Architecture\CovenantSettlement\CovWall01.nif
1406 242 404 626 2.23141 1.66942 1.00000 1.00000 186 186 3 16 12 17.00000 7 0 0 0 0 7 0 226 113 47 0 0 4 0.80665 Architecture\CovenantSettlement\CovWall02.nif
1407 442 588 1032 2.00000 1.33032 1.00000 1.00000 342 342 6 30 29 145.06590 17 2 0 1 0 18 0 409 126 6 0 0 3 0.71328 Architecture\CovenantSettlement\CovWall03.nif
1408 54 72 108 1.66667 1.33333 1.00000 1.00000 4 4 3 4 3 50.71199 2 0 0 1 0 3 0 32 37 0 0 0 0 0.77363 Architecture\CovenantSettlement\CovWallEndcap01.nif
1409 88 110 164 1.65909 1.25000 1.01818 1.01818 8 8 2 6 4 193.11938 2 0 0 1 0 3 0 52 55 4 0 0 0 0.85166 Architecture\CovenantSettlement\CovWallEndcap02.nif
1410 54 72 100 1.66667 1.33333 1.00000 1.00000 4 4 2 4 2 50.62500 1 0 0 0 0 1 0 32 37 0 0 0 1 0.92433 Architecture\CovenantSettlement\CovWallEndcapThin01.nif
1411 590 896 1442 2.05085 1.51864 1.00285 1.00285 412 412 6 39 33 286.02670 18 1 0 2 0 20 0 508 273 6 0 0 3 0.80825 Architecture\CovenantSettlement\CovWallExLrg01.nif
1412 12766 10214 26004 0.82320 0.81929 1.00918 1.00918 2024 2024 8 832 752 2679.61060 330 1 0 32 0 357 5 7768 2076 10 0 0 6 0.70833 Architecture\Dam\DamConcrete01.nif
1413 996 736 2277 0.77410 0.77410 1.01533 1.01533 144 144 4 65 68 1115.18115 29 0 0 4 0 33 0 576 123 112 0 0 1 0.90672 Architecture\Dam\DamConcretePylon01.nif
1414 953 704 2064 0.77964 0.77964 1.00471 1.00471 95 95 4 61 61 964.99951 25 0 0 4 0 29 0 528 127 61 0 0 1 0.76074 Architecture\Dam\DamConcretePylon02.nif
1415 1098 845 2322 0.81512 0.81512 1.01330 1.01330 164 164 4 71 65 1478.67444 29 0 0 4 0 33 0 640 153 84 0 0 2 0.86466 Architecture\Dam\DamConcretePylon02door01.nif
1416 2892 4285 6319 1.49412 1.49412 1.00239 1.00239 116 116 3 187 115 1168.82019 49 0 0 2 0 51 0 1702 1527 0 0 0 2 0.78719 Architecture\Dam\DamLockDoor01L.nif
1417 2892 4341 6388 1.51349 1.51349 1.00205 1.00205 116 116 3 187 116 691.93402 50 0 0 2 0 52 0 1702 1553 19 0 0 2 0.70000 Architecture\Dam\DamLockDoor01R.nif
1418 2677 4307 6308 1.61001 1.61001 1.01208 1.01208 453 453 4 173 107 1523.18652 48 0 0 10 0 58 0 1837 1178 63 0 0 2 0.75859 Architecture\Dam\DamLockWall01L.nif
1419 2383 3987 5708 1.67352 1.67310 1.00826 1.00826 361 361 4 155 90 1636.13342 37 0 0 5 0 42 0 1636 1129 17 0 0 3 0.74194 Architecture\Dam\DamLockWall01R.nif
1420 1038 2654 3581 2.55684 2.55684 1.00218 1.00218 232 232 3 67 49 507.95660 21 0 0 2 0 23 0 788 1090 130 0 0 3 0.79434 Architecture\DiamondCity\DExt\DExt03BrickTower01.nif
1421 146 324 408 2.21918 2.21918 1.01106 1.01106 52 52 3 12 6 26.21037 4 2 0 1 0 5 0 124 121 5 0 0 3 0.76933 Architecture\DiamondCity\DExt\DExtBal1x1Cor01.nif
1422 78 164 203 2.10256 2.10256 1.04290 1.04290 42 42 2 8 3 59.20304 2 3 0 2 0 4 0 78 62 25 0 0 1 0.83373 Architecture\DiamondCity\DExt\DExtBal1x1Str01.nif
1423 144 244 348 1.69444 1.69444 1.01550 1.01550 44 44 3 12 6 28.62166 5 2 0 1 0 6 0 155 53 14 0 0 4 0.71875 Architecture\DiamondCity\DExt\DExtBase1x1DoorSingle01.nif
1424 77 150 193 1.94805 1.94805 1.01290 1.01290 19 19 2 6 3 31.73419 3 0 0 0 0 3 0 81 45 30 0 0 4 0.82119 Architecture\DiamondCity\DExt\DExtBase1x1Garage01.nif
1425 154 296 363 1.92208 1.92208 1.01329 1.01329 36 36 2 11 3 8.00000 2 0 0 1 0 3 0 156 76 48 0 0 3 0.84426 Architecture\DiamondCity\DExt\DExtBase1x1Garage01Full01.nif
1426 28 56 65 2.00000 2.00000 1.00000 1.00000 12 12 2 3 1 8.00000 1 1 1 1 0 2 0 30 6 9 0 0 0 0.98113 Architecture\DiamondCity\DExt\DExtBase1x1Wall01.nif
1427 48 94 114 1.95833 1.95833 1.06553 1.06553 18 18 3 6 3 15.60121 3 4 0 1 0 4 0 56 24 4 0 0 1 0.70000 Architecture\DiamondCity\DExt\DExtBase1x1Win01.nif
1428 792 1677 2470 2.12121 2.12121 1.00410 1.00410 142 142 6 54 41 516.02313 20 1 0 4 0 24 0 696 546 8 0 0 3 0.70513 Architecture\DiamondCity\DExt\DExtBase1x2Garage01.nif
1429 1593 3479 5426 2.18644 2.18644 1.00315 1.00315 277 277 4 102 97 300.50870 37 0 2 7 0 44 0 1305 1131 40 0 0 3 0.79878 Architecture\DiamondCity\DExt\DExtBase1x2Garage01Full01.nif
1430 658 1031 1504 1.59422 1.56839 1.00488 1.00488 131 131 5 45 24 74.97708 14 1 0 1 0 15 0 484 357 10 0 0 6 0.76471 Architecture\DiamondCity\DExt\DExtBase1x2Wall02.nif
1431 184 368 501 2.00000 2.00000 1.01103 1.01103 56 56 3 14 8 46.96490 6 0 0 3 0 9 0 162 116 9 0 0 2 0.73333 Architecture\DiamondCity\DExt\DExtBase1x2WallCinder01.nif
1432 90 169 238 1.87778 1.87778 1.03808 1.03808 46 46 3 8 6 57.15920 6 1 0 1 0 7 0 98 51 17 0 0 3 0.80000 Architecture\DiamondCity\DExt\DExtBase1x2WallCinder02.nif
1433 169 337 437 1.99408 1.99408 1.03304 1.03304 73 73 3 14 7 711.87048 5 2 0 1 0 6 0 184 94 13 0 0 4 0.88871 Architecture\DiamondCity\DExt\DExtBase2x1GarageWin01.nif
1434 154 297 403 1.92857 1.92857 1.02511 1.02511 67 67 3 12 8 35.77709 6 2 0 0 0 6 0 167 82 17 0 0 4 0.84797 Architecture\DiamondCity\DExt\DExtBase2x1WallVent01.nif
1435 152 302 382 1.98684 1.98684 1.02502 1.02502 75 75 2 13 5 15.51385 3 3 0 0 0 3 0 162 86 41 0 0 4 0.88571 Architecture\DiamondCity\DExt\DExtBase2x1WallWin01.nif
1436 1999 3555 5565 1.82991 1.78339 1.00304 1.00304 420 420 6 131 93 1117.60461 46 2 0 5 1 51 0 1528 1077 10 0 0 6 0.70625 Architecture\DiamondCity\DExt\DExtCustom01.nif
1437 2485 5021 8729 2.02978 2.02052 1.00281 1.00281 250 250 5 160 187 1611.83447 60 0 5 16 1 76 0 1427 2327 10 0 0 5 0.73425 Architecture\DiamondCity\DExt\DExtCustomCor01.nif
1438 2370 5486 7737 2.33755 2.31477 1.00277 1.00277 1298 1298 6 150 110 3341.64722 52 2 0 8 5 60 0 2146 1762 12 0 0 4 0.72461 Architecture\DiamondCity\DExt\DExtCustomPressBox01.nif
1439 14998 20751 36953 1.65149 1.39959 1.00101 1.00079 3444 3444 5 945 815 1369.54639 363 4 0 20 0 383 0 9782 7662 19 0 0 11 0.71048 Architecture\DiamondCity\DExt\DExtMainGate01.nif
1440 1573 2218 3891 1.48252 1.41449 1.00563 1.00563 621 621 3 102 88 949.03796 38 1 0 2 0 40 0 1174 750 316 0 0 4 0.70399 Architecture\DiamondCity\DExt\DExtPressBoxWall01.nif
1441 1504 2246 3871 1.56184 1.49801 1.00380 1.00380 540 540 4 98 84 931.50824 40 1 0 6 0 46 0 1129 762 29 0 0 2 0.72222 Architecture\DiamondCity\DExt\DExtPressBoxWall02.nif
1442 198 459 651 2.31818 2.31818 1.01137 1.01137 126 126 3 16 14 352.06046 10 3 0 2 0 12 0 190 148 54 0 0 2 0.70849 Architecture\DiamondCity\DExt\DExtPressBoxWall03.nif
1443 50 139 165 2.78000 2.78000 1.00730 1.00730 10 10 2 4 2 14.11765 1 0 1 0 0 1 0 37 55 15 0 0 1 0.94667 Architecture\DiamondCity\DExt\DExtStairs1x1CapL01.nif
1444 240 666 886 2.77500 2.77500 1.00885 1.00885 62 62 3 18 14 253.48181 6 1 0 1 0 7 0 198 231 18 0 0 2 0.71237 Architecture\DiamondCity\DExt\DExtStairs1x1RampL01.nif
1445 231 641 786 2.77489 2.77489 1.01082 1.01082 57 57 2 16 8 117.43351 4 1 0 0 0 4 0 188 234 54 0 0 3 0.78702 Architecture\DiamondCity\DExt\DExtStairs1x1RampL02.nif
1446 350 943 1338 2.69429 2.69429 1.00509 1.00509 66 66 3 25 20 451.75000 10 1 0 2 0 12 0 263 370 26 0 0 2 0.70175 Architecture\DiamondCity\DExt\DExtStairs1x1RampL03.nif
1447 240 664 866 2.76667 2.76667 1.00607 1.00607 62 62 3 18 11 256.42166 5 1 0 1 0 6 0 198 233 18 0 0 3 0.72503 Architecture\DiamondCity\DExt\DExtStairs1x1RampR01.nif
1448 219 605 741 2.76256 2.76256 1.00532 1.00532 61 61 2 16 7 117.43351 4 1 0 0 0 4 0 184 207 55 0 0 3 0.78702 Architecture\DiamondCity\DExt\DExtStairs1x1RampR02.nif
1449 350 943 1280 2.69429 2.69429 1.00525 1.00525 64 64 3 25 18 451.75000 8 1 0 2 0 10 0 262 373 17 0 0 2 0.81520 Architecture\DiamondCity\DExt\DExtStairs1x1RampR03.nif
1450 209 570 719 2.72727 2.72727 1.00388 1.00388 49 49 2 14 8 116.75964 4 1 0 0 0 4 0 150 261 32 0 0 2 0.79622 Architecture\DiamondCity\DExt\DExtStairs1x1Str01.nif
1451 753 1513 2519 2.03984 2.00930 1.00614 1.00614 228 228 4 50 50 527.81006 23 2 0 4 0 27 0 543 688 49 0 0 4 0.73351 Architecture\DiamondCity\DExt\DExtStands1x1Angle01.nif
1452 382 997 1566 2.60995 2.60995 1.00326 1.00326 94 94 4 25 28 271.88239 11 2 0 1 0 12 0 267 519 10 0 0 3 0.74934 Architecture\DiamondCity\DExt\DExtStands1x1Angle02.nif
1453 300 851 1329 2.83667 2.83667 1.00590 1.00590 25 25 4 21 26 459.53210 12 1 0 2 0 14 0 187 469 8 0 0 2 0.72354 Architecture\DiamondCity\DExt\DExtStands1x1AngleBot01.nif
1454 709 1346 2340 1.93512 1.89845 1.00495 1.00495 251 251 4 48 50 415.67813 23 1 1 3 0 26 0 518 598 40 0 0 4 0.72821 Architecture\DiamondCity\DExt\DExtStands1x1AngleTop01.nif
1455 318 860 918 2.70440 2.70440 1.00491 1.00491 74 74 4 21 4 69.30849 4 1 0 0 0 4 0 213 460 10 0 0 3 0.82766 Architecture\DiamondCity\DExt\DExtStands1x1AngleTop02.nif
1456 329 866 1438 2.63222 2.63222 1.00751 1.00751 30 30 3 23 29 494.95538 9 0 1 2 0 11 0 203 538 30 0 0 4 0.91828 Architecture\DiamondCity\DExt\DExtStands1x1Bot01.nif
1457 842 1598 2515 1.91805 1.89786 1.01204 1.01204 248 248 4 58 45 325.91360 17 0 1 2 0 19 0 593 766 14 0 0 7 0.80757 Architecture\DiamondCity\DExt\DExtStands1x1Str01.nif
1458 591 1119 1675 1.96447 1.90186 1.01070 1.01070 202 202 3 39 24 1187.26709 9 0 0 3 0 12 0 433 521 57 0 0 5 0.72723 Architecture\DiamondCity\DExt\DExtStands1x1Top01.nif
1459 483 1249 2039 2.58592 2.58592 1.00539 1.00539 45 45 3 32 38 512.08130 10 0 1 3 0 13 0 301 752 42 0 0 4 0.93537 Architecture\DiamondCity\DExt\DExtStands1x2Bot01.nif
1460 900 1889 3098 2.12889 2.09889 1.00798 1.00798 256 256 3 60 58 515.30896 19 0 1 4 0 23 0 653 899 102 0 0 6 0.70909 Architecture\DiamondCity\DExt\DExtStands1x2Str01.nif
1461 931 1782 3139 1.96455 1.91407 1.00378 1.00378 344 344 4 61 66 637.55865 24 1 0 6 0 30 0 703 795 74 0 0 3 0.73397 Architecture\DiamondCity\DExt\DExtStands1x2Top01.nif
1462 570 1493 1959 2.61930 2.61930 1.00180 1.00180 71 71 3 38 27 488.13217 11 1 0 4 0 15 0 385 640 60 0 0 3 0.72737 Architecture\DiamondCity\DExt\DExtStandsGround1x1EndL01.nif
1463 526 1398 1910 2.65779 2.65779 1.00447 1.00447 76 76 3 35 28 282.54251 11 1 0 2 0 13 0 376 641 54 0 0 4 0.72737 Architecture\DiamondCity\DExt\DExtStandsGround1x1EndR01.nif
1464 683 1692 2425 2.47731 2.47731 1.00300 1.00300 131 131 3 45 38 664.99463 18 2 0 5 0 23 0 532 722 71 0 0 2 0.73057 Architecture\DiamondCity\DExt\DExtStandsGround1x1Str01.nif
1465 32 58 72 1.81250 1.81250 1.03676 1.03676 10 10 3 3 2 15.96922 2 1 0 0 0 2 0 32 15 6 0 0 1 0.77778 Architecture\DiamondCity\DExt\DExtTop1x1Wall01.nif
1466 216 494 644 2.28704 2.28704 1.01460 1.01460 84 84 3 15 10 265.85559 8 2 0 0 0 8 0 232 167 12 0 0 5 0.76667 Architecture\DiamondCity\DExt\DExtTop1x2Balcony01Full01.nif
1467 229 509 711 2.22271 2.22271 1.03291 1.03291 113 113 3 18 11 48.62873 7 3 0 0 0 7 0 217 156 46 0 0 5 0.81057 Architecture\DiamondCity\DExt\DExtTop1x2ShortBal01Full01.nif
1468 316 714 962 2.25949 2.25949 1.00363 1.00363 126 126 3 23 15 46.99863 6 1 0 0 0 6 0 270 291 28 0 0 6 0.75773 Architecture\DiamondCity\DExt\DExtTop1x2ShortBalEnd01Full01.nif
1469 231 494 692 2.13853 2.13853 1.02384 1.02384 99 99 4 18 11 256.51721 6 2 0 1 0 7 0 211 165 12 0 0 3 0.76573 Architecture\DiamondCity\DExt\DExtTop1x2ShortWin01.nif
1470 82 163 225 1.98780 1.98780 1.03148 1.03148 20 20 2 6 4 41.57196 2 0 0 1 0 3 0 80 51 27 0 0 1 0.79503 Architecture\DiamondCity\DExt\DExtTop1x2Wall01.nif
1471 14 38 38 2.71429 2.71429 1.04762 1.04762 28 28 1 3 0 0.00000 0 1 0 0 0 0 0 28 0 28 0 0 2 1.00000 Architecture\DiamondCity\DExt\DExtTop1x2Win01.nif
1472 20 50 50 2.50000 2.50000 1.03529 1.03529 40 40 1 3 0 0.00000 0 1 0 0 0 0 0 40 0 40 0 0 2 1.00000 Architecture\DiamondCity\DExt\DExtTop1x2Win02.nif
1473 1629 1339 2918 0.85267 0.84899 1.00392 1.00392 63 63 3 103 76 539.30243 32 0 0 4 1 36 0 860 371 63 0 0 2 0.89513 Architecture\DiamondCity\DExt\DiamondPower01_Low.nif
1474 2244 2995 5604 1.34358 1.34046 1.00159 1.00159 494 494 4 145 119 2087.93481 50 1 0 8 0 58 0 1741 1207 69 0 0 3 0.84245 Architecture\DiamondCity\Stadium_Ext\DCShackLow_Main01.nif
1475 183 334 465 1.82514 1.82514 1.02667 1.02667 21 21 2 15 6 413.44144 4 1 0 0 0 4 0 182 145 46 0 0 4 0.81557 Architecture\DiamondCity\Stadium_Ext\DCShackLow_Rich01.nif
1476 25 47 47 1.88000 1.88000 1.02261 1.02261 5 5 1 3 0 0.00000 0 1 0 0 0 0 0 22 25 5 0 0 2 1.00000 Architecture\DiamondCity\Stadium_Ext\DCShackLow_Rich02.nif
1477 3489 5496 10185 1.71969 1.57524 1.00089 1.00089 617 617 5 220 234 1263.64319 87 0 2 11 0 98 0 1967 2868 69 0 0 3 0.70070 Architecture\Districts\Financial\FinancialBuilding13_TopUSS.nif
1478 4164 6280 9565 1.51585 1.50889 1.00000 1.00000 740 740 2 261 153 704.71265 63 0 0 0 0 63 0 2346 2837 329 0 0 1 0.79259 Architecture\Districts\Financial\FinancialBuilding13_TopUSS_Structure.nif
1479 65029 90424 180465 1.50211 1.41574 1.00066 1.00046 6861 6861 10 4072 4467 1563.20972 1728 4 42 259 4 1969 18 38703 36176 6 0 0 3 0.71154 Architecture\GeneralAtomics\GenAtomicsGiantHandy01.nif
1480 7 9 15 1.28571 1.28571 1.33333 1.33333 9 9 2 1 1 10.76587 1 1 0 0 0 1 0 9 0 6 0 0 0 1.00000 Architecture\ParkingGarage\PGarageInFloor1x1Cor01.nif
1481 2 4 4 2.00000 2.00000 1.00000 1.00000 4 4 1 1 0 0.00000 0 1 0 0 0 0 0 4 0 4 0 0 0 1.00000 Architecture\ParkingGarage\PGarageInFloor1x1Str01.nif
1482 2 4 4 2.00000 2.00000 1.00000 1.00000 4 4 1 1 0 0.00000 0 1 0 0 0 0 0 4 0 4 0 0 0 1.00000 Architecture\ParkingGarage\PGarageInFloor1x2Str01.nif
1483 13 14 28 1.07692 1.07692 1.14286 1.14286 13 13 3 1 2 10.73611 2 1 0 0 0 2 0 14 0 6 0 0 0 1.00000 Architecture\ParkingGarage\PGarageInFloor2x2Cor01.nif
1484 2 4 4 2.00000 2.00000 1.00000 1.00000 4 4 1 1 0 0.00000 0 1 0 0 0 0 0 4 0 4 0 0 0 1.00000 Architecture\ParkingGarage\PGarageInFloor2x2Str01.nif
1485 8 16 24 2.00000 2.00000 1.00000 1.00000 16 16 2 2 1 244.28906 1 2 0 0 0 1 0 16 0 8 0 0 0 1.00000 Architecture\ParkingGarage\PGarageInFloor2x2Str01Park01.nif
1486 329 515 898 1.56535 1.56535 1.01164 1.01164 49 49 4 22 22 105.35400 11 1 0 1 0 12 0 246 145 18 0 0 1 0.85580 Architecture\ParkingGarage\PGarageOut1x1CorWall01.nif
1487 329 515 839 1.56535 1.56535 1.01164 1.01164 49 49 4 22 21 48.54879 13 2 0 1 0 14 0 264 127 25 0 0 2 0.90370 Architecture\ParkingGarage\PGarageOut1x1CorWall02.nif
1488 962 2307 4483 2.56549 2.39813 1.00232 1.00232 154 154 4 61 88 265.89426 25 0 5 4 0 29 0 594 730 116 0 0 1 0.87874 Architecture\ParkingGarage\PGarageOut1x1CorWin01.nif
1489 108 136 265 1.25926 1.25926 1.03044 1.03044 44 44 4 7 9 41.95980 6 1 0 1 0 7 0 92 30 18 0 0 0 0.88889 Architecture\ParkingGarage\PGarageOut1x1CorWin01AddOn01.nif
1490 133 318 414 2.39098 2.39098 1.01884 1.01884 29 29 2 9 5 71.57929 3 0 0 1 0 4 0 112 153 36 0 0 1 0.82759 Architecture\ParkingGarage\PGarageOut1x1DoorSingle01.nif
1491 130 286 413 2.20000 2.20000 1.00665 1.00665 14 14 3 9 8 27.60452 4 0 0 0 0 4 0 94 128 12 0 0 2 0.86324 Architecture\ParkingGarage\PGarageOut1x1Entrance01.nif
1492 89 207 275 2.32584 2.32584 1.02454 1.02454 20 20 3 8 5 12.77391 3 1 0 0 0 3 0 85 76 11 0 0 2 0.97082 Architecture\ParkingGarage\PGarageOut1x1Wall01.nif
1493 89 207 274 2.32584 2.32584 1.02449 1.02449 20 20 3 9 5 11.94676 3 2 0 0 0 3 0 89 70 14 0 0 2 0.81679 Architecture\ParkingGarage\PGarageOut1x1Wall02.nif
1494 79 181 226 2.29114 2.29114 1.03856 1.03856 18 18 2 7 3 11.94676 2 1 0 0 0 2 0 75 64 18 0 0 2 0.99831 Architecture\ParkingGarage\PGarageOut1x1Wall03.nif
1495 262 666 891 2.59924 2.54198 1.00314 1.00314 96 96 3 17 12 43.61497 5 0 0 0 0 5 0 190 283 14 0 0 2 0.74748 Architecture\ParkingGarage\PGarageOut1x1Win01.nif
1496 16 44 57 2.75000 2.75000 1.00000 1.00000 20 20 2 2 1 4.45617 1 1 0 0 0 1 0 24 6 13 0 0 1 0.99529 Architecture\ParkingGarage\PGarageOut1x1Win01AddOn01.nif
1497 130 282 371 2.16923 2.16923 1.00677 1.00677 14 14 2 9 6 70.72498 3 0 0 1 0 4 0 94 122 14 0 0 1 0.83802 Architecture\ParkingGarage\PGarageOut1x2Entance01.nif
1498 98 220 310 2.24490 2.24490 1.01571 1.01571 20 20 4 7 6 11.97095 4 1 0 0 0 4 0 88 81 10 0 0 2 0.81034 Architecture\ParkingGarage\PGarageOut1x2Wall01.nif
1499 44 92 103 2.09091 2.09091 1.04348 1.04348 10 10 2 4 1 6.99342 1 0 0 1 0 2 0 40 31 11 0 0 1 0.98488 Architecture\ParkingGarage\PGarageOut1x2Wall01a.nif
1500 344 825 1212 2.47965 2.39826 1.00369 1.00369 90 90 3 22 18 39.45884 6 0 0 0 0 6 0 230 355 14 0 0 2 0.80847 Architecture\ParkingGarage\PGarageOut1x2Win01.nif
1501 28 78 116 2.78571 2.78571 1.02510 1.02510 24 24 4 3 3 8.00000 3 2 0 0 0 3 0 32 29 8 0 0 0 0.95365 Architecture\ParkingGarage\PGarageOut1x2Win01AddOn01.nif
1502 465 1080 1511 2.32258 2.32258 1.00373 1.00373 105 105 4 30 21 72.22545 8 0 0 0 0 8 0 334 387 15 0 0 2 0.87159 Architecture\ParkingGarage\PGarageOut1x2Win02.nif
1503 1391 3471 6256 2.61898 2.49533 1.00152 1.00152 268 268 4 88 115 579.92053 34 0 2 10 0 44 0 873 1255 22 0 0 0 0.71112 Architecture\ParkingGarage\PGarageOut2x2CorWin01.nif
1504 140 222 408 1.58571 1.58571 1.01039 1.01039 84 84 4 9 8 33.76151 5 0 0 0 0 5 0 140 42 27 0 0 2 0.87338 Architecture\ParkingGarage\PGarageOut2x2CorWin01AddOn01.nif
1505 220 443 520 2.01364 2.01364 1.01376 1.01376 0 0 3 15 5 9.37494 2 0 0 0 0 2 0 152 206 11 0 0 2 0.77864 Architecture\ParkingGarage\PGarageOutColumn01.nif
1506 869 1496 2679 1.73188 1.73188 1.00275 1.00275 129 129 4 55 55 100.32323 21 0 0 4 0 25 0 499 514 64 0 0 1 0.94152 Architecture\ParkingGarage\PGarageTopRail1x1Cor01.nif
1507 92 218 274 2.36957 2.36957 1.00888 1.00888 50 50 3 6 5 16.48616 3 1 0 0 0 3 0 74 52 6 0 0 1 0.73986 Architecture\ParkingGarage\PGarageTopRail1x1Str01.nif
1508 92 218 274 2.36957 2.36957 1.00888 1.00888 50 50 3 6 5 16.49138 3 1 0 0 0 3 0 74 52 6 0 0 1 0.88480 Architecture\ParkingGarage\PGarageTopRail1x2Str01.nif
1509 460 954 1527 2.07391 2.07391 1.00230 1.00230 116 116 3 30 28 116.00024 11 0 0 2 0 13 0 287 371 13 0 0 1 0.91997 Architecture\ParkingGarage\PGarageTopRail1x2Str02.nif
1510 66 147 200 2.22727 2.22727 1.00680 1.00680 16 16 3 5 4 15.94088 2 0 0 0 0 2 0 42 68 8 0 0 1 0.80916 Architecture\ParkingGarage\PGarageTopRailPost01.nif
1511 80 202 267 2.52500 2.52500 1.00990 1.00990 10 10 3 5 5 17.92124 2 0 0 0 0 2 0 46 85 6 0 0 1 0.80872 Architecture\ParkingGarage\PGarageTopRailPostCor01.nif
1512 58 143 190 2.46552 2.46552 1.00699 1.00699 18 18 3 4 3 27.58598 2 0 0 0 0 2 0 39 66 6 0 0 1 0.88112 Architecture\ParkingGarage\PGarageTopRailPostCorIn01.nif
1513 257 146 498 0.63813 0.63813 1.01370 1.01370 33 33 3 17 14 394.60553 6 0 0 1 0 7 0 146 0 14 0 0 0 0.94198 Architecture\Quarry\Mounds\QryMoundLargeGravel01.nif
1514 240 138 457 0.62500 0.62500 1.01449 1.01449 34 34 3 15 13 164.44632 6 0 0 1 0 7 0 138 0 14 0 0 0 0.96714 Architecture\Quarry\Mounds\QryMoundLargeGravel02.nif
1515 176 108 328 0.69886 0.69886 1.00000 1.00000 38 38 3 11 9 140.60873 5 0 0 1 0 6 0 108 0 19 0 0 0 0.93226 Architecture\Quarry\Mounds\QryMoundLedgeThin02.nif
1516 721 778 1797 1.10818 1.10818 1.00193 1.00193 205 205 4 46 49 99.13786 23 0 0 2 0 25 0 480 147 67 0 0 0 0.71035 Architecture\Quarry\Mounds\QryMoundRocksEDGE01.nif
1517 802 745 1806 0.96758 0.96758 1.00438 1.00438 230 230 4 51 46 111.89355 20 0 0 4 0 24 0 533 136 43 0 0 0 0.86048 Architecture\Quarry\Mounds\QryMoundRocksLow01.nif
1518 721 778 1715 1.10818 1.10818 1.00193 1.00193 205 205 5 46 45 269.81519 21 0 0 3 0 24 0 480 147 11 0 0 1 0.75169 Architecture\Quarry\Mounds\QryMoundRocksLow02.nif
1519 820 804 1933 1.01098 1.00610 1.00000 1.00000 251 251 4 52 53 202.76910 23 0 0 2 0 25 0 554 158 100 0 0 1 0.70008 Architecture\Quarry\Mounds\QryMoundRocksLow03.nif
1520 962 941 2282 1.00728 0.99792 1.00364 1.00364 288 288 4 61 62 218.33003 28 0 0 3 0 31 0 651 200 80 0 0 0 0.75128 Architecture\Quarry\Mounds\QryMoundRocksLow04.nif
1521 586 545 1331 0.96587 0.96587 1.00391 1.00391 160 160 5 38 36 179.30460 18 0 0 2 0 20 0 387 105 9 0 0 1 0.81290 Architecture\Quarry\Mounds\QryMoundRocksMed02.nif
1522 894 1079 2229 1.23826 1.23602 1.00626 1.00626 280 280 5 56 54 219.60210 23 0 0 3 0 26 0 610 268 19 0 0 1 0.73029 Architecture\Quarry\Mounds\QryMoundRocksMed03.nif
1523 726 739 1648 1.04270 1.04270 1.00977 1.00977 216 216 5 46 42 42.61331 19 0 0 0 0 19 0 489 157 9 0 0 2 0.83110 Architecture\Quarry\Mounds\QryMoundRocksMed04.nif
1524 245 248 527 1.04082 1.04082 1.01929 1.01929 83 83 4 16 15 24.64382 7 0 0 0 0 7 0 170 59 8 0 0 2 0.79128 Architecture\Quarry\Mounds\QryMoundRocksSmall01.nif
1525 259 256 568 1.01544 1.01544 1.01861 1.01861 89 89 5 17 17 27.42968 8 0 0 0 0 8 0 182 52 6 0 0 2 0.72251 Architecture\Quarry\Mounds\QryMoundRocksSmall02.nif
1526 316 337 643 1.12025 1.10759 1.00609 1.00609 86 86 3 21 15 84.01242 8 0 0 1 0 9 0 208 93 10 0 0 1 0.90441 Architecture\Quarry\Mounds\QryMoundRocksSmall04.nif
1527 1016 1142 2386 1.16437 1.15945 1.00125 1.00125 248 248 3 65 55 177.49687 24 0 0 5 0 29 0 653 246 111 0 0 0 0.81706 Architecture\Quarry\Mounds\QryMoundRocksTall02.nif
1528 955 903 2243 1.00000 1.00000 1.00078 1.00078 243 243 4 61 57 338.63611 26 0 0 2 0 28 0 619 166 80 0 0 1 0.72860 Architecture\Quarry\Mounds\QryMoundRocksTall03.nif
1529 12 24 30 2.00000 2.00000 1.00000 1.00000 0 0 2 4 1 362.03867 1 4 0 0 0 1 0 20 4 6 0 0 0 0.98969 Architecture\Quarry\QryCube01.nif
1530 12 24 24 2.00000 2.00000 1.00000 1.00000 0 0 1 5 0 0.00000 0 5 0 0 0 0 0 22 2 0 0 0 0 1.00000 Architecture\Quarry\QryCube01FloorOnTop.nif
1531 136 161 313 1.18382 1.18382 1.02428 1.02428 0 0 5 10 10 198.71849 7 0 0 0 0 7 0 87 30 5 0 0 2 0.75369 Architecture\Quarry\QryCubeDamChunkCorIn01.nif
1532 302 246 638 0.84437 0.84437 1.02220 1.02220 0 0 5 21 22 238.62401 14 2 0 1 0 15 0 234 6 8 0 0 1 0.93859 Architecture\Quarry\QryCubeDamCorIn01.nif
1533 294 232 595 0.81973 0.81973 1.03213 1.03213 0 0 4 20 19 120.48980 11 0 0 3 0 14 0 221 5 10 0 0 1 0.92668 Architecture\Quarry\QryCubeDamCorIn01LfEdging.nif
1534 239 188 495 0.80335 0.80335 1.01744 1.01744 3 3 6 16 18 169.70563 13 1 0 2 0 15 0 181 5 6 0 0 1 0.87394 Architecture\Quarry\QryCubeDamCorIn01NoEdging.nif
1535 288 230 621 0.81597 0.81597 1.00760 1.00760 0 0 5 20 23 256.99805 16 1 0 2 0 18 0 218 5 16 0 0 1 0.88248 Architecture\Quarry\QryCubeDamCorIn01RtEdging.nif
1536 260 372 689 1.45385 1.45385 1.01475 1.01475 0 0 4 18 16 36.35218 8 1 0 1 0 9 0 175 52 12 0 0 1 0.96702 Architecture\Quarry\QryCubeDamCorOut01.nif
1537 374 427 793 1.18182 1.17647 1.00752 1.00752 0 0 4 24 19 166.19266 11 1 0 2 0 13 0 244 48 6 0 0 0 0.99013 Architecture\Quarry\QryCubeDamMid01.nif
1538 12 24 24 2.00000 2.00000 1.00000 1.00000 0 0 1 2 0 0.00000 0 1 0 0 0 0 0 16 8 0 0 0 1 1.00000 Architecture\Quarry\QryCubeHalf01.nif
1539 12 24 24 2.00000 2.00000 1.00000 1.00000 0 0 1 2 0 0.00000 0 1 0 0 0 0 0 12 12 0 0 0 1 1.00000 Architecture\Quarry\QryCubeHalf01FloorOnTop.nif
1540 46 43 74 0.93478 0.93478 1.02326 1.02326 18 18 2 3 2 0.00002 1 0 0 1 0 2 0 33 0 9 0 0 0 1.00000 Architecture\Quarry\QryCubeSlope01.nif
1541 2 4 4 2.00000 2.00000 1.00000 1.00000 4 4 1 1 0 0.00000 0 1 0 0 0 0 0 4 0 4 0 0 0 1.00000 Architecture\Quarry\QryCubeWall01.nif
1542 3 5 5 1.66667 1.66667 1.60000 1.60000 5 5 1 1 0 0.00000 0 1 0 0 0 0 0 5 0 5 0 0 0 1.00000 Architecture\Quarry\QryFloor01.nif
1543 122 103 235 0.84426 0.84426 1.04686 1.04686 14 14 4 8 9 15.87390 8 1 0 2 0 10 0 103 0 14 0 0 0 0.90476 Architecture\Quarry\QryLedge01.nif
1544 126 111 180 0.88095 0.88095 1.04482 1.04482 14 14 4 9 5 15.34474 5 1 0 1 0 6 0 104 5 6 0 0 1 0.98947 Architecture\Quarry\QryLedge02.nif
1545 122 103 240 0.84426 0.84426 1.04686 1.04686 14 14 5 8 10 22.83251 9 2 0 1 0 10 0 103 0 6 0 0 0 0.75000 Architecture\Quarry\QryLedge03.nif
1546 130 112 268 0.86154 0.86154 1.03527 1.03527 14 14 5 9 13 24.25962 10 3 0 0 0 10 0 104 5 6 0 0 0 0.95238 Architecture\Quarry\QryLedge04.nif
1547 156 120 315 0.76923 0.76923 1.02736 1.02736 16 16 5 11 14 67.88225 11 2 0 1 0 12 0 120 0 7 0 0 0 0.91844 Architecture\Quarry\QryLedge05.nif
1548 193 175 412 0.91710 0.91710 1.00518 1.00518 13 13 5 13 15 192.79251 11 1 0 2 0 13 0 154 8 9 0 0 0 0.79558 Architecture\Quarry\QryLedge06.nif
1549 204 197 437 0.98039 0.97549 1.03442 1.03442 28 28 5 14 16 35.05624 12 2 0 1 0 13 0 174 2 7 0 0 1 0.71233 Architecture\Quarry\QryLedge07.nif
1550 191 166 401 0.86911 0.86911 1.01168 1.01168 27 27 4 13 15 61.49759 9 1 0 1 0 10 0 162 2 26 0 0 2 0.75113 Architecture\Quarry\QryLedge08.nif
1551 154 122 296 0.79221 0.79221 1.04831 1.04831 14 14 5 10 12 67.88225 10 1 0 2 0 12 0 118 0 5 0 0 0 0.95455 Architecture\Quarry\QryLedge09.nif
1552 224 212 486 0.95536 0.95089 1.01829 1.01829 28 28 5 15 19 149.46608 13 3 0 1 0 14 0 193 3 6 0 0 0 0.89908 Architecture\Quarry\QryLedge10.nif
1553 292 239 602 0.81849 0.81849 1.01782 1.01782 40 40 5 21 23 243.45241 16 1 0 3 0 19 0 215 4 12 0 0 0 0.90241 Architecture\Quarry\QryLedgeBroken01.nif
1554 269 223 557 0.85502 0.85502 1.03815 1.03815 21 21 6 18 21 30.47507 14 2 0 2 0 16 0 212 3 6 0 0 0 0.74131 Architecture\Quarry\QryLedgeCorner01.nif
1555 238 209 507 0.88235 0.88235 1.03292 1.03292 14 14 5 17 20 38.31781 13 1 0 2 0 15 0 193 8 10 0 0 1 0.81340 Architecture\Quarry\QryLedgeCorner02.nif
1556 194 174 402 0.90722 0.90206 1.03417 1.03417 14 14 4 14 15 20.58199 11 1 0 1 0 12 0 169 3 21 0 0 2 0.78462 Architecture\Quarry\QryLedgeCornerBrokeOvrHang01.nif
1557 194 176 381 0.91753 0.91753 1.04374 1.04374 14 14 4 15 15 95.89384 12 2 0 3 0 15 0 172 2 15 0 0 1 0.74561 Architecture\Quarry\QryLedgeCornerBrokeOvrHang01dirty.nif
1558 213 190 448 0.90610 0.89202 1.05096 1.05096 13 13 5 17 18 37.43222 14 2 0 1 0 15 0 187 1 8 0 0 2 0.85375 Architecture\Quarry\QryLedgeCornerBrokeOvrHang02.nif
1559 222 214 421 0.96847 0.96396 1.05034 1.05034 34 34 4 16 14 30.90553 11 1 0 2 0 13 0 188 20 17 0 0 2 0.77698 Architecture\Quarry\QryLedgeCornerBrokeOvrHang02custom01.nif
1560 222 212 401 0.95946 0.95495 1.07374 1.07374 34 34 4 17 14 45.25483 13 2 0 2 0 15 0 189 18 11 0 0 3 0.80769 Architecture\Quarry\QryLedgeCornerBrokeOvrHang02custom01dirty.nif
1561 465 321 906 0.72688 0.72688 1.00960 1.00960 17 17 5 31 33 171.73001 20 0 0 4 0 24 0 317 0 14 0 0 0 0.92308 Architecture\Quarry\QryLedgeCornerDbl01.nif
1562 688 478 1327 0.73983 0.73401 1.02940 1.02940 0 0 6 44 47 85.86501 26 2 0 2 0 28 0 471 0 10 0 0 1 0.93421 Architecture\Quarry\QryLedgeCube01.nif
1563 140 124 287 0.88571 0.88571 1.03234 1.03234 22 22 5 10 12 18.34647 9 1 0 2 0 11 0 116 7 6 0 0 0 0.79880 Architecture\Quarry\QryLedgeDiag01.nif
1564 1 3 3 3.00000 3.00000 1.33333 1.33333 3 3 1 1 0 0.00000 0 1 0 0 0 0 0 3 0 3 0 0 0 1.00000 Architecture\Quarry\QryLedgeDiag01FloorONLY.nif
1565 128 115 258 0.89844 0.89844 1.04243 1.04243 20 20 4 9 10 18.11578 8 1 0 1 0 9 0 109 5 16 0 0 1 0.81818 Architecture\Quarry\QryLedgeDiag02.nif
1566 90 92 163 1.02222 1.02222 1.00000 1.00000 44 44 2 7 3 0.00328 2 1 0 1 0 3 0 74 8 27 0 0 0 0.99700 Architecture\Quarry\QryLedgeEndcap01.nif
1567 82 92 180 1.12195 1.12195 1.00000 1.00000 46 46 3 6 5 5.09463 2 1 0 0 0 2 0 72 8 20 0 0 1 1.00000 Architecture\Quarry\QryLedgeEndcap02noBottom.nif
1568 154 102 290 0.69481 0.69481 1.01719 1.01719 18 18 4 10 11 7.85927 7 0 0 2 0 9 0 102 0 12 0 0 0 0.88235 Architecture\Quarry\QryLedgeEndcapL01.nif
1569 138 94 251 0.68116 0.68116 1.01918 1.01918 18 18 5 9 10 15.98613 8 2 0 1 0 9 0 94 0 12 0 0 0 0.70833 Architecture\Quarry\QryLedgeEndcapR01.nif
1570 44 57 101 1.29545 1.29545 1.05051 1.05051 18 18 4 5 5 49.30673 5 4 0 0 0 5 0 51 6 6 0 0 0 0.95652 Architecture\Quarry\QryRampCurveFlatL01.nif
1571 338 283 656 0.83728 0.83728 1.03109 1.03109 44 44 6 23 26 49.00822 20 4 0 1 0 21 0 272 6 6 0 0 1 0.79921 Architecture\Quarry\QryRampCurveL01.nif
1572 496 433 1022 0.87500 0.87298 1.02572 1.02572 50 50 6 34 37 128.07370 24 4 0 2 0 26 0 399 23 6 0 0 0 0.85140 Architecture\Quarry\QryRampCurveL01MezCustom01.nif
1573 24 34 60 1.41667 1.41667 1.17460 1.17460 26 26 3 3 3 11.63772 3 2 0 1 0 4 0 34 0 8 0 0 0 0.96000 Architecture\Quarry\QryRampCurveLSkirt01.nif
1574 320 265 637 0.82813 0.82813 1.04133 1.04133 44 44 6 22 27 49.00827 21 4 0 2 0 23 0 257 6 6 0 0 0 0.75510 Architecture\Quarry\QryRampCurveR01.nif
1575 324 302 652 0.93210 0.93210 1.03105 1.03105 44 44 6 23 25 93.47794 19 3 0 3 0 22 0 292 8 6 0 0 2 0.71739 Architecture\Quarry\QryRampCurveR01aDirty.nif
1576 338 334 705 0.98817 0.98817 1.03299 1.03299 46 46 5 24 29 40.19766 24 5 0 2 0 26 0 277 7 12 0 0 2 0.88462 Architecture\Quarry\QryRampCurveR01customDirty.nif
1577 24 34 60 1.41667 1.41667 1.17460 1.17460 26 26 3 3 3 11.63772 3 2 0 1 0 4 0 34 0 8 0 0 0 0.99375 Architecture\Quarry\QryRampCurveRSkirt01.nif
1578 226 195 476 0.87168 0.87168 1.02527 1.02527 20 20 5 16 16 20.82293 11 0 0 2 0 13 0 185 10 9 0 0 1 0.93243 Architecture\Quarry\QryRampCustomMezzanine01.nif
1579 122 100 217 0.84426 0.81967 1.03148 1.03148 30 30 4 9 8 2.30649 4 0 0 1 0 5 0 98 0 10 0 0 2 0.88095 Architecture\Quarry\QryRampCustomMezzanine02.nif
1580 92 83 163 0.90217 0.90217 1.01338 1.01338 16 16 4 7 6 16.00000 5 0 0 2 0 7 0 81 1 8 0 0 1 0.80952 Architecture\Quarry\QryRampStraight01EdgeL01.nif
1581 96 86 155 0.89583 0.89583 1.07161 1.07161 16 16 3 8 4 15.19739 3 0 0 1 0 4 0 84 1 14 0 0 2 0.90278 Architecture\Quarry\QryRampStraight01EdgeL02.nif
1582 12 24 24 2.00000 2.00000 1.00000 1.00000 0 0 1 2 0 0.00000 0 1 0 0 0 0 0 12 10 0 0 0 1 1.00000 Architecture\Quarry\QryRampStraight02.nif
1583 12 22 22 1.83333 1.83333 1.11111 1.11111 0 0 1 2 0 0.00000 0 1 0 0 0 0 0 14 6 0 0 0 1 1.00000 Architecture\Quarry\QryRampStraight03.nif
1584 350 361 792 1.09143 1.08857 1.02728 1.02728 62 62 7 24 22 64.15915 13 1 0 0 0 13 0 296 59 4 0 0 3 0.75862 Architecture\Quarry\QryRubbleRaisedFloor02.nif
1585 12 26 31 2.16667 2.16667 1.07692 1.07692 0 0 2 1 1 89.12776 1 0 0 0 0 1 0 8 10 0 0 0 1 0.80315 Architecture\Quarry\QrySlab128x128.nif
1586 16 38 44 2.37500 2.37500 1.05263 1.05263 0 0 2 1 1 111.72755 1 0 0 0 0 1 0 10 24 0 0 0 1 0.80315 Architecture\Quarry\QrySlab128x256.nif
1587 12 32 37 2.66667 2.66667 1.00000 1.00000 0 0 2 1 1 118.15385 1 0 0 1 0 2 0 8 19 0 0 0 0 0.80315 Architecture\Quarry\QrySlab128x384.nif
1588 12 30 30 2.50000 2.50000 1.06667 1.06667 0 0 1 1 0 0.00000 0 0 0 0 0 0 0 8 17 0 0 0 1 1.00000 Architecture\Quarry\QrySlab128x512.nif
1589 186 230 407 1.23656 1.23656 1.01084 1.01084 0 0 4 12 9 104.51157 5 0 0 1 0 6 0 123 39 7 0 0 1 0.76562 Architecture\Quarry\QrySlabRubble01.nif
1590 200 250 506 1.25000 1.25000 1.00574 1.00574 0 0 4 14 14 62.24841 7 0 0 0 0 7 0 140 51 16 0 0 2 0.78469 Architecture\Quarry\QrySlabRubble02.nif
1591 180 207 297 1.15000 1.15000 1.02339 1.02339 0 0 2 12 4 15.96428 2 0 0 2 0 4 0 110 61 15 0 0 0 0.98177 Architecture\Quarry\QrySlabRubble03.nif
1592 84 205 263 2.44048 2.44048 1.01463 1.01463 0 0 4 6 5 108.36017 3 0 1 0 0 3 0 44 99 0 0 0 1 0.81288 Architecture\Quarry\QryStoneStair01.nif
1593 68 188 229 2.76471 2.76471 1.00000 1.00000 0 0 2 5 3 15.93786 1 0 0 1 0 2 0 36 90 0 0 0 0 0.95391 Architecture\Quarry\QryStoneStair02.nif
1594 68 197 239 2.89706 2.89706 1.01523 1.01523 0 0 2 5 3 49.84525 1 0 0 1 0 2 0 36 104 0 0 0 0 0.88963 Architecture\Quarry\QryStoneStair03.nif
1595 68 190 231 2.79412 2.79412 1.01053 1.01053 0 0 2 5 3 64.17277 1 0 0 1 0 2 0 36 100 0 0 0 0 0.87470 Architecture\Quarry\QryStoneStair04.nif
1596 22 44 53 2.18182 2.00000 1.00000 1.00000 10 10 2 3 1 3.32792 1 1 0 0 0 1 0 20 24 0 0 0 1 0.70747 Architecture\Residential\ResNCA1FLWallA00.nif
1597 82 184 233 2.29268 2.24390 1.00000 1.00000 26 26 3 6 4 57.82733 3 2 0 1 0 4 0 76 64 4 0 0 0 0.71074 Architecture\Residential\ResNCA1FLWallA01.nif
1598 52 116 121 2.30769 2.23077 1.00000 1.00000 18 18 2 5 1 0.00000 1 2 0 0 0 1 0 48 44 4 0 0 1 1.00000 Architecture\Residential\ResNCA1FLWallA02.nif
1599 52 116 121 2.30769 2.23077 1.00000 1.00000 18 18 2 5 1 0.00000 1 2 0 0 0 1 0 48 44 4 0 0 1 1.00000 Architecture\Residential\ResNCA1FLWallA03.nif
1600 52 116 121 2.30769 2.23077 1.00000 1.00000 18 18 2 5 1 0.00000 1 2 0 0 0 1 0 48 44 4 0 0 1 1.00000 Architecture\Residential\ResNCA1FLWallA04.nif
1601 12 24 24 2.16667 2.00000 1.00000 1.00000 8 8 1 2 0 0.00000 0 1 0 0 0 0 0 12 12 8 0 0 1 1.00000 Architecture\Residential\ResNCA2FLWallA00.nif
1602 123 236 334 1.93496 1.91870 1.01864 1.01864 11 11 4 10 8 7.59265 6 1 0 1 0 7 0 124 29 8 0 0 1 0.89490 Architecture\Residential\ResNCA2FLWallB01.nif
1603 68 135 184 2.01471 1.98529 1.00654 1.00654 8 8 3 6 5 3.61506 4 1 0 1 0 5 0 68 20 6 0 0 1 0.88320 Architecture\Residential\ResNCA2FLWallB02.nif
1604 68 137 186 2.04412 2.01471 1.01634 1.01634 8 8 3 6 5 3.61506 4 1 0 1 0 5 0 68 20 6 0 0 1 0.80392 Architecture\Residential\ResNCA2FLWallB03.nif
1605 68 139 188 2.07353 2.04412 1.03561 1.03561 8 8 3 6 5 3.61506 4 1 0 1 0 5 0 68 21 6 0 0 1 0.84483 Architecture\Residential\ResNCA2FLWallB04.nif
1606 183 347 553 1.89617 1.89617 1.01711 1.01711 67 67 4 12 12 85.93765 8 0 0 0 0 8 0 193 46 13 0 0 3 0.81719 Architecture\Residential\ResNCAAddonbayWindow01.nif
1607 75 167 210 2.22667 2.22667 1.00723 1.00723 33 33 2 6 3 48.68397 2 0 0 1 0 3 0 81 33 34 0 0 2 1.00000 Architecture\Residential\ResNCAAddonbayWindow02.nif
1608 60 129 185 2.15000 2.15000 1.02326 1.02326 32 32 4 4 4 64.68024 3 0 0 1 0 4 0 48 66 6 0 0 0 0.72087 Architecture\Residential\ResNCAAddonbayWindowTop01.nif
1609 247 637 795 2.61134 2.57895 1.00443 1.00443 79 79 2 17 9 73.37013 4 0 0 0 0 4 0 195 292 62 0 0 2 0.83781 Architecture\Residential\ResNCAAddonRoofChimeny01.nif
1610 678 1712 2392 2.55900 2.52507 1.00000 1.00000 158 158 6 43 40 161.78999 19 0 0 4 0 23 0 420 1014 7 0 0 1 0.89832 Architecture\Residential\ResNCAAddonRoofDormer01.nif
1611 490 1304 1854 2.66122 2.66122 1.00000 1.00000 52 52 4 31 30 217.44495 13 0 0 2 0 15 0 296 822 28 0 0 1 1.00000 Architecture\Residential\ResNCAAddonSteepel01.nif
1612 66 174 242 2.63636 2.63636 1.01149 1.01149 16 16 5 5 6 74.14330 4 1 0 0 0 4 0 41 84 4 0 0 0 0.90816 Architecture\Residential\ResNCAAddonSteepelRoof.nif
1613 16 24 30 1.62500 1.50000 1.00000 1.00000 10 10 2 2 1 3.32792 1 1 0 1 0 2 0 16 8 4 0 0 0 0.99515 Architecture\Residential\ResNCABase01.nif
1614 91 178 258 1.95604 1.95604 1.00733 1.00733 13 13 3 8 6 79.71185 5 3 0 0 0 5 0 81 48 20 0 0 1 0.79874 Architecture\Residential\ResNCAEntranceS01.nif
1615 2 4 4 2.00000 2.00000 1.00000 1.00000 4 4 1 1 0 0.00000 0 1 0 0 0 0 0 4 0 4 0 0 0 1.00000 Architecture\Residential\ResNCARoofFlat01.nif
1616 18 27 35 1.50000 1.50000 1.03704 1.03704 20 20 2 2 1 14.47112 1 1 0 0 0 1 0 24 2 8 0 0 1 1.00000 Architecture\Residential\ResNCARoofPitch01.nif
1617 247 637 802 2.61134 2.57895 1.00482 1.00482 75 75 2 16 9 29.32446 4 0 0 0 0 4 0 189 305 59 0 0 2 0.75709 Architecture\Residential\ResNCARoofPitchCap01.nif
1618 336 720 1147 2.14286 2.14286 1.00000 1.00000 74 74 4 23 19 256.12494 11 0 0 1 0 12 0 350 136 18 0 0 2 0.72159 Architecture\Residential\ResNCATower1FLA01.nif
1619 333 336 739 1.01802 1.01502 1.01222 1.01222 63 63 6 22 26 120.47388 16 1 0 0 0 16 0 287 33 6 0 0 2 0.70823 Architecture\Residential\ResNCATower2FLA01.nif
1620 96 78 125 0.81250 0.81250 1.01923 1.01923 56 56 4 7 3 69.63635 3 1 0 0 0 3 0 78 0 6 0 0 1 0.87080 Architecture\Residential\ResNCATower2FLA02.nif
1621 146 204 347 1.39726 1.39726 1.00000 1.00000 36 36 3 10 9 40.57025 5 0 0 1 0 6 0 92 111 12 0 0 0 0.87740 Architecture\Residential\ResNCATowerRoof01.nif
1622 4224 5552 10425 1.31723 1.31439 1.00070 1.00070 584 584 4 265 265 481.91461 114 0 0 16 0 130 0 2592 2753 266 0 0 1 0.71429 Architecture\Satellite\Satellite01.nif
1623 12861 12270 26367 1.03180 0.95622 1.00062 1.00062 2607 2607 6 806 732 1988.10376 343 1 0 31 8 366 8 8030 3528 88 0 0 1 0.75656 Architecture\Satellite\SatelliteDish01.nif
1624 12558 12537 26344 1.05733 1.00151 1.00026 1.00026 2368 2368 5 787 710 1540.63916 321 1 0 36 1 351 6 7854 3969 131 0 0 1 0.73625 Architecture\Satellite\SatelliteDish02.nif
1625 1012 866 1999 0.86858 0.86858 1.00158 1.00158 130 130 4 64 53 35.68491 26 0 0 2 0 28 0 576 290 0 0 0 2 0.81390 Architecture\Shacks\Metal\ShackMetalMidRoof01.nif
1626 1368 1126 2594 0.84357 0.84357 1.00205 1.00205 164 164 4 87 75 106.67244 38 0 0 2 0 40 0 771 354 9 0 0 4 0.70882 Architecture\Shacks\Metal\ShackMetalMidRoof02.nif
1627 1042 1042 2045 1.00480 1.00480 1.00668 1.00668 160 160 5 66 55 22.33858 30 1 0 1 0 31 0 611 431 15 0 0 2 0.74838 Architecture\Shacks\Metal\ShackMetalWallFlat01.nif
1628 1508 1330 2898 0.89191 0.89191 1.00121 1.00121 276 276 4 96 75 76.71663 36 0 0 3 0 39 0 904 423 40 0 0 2 0.86080 Architecture\Shacks\Metal\ShackMetalWallFlat02.nif
1629 1970 1868 3856 0.95482 0.95482 1.00233 1.00233 246 246 4 126 106 122.03810 52 1 0 3 0 55 0 1126 726 6 0 0 3 0.73189 Architecture\Shacks\Metal\ShackMetalWallOuter01A.nif
1630 1704 1719 3281 1.02347 1.02347 1.00310 1.00310 268 268 4 108 80 36.30479 40 0 0 2 0 42 0 1003 704 0 0 0 5 0.74066 Architecture\Shacks\Metal\ShackMetalWallOuter02A.nif
1631 1915 1746 3742 0.92689 0.92689 1.00407 1.00407 225 225 4 122 108 86.63190 54 0 0 1 0 55 0 1093 650 5 0 0 7 0.72727 Architecture\Shacks\Metal\ShackMetalWallOuter03A.nif
1632 2211 1906 4303 0.88738 0.88557 1.00375 1.00375 273 273 5 140 126 192.36627 62 0 0 2 0 64 0 1260 641 8 0 0 5 0.75714 Architecture\Shacks\Metal\ShackMetalWallOuter04A.nif
1633 1310 1479 2695 1.13664 1.13664 1.00440 1.00440 182 182 5 83 65 23.49382 33 1 0 1 0 34 0 769 686 6 0 0 3 0.73514 Architecture\Shacks\Metal\ShackMetalWallOuterCap01A.nif
1634 2237 2426 4523 1.08941 1.08762 1.00207 1.00207 155 155 5 143 118 155.59430 55 0 0 3 0 58 0 1272 1127 0 0 0 6 0.73602 Architecture\Shacks\Metal\ShackMetalWallOuterCap01Door01.nif
1635 1320 1297 2632 0.99318 0.99242 1.00550 1.00550 188 188 5 84 73 18.55708 36 0 0 1 0 37 0 775 514 9 0 0 6 0.73203 Architecture\Shacks\Metal\ShackMetalWallOuterCap02A.nif
1636 1731 1412 3293 0.83882 0.83882 1.00537 1.00537 323 323 4 110 93 132.26245 41 0 0 2 0 43 0 1037 366 36 0 0 7 0.79904 Architecture\Shacks\Metal\ShackMetalWallOuterCap04A.nif
1637 1992 2007 3950 1.01406 1.01355 1.00067 1.00067 256 256 6 127 108 29.05661 56 0 0 1 0 57 0 1154 840 9 0 0 5 0.70000 Architecture\Shacks\Metal\ShackMetalWallOuterCrnInCap01A.nif
1638 987 882 1850 0.92199 0.91692 1.00264 1.00264 210 210 4 64 49 57.21891 25 0 0 3 0 28 0 608 260 28 0 0 2 0.71616 Architecture\Shacks\Metal\ShackMetalWallOuterCrnOut01A.nif
1639 987 914 1939 0.95542 0.95542 1.00264 1.00264 210 210 4 64 54 108.02238 27 0 0 3 0 30 0 608 292 25 0 0 2 0.70986 Architecture\Shacks\Metal\ShackMetalWallOuterCrnOut01B.nif
1640 818 772 1420 0.95110 0.94988 1.00595 1.00595 188 188 3 52 34 11.09689 15 0 0 1 0 16 0 506 262 26 0 0 4 0.81648 Architecture\Shacks\Metal\ShackMetalWallOuterCrnOut02A.nif
1641 1271 1056 2298 0.84894 0.84500 1.00433 1.00433 193 193 6 82 64 36.21898 30 0 0 0 0 30 0 740 309 10 0 0 6 0.70805 Architecture\Shacks\Metal\ShackMetalWallOuterCrnOut04A.nif
1642 604 664 1211 1.11921 1.09934 1.00000 1.00000 32 32 4 38 31 6.92820 15 0 0 0 0 15 0 328 336 0 4 0 3 0.81026 Architecture\Shacks\ShackBalconyFloor01.nif
1643 632 707 1281 1.14399 1.11867 1.00118 1.00118 56 56 4 40 33 6.92820 16 0 0 0 0 16 0 352 355 0 0 0 3 0.80238 Architecture\Shacks\ShackBalconyFloor02.nif
1644 666 779 1363 1.19369 1.16967 1.00112 1.00112 90 90 4 42 33 11.73607 16 0 1 0 0 16 0 386 367 0 1 0 3 0.79694 Architecture\Shacks\ShackBalconyFloor03.nif
1645 668 747 1322 1.14820 1.11826 1.00112 1.00112 48 48 4 42 33 8.97599 16 0 0 0 0 16 0 368 379 0 0 0 4 0.79035 Architecture\Shacks\ShackBalconyFloor04.nif
1646 664 766 1351 1.17169 1.15361 1.00135 1.00135 56 56 4 42 33 8.97599 16 0 0 0 0 16 0 376 374 0 0 0 4 0.79143 Architecture\Shacks\ShackBalconyFloor05.nif
1647 1542 1629 3153 1.43061 1.06355 1.00183 1.00183 64 64 4 97 82 115.27627 39 0 0 0 0 39 0 869 697 0 0 0 2 0.70238 Architecture\Shacks\ShackBridge01.nif
1648 1084 1160 2186 1.28229 1.07565 1.00000 1.00000 64 64 4 69 56 205.65477 26 0 0 0 0 26 0 620 516 0 0 0 3 0.70157 Architecture\Shacks\ShackBridge02.nif
1649 668 743 1366 1.49850 1.11826 1.00131 1.00131 0 0 5 43 35 171.34480 17 0 0 1 2 18 0 344 277 0 0 0 1 0.70698 Architecture\Shacks\ShackBridgeFree01.nif
1650 136 142 277 1.07353 1.05882 1.01408 1.01408 16 16 3 9 8 2.24994 3 0 0 0 0 3 0 80 54 10 1 0 1 0.89120 Architecture\Shacks\ShackBridgeFree01Support01.nif
1651 60 62 108 1.06667 1.05000 1.03226 1.03226 0 0 3 4 3 1.64393 2 0 0 0 0 2 0 32 26 0 0 0 1 0.97669 Architecture\Shacks\ShackFreeColumnInt01.nif
1652 716 871 1514 1.22207 1.21648 1.00408 1.00408 28 28 4 45 38 11.32475 19 0 0 0 0 19 0 392 414 0 1 0 3 0.70649 Architecture\Shacks\ShackMidRoof01.nif
1653 838 1001 1802 1.20764 1.19451 1.00239 1.00239 124 124 4 53 46 90.90849 23 0 0 1 0 24 0 507 429 0 0 0 2 0.76749 Architecture\Shacks\ShackMidRoof01Hole01.nif
1654 1124 1238 2301 1.15480 1.10142 1.00207 1.00207 106 106 4 71 62 102.86005 29 0 0 2 0 31 0 673 550 0 1 0 2 0.74560 Architecture\Shacks\ShackMidRoof02.nif
1655 990 1130 2095 1.14545 1.14141 1.00136 1.00136 90 90 4 63 57 79.02977 28 0 0 1 0 29 0 592 523 0 0 0 2 0.71026 Architecture\Shacks\ShackMidRoof02Hole01.nif
1656 1022 1165 2191 1.15753 1.13992 1.00311 1.00311 100 100 4 65 58 174.08980 29 0 0 3 0 32 0 612 521 0 0 0 1 0.71637 Architecture\Shacks\ShackMidRoof02Hole02.nif
1657 1492 1734 3198 1.34920 1.16220 1.00098 1.00098 106 106 4 95 87 181.16748 40 0 0 2 0 42 0 877 842 40 0 0 3 0.70104 Architecture\Shacks\ShackMidRoof03.nif
1658 1334 1566 2844 1.19865 1.17391 1.00392 1.00392 90 90 4 85 77 134.10486 37 0 0 1 0 38 0 786 757 33 0 0 3 0.72668 Architecture\Shacks\ShackMidRoof03Hole01.nif
1659 1400 1629 2818 1.34857 1.16357 1.00249 1.00249 94 94 4 88 68 9.39001 32 0 0 0 0 32 0 820 792 33 0 0 4 0.73442 Architecture\Shacks\ShackMidRoof03Hole02.nif
1660 732 874 1494 1.41257 1.20492 1.00229 1.00229 0 0 3 46 39 70.95693 20 0 0 0 0 20 0 424 418 0 0 0 1 0.80186 Architecture\Shacks\ShackMidSupports01.nif
1661 1490 1815 3188 1.21812 1.21812 1.00058 1.00058 96 96 4 96 80 109.75044 39 1 1 0 0 39 0 842 850 0 0 0 4 0.71315 Architecture\Shacks\ShackWallFlat01.nif
1662 1488 1760 3238 1.18750 1.18280 1.00219 1.00219 0 0 4 94 81 66.06172 38 0 0 2 0 40 0 792 882 0 0 0 2 0.70206 Architecture\Shacks\ShackWallFlat02.nif
1663 889 957 1782 1.07649 1.07649 1.00257 1.00257 31 31 4 57 46 64.15800 24 1 0 0 0 24 0 480 474 8 0 0 2 0.72492 Architecture\Shacks\ShackWallFlat03.nif
1664 852 1110 1996 1.83099 1.30282 1.00156 1.00156 0 0 4 54 50 55.20402 22 0 0 1 0 23 0 472 638 8 0 0 3 0.73000 Architecture\Shacks\ShackWallFlatEnd01.nif
1665 309 367 640 1.41100 1.18770 1.01462 1.01462 27 27 4 20 16 6.67581 10 1 0 0 0 10 0 184 183 8 0 0 3 0.70769 Architecture\Shacks\ShackWallFlatEnd02.nif
1666 652 974 1644 1.50000 1.49387 1.00205 1.00205 0 0 3 42 39 75.80604 17 0 0 0 0 17 0 362 563 0 1 0 2 0.71379 Architecture\Shacks\ShackWallHalfL01.nif
1667 540 818 1301 1.51481 1.51481 1.00687 1.00687 84 84 3 36 28 69.62683 13 0 0 2 0 15 0 340 391 0 1 0 2 0.76016 Architecture\Shacks\ShackWallHalfR01.nif
1668 2347 2637 4875 1.22071 1.12569 1.00227 1.00227 101 101 4 148 125 149.32825 60 0 0 1 0 61 0 1332 1266 0 0 0 5 0.77160 Architecture\Shacks\ShackWallOuter01A.nif
1669 2635 3069 5374 1.23909 1.16736 1.00101 1.00101 43 43 4 166 128 199.07140 60 0 0 1 0 61 0 1423 1609 0 0 0 5 0.72757 Architecture\Shacks\ShackWallOuter01B.nif
1670 1956 2152 4100 1.17843 1.10276 1.00154 1.00154 70 70 4 124 109 170.41626 56 1 0 0 0 56 0 1084 1049 8 0 0 4 0.71004 Architecture\Shacks\ShackWallOuter04A.nif
1671 1958 2156 4082 1.17926 1.10368 1.00117 1.00117 74 74 4 124 107 170.41626 54 0 0 0 0 54 0 1086 1051 0 0 0 5 0.71004 Architecture\Shacks\ShackWallOuter04B.nif
1672 2013 2293 4171 1.21510 1.14158 1.00084 1.00084 85 85 4 128 104 125.59934 51 0 1 1 0 52 0 1123 1113 0 0 0 5 0.72712 Architecture\Shacks\ShackWallOuter05A.nif
1673 2216 2629 4637 1.25587 1.18863 1.00112 1.00112 234 234 4 141 112 125.00538 57 0 0 0 0 57 0 1299 1174 0 1 0 7 0.73333 Architecture\Shacks\ShackWallOuter05B.nif
1674 2175 2580 4687 1.26299 1.18805 1.00343 1.00343 63 63 4 138 117 123.41739 56 0 0 2 0 58 0 1215 1311 20 0 0 5 0.73690 Architecture\Shacks\ShackWallOuterCap01.nif
1675 1864 2203 3976 1.40826 1.18401 1.00421 1.00421 40 40 4 117 101 211.75133 49 0 0 2 0 51 0 1039 1148 0 1 0 3 0.71455 Architecture\Shacks\ShackWallOuterCap01B.nif
1676 2176 2586 4745 1.37960 1.19393 1.00088 1.00088 60 60 4 138 126 242.00374 60 0 0 3 0 63 0 1221 1344 15 0 0 5 0.73558 Architecture\Shacks\ShackWallOuterCap01Door01.nif
1677 2350 2793 4977 1.37191 1.19362 1.00084 1.00084 102 102 4 149 125 119.74567 58 0 0 5 0 63 0 1333 1412 0 0 0 5 0.78733 Architecture\Shacks\ShackWallOuterCap01Door02.nif
1678 1961 2137 4071 1.18358 1.09587 1.00324 1.00324 81 81 4 124 109 229.32597 53 0 0 3 0 56 0 1095 1016 0 0 0 4 0.72223 Architecture\Shacks\ShackWallOuterCap01Door03.nif
1679 1373 1503 2848 1.19592 1.09760 1.00325 1.00325 85 85 4 88 73 168.71115 36 1 0 1 0 37 0 780 701 15 0 0 4 0.70909 Architecture\Shacks\ShackWallOuterCap03.nif
1680 3174 3789 6868 1.26339 1.19534 1.00086 1.00086 126 126 4 201 169 201.99586 80 0 0 2 0 82 0 1800 1896 40 0 0 6 0.71597 Architecture\Shacks\ShackWallOuterCrnInCap01.nif
1681 1822 2348 3945 1.36498 1.29089 1.00335 1.00335 54 54 4 115 90 27.10284 42 0 0 2 0 44 0 1020 1251 7 0 0 4 0.72251 Architecture\Shacks\ShackWallOuterCrnOut01A.nif
1682 1438 1760 3181 1.33032 1.22670 1.00426 1.00426 54 54 4 91 81 167.60248 38 0 0 3 0 41 0 808 907 7 0 0 3 0.72251 Architecture\Shacks\ShackWallOuterCrnOut01B.nif
1683 1414 1742 3178 1.34017 1.23479 1.00337 1.00337 54 54 4 89 80 167.60248 37 0 0 4 0 41 0 788 881 7 1 0 2 0.71191 Architecture\Shacks\ShackWallOuterCrnOut01C.nif
1684 1030 1154 2210 1.26893 1.12427 1.00463 1.00463 54 54 4 65 58 167.60248 28 0 0 3 0 31 0 576 537 7 0 0 2 0.72251 Architecture\Shacks\ShackWallOuterCrnOut01D.nif
1685 1062 1194 2294 1.26836 1.12806 1.00449 1.00449 94 94 4 67 60 167.60248 30 0 0 3 0 33 0 616 537 7 0 0 3 0.72251 Architecture\Shacks\ShackWallOuterCrnOut02.nif
1686 1208 1506 2642 1.37334 1.25000 1.00395 1.00395 182 182 4 77 62 167.60248 30 0 0 4 0 34 0 732 633 7 0 0 4 0.73359 Architecture\Shacks\ShackWallOuterCrnOut03A.nif
1687 1124 1314 2433 1.30516 1.17260 1.00425 1.00425 96 96 4 72 62 167.60248 30 0 0 3 0 33 0 646 596 7 0 0 4 0.73359 Architecture\Shacks\ShackWallOuterCrnOut03B.nif
1688 1114 1344 2474 1.34381 1.21005 1.00508 1.00508 140 140 4 71 63 167.60248 30 1 1 3 0 33 0 662 574 7 0 0 2 0.70874 Architecture\Shacks\ShackWallOuterCrnOut03C.nif
1689 443 595 936 1.58465 1.34989 1.00720 1.00720 58 58 3 29 17 15.61922 7 0 0 0 0 7 0 273 269 13 0 0 3 0.84740 Architecture\Shacks\ShackWallOuterCrnOut04.nif
1690 818 1130 1933 1.53423 1.38264 1.00537 1.00537 34 34 4 53 45 72.95972 22 1 0 1 0 23 0 472 564 9 1 0 3 0.71947 Architecture\Shacks\ShackWallOuterCrnOut05B.nif
1691 276 330 570 1.41304 1.20652 1.00606 1.00606 0 0 3 18 15 55.03948 8 0 0 0 0 8 0 160 158 0 2 0 1 0.81938 Architecture\Shacks\ShackWallOuterSupports01.nif
1692 2239 3901 6210 1.98080 1.74587 1.00249 1.00249 247 247 3 143 116 210.62646 48 1 0 6 0 54 0 1379 1664 178 0 0 2 0.72258 Architecture\SkyBridge\HitSkyBridgeDmgEndAngle01.nif
1693 1320 2227 3393 1.87879 1.69242 1.00398 1.00398 110 110 5 84 62 238.55084 28 0 0 0 0 28 0 795 1039 12 0 0 5 0.71748 Architecture\SkyBridge\HitSkyBridgeDmgEndL01.nif
1694 1429 2443 3766 1.92302 1.71449 1.00348 1.00348 81 81 6 93 67 277.16382 31 0 0 2 0 33 0 859 1052 15 0 0 6 0.71287 Architecture\SkyBridge\HitSkyBridgeDmgEndR01.nif
1695 514 894 1396 1.73930 1.73930 1.00796 1.00796 118 118 5 36 29 207.46951 16 2 0 3 0 19 0 382 259 4 0 0 2 0.70940 Architecture\SkyBridge\HitSkyBridgeEnd01.nif
1696 512 980 1426 1.91406 1.91406 1.00874 1.00874 133 133 3 34 24 131.22879 11 0 0 3 0 14 0 365 447 44 0 0 3 0.74069 Architecture\SkyBridge\HitSkyBridgeMidHalf01.nif
1697 784 1400 2166 1.78571 1.78571 1.00198 1.00198 98 98 6 52 48 334.36200 21 1 0 4 0 25 0 480 642 0 0 0 3 0.70900 Architecture\SkyBridge\HitSkyBridgeMidL01.nif
1698 784 1464 2133 1.86735 1.86735 1.00224 1.00224 98 98 4 52 36 236.52966 14 0 0 3 0 17 0 480 663 0 0 0 4 0.70744 Architecture\SkyBridge\HitSkyBridgeMidR01.nif
1699 1410 1719 3444 1.22908 1.22908 1.00496 1.00496 116 116 6 91 91 876.04492 43 1 1 5 0 48 0 953 462 10 0 0 1 0.70508 Architecture\Unique\Amphitheater.nif
1700 7234 16429 26064 2.27412 2.27108 1.00071 1.00014 148 148 7 453 482 573.57391 178 0 0 34 2 212 0 4311 6611 6 0 0 2 0.81667 Architecture\Unique\BathHouse\BathHouseMain01.nif
1701 1857 4345 6995 2.34303 2.33980 1.00165 1.00165 139 139 6 118 135 550.64410 52 0 2 9 0 61 0 1128 1831 4 0 0 1 0.84069 Architecture\Unique\BathHouse\BathHouseMain02.nif
1702 1454 3838 4811 2.63961 2.63961 1.00047 1.00047 288 288 3 94 60 93.78216 28 1 0 2 0 30 0 1036 1402 98 0 0 6 0.75362 Architecture\Unique\BathHouse\BathHouseWingL01.nif
1703 1315 3582 4317 2.72395 2.72395 1.00176 1.00176 235 235 5 84 45 137.72632 22 0 0 2 0 24 0 947 1235 13 0 0 7 0.70357 Architecture\Unique\BathHouse\BathHouseWingL02.nif
1704 9972 10672 23502 1.75782 1.08995 1.00174 1.00015 266 266 6 626 617 796.26245 263 0 2 33 1 293 3 5392 4891 37 0 0 3 0.70342 Architecture\Unique\BathHouse\BathHouseWingL03.nif
1705 5767 8272 13212 1.96827 1.44997 1.00067 1.00067 308 308 5 364 227 238.74742 99 0 0 3 1 102 0 3335 3574 24 0 0 7 0.71970 Architecture\Unique\BathHouse\BathHouseWingLEnd01.nif
1706 1454 3850 4722 2.64787 2.64787 1.00047 1.00047 288 288 3 94 53 107.13348 25 1 0 3 0 28 0 1035 1408 94 0 0 5 0.72727 Architecture\Unique\BathHouse\BathHouseWingR01.nif
1707 1315 3577 4211 2.72015 2.72015 1.00197 1.00197 235 235 5 84 39 137.63086 19 0 0 2 0 21 0 947 1231 13 0 0 7 0.70137 Architecture\Unique\BathHouse\BathHouseWingR02.nif
1708 9972 10674 22925 1.75802 1.09015 1.00188 1.00029 266 266 8 626 588 914.87115 255 1 1 32 1 284 3 5393 4893 4 0 0 4 0.71129 Architecture\Unique\BathHouse\BathHouseWingR03.nif
1709 676 1316 2216 1.94970 1.94675 1.00000 1.00000 16 16 5 44 41 451.68573 16 0 1 4 0 20 0 428 602 14 0 0 2 0.70466 Architecture\Unique\BathHouse\BathHouseWingSupport01.nif
1710 5054 12681 18420 2.51049 2.50930 1.00097 1.00097 1249 1249 7 319 267 2364.12329 116 3 0 19 2 135 0 4000 4993 8 0 0 3 0.71384 Architecture\Unique\BldChurch01Open.nif
1711 4817 12034 17728 2.50010 2.49844 1.00064 1.00064 1189 1189 7 305 262 2092.96851 115 1 0 15 1 128 2 3831 4729 12 0 0 5 0.77500 Architecture\Unique\BldChurch01Open02.nif
1712 8816 9217 19424 1.06193 1.06080 1.00019 1.00019 552 552 9 552 473 1156.82031 198 1 0 27 0 221 4 4966 2832 3 0 0 2 0.73485 Architecture\Unique\BostonCommons\BostonCommonBandstand01.nif
1713 2830 2679 5856 0.96855 0.95866 1.00139 1.00139 106 106 4 179 177 1487.89331 86 0 0 11 0 97 0 2064 306 144 0 0 0 0.81311 Architecture\Unique\BostonCommons\BostonCommonsPond01.nif
1714 131 303 411 2.31298 2.31298 1.01635 1.01635 31 31 3 10 7 18.64249 5 1 0 1 0 6 0 91 170 8 0 0 2 0.79515 Architecture\Unique\BostonCommons\MassCapitol\Capitol1x1WinA01.nif
1715 258 602 802 2.33333 2.33333 1.01953 1.01953 18 18 2 19 11 15.70415 6 2 0 0 0 6 0 144 334 12 0 0 3 0.88981 Architecture\Unique\BostonCommons\MassCapitol\Capitol1x1WinA01Full01.nif
1716 563 1178 1821 2.09236 2.09236 1.00637 1.00637 94 94 6 37 36 229.05544 18 2 0 2 0 20 0 480 351 9 0 0 2 0.71864 Architecture\Unique\BostonCommons\MassCapitol\Capitol2x1BotArch01Full01.nif
1717 410 965 1441 2.35366 2.35366 1.00729 1.00729 206 206 4 28 25 148.28033 11 2 0 0 0 11 0 407 280 31 0 0 3 0.72998 Architecture\Unique\BostonCommons\MassCapitol\Capitol2x1BotDoorDouble01.nif
1718 208 450 630 2.16346 2.16346 1.00705 1.00705 53 53 3 14 12 198.37500 7 2 0 1 0 8 0 159 236 21 0 0 2 0.73256 Architecture\Unique\BostonCommons\MassCapitol\Capitol2x1BotWinA01.nif
1719 323 709 728 2.19505 2.19505 1.02246 1.02246 49 49 2 22 3 110.05220 3 2 0 1 0 4 0 208 366 15 0 0 3 0.77612 Architecture\Unique\BostonCommons\MassCapitol\Capitol2x1BotWinA01Full01.nif
1720 465 1063 1443 2.28602 2.28602 1.00571 1.00571 171 171 3 32 22 15.73259 10 2 0 0 0 10 0 391 274 42 0 0 4 0.85677 Architecture\Unique\BostonCommons\MassCapitol\Capitol2x1BotWinB01.nif
1721 368 868 1282 2.35870 2.35870 1.00459 1.00459 150 150 3 26 25 17.82262 12 1 0 2 0 14 0 314 178 65 0 0 2 0.76000 Architecture\Unique\BostonCommons\MassCapitol\Capitol2x1WinA01.nif
1722 284 567 869 1.99648 1.99648 1.00217 1.00217 86 86 3 19 16 191.52837 9 1 0 1 0 10 0 258 141 55 0 0 1 0.94305 Architecture\Unique\BostonCommons\MassCapitol\CapitolAddArch01.nif
1723 3359 4625 8767 1.45371 1.40250 1.00205 1.00205 392 392 6 213 197 644.49213 88 1 0 9 0 97 0 2051 1886 11 0 0 4 0.76389 Architecture\Unique\BostonCommons\MassCapitol\CapitolDome01.nif
1724 832 706 1717 0.86418 0.86418 1.00283 1.00283 32 32 3 52 49 32.97122 20 0 0 4 0 24 0 434 188 17 0 0 0 0.98303 Architecture\Unique\BostonCommons\MassCapitol\CapitolPillar01.nif
1725 581 1132 1939 1.94836 1.94836 1.00307 1.00307 24 24 4 38 41 512.00000 17 0 0 3 0 20 0 382 567 33 0 0 2 0.96493 Architecture\Unique\BostonCommons\MassCapitol\CapitolRoof01.nif
1726 128 324 488 2.53125 2.53125 1.00000 1.00000 68 68 5 8 8 34.30592 5 0 0 0 0 5 0 100 163 9 0 0 1 0.73276 Architecture\Unique\BostonCommons\MassCapitol\CapitolRoofTrim1x1CorCap01.nif
1727 2306 3767 6408 2.08977 1.63356 1.00027 1.00027 306 306 4 145 139 217.29262 58 0 1 12 0 70 0 1311 1998 45 0 0 0 0.91512 Architecture\Unique\BostonCommons\MassCapitol\CapitolRoofTrim1x1CorIn01.nif
1728 1176 1939 3427 2.09609 1.64881 1.00052 1.00052 182 182 5 74 79 188.27106 33 0 0 5 0 38 0 683 1020 16 0 0 0 0.77255 Architecture\Unique\BostonCommons\MassCapitol\CapitolRoofTrim1x1Str01.nif
1729 726 1273 2175 2.14738 1.75344 1.00236 1.00236 138 138 4 46 45 172.27591 18 0 0 4 0 22 0 439 665 28 0 0 0 0.79415 Architecture\Unique\BostonCommons\MassCapitol\CapitolRoofTrim1x1Str02.nif
1730 1644 2605 4634 2.03589 1.58455 1.00115 1.00115 216 216 4 103 105 325.88824 43 0 0 7 0 50 0 941 1368 83 0 0 0 0.91058 Architecture\Unique\BostonCommons\MassCapitol\CapitolRoofTrim1x2Str01.nif
1731 94 190 305 2.02128 2.02128 1.01053 1.01053 56 56 4 6 6 27.49955 3 0 1 0 0 3 0 78 90 13 0 0 1 0.90849 Architecture\Unique\BostonCommons\MassCapitol\CapitolRoofTrimB1x1CorCap01.nif
1732 2326 3855 5844 2.10748 1.65735 1.00026 1.00026 307 307 2 146 89 10.44490 33 0 0 0 0 33 0 1315 2049 146 0 0 1 0.89830 Architecture\Unique\BostonCommons\MassCapitol\CapitolRoofTrimB1x1CorIn01.nif
1733 2077 3371 5178 2.07703 1.62301 1.00024 1.00024 252 252 4 130 83 68.11576 32 1 0 0 0 32 0 1197 1741 6 0 0 1 0.74898 Architecture\Unique\BostonCommons\MassCapitol\CapitolRoofTrimB1x1CorIn01Dam01.nif
1734 377 661 1026 2.12997 1.75332 1.00637 1.00637 71 71 3 25 19 57.14535 8 0 0 3 0 11 0 244 322 37 0 0 1 0.74286 Architecture\Unique\BostonCommons\MassCapitol\CapitolRoofTrimB1x1EndL01.nif
1735 451 749 1303 2.06652 1.66075 1.00401 1.00401 75 75 4 29 31 37.79521 14 0 0 2 0 16 0 292 343 35 0 0 0 0.71429 Architecture\Unique\BostonCommons\MassCapitol\CapitolRoofTrimB1x1EndR01.nif
1736 1152 1900 3314 2.10156 1.64931 1.00000 1.00000 170 170 7 72 76 120.65402 33 0 0 5 0 38 0 665 997 3 0 0 0 0.74109 Architecture\Unique\BostonCommons\MassCapitol\CapitolRoofTrimB1x1Str01.nif
1737 6781 13920 19963 2.05279 2.05279 1.00520 1.00520 1637 1637 6 444 299 2620.80811 121 2 2 17 0 138 0 5427 5104 4 0 0 8 0.73292 Architecture\Unique\Bridge01\Bridge01Drawbridge01.nif
1738 9450 16919 27305 1.79640 1.79471 1.00172 1.00172 1974 1974 6 600 489 4044.77734 204 1 5 20 3 224 0 7267 5962 18 0 0 11 0.70270 Architecture\Unique\Bridge01\Bridge01Drawbridge01RR.nif
1739 2422 4988 7316 2.06028 2.05945 1.00255 1.00255 657 657 5 155 111 652.45898 47 0 0 5 0 52 0 2070 1494 9 0 0 8 0.72120 Architecture\Unique\Bridge01\Bridge01End01.nif
1740 2321 4748 6291 2.04653 2.04567 1.00309 1.00309 675 675 4 148 73 239.37514 34 1 0 2 0 36 0 2040 1431 36 0 0 8 0.72000 Architecture\Unique\Bridge01\Bridge01End02.nif
1741 2256 3787 6049 1.68573 1.68085 1.00228 1.00228 722 722 5 146 114 885.70105 52 3 0 6 0 58 0 2042 848 27 0 0 5 0.70968 Architecture\Unique\Bridge01\Bridge01Mid01.nif
1742 4715 6373 9928 1.47063 1.36394 1.00235 1.00235 1222 1222 5 302 148 613.85449 66 3 0 8 2 74 0 3726 1639 35 0 0 12 0.71212 Architecture\Unique\Bridge01\Bridge01Mid01RR.nif
1743 8854 11301 18505 1.28846 1.28563 1.00127 1.00127 2589 2589 6 562 318 1820.96802 138 1 1 20 3 158 0 6797 2414 29 0 0 13 0.72358 Architecture\Unique\Bridge01\Bridge01MidEndDB.nif
1744 4471 6419 10428 1.44241 1.43883 1.00443 1.00443 1417 1417 5 286 198 778.67133 87 1 0 13 2 100 0 3701 1368 19 0 0 9 0.71512 Architecture\Unique\Bridge01\Bridge01MidRubbleEndL.nif
1745 7404 8250 17130 1.32712 1.13520 1.00156 1.00156 1046 1046 7 466 432 932.13702 188 1 1 30 2 218 0 4610 3410 6 0 0 2 0.77442 Architecture\Unique\BunkerHill\BunkerHillMonument01.nif
1746 111 231 311 2.08108 2.08108 1.02371 1.02371 31 31 2 9 5 15.54554 3 1 0 1 0 4 0 77 133 21 0 0 1 0.73200 Architecture\Unique\CIT\CIT1x1WinA01.nif
1747 208 434 652 2.08654 2.08654 1.00444 1.00444 44 44 3 15 13 180.88545 7 2 0 1 0 8 0 132 254 10 0 0 1 0.81250 Architecture\Unique\CIT\CIT1x1WinA01Full01.nif
1748 488 1044 1663 2.13934 2.13934 1.00392 1.00392 84 84 4 32 34 34.65004 16 0 0 0 0 16 0 422 279 65 0 0 3 0.73172 Architecture\Unique\CIT\CIT2x1Arch01Full01.nif
1749 140 320 462 2.28571 2.28571 1.00000 1.00000 38 38 4 10 10 45.74142 6 1 0 0 0 6 0 105 137 13 0 0 2 0.82857 Architecture\Unique\CIT\CIT2x1Cor01.nif
1750 64 142 173 2.21875 2.21875 1.02083 1.02083 28 28 2 5 2 0.00007 1 1 0 0 0 1 0 54 59 10 0 0 2 1.00000 Architecture\Unique\CIT\CIT2x1WinA01.nif
1751 84 198 261 2.35714 2.35714 1.00952 1.00952 16 16 3 8 5 21.19995 2 2 0 0 0 2 0 68 109 13 0 0 2 0.96559 Architecture\Unique\CIT\CIT2x1WinB01.nif
1752 102 236 310 2.31373 2.31373 1.00000 1.00000 12 12 3 9 5 21.19995 2 1 0 0 0 2 0 76 128 15 0 0 4 0.81129 Architecture\Unique\CIT\CIT2x1WinB01Full01.nif
1753 266 474 741 1.78195 1.78195 1.00385 1.00385 86 86 4 17 14 46.60830 6 0 0 1 0 7 0 183 203 24 0 0 1 0.77809 Architecture\Unique\CIT\CITAddFrame01.nif
1754 1708 1774 3742 1.05562 1.05562 1.00273 1.00273 123 123 4 109 98 336.37500 43 2 0 8 0 51 0 934 548 42 0 0 1 0.80509 Architecture\Unique\CIT\CITAddFrame02.nif
1755 36 72 72 2.00000 2.00000 1.00000 1.00000 16 16 1 3 0 0.00000 0 0 0 0 0 0 0 28 30 16 0 0 1 1.00000 Architecture\Unique\CIT\CITAddMetalWall01.nif
1756 52 104 131 2.00000 2.00000 1.00000 1.00000 16 16 2 4 2 62.02852 1 0 0 0 0 1 0 34 50 16 0 0 1 0.83434 Architecture\Unique\CIT\CITAddMetalWall02.nif
1757 270 592 597 2.19259 2.19259 1.00000 1.00000 66 66 1 17 0 0.00000 0 0 0 0 0 0 0 174 317 66 0 0 1 1.00000 Architecture\Unique\CIT\CITAddMetalWallDoor01.nif
1758 87 158 261 1.81609 1.81609 1.01149 1.01149 27 27 5 7 7 46.70573 5 0 0 1 0 6 0 63 53 5 0 0 1 0.83866 Architecture\Unique\CIT\CITAddOverhangCapL01.nif
1759 87 157 260 1.80460 1.80460 1.02078 1.02078 27 27 5 7 7 46.70573 5 0 0 1 0 6 0 63 55 5 0 0 1 0.83866 Architecture\Unique\CIT\CITAddOverhangCapR01.nif
1760 80 156 229 1.95000 1.95000 1.03077 1.03077 32 32 5 7 7 49.87735 6 3 0 0 0 6 0 69 49 6 0 0 1 0.79983 Architecture\Unique\CIT\CITAddOverhangStr01.nif
1761 184 298 529 1.61957 1.61957 1.00671 1.00671 36 36 3 12 12 81.47222 5 0 0 1 0 6 0 110 138 9 0 0 0 0.98469 Architecture\Unique\CIT\CITColumnCor01.nif
1762 1480 1854 3770 1.25541 1.25270 1.00367 1.00367 236 236 4 94 101 1519.14282 45 0 0 8 0 53 0 908 691 93 0 0 0 0.78466 Architecture\Unique\CIT\CITDome01.nif
1763 20 40 54 2.00000 2.00000 1.00000 1.00000 11 11 3 3 2 6.65625 2 2 0 0 0 2 0 18 21 6 0 0 0 0.76667 Architecture\Unique\CIT\CITFound1x1Wall01.nif
1764 832 706 1737 0.86418 0.86418 1.00283 1.00283 32 32 4 52 50 41.57082 21 0 0 4 0 25 0 434 188 27 0 0 0 0.99543 Architecture\Unique\CIT\CITPillar01.nif
1765 832 706 1827 0.86418 0.86418 1.00283 1.00283 32 32 4 52 55 51.64819 23 0 0 4 0 27 0 434 188 45 0 0 0 0.99159 Architecture\Unique\CIT\CITPillar02.nif
1766 56 160 173 2.85714 2.85714 1.02571 1.02571 48 48 3 4 2 3.59149 2 1 0 0 0 2 0 57 51 4 0 0 1 0.96429 Architecture\Unique\CIT\CITRoof1x1Cor01.nif
1767 30 70 75 2.33333 2.33333 1.02667 1.02667 34 34 2 3 1 3.33527 1 1 0 0 0 1 0 38 12 4 0 0 1 0.79412 Architecture\Unique\CIT\CITRoof1x1Str01.nif
1768 26 66 76 2.53846 2.53846 1.02978 1.02978 4 4 2 3 1 47.73217 1 1 0 0 0 1 0 20 34 8 0 0 1 0.80668 Architecture\Unique\CIT\CITRoof1x1TopCap01.nif
1769 818 2294 2592 2.80440 2.80440 1.00293 1.00293 58 58 5 52 19 168.97542 10 1 0 0 0 10 0 438 1336 4 0 0 3 0.74973 Architecture\Unique\CIT\CITRoofComplete01.nif
1770 89 222 287 2.49438 2.49438 1.02613 1.02613 19 19 3 7 5 25.86068 4 1 0 0 0 4 0 72 99 15 0 0 2 0.85864 Architecture\Unique\CIT\CITRoofTrimA1x1EndL01.nif
1771 89 222 289 2.49438 2.49438 1.02613 1.02613 19 19 3 7 5 25.86069 4 1 0 0 0 4 0 72 99 15 0 0 2 0.85864 Architecture\Unique\CIT\CITRoofTrimA1x1EndR01.nif
1772 72 134 213 1.86111 1.86111 1.03782 1.03782 36 36 4 6 4 43.31799 3 2 0 0 0 3 0 66 47 11 0 0 1 0.76345 Architecture\Unique\CIT\CITRoofTrimA1x1Str01.nif
1773 129 339 447 2.62791 2.62791 1.00298 1.00298 35 35 3 9 6 34.39886 3 0 0 0 0 3 0 120 125 15 0 0 2 0.73231 Architecture\Unique\CIT\CITTrimA1x1Cor01.nif
1774 28 66 90 2.35714 2.35714 1.02910 1.02910 22 22 2 3 2 6.39241 2 1 0 0 0 2 0 34 17 19 0 0 1 0.81779 Architecture\Unique\CIT\CITTrimA1x1Str01.nif
1775 21922 31867 51982 1.90133 1.46925 1.00203 1.00076 3330 3330 6 1379 898 2060.68457 396 1 0 49 4 445 0 14522 12984 8 0 0 11 0.70000 Architecture\Unique\ConcordMuseum01.nif
1776 14078 22758 39703 1.89935 1.61834 1.00055 1.00019 2406 2406 9 882 826 3966.98730 345 1 0 55 1 395 5 8925 11470 7 0 0 2 0.89462 Architecture\Unique\CustomeHouse.nif
1777 16433 30032 50899 2.16497 1.83436 1.00041 1.00014 1681 1681 10 1030 1038 3693.12231 412 0 8 70 1 473 9 9517 15764 0 0 0 4 0.70093 Architecture\Unique\DorchesterHeights\SouthBostonMonument01.nif
1778 13188 13562 29750 1.19002 1.04277 1.00036 1.00036 1960 1960 4 827 767 770.43549 303 0 4 9 1 312 0 8208 5168 113 0 0 4 0.75612 Architecture\Unique\Lighthouse\Lighthouse01.nif
1779 16240 16909 32566 1.07401 1.06817 1.00044 1.00044 1200 1200 5 1018 822 744.65033 346 1 0 29 0 375 0 9908 7001 116 0 0 2 0.75000 Architecture\Unique\LynnWoodsMonument01.nif
1780 179 303 449 1.69274 1.69274 1.01632 1.01632 9 9 4 13 9 241.92096 5 0 1 1 0 6 0 106 119 14 0 0 1 0.73063 Architecture\Unique\NorthEnd\NorthEndBlock08RoofCustom01.nif
1781 34172 53809 92544 1.58220 1.57711 1.00412 1.00412 6479 6479 11 2210 2046 4802.14063 820 2 14 168 1 972 16 20995 20486 6 0 0 6 0.72201 Architecture\Unique\OldNorthChurch.nif
1782 6124 5568 11972 1.13570 0.94709 1.00185 1.00185 715 715 5 387 299 2639.38208 140 0 0 33 0 173 0 3812 1118 14 0 0 2 0.80435 Architecture\Unique\TheCastle\CastleWallOutWedge01.nif
1783 8511 10170 18620 1.23781 1.21913 1.00060 1.00060 2355 2355 4 535 377 2749.95313 164 1 0 17 0 181 0 6134 2823 102 0 0 5 0.73770 Architecture\Unique\TheCastle\CastleWallOutWedge02.nif
1784 5824 6208 12188 1.11882 1.09907 1.00076 1.00076 1068 1068 4 369 279 1469.96631 125 1 0 17 0 142 0 3689 1630 106 0 0 5 0.80342 Architecture\Unique\TheCastle\CastleWallOutWedge03.nif
1785 4951 5019 10999 1.20703 1.04948 1.00188 1.00188 671 671 5 314 283 2708.88232 133 1 0 17 1 150 0 3064 1310 9 0 0 6 0.70270 Architecture\Unique\TheCastle\CastleWallOutWedge04.nif
1786 5138 5100 10602 1.22830 1.01966 1.00154 1.00154 601 601 4 326 275 1629.85767 129 0 0 18 0 147 0 3110 1326 8 0 0 4 0.71429 Architecture\Unique\TheCastle\CastleWallOutWedge05.nif
1787 351 648 986 1.96581 1.85470 1.00748 1.00748 79 79 3 24 18 176.05962 9 1 0 1 0 10 0 267 213 34 0 0 1 0.95159 Architecture\Unique\TrinityChurch\ChurchTrinMain1x2WinA01.nif
1788 312 453 690 1.60256 1.46474 1.00668 1.00668 52 52 2 22 13 47.15703 6 2 0 0 0 6 0 207 218 34 0 0 2 0.70657 Architecture\Unique\TrinityChurch\ChurchTrinMain1x2WinB01.nif
1789 306 447 666 1.62092 1.47386 1.00227 1.00227 50 50 2 20 12 32.00000 5 1 0 1 0 6 0 199 217 40 0 0 1 0.92443 Architecture\Unique\TrinityChurch\ChurchTrinMain1x2WinB02.nif
1790 982 1334 2455 1.60998 1.36354 1.00136 1.00136 298 298 4 62 58 354.97879 26 0 0 5 0 31 0 663 534 21 0 0 1 0.75886 Architecture\Unique\TrinityChurch\ChurchTrinMain2x2DoorDouble01.nif
1791 2032 3366 5100 1.81545 1.66388 1.00116 1.00116 404 404 4 129 84 81.72830 35 0 0 1 0 36 0 1450 1165 12 0 0 3 0.85238 Architecture\Unique\TrinityChurch\ChurchTrinMain3x2WinA01.nif
1792 4006 6486 11257 1.77434 1.62906 1.00079 1.00079 637 637 6 252 236 841.92633 98 0 0 18 0 116 0 2718 2766 18 0 0 3 0.71046 Architecture\Unique\TrinityChurch\ChurchTrinMain3x2WinB01.nif
1793 10327 14903 26355 1.62961 1.45376 1.00027 1.00027 1369 1369 8 647 588 788.18988 256 2 1 46 0 298 4 6718 5995 6 0 0 1 0.75510 Architecture\Unique\TrinityChurch\ChurchTrinMainTowerA01.nif
1794 18389 29871 51626 1.78808 1.63717 1.00038 1.00023 2415 2415 9 1153 1118 2011.96472 474 2 2 72 0 537 9 12114 11164 6 0 0 2 0.75000 Architecture\Unique\TrinityChurch\ChurchTrinMainTowerB01.nif
1795 6151 10258 18256 1.90067 1.67729 1.00045 1.00045 915 915 10 386 403 2090.36914 174 2 0 20 0 187 7 4147 4276 8 0 0 1 0.71676 Architecture\Unique\TrinityChurch\ChurchTrinMainTowerC01.nif
1796 2134 3192 5614 1.54639 1.50328 1.00116 1.00116 532 532 4 134 119 330.56119 56 1 0 9 0 65 0 1357 1562 71 0 0 0 0.96165 Architecture\Unique\TrinityChurch\ChurchTrinProm1x1CorCap01.nif
1797 1495 1619 3346 1.08963 1.08294 1.00057 1.00057 171 171 5 95 84 208.40361 39 1 0 6 0 45 0 929 512 11 0 0 1 0.80623 Architecture\Unique\TrinityChurch\ChurchTrinProm1x2Arch01.nif
1798 1808 2468 4513 1.44137 1.37611 1.00143 1.00143 521 521 4 114 110 240.00000 53 1 0 8 0 61 0 1190 1015 63 0 0 0 0.86215 Architecture\Unique\TrinityChurch\ChurchTrinProm1x2Wall01.nif
1799 2077 2425 4886 1.18055 1.16755 1.00127 1.00127 265 265 4 131 121 440.70831 54 0 0 8 0 62 0 1265 850 68 0 0 2 0.78055 Architecture\Unique\TrinityChurch\ChurchTrinProm2x2Arch01.nif
1800 6703 7291 15423 1.09876 1.09757 1.00133 1.00133 741 741 4 421 394 913.06030 153 0 2 20 9 173 0 3776 2655 282 0 0 4 0.73381 Architecture\Unique\WaterTower\WaterTowerConcord01.nif
1801 6571 7186 15132 1.10485 1.10364 1.00078 1.00078 671 671 4 412 386 913.06030 149 0 2 20 9 169 0 3671 2655 258 0 0 3 0.73206 Architecture\Unique\WaterTower\WaterTowerGeneric01.nif
1802 146576 135611 296982 1.15456 0.95455 1.00397 1.00104 14075 14075 11 9169 7631 11379.41016 3403 4 3 236 11 3589 50 88500 32380 6 0 0 7 0.72179 Architecture\USSConstitution\Constitution01.nif
1803 249 462 557 1.85542 1.85542 1.01708 1.01708 131 131 2 17 5 16.85375 2 0 0 1 0 3 0 232 115 29 0 0 2 0.88917 Architecture\Warehouse\WarehouseOpaque\WrhsMainRoofDam01OPQ.nif
1804 177 365 501 2.06780 2.06780 1.02669 1.02669 113 113 3 12 9 8.77041 6 1 0 1 0 7 0 166 122 16 0 0 1 0.76699 Architecture\Warehouse\WarehouseOpaque\WrhsMainRoofDam02OPQ.nif
1805 654 1147 1759 1.81957 1.75382 1.00611 1.00611 376 376 6 44 29 90.11468 16 2 0 0 0 16 0 540 526 6 0 0 3 0.73832 Architecture\Warehouse\WarehouseOpaque\WrhsMainWallFront01Dam01OPQ.nif
1806 681 1178 1762 1.79883 1.74009 1.00638 1.00638 393 393 2 46 24 78.30134 13 0 0 1 0 14 0 570 511 213 0 0 4 0.73363 Architecture\Warehouse\WarehouseOpaque\WrhsMainWallFront01OPQ.nif
1807 718 1255 1918 1.81476 1.75070 1.00124 1.00124 458 458 3 47 31 321.80896 15 0 0 2 0 17 0 625 529 37 0 0 3 0.71736 Architecture\Warehouse\WarehouseOpaque\WrhsMainWallFront02OPQ.nif
1808 152 230 276 1.51316 1.51316 1.01353 1.01353 68 68 2 10 3 0.00001 1 0 0 1 0 2 0 120 104 16 0 0 1 1.00000 Architecture\Warehouse\WarehouseOpaque\WrhsMainWallSideBottom01OPQ.nif
1809 152 236 282 1.55263 1.55263 1.00000 1.00000 68 68 2 10 3 0.00001 1 0 0 1 0 2 0 120 104 16 0 0 1 1.00000 Architecture\Warehouse\WarehouseOpaque\WrhsMainWallSideBottom02OPQ.nif
1810 152 236 285 1.55263 1.55263 1.00000 1.00000 68 68 2 10 3 0.00001 2 0 0 2 0 4 0 134 90 26 0 0 1 1.00000 Architecture\Warehouse\WarehouseOpaque\WrhsMainWallSideBottom03OPQ.nif
1811 156 243 324 1.55769 1.55769 1.00651 1.00651 88 88 4 12 6 61.70840 3 1 0 0 0 3 0 135 100 12 0 0 3 0.83571 Architecture\Warehouse\WarehouseOpaque\WrhsMainWallSideBottomDam01OPQ.nif
1812 166 256 350 1.54217 1.54217 1.00000 1.00000 102 102 4 12 6 7.19349 3 1 0 1 0 4 0 148 101 9 0 0 2 0.98701 Architecture\Warehouse\WarehouseOpaque\WrhsMainWallSideBottomDam02OPQ.nif
1813 169 264 358 1.57988 1.56213 1.04086 1.04086 85 85 4 14 7 6.75000 6 3 0 0 0 6 0 149 110 14 0 0 2 0.77778 Architecture\Warehouse\WarehouseOpaque\WrhsMainWallSideBottomDam03OPQ.nif
1814 167 265 377 1.58683 1.58683 1.01602 1.01602 93 93 5 12 7 128.00000 6 1 0 0 0 6 0 160 98 8 0 0 3 0.77450 Architecture\Warehouse\WarehouseOpaque\WrhsMainWallSideBottomDam04OPQ.nif
1815 170 314 439 1.84706 1.84706 1.00784 1.00784 138 138 3 13 7 148.33403 4 2 0 1 0 5 0 158 148 6 0 0 1 0.72266 Architecture\Warehouse\WarehouseOpaque\WrhsMainWallSideTop01OPQ.nif
1816 182 330 460 1.81319 1.81319 1.00799 1.00799 146 146 3 13 8 148.33403 5 1 0 2 0 7 0 166 150 6 0 0 1 0.72976 Architecture\Warehouse\WarehouseOpaque\WrhsMainWallSideTop02OPQ.nif
1817 188 350 488 1.86170 1.86170 1.00557 1.00557 150 150 3 14 8 148.33403 5 1 0 2 0 7 0 170 151 6 0 0 1 0.72976 Architecture\Warehouse\WarehouseOpaque\WrhsMainWallSideTop03OPQ.nif
1818 170 316 440 1.85882 1.85882 1.00000 1.00000 138 138 3 13 7 148.33403 4 2 0 1 0 5 0 158 150 6 0 0 1 0.72976 Architecture\Warehouse\WarehouseOpaque\WrhsMainWallSideTop04OPQ.nif
1819 196 361 512 1.84184 1.84184 1.01013 1.01013 158 158 3 16 9 33.38038 5 2 0 0 0 5 0 198 154 12 0 0 4 0.72279 Architecture\Warehouse\WarehouseOpaque\WrhsMainWallSideTopDam01OPQ.nif
1820 244 415 501 1.76639 1.70082 1.00375 1.00375 170 170 4 17 7 38.82253 6 2 0 0 0 6 0 223 175 15 0 0 3 0.72029 Architecture\Warehouse\WarehouseOpaque\WrhsMainWallSideTopDam02OPQ.nif
1821 210 399 561 1.90000 1.90000 1.00385 1.00385 172 172 3 16 10 33.38038 6 1 0 1 0 7 0 203 150 17 0 0 3 0.71443 Architecture\Warehouse\WarehouseOpaque\WrhsMainWallSideTopDam03OPQ.nif
1822 201 372 540 1.85075 1.85075 1.00000 1.00000 177 177 3 16 10 50.01741 6 1 0 1 0 7 0 205 158 22 0 0 3 0.71020 Architecture\Warehouse\WarehouseOpaque\WrhsMainWallSideTopDam04OPQ.nif
1823 270 483 576 1.87037 1.78889 1.00901 1.00901 172 172 4 21 7 40.19012 5 3 0 0 0 5 0 242 198 8 0 0 3 0.88855 Architecture\Warehouse\WarehouseOpaque\WrhsMainWallSideTopDam05OPQ.nif
1824 170 314 440 1.84706 1.84706 1.00784 1.00784 138 138 3 13 7 148.33403 4 2 0 1 0 5 0 158 148 6 0 0 1 0.71266 Architecture\Warehouse\WarehouseOpaque\WrhsMainWallSideTopDam06OPQ.nif
1825 138 383 442 2.77536 2.77536 1.01300 1.01300 52 52 2 10 3 17.18284 2 0 0 1 0 3 0 129 70 47 0 0 2 0.74528 Architecture\Warehouse\WarehouseOpaque\WrhsWingRoofDam01OPQ.nif
1826 148 380 480 2.56757 2.56757 1.00943 1.00943 52 52 2 10 5 17.18284 3 0 0 1 0 4 0 137 58 46 0 0 2 0.75844 Architecture\Warehouse\WarehouseOpaque\WrhsWingRoofDam02OPQ.nif
1827 108 297 366 2.75000 2.75000 1.01025 1.01025 52 52 2 8 5 17.18284 3 1 0 0 0 3 0 97 70 42 0 0 2 0.75844 Architecture\Warehouse\WarehouseOpaque\WrhsWingRoofDam03OPQ.nif
1828 362 744 1027 2.08011 2.05525 1.00710 1.00710 216 216 3 25 13 168.41040 8 0 0 3 0 11 0 311 372 10 0 0 2 0.77331 Architecture\Warehouse\WarehouseOpaque\WrhsWingWallFrontDbl01OPQ.nif
1829 380 760 1078 2.01842 2.00000 1.00000 1.00000 252 252 3 26 17 250.17773 9 1 0 3 0 12 0 337 355 39 0 0 2 0.74352 Architecture\Warehouse\WarehouseOpaque\WrhsWingWallFrontDblDoor01OPQ.nif
1830 179 308 349 1.73184 1.72626 1.01883 1.01883 123 123 4 13 3 6.92260 3 1 0 0 0 3 0 159 136 6 0 0 2 0.99390 Architecture\Warehouse\WarehouseOpaque\WrhsWingWallFrontL01OPQ.nif
1831 233 360 493 1.54506 1.54506 1.01648 1.01648 172 172 3 17 9 20.50000 5 1 0 1 0 6 0 211 135 34 0 0 2 0.74510 Architecture\Warehouse\WarehouseOpaque\WrhsWingWallFrontLDam01OPQ.nif
1832 260 463 501 1.85769 1.78077 1.01595 1.01595 158 158 3 17 2 0.01481 2 0 0 2 0 4 0 220 230 11 0 0 1 1.00000 Architecture\Warehouse\WarehouseOpaque\WrhsWingWallFrontLDoor01OPQ.nif
1833 188 302 356 1.62766 1.62766 1.00519 1.00519 114 114 2 13 3 2.00000 1 0 0 1 0 2 0 154 135 19 0 0 1 0.76923 Architecture\Warehouse\WarehouseOpaque\WrhsWingWallFrontR01OPQ.nif
1834 192 327 392 1.70313 1.70313 1.01963 1.01963 134 134 3 14 5 6.15134 2 0 0 1 0 3 0 163 147 15 0 0 2 0.86567 Architecture\Warehouse\WarehouseOpaque\WrhsWingWallFrontRDam01OPQ.nif
1835 323 512 601 1.64706 1.58514 1.01015 1.01015 167 167 2 21 4 64.00000 2 0 0 1 0 3 0 241 234 26 0 0 1 0.99601 Architecture\Warehouse\WarehouseOpaque\WrhsWingWallFrontRDoor01OPQ.nif
1836 88 172 172 1.95455 1.95455 1.00000 1.00000 44 44 1 6 0 0.00000 0 0 0 1 0 1 0 76 96 44 0 0 1 1.00000 Architecture\Warehouse\WarehouseOpaque\WrhsWingWallSide01OPQ.nif
1837 88 176 176 2.00000 2.00000 1.00000 1.00000 44 44 1 6 0 0.00000 0 0 0 1 0 1 0 76 100 44 0 0 1 1.00000 Architecture\Warehouse\WarehouseOpaque\WrhsWingWallSide02OPQ.nif
1838 88 176 176 2.00000 2.00000 1.00000 1.00000 44 44 1 7 0 0.00000 0 2 0 0 0 0 0 80 96 44 0 0 1 1.00000 Architecture\Warehouse\WarehouseOpaque\WrhsWingWallSide03OPQ.nif
1839 210 388 404 1.92381 1.84762 1.00000 1.00000 86 86 2 14 1 2.43750 1 0 0 0 0 1 0 158 227 14 0 0 2 1.00000 Architecture\Warehouse\WarehouseOpaque\WrhsWingWallSideDoor01OPQ.nif
1840 246 436 444 1.83740 1.77236 1.00000 1.00000 142 142 1 16 0 0.00000 0 0 0 1 0 1 0 196 237 142 0 0 1 1.00000 Architecture\Warehouse\WarehouseOpaque\WrhsWingWallSidePlatDoor01OPQ.nif
1841 243 404 516 1.66255 1.66255 1.01360 1.01360 151 151 4 18 7 128.99612 5 2 0 1 0 6 0 224 180 6 0 0 2 0.84722 Architecture\Warehouse\WarehouseOpaque\WrhsWingWallSidePlatWindow01OPQ.nif
1842 244 401 508 1.64344 1.64344 1.01296 1.01296 154 154 4 18 9 128.00000 7 4 1 0 0 7 0 224 177 12 0 0 1 0.75774 Architecture\Warehouse\WarehouseOpaque\WrhsWingWallSidePlatWindow03OPQ.nif
1843 221 364 467 1.64706 1.64706 1.01497 1.01497 129 129 4 16 6 7.87500 3 2 0 1 0 4 0 194 165 11 0 0 1 0.88415 Architecture\Warehouse\WarehouseOpaque\WrhsWingWallSideWindow01OPQ.nif
1844 172 326 351 1.89535 1.89535 1.00775 1.00775 102 102 3 13 2 0.75000 2 2 0 1 0 3 0 150 164 7 0 0 1 1.00000 Architecture\Warehouse\WarehouseOpaque\WrhsWingWallSideWindow02OPQ.nif
1845 223 376 476 1.69058 1.69058 1.01458 1.01458 141 141 4 17 7 128.00000 4 3 0 0 0 4 0 202 170 10 0 0 2 0.80000 Architecture\Warehouse\WarehouseOpaque\WrhsWingWallSideWindowDam01OPQ.nif
1846 208 356 417 1.71154 1.71154 1.01520 1.01520 120 120 3 15 3 5.00000 2 2 0 1 0 3 0 178 164 16 0 0 1 0.71642 Architecture\Warehouse\WarehouseOpaque\WrhsWingWallSideWindowDam02OPQ.nif
1847 163 295 334 1.81595 1.80982 1.00704 1.00704 114 114 3 11 3 0.24284 3 1 0 0 0 3 0 149 133 8 0 0 2 1.00000 Architecture\Warehouse\WarehouseOpaque\WrhsWingWallTall01OPQ.nif
1848 305 485 747 1.59344 1.59016 1.00814 1.00814 185 185 5 21 15 17.01702 8 3 0 0 0 8 0 263 210 8 0 0 2 0.71919 Architecture\Warehouse\WarehouseOpaque\WrhsWingWallTallCorR01Window01OPQ.nif
1849 194 480 681 2.47423 2.47423 1.00000 1.00000 30 30 3 13 12 6.99895 5 0 0 1 0 6 0 112 222 2 0 0 0 0.97144 Architecture\Warehouse\WrhsDoorMed01static.nif
1850 332 428 754 1.28916 1.28916 1.00870 1.00870 54 54 4 22 20 103.69549 9 1 0 2 0 11 0 194 188 7 0 0 0 0.86888 Architecture\Warehouse\WrhsDoorSmMetal01static.nif
1851 28 64 64 2.28571 2.28571 1.00000 1.00000 0 0 1 2 0 0.00000 0 0 0 1 0 1 0 24 36 0 0 0 1 1.00000 Architecture\Warehouse\WrhsFloor01.nif
1852 10 20 25 2.00000 2.00000 1.00000 1.00000 4 4 2 1 1 17.51980 1 0 0 1 0 2 0 8 10 3 0 0 0 0.87500 Architecture\Warehouse\WrhsFloor01Edge01.nif
1853 22 54 63 2.45455 2.45455 1.03704 1.03704 8 8 2 2 1 78.41436 1 0 0 0 0 1 0 16 33 6 0 0 1 0.70052 Architecture\Warehouse\WrhsFloor01Edge3Way01.nif
1854 24 68 77 2.83333 2.83333 1.00000 1.00000 8 8 2 2 1 76.31264 1 0 0 1 0 2 0 16 40 4 0 0 0 0.75000 Architecture\Warehouse\WrhsFloor01Edge4Way01.nif
1855 16 38 45 2.37500 2.37500 1.05263 1.05263 6 6 2 1 1 17.95702 1 0 0 0 0 1 0 12 24 4 0 0 1 0.95150 Architecture\Warehouse\WrhsFloor01EdgeCorIn01.nif
1856 28 64 64 2.28571 2.28571 1.00000 1.00000 0 0 1 2 0 0.00000 0 0 0 1 0 1 0 24 35 0 0 0 1 1.00000 Architecture\Warehouse\WrhsFloor01Half01.nif
1857 10 20 25 2.00000 2.00000 1.00000 1.00000 4 4 2 1 1 17.51980 1 0 0 1 0 2 0 8 10 3 0 0 0 0.87500 Architecture\Warehouse\WrhsFloor01Half01Edge01.nif
1858 16 38 45 2.37500 2.37500 1.05263 1.05263 6 6 2 1 1 17.83495 1 0 0 0 0 1 0 12 26 4 0 0 1 0.91904 Architecture\Warehouse\WrhsFloor01Half01EdgeCorInL01.nif
1859 16 32 39 2.00000 2.00000 1.00000 1.00000 6 6 2 1 1 17.83495 1 0 0 0 0 1 0 12 20 4 0 0 1 0.91904 Architecture\Warehouse\WrhsFloor01Half01EdgeCorInR01.nif
1860 28 62 62 2.21429 2.21429 1.02857 1.02857 0 0 1 2 0 0.00000 0 0 0 1 0 1 0 24 34 0 0 0 1 1.00000 Architecture\Warehouse\WrhsFloorAddtn01.nif
1861 10 22 27 2.20000 2.20000 1.09091 1.09091 4 4 2 1 1 17.51717 1 0 0 1 0 2 0 8 11 3 0 0 0 0.87500 Architecture\Warehouse\WrhsFloorAddtn01Edge01.nif
1862 22 50 59 2.27273 2.27273 1.04000 1.04000 8 8 2 2 1 78.41436 1 0 0 0 0 1 0 16 34 6 0 0 1 0.72808 Architecture\Warehouse\WrhsFloorAddtn01Edge3Way01.nif
1863 22 54 63 2.45455 2.45455 1.03704 1.03704 8 8 2 2 1 79.68459 1 0 0 0 0 1 0 16 34 6 0 0 1 0.72385 Architecture\Warehouse\WrhsFloorAddtn01Edge3Way02.nif
1864 24 58 67 2.41667 2.41667 1.03448 1.03448 8 8 2 2 1 76.31264 1 0 0 1 0 2 0 16 41 4 0 0 0 0.77550 Architecture\Warehouse\WrhsFloorAddtn01Edge4Way01.nif
1865 16 36 43 2.25000 2.25000 1.00000 1.00000 6 6 2 1 1 24.25742 1 0 0 0 0 1 0 12 23 4 0 0 1 0.91891 Architecture\Warehouse\WrhsFloorAddtn01EdgeCorInL01.nif
1866 16 38 45 2.37500 2.37500 1.05263 1.05263 6 6 2 1 1 17.56098 1 0 0 0 0 1 0 12 25 4 0 0 1 0.96332 Architecture\Warehouse\WrhsFloorAddtn01EdgeCorInR01.nif
1867 28 62 62 2.21429 2.21429 1.02857 1.02857 0 0 1 2 0 0.00000 0 0 0 1 0 1 0 24 37 0 0 0 1 1.00000 Architecture\Warehouse\WrhsFloorAddtn01Half01.nif
1868 16 38 45 2.37500 2.37500 1.05263 1.05263 6 6 2 1 1 24.25742 1 0 0 0 0 1 0 12 25 4 0 0 1 0.92616 Architecture\Warehouse\WrhsFloorAddtn01Half01EdgeCorInL01.nif
1869 16 40 47 2.50000 2.50000 1.00000 1.00000 6 6 2 1 1 17.56098 1 0 0 0 0 1 0 12 26 4 0 0 1 0.96556 Architecture\Warehouse\WrhsFloorAddtn01Half01EdgeCorInR01.nif
1870 10 20 25 2.00000 2.00000 1.00000 1.00000 4 4 2 1 1 15.65613 1 0 0 1 0 2 0 8 12 3 0 0 0 0.94126 Architecture\Warehouse\WrhsFloorOfficeEdge01.nif
1871 80 148 211 1.85000 1.85000 1.00000 1.00000 55 55 2 6 4 7.98759 2 1 0 0 0 2 0 74 57 40 0 0 1 0.89146 Architecture\Warehouse\WrhsLeanToL01.nif
1872 32 64 86 2.00000 2.00000 1.00000 1.00000 38 38 2 3 2 9.65739 2 1 0 0 0 2 0 38 17 22 0 0 1 0.94674 Architecture\Warehouse\WrhsLeanToMid01.nif
1873 32 62 84 1.93750 1.93750 1.03000 1.03000 38 38 2 3 2 9.69540 2 1 0 0 0 2 0 38 15 22 0 0 1 0.95863 Architecture\Warehouse\WrhsLeanToMid02.nif
1874 80 154 216 1.92500 1.92500 1.01268 1.01268 55 55 2 6 4 7.42781 2 1 0 0 0 2 0 74 60 40 0 0 1 0.92202 Architecture\Warehouse\WrhsLeanToR01.nif
1875 264 581 1044 2.20076 2.20076 1.00516 1.00516 54 54 7 17 24 128.69562 10 1 0 2 0 12 0 154 263 6 0 0 0 0.97683 Architecture\Warehouse\WrhsMainDoorLarge01.nif
1876 264 587 971 2.22348 2.22348 1.00170 1.00170 54 54 3 17 19 138.00000 6 0 0 3 0 9 0 154 264 38 0 0 0 0.99588 Architecture\Warehouse\WrhsMainDoorLarge02.nif
1877 250 535 785 2.14000 2.14000 1.00187 1.00187 30 30 3 16 12 42.20856 5 0 0 3 0 8 0 141 222 38 0 0 0 0.99985 Architecture\Warehouse\WrhsMainDoorLarge03.nif
1878 168 308 398 1.83333 1.83333 1.01113 1.01113 64 64 2 12 6 2.71799 3 0 0 0 0 3 0 128 78 35 0 0 3 0.89296 Architecture\Warehouse\WrhsMainPost01.nif
1879 143 302 407 2.11189 2.11189 1.00802 1.00802 113 113 3 10 7 17.37480 5 1 0 2 0 7 0 137 131 6 0 0 0 0.81373 Architecture\Warehouse\WrhsMainRoof01.nif
1880 357 697 1010 1.95238 1.95238 1.01186 1.01186 159 159 4 24 17 56.31539 8 0 0 1 0 9 0 291 233 8 0 0 2 0.81347 Architecture\Warehouse\WrhsMainRoofDam01.nif
1881 288 482 722 1.67361 1.67361 1.01677 1.01677 142 142 5 19 15 79.04642 8 1 0 1 0 9 0 228 160 6 0 0 1 0.76648 Architecture\Warehouse\WrhsMainRoofDam02.nif
1882 637 1102 1631 1.80377 1.74097 1.00316 1.00316 353 353 2 42 22 26.50000 11 0 0 1 0 12 0 506 499 184 0 0 2 0.73832 Architecture\Warehouse\WrhsMainWallFront01.nif
1883 610 1071 1628 1.82623 1.75574 1.00656 1.00656 336 336 6 40 26 90.11468 14 1 0 0 0 14 0 490 500 6 0 0 2 0.73832 Architecture\Warehouse\WrhsMainWallFront01Dam01.nif
1884 686 1191 1827 1.80612 1.73907 1.00130 1.00130 434 434 3 44 29 182.62909 13 0 0 1 0 14 0 577 513 37 0 0 2 0.71736 Architecture\Warehouse\WrhsMainWallFront02.nif
1885 116 195 217 1.68103 1.68103 1.00887 1.00887 50 50 2 8 2 0.00001 1 0 0 1 0 2 0 92 97 8 0 0 1 1.00000 Architecture\Warehouse\WrhsMainWallSideBottom01.nif
1886 116 198 220 1.70690 1.70690 1.01633 1.01633 50 50 2 8 2 0.00001 1 0 0 1 0 2 0 92 97 8 0 0 1 1.00000 Architecture\Warehouse\WrhsMainWallSideBottom02.nif
1887 116 198 225 1.70690 1.70690 1.01478 1.01478 50 50 3 8 3 0.00001 3 1 0 1 0 4 0 99 90 6 0 0 1 1.00000 Architecture\Warehouse\WrhsMainWallSideBottom03.nif
1888 148 227 308 1.53378 1.53378 1.00686 1.00686 76 76 4 10 6 61.70840 3 0 0 0 0 3 0 119 100 12 0 0 2 0.83571 Architecture\Warehouse\WrhsMainWallSideBottomDam01.nif
1889 158 240 334 1.51899 1.51899 1.00000 1.00000 90 90 4 10 6 7.19349 3 0 0 1 0 4 0 132 101 9 0 0 1 0.98701 Architecture\Warehouse\WrhsMainWallSideBottomDam02.nif
1890 161 248 342 1.55901 1.54037 1.04289 1.04289 73 73 4 12 7 6.75000 6 2 0 0 0 6 0 133 110 14 0 0 1 0.77778 Architecture\Warehouse\WrhsMainWallSideBottomDam03.nif
1891 159 249 361 1.56604 1.56604 1.01683 1.01683 81 81 5 11 7 128.00000 6 1 0 0 0 6 0 144 98 8 0 0 2 0.77450 Architecture\Warehouse\WrhsMainWallSideBottomDam04.nif
1892 162 298 415 1.83951 1.83951 1.00823 1.00823 126 126 2 12 6 33.38038 3 1 0 1 0 4 0 146 148 36 0 0 1 0.72266 Architecture\Warehouse\WrhsMainWallSideTop01.nif
1893 174 314 436 1.80460 1.80460 1.00836 1.00836 134 134 2 12 7 33.38038 4 0 0 2 0 6 0 154 150 40 0 0 1 0.72976 Architecture\Warehouse\WrhsMainWallSideTop02.nif
1894 180 334 464 1.85556 1.85556 1.00582 1.00582 138 138 2 13 7 33.38038 4 0 0 2 0 6 0 158 151 41 0 0 1 0.72976 Architecture\Warehouse\WrhsMainWallSideTop03.nif
1895 162 300 416 1.85185 1.85185 1.00000 1.00000 126 126 2 12 6 33.38038 3 1 0 1 0 4 0 146 150 36 0 0 1 0.72976 Architecture\Warehouse\WrhsMainWallSideTop04.nif
1896 184 337 488 1.83152 1.83152 1.01079 1.01079 142 142 3 14 9 33.38038 5 1 0 0 0 5 0 174 154 12 0 0 3 0.72279 Architecture\Warehouse\WrhsMainWallSideTopDam01.nif
1897 232 391 603 1.75431 1.68534 1.00394 1.00394 154 154 4 15 13 38.82253 8 1 0 0 0 8 0 199 175 15 0 0 2 0.71716 Architecture\Warehouse\WrhsMainWallSideTopDam02.nif
1898 198 375 537 1.89394 1.89394 1.00408 1.00408 156 156 3 14 10 33.38038 6 0 0 1 0 7 0 179 150 17 0 0 2 0.71443 Architecture\Warehouse\WrhsMainWallSideTopDam03.nif
1899 189 348 415 1.84127 1.84127 1.00000 1.00000 161 161 3 14 5 50.01741 4 0 0 1 0 5 0 181 158 22 0 0 2 0.81862 Architecture\Warehouse\WrhsMainWallSideTopDam04.nif
1900 258 459 552 1.86434 1.77907 1.00943 1.00943 156 156 4 19 7 40.19012 5 2 0 0 0 5 0 218 198 8 0 0 2 0.88855 Architecture\Warehouse\WrhsMainWallSideTopDam05.nif
1901 162 298 416 1.83951 1.83951 1.00823 1.00823 126 126 2 12 6 8.60233 3 1 0 1 0 4 0 146 148 39 0 0 1 0.71266 Architecture\Warehouse\WrhsMainWallSideTopDam06.nif
1902 100 159 208 1.59000 1.59000 1.01026 1.01026 82 82 4 7 4 0.00002 3 0 0 1 0 4 0 94 56 7 0 0 1 1.00000 Architecture\Warehouse\WrhsOfficeWall01.nif
1903 202 370 397 1.91089 1.83168 1.00900 1.00900 114 114 3 14 2 72.22884 2 0 0 0 0 2 0 159 205 7 0 0 2 0.79133 Architecture\Warehouse\WrhsOfficeWall01Door01.nif
1904 166 292 427 1.75904 1.75904 1.02169 1.02169 104 104 2 12 6 11.50000 3 1 0 1 0 4 0 144 148 40 0 0 1 0.74000 Architecture\Warehouse\WrhsOfficeWall01Window01.nif
1905 2 4 4 2.00000 2.00000 1.00000 1.00000 4 4 1 1 0 0.00000 0 1 0 0 0 0 0 4 0 4 0 0 0 1.00000 Architecture\Warehouse\WrhsPlatFloor01.nif
1906 12 24 30 2.00000 2.00000 1.00000 1.00000 14 14 2 2 1 5.00000 1 1 0 1 0 2 0 16 0 6 0 0 0 0.85714 Architecture\Warehouse\WrhsPlatLip01.nif
1907 120 236 314 1.96667 1.96667 1.01518 1.01518 50 50 5 9 7 48.00000 6 2 0 1 0 7 0 108 45 6 0 0 0 0.86838 Architecture\Warehouse\WrhsPlatStairs01.nif
1908 92 207 280 2.25000 2.25000 1.00475 1.00475 28 28 3 6 5 7.13562 3 1 0 1 0 4 0 68 104 8 0 0 0 0.85714 Architecture\Warehouse\WrhsPlatStairs02.nif
1909 156 299 450 1.91667 1.91667 1.00350 1.00350 54 54 5 11 10 56.21831 8 1 0 1 0 9 0 132 62 6 0 0 1 0.76080 Architecture\Warehouse\WrhsPlatStairs03.nif
1910 144 250 396 1.73611 1.73611 1.00992 1.00992 74 74 5 10 11 203.70590 8 1 0 0 0 8 0 128 102 4 0 0 1 0.70238 Architecture\Warehouse\WrhsPlatStairsDown01.nif
1911 92 218 280 2.36957 2.36957 1.01003 1.01003 28 28 2 6 4 15.66368 2 0 0 2 0 4 0 68 106 18 0 0 0 0.92667 Architecture\Warehouse\WrhsPlatSteps01.nif
1912 2 4 4 2.00000 2.00000 1.00000 1.00000 4 4 1 1 0 0.00000 0 1 0 0 0 0 0 4 0 4 0 0 0 1.00000 Architecture\Warehouse\WrhsPlatStepsFloor01.nif
1913 2 4 4 2.00000 2.00000 1.00000 1.00000 4 4 1 1 0 0.00000 0 1 0 0 0 0 0 4 0 4 0 0 0 1.00000 Architecture\Warehouse\WrhsPlatStepsFloor02.nif
1914 12 24 30 2.00000 2.00000 1.00000 1.00000 14 14 2 2 1 5.00000 1 1 0 1 0 2 0 16 0 6 0 0 0 0.75000 Architecture\Warehouse\WrhsPlatStepsLip01.nif
1915 12 24 30 2.00000 2.00000 1.00000 1.00000 14 14 2 2 1 5.00000 1 1 0 1 0 2 0 16 0 6 0 0 0 0.85714 Architecture\Warehouse\WrhsPlatStepsLip02.nif
1916 58 144 180 2.48276 2.48276 1.02299 1.02299 63 63 2 6 2 4.79683 1 2 0 0 0 1 0 66 56 21 0 0 1 0.80551 Architecture\Warehouse\WrhsWingAddtnRoof01.nif
1917 233 606 752 2.60086 2.60086 1.00971 1.00971 95 95 2 16 7 73.18427 3 0 0 1 0 4 0 183 126 40 0 0 2 0.80551 Architecture\Warehouse\WrhsWingAddtnRoofDam01.nif
1918 195 520 668 2.66667 2.66667 1.00751 1.00751 93 93 4 14 9 24.31429 5 0 0 1 0 6 0 164 133 12 0 0 2 0.80551 Architecture\Warehouse\WrhsWingAddtnRoofDam02.nif
1919 212 570 766 2.68868 2.68868 1.01008 1.01008 94 94 4 15 12 19.56950 7 0 0 1 0 8 0 175 141 10 0 0 2 0.80551 Architecture\Warehouse\WrhsWingAddtnRoofDam03.nif
1920 142 222 285 1.57042 1.57042 1.01565 1.01565 104 104 3 10 3 3.17571 2 0 0 0 0 2 0 126 80 15 0 0 2 0.99856 Architecture\Warehouse\WrhsWingAddtnWallFrontL01.nif
1921 142 230 289 1.61972 1.61972 1.01363 1.01363 108 108 3 10 3 3.16499 2 0 0 0 0 2 0 128 86 15 0 0 2 0.99748 Architecture\Warehouse\WrhsWingAddtnWallFrontLDam01.nif
1922 251 430 623 1.78088 1.71315 1.01673 1.01673 147 147 4 17 11 51.41909 8 1 0 1 0 9 0 208 211 6 0 0 1 0.72268 Architecture\Warehouse\WrhsWingAddtnWallFrontLDoor01.nif
1923 250 433 645 1.80000 1.73200 1.02027 1.02027 156 156 4 17 12 51.41909 9 2 0 0 0 9 0 211 211 16 0 0 1 0.72634 Architecture\Warehouse\WrhsWingAddtnWallFrontLDoorDam01.nif
1924 140 226 247 1.62143 1.62143 1.03651 1.03651 102 102 3 10 2 3.78990 2 1 0 0 0 2 0 129 83 6 0 0 2 1.00000 Architecture\Warehouse\WrhsWingAddtnWallFrontR01.nif
1925 165 261 269 1.58182 1.58182 1.01122 1.01122 123 123 1 12 0 0.00000 0 0 0 0 0 0 0 152 95 123 0 0 3 1.00000 Architecture\Warehouse\WrhsWingAddtnWallFrontRDam01.nif
1926 255 433 520 1.76471 1.69804 1.00763 1.00763 145 145 4 17 6 11.69598 5 1 0 0 0 5 0 210 206 11 0 0 2 0.97024 Architecture\Warehouse\WrhsWingAddtnWallFrontRDoor01.nif
1927 254 440 530 1.79921 1.73228 1.01240 1.01240 150 150 5 18 7 126.85069 6 2 0 0 0 6 0 212 210 6 0 0 1 0.89052 Architecture\Warehouse\WrhsWingAddtnWallFrontRDoorDam01.nif
1928 108 170 213 1.57407 1.57407 1.02179 1.02179 74 74 3 8 3 0.00002 2 0 0 1 0 3 0 94 72 8 0 0 1 1.00000 Architecture\Warehouse\WrhsWingAddtnWallSide01.nif
1929 108 175 224 1.62037 1.62037 1.00950 1.00950 74 74 4 8 4 0.00002 3 0 0 1 0 4 0 94 72 7 0 0 1 1.00000 Architecture\Warehouse\WrhsWingAddtnWallSide02.nif
1930 210 388 532 1.92381 1.84762 1.00000 1.00000 106 106 2 14 7 9.93834 3 0 0 1 0 4 0 160 223 40 0 0 1 0.72027 Architecture\Warehouse\WrhsWingAddtnWallSideDoor01.nif
1931 174 308 333 1.77011 1.77011 1.02069 1.02069 96 96 2 13 1 0.00000 1 1 0 1 0 2 0 144 164 16 0 0 1 1.00000 Architecture\Warehouse\WrhsWingAddtnWallSideWindow01.nif
1932 174 308 333 1.77011 1.77011 1.02069 1.02069 96 96 2 13 1 0.00000 1 1 0 1 0 2 0 144 164 16 0 0 1 1.00000 Architecture\Warehouse\WrhsWingAddtnWallSideWindow02.nif
1933 164 293 326 1.79878 1.78659 1.01513 1.01513 108 108 2 11 1 0.24284 1 0 0 1 0 2 0 145 130 17 0 0 2 1.00000 Architecture\Warehouse\WrhsWingAddtnWallTall01.nif
1934 173 317 338 1.83815 1.83237 1.01434 1.01434 101 101 2 12 1 0.24284 1 0 0 1 0 2 0 147 148 17 0 0 2 1.00000 Architecture\Warehouse\WrhsWingAddtnWallTallCorL01.nif
1935 173 309 313 1.79769 1.78613 1.01434 1.01434 101 101 1 12 0 0.00000 0 0 0 1 0 1 0 147 143 101 0 0 2 1.00000 Architecture\Warehouse\WrhsWingAddtnWallTallCorR01.nif
1936 62 132 169 2.12903 2.12903 1.00000 1.00000 39 39 2 6 2 17.18284 1 2 0 0 0 1 0 60 58 27 0 0 1 0.75844 Architecture\Warehouse\WrhsWingRoof01.nif
1937 258 701 986 2.71705 2.71705 1.00434 1.00434 68 68 3 17 14 149.42886 6 0 0 1 0 7 0 192 201 16 0 0 2 0.73239 Architecture\Warehouse\WrhsWingRoofDam01.nif
1938 228 591 775 2.59211 2.59211 1.00798 1.00798 74 74 3 15 10 17.18284 5 0 0 1 0 6 0 178 134 23 0 0 2 0.75844 Architecture\Warehouse\WrhsWingRoofDam02.nif
1939 174 475 554 2.72989 2.72989 1.01063 1.01063 68 68 3 12 5 17.18284 3 0 0 1 0 4 0 139 113 10 0 0 2 0.75258 Architecture\Warehouse\WrhsWingRoofDam03.nif
1940 344 721 989 2.12209 2.09593 1.01375 1.01375 204 204 3 24 13 168.41040 8 2 0 2 0 10 0 291 369 6 0 0 1 0.77331 Architecture\Warehouse\WrhsWingWallFrontDbl01.nif
1941 360 736 1037 2.06389 2.04444 1.00000 1.00000 236 236 4 25 17 250.17773 10 2 0 3 0 13 0 316 352 6 0 0 1 0.74352 Architecture\Warehouse\WrhsWingWallFrontDblDoor01.nif
1942 179 297 383 1.67598 1.67039 1.01730 1.01730 125 125 4 13 7 7.93414 6 2 0 0 0 6 0 158 132 12 0 0 1 0.99390 Architecture\Warehouse\WrhsWingWallFrontL01.nif
1943 225 344 469 1.52889 1.52889 1.01707 1.01707 161 161 3 16 8 20.50000 4 0 0 1 0 5 0 199 131 34 0 0 2 0.74510 Architecture\Warehouse\WrhsWingWallFrontLDam01.nif
1944 254 451 488 1.85827 1.77559 1.01734 1.01734 152 152 3 17 2 12.18795 2 0 0 2 0 4 0 209 230 9 0 0 1 0.97699 Architecture\Warehouse\WrhsWingWallFrontLDoor01.nif
1945 298 492 616 1.71812 1.65101 1.01075 1.01075 174 174 5 20 8 52.86686 7 2 0 0 0 7 0 245 234 8 0 0 1 0.87159 Architecture\Warehouse\WrhsWingWallFrontLDoor01Dam01.nif
1946 180 290 361 1.62222 1.62222 1.00542 1.00542 114 114 4 12 4 6.50000 3 0 0 1 0 4 0 148 131 4 0 0 1 0.99851 Architecture\Warehouse\WrhsWingWallFrontR01.nif
1947 184 311 378 1.69022 1.69022 1.02049 1.02049 128 128 3 13 5 9.62500 2 0 0 1 0 3 0 155 143 15 0 0 1 0.74615 Architecture\Warehouse\WrhsWingWallFrontRDam01.nif
1948 261 458 514 1.83142 1.75479 1.00400 1.00400 155 155 4 17 4 173.00000 3 1 0 0 0 3 0 209 234 6 0 0 1 0.77996 Architecture\Warehouse\WrhsWingWallFrontRDoor01.nif
1949 285 498 712 1.82456 1.74737 1.01581 1.01581 165 165 2 19 10 130.15903 5 0 0 1 0 6 0 229 251 60 0 0 1 0.71892 Architecture\Warehouse\WrhsWingWallFrontRDoor01Dam01.nif
1950 269 497 717 1.92193 1.84758 1.00797 1.00797 171 171 3 18 10 66.12259 6 1 0 0 0 6 0 221 264 4 0 0 1 0.72240 Architecture\Warehouse\WrhsWingWallFrontRPlatDoor01.nif
1951 120 190 199 1.58333 1.58333 1.02222 1.02222 50 50 1 8 0 0.00000 0 0 0 1 0 1 0 94 96 50 0 0 1 1.00000 Architecture\Warehouse\WrhsWingWallSide01.nif
1952 120 201 205 1.67500 1.67500 1.01905 1.01905 50 50 1 8 0 0.00000 0 0 0 2 0 2 0 99 96 50 0 0 1 1.00000 Architecture\Warehouse\WrhsWingWallSide02.nif
1953 120 201 205 1.67500 1.67500 1.01905 1.01905 50 50 1 8 0 0.00000 0 0 0 2 0 2 0 99 96 50 0 0 1 1.00000 Architecture\Warehouse\WrhsWingWallSide03.nif
1954 218 397 401 1.86697 1.82110 1.00947 1.00947 86 86 1 14 0 0.00000 0 0 0 1 0 1 0 161 230 86 0 0 1 1.00000 Architecture\Warehouse\WrhsWingWallSideDoor01.nif
1955 226 422 426 1.91150 1.86726 1.00453 1.00453 122 122 1 15 0 0.00000 0 0 0 1 0 1 0 176 240 122 0 0 1 1.00000 Architecture\Warehouse\WrhsWingWallSidePlatDoor01.nif
1956 231 380 477 1.64502 1.64502 1.01431 1.01431 135 135 4 16 7 128.99612 5 2 0 1 0 6 0 200 180 6 0 0 1 0.85622 Architecture\Warehouse\WrhsWingWallSidePlatWindow01.nif
1957 203 344 419 1.70443 1.70443 1.01741 1.01741 119 119 5 14 5 128.99612 4 2 0 0 0 4 0 171 172 6 0 0 1 0.78570 Architecture\Warehouse\WrhsWingWallSidePlatWindow02.nif
1958 232 377 476 1.62500 1.62500 1.01363 1.01363 138 138 4 16 8 112.09991 6 2 1 0 0 6 0 200 177 12 0 0 1 0.75774 Architecture\Warehouse\WrhsWingWallSidePlatWindow03.nif
1959 209 341 412 1.63158 1.63158 1.01162 1.01162 117 117 4 15 5 7.87500 3 1 0 1 0 4 0 171 165 7 0 0 1 0.93204 Architecture\Warehouse\WrhsWingWallSideWindow01.nif
1960 212 335 394 1.58019 1.58019 1.02416 1.02416 112 112 2 15 3 0.00000 1 1 0 1 0 2 0 171 164 13 0 0 1 1.00000 Architecture\Warehouse\WrhsWingWallSideWindow02.nif
1961 211 352 444 1.67299 1.67299 1.01541 1.01541 125 125 4 15 6 84.43340 3 1 0 0 0 3 0 178 170 10 0 0 2 0.84374 Architecture\Warehouse\WrhsWingWallSideWindowDam01.nif
1962 227 365 431 1.60793 1.60793 1.01028 1.01028 137 137 2 16 4 2.00000 2 1 0 1 0 3 0 190 167 42 0 0 1 1.00000 Architecture\Warehouse\WrhsWingWallSideWindowDam02.nif
1963 175 298 321 1.70857 1.70286 1.01164 1.01164 113 113 2 12 1 0.24284 1 0 0 1 0 2 0 153 125 17 0 0 2 1.00000 Architecture\Warehouse\WrhsWingWallTall01.nif
1964 251 443 466 1.76892 1.76494 1.01380 1.01380 165 165 2 17 1 0.24284 1 1 0 0 0 1 0 217 197 17 0 0 3 1.00000 Architecture\Warehouse\WrhsWingWallTall01Window01.nif
1965 185 313 338 1.70811 1.69189 1.01157 1.01157 103 103 2 13 1 0.24284 1 0 0 1 0 2 0 157 140 17 0 0 2 1.00000 Architecture\Warehouse\WrhsWingWallTallCorL01.nif
1966 259 463 486 1.79151 1.78764 1.01334 1.01334 157 157 2 18 1 0.24284 1 1 0 0 0 1 0 219 210 17 0 0 3 1.00000 Architecture\Warehouse\WrhsWingWallTallCorL01Window01.nif
1967 185 316 340 1.72432 1.70811 1.01638 1.01638 103 103 2 13 1 0.24284 1 0 0 1 0 2 0 157 139 17 0 0 2 1.00000 Architecture\Warehouse\WrhsWingWallTallCorR01.nif
1968 399 694 773 1.79699 1.73935 1.01303 1.01303 197 197 3 26 4 0.24284 3 1 0 1 0 4 0 311 354 12 0 0 2 1.00000 Architecture\Warehouse\WrhsWingWallTallCorR01Door02.nif
1969 261 461 619 1.77011 1.76628 1.00951 1.00951 157 157 2 18 8 17.01702 4 1 0 0 0 4 0 221 210 71 0 0 3 0.71919 Architecture\Warehouse\WrhsWingWallTallCorR01Window01.nif
1970 1878 2526 4766 1.34824 1.34505 1.00081 1.00081 845 845 4 118 109 525.01605 50 0 0 4 0 54 0 1375 551 98 0 0 3 0.70505 Interiors\Building\Concrete\Custom\BldSentinelBunkerExhaust01.nif
1971 198 440 609 2.22222 2.22222 1.00000 1.00000 112 112 3 14 12 30.16232 7 0 0 0 0 7 0 168 142 26 0 0 2 0.91667 Interiors\Building\Concrete\Custom\BldSentinelBunkerExhaust02.nif
1972 3924 6433 11217 1.65469 1.65189 1.00123 1.00123 708 708 8 247 243 2826.65991 102 2 0 16 0 114 4 2615 963 8 0 0 1 0.92806 Interiors\Building\Concrete\Custom\BldSentinelBunkerMain01.nif
1973 620 701 1497 1.14355 1.14355 1.00415 1.00415 136 136 6 40 40 528.95520 19 1 0 3 0 22 0 386 62 4 0 0 0 0.95538 Interiors\Building\Concrete\Custom\BldSentinelBunkerTower01.nif
1974 34 77 90 2.26471 2.26471 1.03896 1.03896 12 12 2 3 1 4.09235 1 0 0 0 0 1 0 24 38 8 0 0 1 0.89286 Interiors\Building\Details\IBeams\IBeam01.nif
1975 800 870 1678 1.21250 1.08750 1.00230 1.00230 480 480 4 50 45 48.39591 22 0 0 0 0 22 0 634 59 78 0 0 1 0.76468 Interiors\Industrial\BgPipeCluster\IndBgPipeCluster1Way01.nif
1976 1600 1295 3214 1.32500 0.86125 1.00077 1.00077 480 480 7 100 96 144.89897 47 0 0 5 0 52 0 1029 86 6 0 0 0 0.92246 Interiors\Industrial\BgPipeCluster\IndBgPipeCluster1Way03.nif
1977 2240 2080 4657 1.27679 0.95536 1.00000 1.00000 812 812 7 140 138 324.20465 66 0 1 4 0 67 3 1503 223 39 0 0 0 0.75122 Interiors\Industrial\BgPipeCluster\IndBgPipeCluster1Way45Turn01.nif
1978 1600 1740 1860 1.21250 1.08750 1.00000 1.00000 660 660 1 100 0 0.00000 0 0 0 0 0 0 0 1114 277 660 0 0 1 1.00000 Interiors\Industrial\BgPipeCluster\IndBgPipeCluster1WayLong01.nif
1979 2400 2610 2790 1.21250 1.08750 1.00077 1.00077 840 840 1 150 0 0.00000 0 0 0 0 0 0 0 1594 495 840 0 0 1 1.00000 Interiors\Industrial\BgPipeCluster\IndBgPipeCluster1WayLonger01.nif
1980 3200 3485 3725 1.21406 1.08906 1.00086 1.00086 1020 1020 1 200 0 0.00000 0 0 0 0 0 0 0 2074 713 1020 0 0 1 1.00000 Interiors\Industrial\BgPipeCluster\IndBgPipeCluster1WayLongest01.nif
1981 4480 4160 9252 1.27679 0.95536 1.00000 1.00000 1488 1488 6 280 272 288.25958 135 0 0 7 0 139 3 2928 527 86 0 0 1 0.73148 Interiors\Industrial\BgPipeCluster\IndBgPipeCluster1WayShift01.nif
1982 4480 4160 9252 1.27679 0.95536 1.00000 1.00000 1476 1476 6 280 270 244.98024 131 0 0 7 0 132 6 2929 531 98 0 0 1 0.72494 Interiors\Industrial\BgPipeCluster\IndBgPipeCluster1WayUTurn01.nif
1983 2240 2080 4477 1.27679 0.95536 1.00000 1.00000 812 812 4 140 125 71.04475 60 0 0 3 0 63 0 1502 225 152 0 0 1 0.89399 Interiors\Industrial\BgPipeCluster\IndBgPipeCluster2Way01.nif
1984 4480 4160 9177 1.27679 0.95536 1.00000 1.00000 1492 1492 5 280 266 106.81012 132 0 0 6 0 138 0 2932 528 158 0 0 1 0.72740 Interiors\Industrial\BgPipeCluster\IndBgPipeCluster2WayLarge01.nif
1985 1056 984 1798 1.45644 0.93182 1.00366 1.00366 288 288 6 66 38 184.84270 20 1 0 1 0 21 0 704 84 0 0 0 2 0.82877 Interiors\Industrial\BgPipeIn\IndBgPipe1Way01.nif
1986 1440 1183 2535 1.40347 0.83056 1.00476 1.00476 288 288 6 90 63 270.80600 28 0 0 2 0 30 0 896 90 0 0 0 2 0.70672 Interiors\Industrial\BgPipeIn\IndBgPipe1Way02.nif
1987 1440 1184 2427 1.40417 0.83056 1.00367 1.00367 288 288 3 90 55 83.96893 24 0 0 1 0 25 0 896 90 62 0 0 2 0.88142 Interiors\Industrial\BgPipeIn\IndBgPipe1Way03.nif
1988 1696 1314 2992 1.39033 0.80660 1.00167 1.00167 288 288 4 106 73 122.82802 32 0 0 5 0 37 0 1024 94 0 0 0 1 0.87620 Interiors\Industrial\BgPipeIn\IndBgPipe1Way45Turn01.nif
1989 656 622 1187 1.51524 0.94817 1.00296 1.00296 144 144 4 41 25 81.16190 13 0 0 1 0 14 0 448 76 15 0 0 2 0.87198 Interiors\Industrial\BgPipeIn\IndBgPipe1WayBroken01.nif
1990 656 622 995 1.51524 0.94817 1.00296 1.00296 144 144 2 41 14 4.89101 6 0 0 0 0 6 0 448 76 41 0 0 3 0.88251 Interiors\Industrial\BgPipeIn\IndBgPipe1WayBroken02.nif
1991 1144 1076 1777 0.94231 0.94056 1.00334 1.00334 284 284 4 73 28 48.59897 14 0 0 0 0 14 0 766 114 14 0 0 3 0.81517 Interiors\Industrial\BgPipeIn\IndBgPipe1WayHole01.nif
1992 1156 1091 2142 1.44550 0.94550 1.00411 1.00411 298 298 7 73 45 318.38733 21 1 0 3 0 24 0 779 116 6 0 0 2 0.84193 Interiors\Industrial\BgPipeIn\IndBgPipe1WayHole02.nif
1993 1204 1128 1965 1.34552 0.93688 1.00340 1.00340 284 284 4 76 36 64.71049 17 0 0 1 0 18 0 807 125 11 0 0 3 0.84643 Interiors\Industrial\BgPipeIn\IndBgPipe1WayHole03.nif
1994 2112 1969 3833 1.45644 0.93229 1.00137 1.00137 464 464 5 132 83 83.96893 32 0 1 0 0 32 0 1289 318 8 0 0 3 0.79248 Interiors\Industrial\BgPipeIn\IndBgPipe1WayLong01.nif
1995 3168 2953 6420 1.45644 0.93213 1.00092 1.00092 656 656 8 198 166 793.11414 60 1 4 7 0 67 0 1873 459 0 0 0 2 0.76873 Interiors\Industrial\BgPipeIn\IndBgPipe1WayLonger01.nif
1996 4224 3936 8662 1.45644 0.93182 1.00000 1.00000 832 832 8 264 220 450.26709 73 0 5 11 0 81 3 2458 788 7 0 0 2 0.85870 Interiors\Industrial\BgPipeIn\IndBgPipe1WayLongest01.nif
1997 3392 2628 6441 1.39210 0.80601 1.00167 1.00167 576 576 9 212 174 526.09833 75 1 2 8 0 79 4 2010 245 6 0 0 1 0.88758 Interiors\Industrial\BgPipeIn\IndBgPipe1WayShift01.nif
1998 3392 2628 6954 1.39092 0.80483 1.00167 1.00167 576 576 4 212 199 168.59155 78 0 1 10 1 88 0 2005 257 73 0 0 1 0.79762 Interiors\Industrial\BgPipeIn\IndBgPipe1WayUTurn01.nif
1999 1696 1314 3183 1.38325 0.79717 1.00167 1.00167 288 288 8 106 87 301.88123 43 1 0 3 0 46 0 1024 94 0 0 0 1 0.86031 Interiors\Industrial\BgPipeIn\IndBgPipe2Way01.nif
2000 3392 2628 6956 1.39387 0.81014 1.00167 1.00167 576 576 8 212 206 602.46161 85 0 2 9 0 90 4 1987 281 6 0 0 2 0.70930 Interiors\Industrial\BgPipeIn\IndBgPipe2WayLarge01.nif
2001 2692 2106 5277 1.38336 0.80795 1.00087 1.00087 456 456 7 169 145 235.53630 66 0 0 9 0 75 0 1616 196 0 0 0 1 0.74157 Interiors\Industrial\BgPipeIn\IndBgPipe3Way01.nif
2002 3352 2710 7431 1.20078 0.82846 1.00091 1.00091 584 584 7 210 205 232.94545 85 1 0 19 0 104 0 2020 216 12 0 0 0 0.73494 Interiors\Industrial\BgPipeIn\IndBgPipe4Way01.nif
2003 4520 3620 9913 1.37788 0.82655 1.00116 1.00116 800 800 7 283 274 324.71054 115 1 0 22 0 137 0 2722 256 8 0 0 0 0.71028 Interiors\Industrial\BgPipeIn\IndBgPipe5Way01.nif
2004 704 630 993 0.93466 0.89489 1.00264 1.00264 192 192 3 44 14 43.01356 7 0 0 1 0 8 0 480 50 16 0 0 1 0.91983 Interiors\Industrial\BgPipeNoIn\IndBgPipeNoInside1Way01.nif
2005 800 682 1170 0.94500 0.86500 1.00265 1.00265 192 192 4 50 19 121.93012 10 0 0 1 0 11 0 528 53 0 0 0 2 0.76793 Interiors\Industrial\BgPipeNoIn\IndBgPipeNoInside1Way02.nif
2006 800 682 1174 0.94500 0.86500 1.00265 1.00265 192 192 4 50 19 121.99564 10 0 0 1 0 11 0 528 53 0 0 0 2 0.71108 Interiors\Industrial\BgPipeNoIn\IndBgPipeNoInside1Way03.nif
2007 864 716 1271 0.95833 0.84375 1.00581 1.00581 192 192 6 54 24 201.30217 14 1 0 1 0 15 0 560 55 0 0 0 1 0.84542 Interiors\Industrial\BgPipeNoIn\IndBgPipeNoInside1Way45Turn01.nif
2008 1408 1260 2203 0.93466 0.89489 1.00000 1.00000 360 360 4 88 40 252.00000 16 0 0 3 0 19 0 919 156 19 0 0 1 0.89700 Interiors\Industrial\BgPipeNoIn\IndBgPipeNoInside1WayLong01.nif
2009 2112 1890 3352 0.93466 0.89489 1.00088 1.00088 536 536 4 132 64 514.34351 22 0 2 3 1 25 0 1355 219 41 0 0 1 0.72381 Interiors\Industrial\BgPipeNoIn\IndBgPipeNoInside1WayLonger01.nif
2010 2816 2521 4688 0.93501 0.89524 1.00099 1.00099 704 704 8 176 97 535.00067 35 1 0 6 1 41 0 1794 372 8 0 0 1 0.95223 Interiors\Industrial\BgPipeNoIn\IndBgPipeNoInside1WayLongest01.nif
2011 1728 1430 2664 0.95718 0.84259 1.00131 1.00131 384 384 7 108 53 235.54207 25 1 0 3 0 28 0 1100 137 5 0 0 1 0.91199 Interiors\Industrial\BgPipeNoIn\IndBgPipeNoInside1WayShift01.nif
2012 1728 1430 3028 0.95718 0.84259 1.00131 1.00131 384 384 3 108 71 80.62180 32 0 0 3 1 35 0 1097 147 60 0 0 1 0.74444 Interiors\Industrial\BgPipeNoIn\IndBgPipeNoInside1WayUTurn01.nif
2013 864 715 1513 0.95718 0.84259 1.00131 1.00131 192 192 5 54 37 204.89081 19 1 0 1 0 20 0 560 55 0 0 0 1 0.72917 Interiors\Industrial\BgPipeNoIn\IndBgPipeNoInside2Way01.nif
2014 1332 1112 2468 0.97748 0.85360 1.00000 1.00000 296 296 3 84 59 249.16534 26 0 0 3 1 29 0 859 101 46 0 0 1 0.75556 Interiors\Industrial\BgPipeNoIn\IndBgPipeNoInside3Way01.nif
2015 1864 1560 3599 1.01180 0.85300 1.00000 1.00000 408 408 5 117 93 197.88039 40 0 0 5 0 45 0 1194 124 17 0 0 1 0.83146 Interiors\Industrial\BgPipeNoIn\IndBgPipeNoInside4Way01.nif
2016 2704 2332 5157 1.00740 0.86243 1.00000 1.00000 624 624 8 169 134 816.48029 62 1 0 2 0 61 3 1748 144 0 0 0 1 0.70625 Interiors\Industrial\BgPipeNoIn\IndBgPipeNoInside6Way01.nif
2017 280 288 551 1.02857 1.02857 1.01513 1.01513 38 38 3 18 13 253.57587 6 1 0 1 0 7 0 167 35 18 0 0 1 0.99237 Interiors\Industrial\BldShellOut\IndBldShellOutCorner01.nif
2018 466 415 904 0.91416 0.91202 1.01232 1.01232 38 38 3 30 23 378.38162 10 1 0 2 0 12 0 260 50 14 0 0 1 0.99017 Interiors\Industrial\BldShellOut\IndBldShellOutCornerAlcove01.nif
2019 466 402 806 0.88841 0.88841 1.00343 1.00343 38 38 2 30 15 15.95467 7 1 0 0 0 7 0 260 49 27 0 0 2 0.99778 Interiors\Industrial\BldShellOut\IndBldShellOutCornerAlcove02.nif
2020 244 190 413 0.78689 0.77869 1.00656 1.00656 50 50 2 16 10 3.69659 4 1 0 0 0 4 0 155 35 36 0 0 1 1.00000 Interiors\Industrial\BldShellOut\IndBldShellOutCornerDbDoorTopB01.nif
2021 238 185 459 0.77731 0.77731 1.01224 1.01224 44 44 3 16 14 149.84628 7 1 0 1 0 8 0 150 35 17 0 0 0 0.99364 Interiors\Industrial\BldShellOut\IndBldShellOutCornerDbDoorTopL01.nif
2022 244 192 478 0.79098 0.78689 1.01719 1.01719 50 50 3 16 14 307.77429 6 1 0 1 0 7 0 155 37 19 0 0 0 0.99974 Interiors\Industrial\BldShellOut\IndBldShellOutCornerDoorBotB01.nif
2023 238 186 484 0.78151 0.78151 1.00672 1.00672 44 44 3 16 14 254.01549 7 1 0 1 0 8 0 150 36 19 0 0 0 0.98538 Interiors\Industrial\BldShellOut\IndBldShellOutCornerDoorBotR01.nif
2024 238 185 460 0.77731 0.77731 1.01224 1.01224 44 44 3 16 14 149.84628 7 1 0 1 0 8 0 150 35 18 1 0 0 0.99395 Interiors\Industrial\BldShellOut\IndBldShellOutCornerDoorTopL01.nif
2025 238 185 511 0.77731 0.77731 1.01224 1.01224 44 44 6 16 19 58.95895 10 1 0 1 0 11 0 150 35 6 0 0 0 0.90174 Interiors\Industrial\BldShellOut\IndBldShellOutCornerDoorTopR01.nif
2026 864 654 1833 0.82639 0.82292 1.00185 1.00185 38 38 4 56 54 273.87589 24 2 0 5 0 29 0 501 134 31 1 0 0 0.95050 Interiors\Industrial\BldShellOut\IndBldShellOutCornerWindowB01.nif
2027 542 413 1125 0.82103 0.81550 1.01347 1.01347 38 38 4 36 34 1024.23938 17 2 0 3 0 20 0 320 85 22 0 0 0 0.96429 Interiors\Industrial\BldShellOut\IndBldShellOutCornerWindowL01.nif
2028 544 404 1200 0.79412 0.79412 1.00595 1.00595 38 38 6 36 35 485.62326 18 3 0 3 0 21 0 321 83 8 0 0 0 0.86096 Interiors\Industrial\BldShellOut\IndBldShellOutCornerWindowR01.nif
2029 50 86 97 1.72000 1.72000 1.03273 1.03273 18 18 2 4 1 12.26965 1 0 0 1 0 2 0 38 4 9 0 0 1 1.00000 Interiors\Industrial\BldShellOut\IndBldShellOutCutDbDoor01.nif
2030 38 72 78 1.89474 1.89474 1.00000 1.00000 8 8 2 3 1 23.77992 1 1 0 0 0 1 0 28 0 6 0 0 1 0.84278 Interiors\Industrial\BldShellOut\IndBldShellOutCutDbDoor02.nif
2031 38 72 78 1.89474 1.89474 1.00000 1.00000 8 8 2 3 1 23.77993 1 1 0 0 0 1 0 28 0 6 0 0 1 0.84278 Interiors\Industrial\BldShellOut\IndBldShellOutCutDbDoor03.nif
2032 50 88 104 1.76000 1.76000 1.00000 1.00000 20 20 3 4 2 23.77993 2 2 0 0 0 2 0 42 2 6 0 0 1 0.87372 Interiors\Industrial\BldShellOut\IndBldShellOutCutDbDoor04.nif
2033 50 86 97 1.72000 1.72000 1.03273 1.03273 18 18 2 4 1 11.23855 1 0 0 1 0 2 0 38 4 9 0 0 1 1.00000 Interiors\Industrial\BldShellOut\IndBldShellOutCutDoor01.nif
2034 38 72 78 1.89474 1.89474 1.00000 1.00000 8 8 2 3 1 66.63939 1 1 0 0 0 1 0 28 0 6 0 0 1 0.72905 Interiors\Industrial\BldShellOut\IndBldShellOutCutDoor03.nif
2035 50 88 104 1.76000 1.76000 1.00000 1.00000 20 20 3 4 2 66.63939 2 2 0 0 0 2 0 42 2 6 0 0 1 0.73066 Interiors\Industrial\BldShellOut\IndBldShellOutCutDoor04.nif
2036 32 60 60 1.87500 1.87500 1.00000 1.00000 8 8 1 3 0 0.00000 0 0 0 1 0 1 0 20 0 8 0 0 1 1.00000 Interiors\Industrial\BldShellOut\IndBldShellOutCutScktD03.nif
2037 44 76 90 1.72727 1.72727 1.00000 1.00000 20 20 3 5 2 27.92019 2 2 0 0 0 2 0 34 2 4 0 0 1 0.96841 Interiors\Industrial\BldShellOut\IndBldShellOutCutScktD04.nif
2038 36 68 82 1.88889 1.88889 1.00000 1.00000 14 14 3 3 2 14.97079 2 1 0 0 0 2 0 26 2 6 0 0 1 0.92000 Interiors\Industrial\BldShellOut\IndBldShellOutCutWall01.nif
2039 26 56 56 2.15385 2.15385 1.00000 1.00000 4 4 1 3 0 0.00000 0 1 0 0 0 0 0 16 0 4 0 0 1 1.00000 Interiors\Industrial\BldShellOut\IndBldShellOutCutWall02.nif
2040 26 56 56 2.15385 2.15385 1.00000 1.00000 4 4 1 3 0 0.00000 0 1 0 0 0 0 0 16 0 4 0 0 1 1.00000 Interiors\Industrial\BldShellOut\IndBldShellOutCutWall03.nif
2041 38 72 72 1.89474 1.89474 1.00000 1.00000 16 16 1 4 0 0.00000 0 1 0 0 0 0 0 30 2 16 0 0 2 1.00000 Interiors\Industrial\BldShellOut\IndBldShellOutCutWall04.nif
2042 334 230 694 0.76647 0.76647 1.00490 1.00490 16 16 3 23 16 23.03981 9 2 0 2 0 11 0 198 32 32 0 0 0 0.86614 Interiors\Industrial\BldShellOut\IndBldShellOutCutWindow04.nif
2043 174 256 419 1.47126 1.47126 1.00000 1.00000 46 46 6 11 12 165.37479 8 1 0 1 0 9 0 121 39 6 0 0 1 0.90522 Interiors\Industrial\BldShellOut\IndBldShellOutInCorner01.nif
2044 2 4 4 2.00000 2.00000 1.00000 1.00000 4 4 1 1 0 0.00000 0 1 0 0 0 0 0 4 0 4 0 0 0 1.00000 Interiors\Industrial\BldShellOut\IndBldShellOutMid01.nif
2045 8 9 9 1.12500 1.12500 1.33333 1.33333 8 8 1 1 0 0.00000 0 0 0 1 0 1 0 9 0 8 0 0 0 1.00000 Interiors\Industrial\BldShellOut\IndBldShellOutMidBg01.nif
2046 188 138 370 0.75532 0.75532 1.01449 1.01449 28 28 3 12 10 88.73854 5 0 0 1 0 6 0 109 27 11 0 0 0 0.98324 Interiors\Industrial\BldShellOut\IndBldShellOutRib_Left01.nif
2047 188 138 369 0.75532 0.75532 1.01449 1.01449 28 28 3 12 10 88.68395 5 0 0 1 0 6 0 109 27 11 0 0 0 0.98324 Interiors\Industrial\BldShellOut\IndBldShellOutRib_Mid01.nif
2048 188 138 360 0.75532 0.75532 1.01449 1.01449 28 28 3 12 10 85.82494 5 0 0 1 0 6 0 109 27 9 0 0 0 0.83554 Interiors\Industrial\BldShellOut\IndBldShellOutRib_Right01.nif
2049 12 14 28 1.16667 1.16667 1.14286 1.14286 14 14 3 1 2 12.27402 2 1 0 0 0 2 0 14 0 6 0 0 0 0.99976 Interiors\Industrial\BldShellOut\IndBldShellOutRibFill_Left01.nif
2050 12 14 28 1.16667 1.16667 1.14286 1.14286 14 14 3 1 2 12.27402 2 1 0 0 0 2 0 14 0 6 0 0 0 0.99768 Interiors\Industrial\BldShellOut\IndBldShellOutRibFill_Mid01.nif
2051 12 14 28 1.16667 1.16667 1.14286 1.14286 14 14 3 1 2 12.27402 2 1 0 0 0 2 0 14 0 6 0 0 0 0.99976 Interiors\Industrial\BldShellOut\IndBldShellOutRibFill_Right01.nif
2052 54 90 98 1.66667 1.66667 1.03050 1.03050 32 32 2 5 1 15.95313 1 1 1 0 0 1 0 46 4 0 0 0 1 0.83333 Interiors\Industrial\BldShellOut\IndBldShellOutWall01.nif
2053 153 153 249 1.01307 1.01307 1.02104 1.02104 25 25 2 12 5 15.95313 3 1 1 1 0 4 0 109 4 16 0 0 1 0.83333 Interiors\Industrial\BldShellOut\IndBldShellOutWall02.nif
2054 105 129 177 1.22857 1.22857 1.02814 1.02814 55 55 2 9 3 15.95313 2 1 1 1 0 3 0 85 4 18 0 0 1 0.83333 Interiors\Industrial\BldShellOut\IndBldShellOutWall03.nif
2055 192 211 400 1.10938 1.10938 1.00647 1.00647 78 78 5 14 11 59.03477 7 1 1 1 0 8 0 141 26 10 0 0 1 0.75000 Interiors\Industrial\BldShellOut\IndBldShellOutWall04.nif
2056 246 198 516 0.85772 0.85772 1.01260 1.01260 32 32 3 17 13 514.15222 7 1 1 1 0 8 0 142 16 12 0 0 0 0.83333 Interiors\Industrial\BldShellOut\IndBldShellOutWallAlcove01.nif
2057 66 82 157 1.24242 1.24242 1.02539 1.02539 42 42 5 5 5 31.37068 4 2 0 0 0 4 0 57 25 4 0 0 0 0.99160 Interiors\Industrial\BldShellOut\IndBldShellOutWallDoorHuge01.nif
2058 406 350 885 0.92857 0.92857 1.00403 1.00403 36 36 3 28 23 15.96884 11 2 2 1 0 12 0 245 59 19 0 0 0 0.75000 Interiors\Industrial\BldShellOut\IndBldShellOutWallWindow01.nif
2059 504 519 875 1.32143 1.03571 1.01114 1.01114 96 96 3 32 15 162.13945 7 0 0 2 0 9 0 326 166 22 0 0 1 0.72102 Interiors\Industrial\Catwalks\IndCat1EndCap01.nif
2060 428 430 682 1.27103 1.01168 1.00422 1.00422 80 80 2 28 10 6.80849 5 0 0 0 0 5 0 276 134 21 0 0 2 0.83920 Interiors\Industrial\Catwalks\IndCat1EndCapShort01.nif
2061 322 340 557 1.24224 1.05901 1.00000 1.00000 64 64 3 21 12 64.75000 5 0 0 0 0 5 0 211 113 12 0 0 2 0.76972 Interiors\Industrial\Catwalks\IndCat1Way01.nif
2062 388 384 633 1.25773 0.99485 1.00000 1.00000 64 64 4 25 14 162.13945 7 0 1 1 0 8 0 244 124 0 0 0 1 0.74620 Interiors\Industrial\Catwalks\IndCat1Way02.nif
2063 400 392 661 1.27000 0.98750 1.00000 1.00000 64 64 5 26 14 162.13943 8 0 0 2 0 10 0 250 126 0 0 0 1 0.82505 Interiors\Industrial\Catwalks\IndCat1Way03.nif
2064 278 298 514 1.31295 1.07554 1.00630 1.00630 32 32 4 19 12 195.29636 6 0 0 1 0 7 0 171 92 0 0 0 2 0.79061 Interiors\Industrial\Catwalks\IndCat1WayBrokenCap01.nif
2065 190 244 360 1.55789 1.29474 1.00000 1.00000 16 16 2 13 6 33.87500 3 0 0 0 0 3 0 115 74 6 0 0 2 0.96221 Interiors\Industrial\Catwalks\IndCat1WayBrokenCap02.nif
2066 276 286 486 1.25362 1.04348 1.00635 1.00635 48 48 3 18 10 46.78395 5 0 0 1 0 6 0 176 94 18 0 0 1 0.73200 Interiors\Industrial\Catwalks\IndCat1WayHalf01.nif
2067 872 832 1480 1.28440 0.96330 1.00000 1.00000 128 128 3 55 36 61.34499 14 0 0 0 0 14 0 532 267 48 0 0 2 0.80933 Interiors\Industrial\Catwalks\IndCat1WayLong01.nif
2068 188 212 353 1.30319 1.13298 1.00000 1.00000 32 32 4 13 9 216.28542 5 0 1 0 0 5 0 120 76 12 0 0 2 0.70345 Interiors\Industrial\Catwalks\IndCat1WaySide01.nif
2069 188 216 341 1.34043 1.15426 1.00000 1.00000 32 32 3 13 8 212.68581 4 0 1 0 0 4 0 120 76 12 0 0 2 0.75690 Interiors\Industrial\Catwalks\IndCat1WaySide02.nif
2070 434 459 727 1.27419 1.06221 1.01193 1.01193 72 72 3 28 13 64.75000 6 0 0 1 1 7 0 273 162 9 0 0 2 0.75794 Interiors\Industrial\Catwalks\IndCat2Way01.nif
2071 340 367 627 1.26471 1.08824 1.01504 1.01504 56 56 3 22 14 40.31280 6 0 0 0 0 6 0 214 127 15 0 0 2 0.81931 Interiors\Industrial\Catwalks\IndCat2WaySide01.nif
2072 358 377 639 1.25978 1.06145 1.00969 1.00969 56 56 3 23 15 79.46896 7 0 0 1 0 8 0 223 130 6 0 0 1 0.80829 Interiors\Industrial\Catwalks\IndCat2WaySide02.nif
2073 276 305 491 1.29348 1.10870 1.00878 1.00878 48 48 3 18 10 46.77209 5 0 0 0 0 5 0 176 112 12 0 0 2 0.72630 Interiors\Industrial\Catwalks\IndCat2WaySideL01.nif
2074 188 231 329 1.39362 1.23936 1.02566 1.02566 24 24 2 13 5 30.53908 3 0 0 1 0 4 0 114 87 9 0 0 1 0.93238 Interiors\Industrial\Catwalks\IndCat2WaySideR01.nif
2075 496 534 874 1.27016 1.08266 1.00340 1.00340 80 80 3 32 16 169.49680 8 0 0 2 0 10 0 309 171 30 0 0 1 0.82098 Interiors\Industrial\Catwalks\IndCat3Way01.nif
2076 350 416 618 1.36571 1.19143 1.00000 1.00000 48 48 2 22 10 44.56689 4 0 0 0 0 4 0 212 132 18 0 0 2 0.86065 Interiors\Industrial\Catwalks\IndCat3WaySide01.nif
2077 648 708 1069 1.24074 1.09568 1.00000 1.00000 96 96 2 41 17 242.08809 7 0 0 0 0 7 0 396 226 33 0 0 2 0.88458 Interiors\Industrial\Catwalks\IndCat4Way01.nif
2078 1162 1476 2280 1.61274 1.27539 1.00000 1.00000 128 128 3 73 43 80.11633 18 0 0 3 1 21 0 647 270 60 0 0 2 0.75162 Interiors\Industrial\Catwalks\IndCatCircle128Main01.nif
2079 1278 1610 2314 1.58216 1.26448 1.00113 1.00113 160 160 2 81 35 58.71079 14 0 1 0 0 14 0 729 304 68 0 0 2 0.84926 Interiors\Industrial\Catwalks\IndCatCircle128Side01.nif
2080 1096 1340 2213 1.57664 1.22810 1.00000 1.00000 128 128 3 69 49 310.02625 22 0 0 0 0 22 0 624 267 21 0 0 2 0.72851 Interiors\Industrial\Catwalks\IndCatCircle256Main01.nif
2081 1976 2088 3672 1.43927 1.06073 1.00000 1.00000 256 256 4 124 84 423.51755 36 0 0 6 2 42 0 1176 529 4 0 0 1 0.76724 Interiors\Industrial\Catwalks\IndCatCircle512Main01.nif
2082 572 740 1054 1.62937 1.29720 1.00000 1.00000 64 64 2 37 13 36.42984 6 0 1 0 0 6 0 321 134 52 0 0 2 0.75646 Interiors\Industrial\Catwalks\IndCatCircle64Main01.nif
2083 712 872 1261 1.54494 1.22893 1.00000 1.00000 96 96 2 45 17 66.00317 8 0 1 0 0 8 0 415 172 64 0 0 2 0.75081 Interiors\Industrial\Catwalks\IndCatCircle64Side01.nif
2084 706 868 1250 1.53541 1.23229 1.00000 1.00000 96 96 2 45 15 70.20795 7 0 1 0 0 7 0 412 171 64 0 0 2 0.73659 Interiors\Industrial\Catwalks\IndCatCircle64Side02.nif
2085 36 72 85 2.00000 2.00000 1.00000 1.00000 0 0 2 3 2 8.00000 1 0 0 0 0 1 0 20 36 0 0 0 1 1.00000 Interiors\Industrial\Catwalks\IndCatMid01.nif
2086 620 668 778 1.25161 1.08226 1.00000 1.00000 128 128 1 39 0 0.00000 0 0 0 0 0 0 0 406 222 128 0 0 2 1.00000 Interiors\Industrial\Catwalks\IndCatRampFull01.nif
2087 608 664 778 1.26316 1.09211 1.00000 1.00000 128 128 1 38 0 0.00000 0 0 0 0 0 0 0 400 220 128 0 0 2 1.00000 Interiors\Industrial\Catwalks\IndCatRampFullEndGround01.nif
2088 346 360 428 1.26012 1.04624 1.00000 1.00000 64 64 1 23 0 0.00000 0 0 0 0 0 0 0 223 117 64 0 0 2 1.00000 Interiors\Industrial\Catwalks\IndCatRampHalf01.nif
2089 292 324 376 1.24658 1.10959 1.00000 1.00000 64 64 1 19 0 0.00000 0 0 0 0 0 0 0 196 108 64 0 0 2 1.00000 Interiors\Industrial\Catwalks\IndCatRampHalfEndGround01.nif
2090 176 208 235 1.34091 1.18182 1.00000 1.00000 32 32 1 12 0 0.00000 0 0 0 0 0 0 0 114 74 32 0 0 2 1.00000 Interiors\Industrial\Catwalks\IndCatRampHalfRSide01.nif
2091 218 258 289 1.40826 1.18349 1.00699 1.00699 32 32 1 15 0 0.00000 0 0 0 0 0 0 0 135 85 32 0 0 2 1.00000 Interiors\Industrial\Catwalks\IndCatRampShort01.nif
2092 1188 1864 2358 1.65993 1.57155 1.00000 1.00000 128 128 2 75 34 70.27180 15 0 0 0 0 15 0 718 862 30 0 0 2 0.77411 Interiors\Industrial\Catwalks\IndCatStairsFull01.nif
2093 1176 1856 2330 1.66667 1.57823 1.00000 1.00000 128 128 2 74 33 29.25479 14 0 0 0 0 14 0 712 860 24 0 0 2 0.79965 Interiors\Industrial\Catwalks\IndCatStairsFullEndGround01.nif
2094 926 1612 1962 1.81425 1.74082 1.00000 1.00000 64 64 2 59 28 10.97592 12 0 0 0 0 12 0 539 789 24 0 0 2 0.73033 Interiors\Industrial\Catwalks\IndCatStairsFullRSide01.nif
2095 630 956 1213 1.63810 1.52063 1.00000 1.00000 64 64 2 40 18 10.97591 8 0 0 0 0 8 0 379 437 15 0 0 2 0.75698 Interiors\Industrial\Catwalks\IndCatStairsHalf01.nif
2096 576 920 1147 1.66667 1.59722 1.00000 1.00000 64 64 2 37 16 10.73679 8 0 0 0 0 8 0 352 428 24 0 0 2 0.80372 Interiors\Industrial\Catwalks\IndCatStairsHalfEndGround01.nif
2097 466 808 974 1.80258 1.73391 1.00000 1.00000 32 32 2 30 14 29.29460 7 0 0 0 0 7 0 273 395 12 0 0 2 0.79202 Interiors\Industrial\Catwalks\IndCatStairsHalfLSide01.nif
2098 460 804 975 1.80870 1.74783 1.00000 1.00000 32 32 2 30 15 72.16561 6 0 0 0 0 6 0 270 394 0 0 0 2 0.76626 Interiors\Industrial\Catwalks\IndCatStairsHalfRSide01.nif
2099 1936 2710 3617 1.50723 1.40083 1.00065 1.00065 272 272 2 122 52 29.87335 22 0 0 0 0 22 0 1196 1166 84 0 0 2 0.70265 Interiors\Industrial\Catwalks\IndCatStairsTurnLFull01.nif
2100 1790 2544 2767 1.52402 1.42291 1.00000 1.00000 240 240 1 113 0 0.00000 0 0 0 0 0 0 0 1099 1103 240 0 0 2 1.00000 Interiors\Industrial\Catwalks\IndCatStairsTurnLFullSide01.nif
2101 992 1375 1850 1.50907 1.38911 1.00456 1.00456 136 136 2 63 28 51.16750 11 0 0 0 0 11 0 612 587 51 0 0 2 0.82106 Interiors\Industrial\Catwalks\IndCatStairsTurnLHalf01.nif
2102 953 1313 1758 1.48164 1.37880 1.00203 1.00203 125 125 2 60 26 29.25479 11 0 0 0 0 11 0 584 559 45 0 0 2 0.83389 Interiors\Industrial\Catwalks\IndCatStairsTurnLHalfSide01.nif
2103 1900 2695 3586 1.51737 1.42053 1.00270 1.00270 272 272 2 120 50 164.92422 23 0 0 0 0 23 0 1178 1160 99 0 0 2 0.73995 Interiors\Industrial\Catwalks\IndCatStairsTurnRFull01.nif
2104 962 1355 1789 1.51040 1.41060 1.00465 1.00465 136 136 2 61 27 10.97591 10 0 0 0 0 10 0 597 582 36 0 0 2 0.80705 Interiors\Industrial\Catwalks\IndCatStairsTurnRHalf01.nif
2105 898 1273 1389 1.52116 1.41982 1.00359 1.00359 120 120 1 57 0 0.00000 0 0 0 0 0 0 0 553 552 120 0 0 2 1.00000 Interiors\Industrial\Catwalks\IndCatStairsTurnRHalfSide01.nif
2106 1080 757 2346 0.72500 0.72500 1.00431 1.00431 100 100 6 68 70 248.73401 33 0 0 2 0 35 0 614 143 5 0 0 1 0.75233 Interiors\Industrial\Domes\IndDome128Full01.nif
2107 600 468 1301 0.78500 0.78500 1.01024 1.01024 20 20 5 39 37 85.03970 17 0 0 2 0 19 0 333 135 13 0 0 1 0.80210 Interiors\Industrial\Domes\IndDome128Top01.nif
2108 1740 1137 3547 0.76667 0.70920 1.00276 1.00276 80 80 7 109 112 473.07657 48 0 0 4 0 49 3 994 143 15 0 0 1 0.76221 Interiors\Industrial\Domes\IndDome256Full01.nif
2109 980 688 2014 0.73367 0.73367 1.00646 1.00646 40 40 3 62 53 212.82587 23 0 0 5 0 28 0 553 135 50 0 0 0 0.94898 Interiors\Industrial\Domes\IndDome256Top01.nif
2110 1740 1289 3986 0.77759 0.77759 1.00264 1.00264 80 80 4 109 112 973.90759 48 0 0 6 0 54 0 994 153 125 0 0 0 0.96505 Interiors\Industrial\Domes\IndDome512Full01.nif
2111 980 840 2360 0.89082 0.89082 1.00617 1.00617 40 40 4 62 66 444.70984 27 0 0 4 0 31 0 553 145 51 0 0 0 0.93689 Interiors\Industrial\Domes\IndDome512Top01.nif
2112 328 295 646 0.90549 0.90549 1.01982 1.01982 20 20 3 21 17 17.13001 8 0 0 1 0 9 0 197 84 23 0 0 1 0.86082 Interiors\Industrial\Domes\IndDome64Top01.nif
2113 44 84 86 1.90909 1.90909 1.00000 1.00000 0 0 1 3 0 0.00000 0 0 0 0 0 0 0 24 54 0 0 0 1 1.00000 Interiors\Industrial\Frame\IndFrame1024Straight01.nif
2114 1522 1378 2637 0.92641 0.90539 1.00145 1.00145 570 570 2 96 52 10.70249 22 0 0 0 0 22 0 1160 200 502 0 0 1 0.95442 Interiors\Industrial\Frame\IndFrame1024x1024AShape01.nif
2115 1270 1146 2675 0.91496 0.90236 1.00175 1.00175 490 490 7 80 69 986.30298 32 1 0 5 0 37 0 976 152 4 0 0 0 0.87511 Interiors\Industrial\Frame\IndFrame1024x1024AShapeEdge01.nif
2116 868 760 1835 0.89401 0.87558 1.00000 1.00000 332 332 4 55 49 33.70576 21 0 0 3 0 24 0 664 90 17 0 0 1 0.92686 Interiors\Industrial\Frame\IndFrame1024x1024EmptyShapeEdge01.nif
2117 1270 1146 2762 0.91496 0.90236 1.00175 1.00175 490 490 4 80 73 74.24374 33 0 0 3 0 36 0 976 151 87 0 0 1 0.72122 Interiors\Industrial\Frame\IndFrame1024x1024VShapeEdge01.nif
2118 1268 1140 2193 0.91167 0.89905 1.00000 1.00000 488 488 2 80 43 4.88102 19 0 0 0 0 19 0 974 153 440 0 0 1 0.89209 Interiors\Industrial\Frame\IndFrame1024x512AShapeEdge01.nif
2119 1268 1140 2188 0.91167 0.89905 1.00000 1.00000 488 488 2 80 43 4.88102 19 0 0 0 0 19 0 974 153 435 0 0 1 0.89166 Interiors\Industrial\Frame\IndFrame1024x512AShapeEdge02.nif
2120 868 764 1874 0.89862 0.88018 1.00000 1.00000 332 332 4 55 50 1011.27850 22 0 0 4 0 26 0 664 94 63 0 0 0 0.85011 Interiors\Industrial\Frame\IndFrame1024x512EmptyShapeEdge01.nif
2121 1520 1386 3426 0.93553 0.91184 1.00144 1.00144 568 568 6 95 91 986.30322 41 1 0 5 0 46 0 1158 207 12 0 0 0 0.73964 Interiors\Industrial\Frame\IndFrame1024x512VShape01.nif
2122 1520 1366 3145 0.91974 0.89868 1.00146 1.00146 568 568 3 95 82 1024.25000 35 0 0 1 0 36 0 1158 195 416 0 0 1 0.74114 Interiors\Industrial\Frame\IndFrame1024x768AShape01.nif
2123 1120 992 1927 0.91429 0.88571 1.00000 1.00000 412 412 2 70 39 4.42738 16 0 0 0 0 16 0 848 138 359 0 0 1 0.94231 Interiors\Industrial\Frame\IndFrame1024x768EmptyShape01.nif
2124 44 84 112 1.90909 1.90909 1.00000 1.00000 0 0 2 3 2 4.77828 1 0 0 0 0 1 0 24 54 0 0 0 1 0.88261 Interiors\Industrial\Frame\IndFrame256Straight01.nif
2125 1518 1366 3427 0.92095 0.89987 1.00146 1.00146 566 566 8 95 94 806.54150 43 1 0 5 0 44 4 1156 195 4 0 0 0 0.95363 Interiors\Industrial\Frame\IndFrame256x256AShape01.nif
2126 1266 1134 2901 0.90837 0.89573 1.00176 1.00176 486 486 8 80 82 545.26141 39 1 0 2 0 37 4 972 147 8 0 0 0 0.80068 Interiors\Industrial\Frame\IndFrame256x256AShapeEdge01.nif
2127 1266 1134 2746 0.90837 0.89573 1.00176 1.00176 486 486 5 80 76 353.32813 34 0 0 4 0 37 1 972 147 4 0 0 1 0.86594 Interiors\Industrial\Frame\IndFrame256x256AShapeEdge02.nif
2128 1120 992 1933 0.91429 0.88571 1.00000 1.00000 412 412 2 70 39 4.32026 16 0 0 0 0 16 0 848 138 371 0 0 1 0.94369 Interiors\Industrial\Frame\IndFrame256x256EmptyShape01.nif
2129 868 760 1910 0.89401 0.87558 1.00000 1.00000 332 332 4 55 48 30.20952 22 0 0 3 0 25 0 664 90 99 0 0 0 0.85863 Interiors\Industrial\Frame\IndFrame256x256EmptyShapeEdge01.nif
2130 868 760 1955 0.89401 0.87558 1.00000 1.00000 332 332 7 55 50 208.53198 24 1 0 3 0 27 0 664 90 12 0 0 0 0.92727 Interiors\Industrial\Frame\IndFrame256x256EmptyShapeEdge02.nif
2131 1518 1372 2636 0.92490 0.90382 1.00000 1.00000 566 566 2 95 53 9.26263 23 0 0 0 0 23 0 1156 200 527 0 0 1 0.95159 Interiors\Industrial\Frame\IndFrame256x256VShape01.nif
2132 1266 1140 2927 0.91311 0.90047 1.00000 1.00000 486 486 6 80 80 434.31250 36 0 0 2 0 37 1 972 152 8 0 0 1 0.84533 Interiors\Industrial\Frame\IndFrame256x256VShapeEdge01.nif
2133 1266 1136 2913 0.90995 0.89731 1.00000 1.00000 486 486 7 80 80 315.63666 36 0 0 3 0 36 3 972 149 8 0 0 1 0.82506 Interiors\Industrial\Frame\IndFrame256x256VShapeEdge02.nif
2134 1492 1340 2559 0.91957 0.89812 1.00000 1.00000 568 568 2 94 52 10.88192 23 0 0 0 0 23 0 1140 190 505 0 0 1 0.91223 Interiors\Industrial\Frame\IndFrame256x256XShape01.nif
2135 1240 1108 2553 0.90645 0.89355 1.00000 1.00000 488 488 3 78 64 224.13776 30 0 0 1 0 31 0 956 142 344 0 0 1 0.82845 Interiors\Industrial\Frame\IndFrame256x256XShapeEdge01.nif
2136 1240 1108 2549 0.90645 0.89355 1.00000 1.00000 488 488 3 78 65 238.32077 30 0 0 1 0 31 0 956 142 342 0 0 1 0.82196 Interiors\Industrial\Frame\IndFrame256x256XShapeEdge02.nif
2137 44 84 86 1.90909 1.90909 1.00000 1.00000 0 0 1 3 0 0.00000 0 0 0 0 0 0 0 24 54 0 0 0 1 1.00000 Interiors\Industrial\Frame\IndFrame512Straight01.nif
2138 1520 1372 2632 0.92632 0.90263 1.00000 1.00000 568 568 2 95 54 17.33143 23 0 0 0 0 23 0 1158 198 508 0 0 1 0.71205 Interiors\Industrial\Frame\IndFrame512x256AShape01.nif
2139 1268 1140 2656 0.91483 0.89905 1.00000 1.00000 488 488 4 80 68 443.37500 30 0 0 7 0 37 0 974 150 46 0 0 0 0.77344 Interiors\Industrial\Frame\IndFrame512x256AShapeEdge01.nif
2140 1268 1138 2606 0.91325 0.89748 1.00176 1.00176 488 488 3 80 65 457.51846 29 0 0 7 0 36 0 974 149 304 0 0 0 0.75260 Interiors\Industrial\Frame\IndFrame512x256AShapeEdge02.nif
2141 1120 992 1936 0.91429 0.88571 1.00000 1.00000 412 412 2 70 39 4.42755 16 0 0 0 0 16 0 848 138 373 0 0 1 0.99871 Interiors\Industrial\Frame\IndFrame512x256EmptyShape01.nif
2142 868 760 1889 0.89401 0.87558 1.00000 1.00000 332 332 4 55 48 481.34048 22 0 0 3 0 25 0 664 90 86 0 0 0 0.77344 Interiors\Industrial\Frame\IndFrame512x256EmptyShapeEdge01.nif
2143 868 760 1877 0.89401 0.87558 1.00000 1.00000 332 332 4 55 47 30.20952 21 0 0 4 0 25 0 664 90 64 0 0 0 0.75260 Interiors\Industrial\Frame\IndFrame512x256EmptyShapeEdge02.nif
2144 1520 1374 2634 0.92763 0.90395 1.00146 1.00146 568 568 2 95 54 17.25000 23 0 0 0 0 23 0 1158 200 508 0 0 1 0.77762 Interiors\Industrial\Frame\IndFrame512x256VShape01.nif
2145 1268 1142 2188 0.91640 0.90063 1.00175 1.00175 488 488 2 80 46 5.25000 20 0 0 0 0 20 0 974 152 428 0 0 1 0.77570 Interiors\Industrial\Frame\IndFrame512x256VShapeEdge01.nif
2146 1268 1144 2185 0.91798 0.90221 1.00000 1.00000 488 488 2 80 46 5.25000 20 0 0 0 0 20 0 974 154 428 0 0 1 0.75436 Interiors\Industrial\Frame\IndFrame512x256VShapeEdge02.nif
2147 1492 1340 3153 0.91957 0.89812 1.00000 1.00000 568 568 3 94 81 516.56232 35 0 0 0 0 35 0 1140 190 465 0 0 1 0.74867 Interiors\Industrial\Frame\IndFrame512x256XShape01.nif
2148 1240 1108 2703 0.90645 0.89355 1.00000 1.00000 488 488 7 78 71 499.43460 35 0 0 5 0 40 0 956 142 15 0 0 0 0.75260 Interiors\Industrial\Frame\IndFrame512x256XShapeEdge01.nif
2149 1240 1108 2503 0.90645 0.89355 1.00000 1.00000 488 488 3 78 63 513.55792 29 0 0 2 0 31 0 956 142 307 0 0 1 0.75260 Interiors\Industrial\Frame\IndFrame512x256XShapeEdge02.nif
2150 1522 1374 2640 0.92378 0.90276 1.00146 1.00146 570 570 2 96 53 14.23299 23 0 0 0 0 23 0 1160 199 509 0 0 1 0.99038 Interiors\Industrial\Frame\IndFrame512x384AShape01.nif
2151 1270 1142 2775 0.91181 0.89921 1.00175 1.00175 490 490 4 80 72 461.73221 32 0 0 5 0 37 0 976 151 126 0 0 0 0.76693 Interiors\Industrial\Frame\IndFrame512x384AShapeEdge01.nif
2152 1270 1142 2934 0.91181 0.89921 1.00175 1.00175 490 490 8 80 82 799.10986 38 0 0 3 0 37 4 976 150 4 0 0 1 0.71171 Interiors\Industrial\Frame\IndFrame512x384AShapeEdge02.nif
2153 1120 996 1940 0.91786 0.88929 1.00000 1.00000 412 412 2 70 39 4.42738 16 0 0 0 0 16 0 848 142 378 0 0 1 0.99847 Interiors\Industrial\Frame\IndFrame512x384EmptyShape01.nif
2154 868 764 1916 0.89862 0.88018 1.00000 1.00000 332 332 4 55 51 33.89529 22 0 0 3 0 25 0 664 94 91 0 0 0 0.76693 Interiors\Industrial\Frame\IndFrame512x384EmptyShapeEdge01.nif
2155 1522 1380 2646 0.92773 0.90670 1.00000 1.00000 570 570 2 96 53 14.23299 23 0 0 0 0 23 0 1160 202 517 0 0 1 0.98944 Interiors\Industrial\Frame\IndFrame512x384VShape01.nif
2156 1270 1148 2202 0.91654 0.90394 1.00000 1.00000 490 490 2 80 43 4.88102 19 0 0 0 0 19 0 976 154 431 0 0 1 0.76618 Interiors\Industrial\Frame\IndFrame512x384VShapeEdge01.nif
2157 1490 1346 2580 0.92752 0.90336 1.00149 1.00149 566 566 2 94 51 15.42903 23 0 0 0 0 23 0 1138 198 507 0 0 1 0.78319 Interiors\Industrial\Frame\IndFrame512x384XShape01.nif
2158 1522 1374 2639 0.92378 0.90276 1.00146 1.00146 570 570 2 96 53 14.23299 23 0 0 0 0 23 0 1160 199 510 0 0 1 0.98952 Interiors\Industrial\Frame\IndFrame512x512AShape01.nif
2159 1270 1142 2775 0.91181 0.89921 1.00175 1.00175 490 490 4 80 73 470.77716 33 0 0 5 0 38 0 976 151 135 0 0 0 0.76302 Interiors\Industrial\Frame\IndFrame512x512AShapeEdge01.nif
2160 1270 1144 2826 0.91339 0.90079 1.00000 1.00000 490 490 7 80 77 492.62500 36 1 0 4 0 40 0 976 152 8 0 0 0 0.75260 Interiors\Industrial\Frame\IndFrame512x512AShapeEdge02.nif
2161 1120 996 1938 0.91786 0.88929 1.00000 1.00000 412 412 2 70 39 4.42738 16 0 0 0 0 16 0 848 142 376 0 0 1 0.99849 Interiors\Industrial\Frame\IndFrame512x512EmptyShape01.nif
2162 868 764 1909 0.89862 0.88018 1.00000 1.00000 332 332 5 55 50 33.89529 22 0 0 4 0 26 0 664 94 34 0 0 0 0.76302 Interiors\Industrial\Frame\IndFrame512x512EmptyShapeEdge01.nif
2163 868 762 1964 0.89631 0.87788 1.00262 1.00262 332 332 7 55 50 464.34018 24 1 0 3 0 27 0 664 92 12 0 0 0 0.75260 Interiors\Industrial\Frame\IndFrame512x512EmptyShapeEdge02.nif
2164 1522 1378 3459 0.92641 0.90539 1.00145 1.00145 570 570 4 96 90 508.25000 41 0 0 5 0 46 0 1160 202 221 0 0 0 0.75263 Interiors\Industrial\Frame\IndFrame512x512VShape01.nif
2165 1270 1146 2193 0.91496 0.90236 1.00175 1.00175 490 490 2 80 43 4.88102 19 0 0 0 0 19 0 976 154 431 0 0 1 0.76610 Interiors\Industrial\Frame\IndFrame512x512VShapeEdge01.nif
2166 1270 1144 2196 0.91339 0.90079 1.00000 1.00000 490 490 2 80 43 4.88102 19 0 0 0 0 19 0 976 152 432 0 0 1 0.75362 Interiors\Industrial\Frame\IndFrame512x512VShapeEdge02.nif
2167 1490 1346 2578 0.92752 0.90336 1.00149 1.00149 566 566 2 94 50 15.42903 23 0 0 0 0 23 0 1138 198 508 0 0 1 0.81715 Interiors\Industrial\Frame\IndFrame512x512XShape01.nif
2168 1238 1114 2615 0.91599 0.89984 1.00180 1.00180 486 486 3 78 66 474.16699 30 0 0 0 0 30 0 954 150 382 0 0 1 0.76302 Interiors\Industrial\Frame\IndFrame512x512XShapeEdge01.nif
2169 1238 1114 2626 0.91599 0.89984 1.00180 1.00180 486 486 3 78 68 483.45767 32 0 0 0 0 32 0 954 150 381 0 0 1 0.75260 Interiors\Industrial\Frame\IndFrame512x512XShapeEdge02.nif
2170 44 84 86 1.90909 1.90909 1.00000 1.00000 0 0 1 3 0 0.00000 0 0 0 0 0 0 0 24 54 0 0 0 1 1.00000 Interiors\Industrial\Frame\IndFrame768Straight01.nif
2171 1270 1142 1424 0.91181 0.89921 1.00175 1.00175 490 490 1 80 0 0.00000 0 0 0 0 0 0 0 976 151 490 0 0 1 1.00000 Interiors\Industrial\Frame\IndFrame768x512AShapeEdge01.nif
2172 1270 1140 1422 0.91024 0.89764 1.00000 1.00000 490 490 1 80 0 0.00000 0 0 0 0 0 0 0 976 149 490 0 0 1 1.00000 Interiors\Industrial\Frame\IndFrame768x512AShapeEdge02.nif
2173 1120 996 1935 0.91786 0.88929 1.00000 1.00000 412 412 2 70 39 4.42738 16 0 0 0 0 16 0 848 142 374 0 0 1 0.94782 Interiors\Industrial\Frame\IndFrame768x512EmptyShape01.nif
2174 868 764 968 0.89862 0.88018 1.00000 1.00000 332 332 1 55 0 0.00000 0 0 0 0 0 0 0 664 94 332 0 0 1 1.00000 Interiors\Industrial\Frame\IndFrame768x512EmptyShapeEdge01.nif
2175 1270 1138 1423 0.90866 0.89606 1.00176 1.00176 490 490 1 80 0 0.00000 0 0 0 0 0 0 0 976 147 490 0 0 1 1.00000 Interiors\Industrial\Frame\IndFrame768x768AShapeEdge01.nif
2176 868 760 964 0.89401 0.87558 1.00000 1.00000 332 332 1 55 0 0.00000 0 0 0 0 0 0 0 664 90 332 0 0 1 1.00000 Interiors\Industrial\Frame\IndFrame768x768EmptyShapeEdge01.nif
2177 868 760 964 0.89401 0.87558 1.00000 1.00000 332 332 1 55 0 0.00000 0 0 0 0 0 0 0 664 90 332 0 0 1 1.00000 Interiors\Industrial\Frame\IndFrame768x768EmptyShapeEdge02.nif
2178 1270 1138 1428 0.90866 0.89606 1.00176 1.00176 490 490 1 80 0 0.00000 0 0 0 0 0 0 0 976 147 490 0 0 1 1.00000 Interiors\Industrial\Frame\IndFrame768x768VShapeEdge01.nif
2179 252 232 283 0.95238 0.92063 1.00000 1.00000 80 80 1 16 0 0.00000 0 0 0 0 0 0 0 184 32 80 0 0 1 1.00000 Interiors\Industrial\FrameCat\IndFrameCat256Straight01.nif
2180 1310 1214 2807 0.95115 0.92672 1.00165 1.00165 486 486 4 82 68 271.60452 31 0 0 6 0 37 0 996 183 159 0 0 0 0.77119 Interiors\Industrial\FrameCat\IndFrameCat256x256AShape01.nif
2181 912 836 1580 0.95175 0.91667 1.00000 1.00000 332 332 2 57 31 3.50000 14 0 0 0 0 14 0 688 126 318 0 0 1 0.88278 Interiors\Industrial\FrameCat\IndFrameCat256x256EmptyShape01.nif
2182 912 836 1582 0.95175 0.91667 1.00000 1.00000 332 332 2 57 31 3.42051 14 0 0 0 0 14 0 688 126 309 0 0 1 0.93167 Interiors\Industrial\FrameCat\IndFrameCat256x256EmptyShape02.nif
2183 1310 1212 2908 0.94962 0.92519 1.00000 1.00000 486 486 5 82 72 222.01106 33 0 0 5 0 38 0 996 183 63 0 0 0 0.78214 Interiors\Industrial\FrameCat\IndFrameCat256x256VShape01.nif
2184 1176 1104 2682 0.96599 0.93878 1.00000 1.00000 444 444 8 74 70 403.14255 34 1 0 5 0 35 4 896 178 4 0 0 0 0.76129 Interiors\Industrial\FrameCat\IndFrameCat256x256XShape01.nif
2185 372 632 918 1.80645 1.69892 1.00000 1.00000 192 192 2 24 13 50.61969 6 0 0 0 0 6 0 288 185 132 0 0 1 0.95724 Interiors\Industrial\FreeRooms\IndFreeHall1Way01.nif
2186 614 1016 1790 1.77850 1.65472 1.00000 1.00000 260 260 7 39 39 228.75124 19 1 0 2 0 21 0 441 388 7 0 0 0 0.88616 Interiors\Industrial\FreeRooms\IndFreeHall1WayDbDoorL01.nif
2187 614 1003 1476 1.74430 1.63355 1.00100 1.00100 260 260 2 39 24 11.98599 10 0 0 0 0 10 0 441 390 175 0 0 1 0.97258 Interiors\Industrial\FreeRooms\IndFreeHall1WayDbDoorR01.nif
2188 348 599 903 1.82184 1.72126 1.00167 1.00167 146 146 2 22 13 11.98284 5 0 0 0 0 5 0 250 172 125 0 0 1 0.83178 Interiors\Industrial\FreeRooms\IndFreeHall1WayHalf01.nif
2189 804 1312 2327 1.75124 1.63184 1.00000 1.00000 304 304 4 51 53 234.12924 20 0 0 5 0 25 0 560 503 38 0 0 0 1.00000 Interiors\Industrial\FreeRooms\IndFreeHall1WayWinB01.nif
2190 588 970 1440 1.76531 1.64966 1.00206 1.00206 248 248 2 37 22 64.00992 9 0 0 0 0 9 0 424 342 155 0 0 1 0.98232 Interiors\Industrial\FreeRooms\IndFreeHall1WayWinL01.nif
2191 588 977 1746 1.77721 1.66156 1.00307 1.00307 248 248 4 37 35 18.33028 15 0 0 2 0 17 0 424 347 27 0 0 0 0.81252 Interiors\Industrial\FreeRooms\IndFreeHall1WayWinR01.nif
2192 608 1016 1660 1.79276 1.67105 1.00000 1.00000 262 262 3 38 32 229.56026 13 0 0 3 0 16 0 442 368 87 0 0 0 0.93062 Interiors\Industrial\FreeRooms\IndFreeHall2Way01.nif
2193 861 1405 2129 1.75029 1.63182 1.00214 1.00214 337 337 2 54 33 16.49239 14 0 0 0 0 14 0 604 577 219 0 0 1 0.92562 Interiors\Industrial\FreeRooms\IndFreeHall2WayDbDoorL01.nif
2194 1040 1696 2956 1.75577 1.63077 1.00000 1.00000 374 374 4 65 60 210.42021 26 0 0 5 0 31 0 714 691 53 0 0 0 1.00000 Interiors\Industrial\FreeRooms\IndFreeHall2WayWinB01.nif
2195 824 1360 1428 1.77427 1.65049 1.00000 1.00000 318 318 1 52 0 0.00000 0 0 0 0 0 0 0 578 533 318 0 0 1 1.00000 Interiors\Industrial\FreeRooms\IndFreeHall2WayWinL01.nif
2196 824 1350 1999 1.76214 1.63835 1.00148 1.00148 318 318 2 52 31 243.41595 13 0 0 0 0 13 0 578 525 183 0 0 1 0.96778 Interiors\Industrial\FreeRooms\IndFreeHall2WayWinR01.nif
2197 596 1027 1802 1.82215 1.72315 1.00097 1.00097 238 238 3 38 37 143.12135 15 0 0 3 0 18 0 423 362 102 0 0 0 0.96622 Interiors\Industrial\FreeRooms\IndFreeHall3Way01.nif
2198 829 1381 2287 1.77684 1.66586 1.00217 1.00217 307 307 3 52 41 169.44009 17 0 0 5 0 22 0 573 561 105 0 0 0 0.82085 Interiors\Industrial\FreeRooms\IndFreeHall3WayDbDoor01.nif
2199 816 1388 2372 1.80637 1.70098 1.00000 1.00000 298 298 3 51 46 177.82933 18 0 0 5 0 23 0 564 525 78 0 0 0 1.00000 Interiors\Industrial\FreeRooms\IndFreeHall3WayWin01.nif
2200 304 604 937 2.00658 1.98684 1.00000 1.00000 106 106 3 19 15 114.37085 6 0 0 2 0 8 0 206 254 56 0 0 0 0.84707 Interiors\Industrial\FreeRooms\IndFreeHallEnd01.nif
2201 580 1050 1732 1.87586 1.81034 1.00190 1.00190 200 200 3 37 33 160.51169 13 0 0 3 0 16 0 392 457 91 0 0 0 0.77498 Interiors\Industrial\FreeRooms\IndFreeHallEndDbDoor01.nif
2202 512 940 1465 1.89453 1.83594 1.00000 1.00000 150 150 3 32 25 129.06479 10 0 0 4 0 14 0 330 406 20 0 0 0 0.88529 Interiors\Industrial\FreeRooms\IndFreeHallEndWin01.nif
2203 467 779 1152 1.79657 1.66809 1.00128 1.00128 229 229 2 30 17 11.98551 7 0 0 0 0 7 0 363 287 187 0 0 1 0.97314 Interiors\Industrial\FreeRooms\IndFreeRoomCorIn01.nif
2204 713 1157 2028 1.76017 1.62272 1.00259 1.00259 305 305 4 45 42 196.11497 18 0 0 4 0 22 0 522 492 46 0 0 0 0.83921 Interiors\Industrial\FreeRooms\IndFreeRoomCorInDbDoorL01.nif
2205 716 1147 2058 1.73324 1.60196 1.00087 1.00087 302 302 4 45 42 193.56525 19 0 0 3 0 22 0 523 483 66 0 0 0 0.91423 Interiors\Industrial\FreeRooms\IndFreeRoomCorInDbDoorR01.nif
2206 899 1463 2475 1.75973 1.62736 1.00068 1.00068 341 341 3 57 47 205.25107 19 0 0 5 0 24 0 635 610 137 0 0 0 0.87145 Interiors\Industrial\FreeRooms\IndFreeRoomCorInWinB01.nif
2207 683 1123 1935 1.77452 1.64422 1.00089 1.00089 285 285 4 43 38 189.43306 17 0 0 4 0 21 0 499 448 16 0 0 0 0.92243 Interiors\Industrial\FreeRooms\IndFreeRoomCorInWinL01.nif
2208 683 1119 1940 1.77306 1.63836 1.00089 1.00089 285 285 3 43 38 147.55371 16 0 0 0 0 16 0 499 449 126 0 0 1 0.87791 Interiors\Industrial\FreeRooms\IndFreeRoomCorInWinR01.nif
2209 321 613 971 1.98754 1.90966 1.00489 1.00489 187 187 3 21 16 202.75000 7 0 0 2 0 9 0 265 203 21 0 0 0 0.92960 Interiors\Industrial\FreeRooms\IndFreeRoomICorner01.nif
2210 160 336 509 2.12500 2.10000 1.00000 1.00000 120 120 3 10 8 9.15255 4 0 0 0 0 4 0 152 95 32 0 0 1 0.88235 Interiors\Industrial\FreeRooms\IndFreeRoomMid01.nif
2211 450 833 1321 1.94667 1.85111 1.00360 1.00360 212 212 3 29 22 128.00000 10 0 0 3 0 13 0 340 290 44 0 0 0 0.71294 Interiors\Industrial\FreeRooms\IndFreeRoomToHall01.nif
2212 286 528 874 1.93007 1.84615 1.00000 1.00000 182 182 6 18 19 188.13918 9 1 0 1 0 10 0 246 156 8 0 0 0 0.97166 Interiors\Industrial\FreeRooms\IndFreeRoomWall01.nif
2213 526 906 1513 1.84030 1.72243 1.00221 1.00221 250 250 3 33 31 240.00000 13 0 0 2 0 15 0 398 359 103 0 0 0 0.93611 Interiors\Industrial\FreeRooms\IndFreeRoomWallDbDoor01.nif
2214 502 876 1384 1.85259 1.74502 1.00000 1.00000 238 238 3 32 24 232.55107 11 0 0 3 0 14 0 382 318 94 0 0 0 1.00000 Interiors\Industrial\FreeRooms\IndFreeRoomWin01.nif
2215 144 194 330 1.34722 1.34722 1.00913 1.00913 48 48 3 9 9 38.70507 5 0 0 0 0 5 0 144 50 32 0 0 2 0.85714 Interiors\Industrial\Silos\IndSilo128Bot01.nif
2216 48 88 142 1.83333 1.83333 1.00000 1.00000 48 48 4 3 4 126.41830 3 0 0 0 0 3 0 48 32 6 0 0 1 0.72886 Interiors\Industrial\Silos\IndSilo128Mid01.nif
2217 48 83 137 1.72917 1.72917 1.01205 1.01205 48 48 4 3 4 126.41830 3 0 0 0 0 3 0 48 32 6 0 0 1 0.72886 Interiors\Industrial\Silos\IndSilo128Mid02.nif
2218 48 92 132 1.91667 1.91667 1.00000 1.00000 48 48 3 3 3 17.34394 2 0 0 0 0 2 0 48 44 12 0 0 1 0.94026 Interiors\Industrial\Silos\IndSilo128MidBg01.nif
2219 156 234 363 1.50000 1.50000 1.00855 1.00855 48 48 2 10 5 64.01028 3 0 0 1 0 4 0 104 100 18 0 0 0 0.85138 Interiors\Industrial\Silos\IndSilo128Shrink01.nif
2220 144 212 370 1.47222 1.47222 1.00000 1.00000 24 24 4 9 10 64.70558 6 0 0 1 0 7 0 133 71 10 0 0 1 0.83869 Interiors\Industrial\Silos\IndSilo128Top01.nif
2221 168 226 409 1.34524 1.34524 1.00784 1.00784 56 56 4 11 10 148.85873 6 0 0 1 0 7 0 168 58 7 0 0 1 0.75714 Interiors\Industrial\Silos\IndSilo256Bot01.nif
2222 1434 3416 5173 2.38633 2.38215 1.00137 1.00137 1144 1144 5 91 80 522.24658 36 1 0 2 0 38 0 1353 147 3 0 0 1 0.72030 Interiors\Industrial\Silos\IndSilo256Corvega01.nif
2223 56 101 155 1.80357 1.80357 1.02970 1.02970 56 56 3 4 3 25.51239 2 0 0 0 0 2 0 56 32 14 0 0 1 0.96569 Interiors\Industrial\Silos\IndSilo256Mid01.nif
2224 56 105 158 1.87500 1.87500 1.02857 1.02857 56 56 4 4 4 199.17636 3 0 0 0 0 3 0 56 44 7 0 0 1 0.71783 Interiors\Industrial\Silos\IndSilo256MidBg01.nif
2225 276 351 645 1.27536 1.27536 1.00285 1.00285 56 56 3 18 16 285.24091 8 0 0 1 0 9 0 168 156 10 0 0 0 0.88498 Interiors\Industrial\Silos\IndSilo256Shrink01.nif
2226 168 226 421 1.34524 1.34524 1.00784 1.00784 56 56 5 11 12 205.26569 8 1 0 0 0 8 0 168 58 3 0 0 1 0.75000 Interiors\Industrial\Silos\IndSilo256Taper01.nif
2227 226 314 578 1.38938 1.38938 1.00583 1.00583 28 28 5 15 14 144.33888 9 1 0 1 0 10 0 184 130 3 0 0 0 0.93505 Interiors\Industrial\Silos\IndSilo256TaperTop01.nif
2228 170 249 414 1.46471 1.46471 1.01042 1.01042 28 28 4 12 9 96.87500 5 0 0 2 0 7 0 156 82 7 0 0 0 0.96415 Interiors\Industrial\Silos\IndSilo256Top01.nif
2229 192 216 408 1.12500 1.12500 1.00000 1.00000 64 64 5 12 11 229.26971 7 1 0 0 0 7 0 192 4 4 0 0 1 0.85294 Interiors\Industrial\Silos\IndSilo512Bot01.nif
2230 64 126 186 1.96875 1.96875 1.01587 1.01587 64 64 4 4 4 150.13016 3 0 0 0 0 3 0 64 62 8 0 0 1 0.82353 Interiors\Industrial\Silos\IndSilo512MidBg01.nif
2231 284 410 819 1.44718 1.44366 1.00488 1.00488 64 64 3 18 18 113.25000 7 0 0 0 0 7 0 176 185 19 0 0 1 0.96521 Interiors\Industrial\Silos\IndSilo512Shrink01.nif
2232 222 290 551 1.31081 1.31081 1.00630 1.00630 32 32 4 14 13 555.58185 7 0 0 2 0 9 0 192 82 6 0 0 0 0.94240 Interiors\Industrial\Silos\IndSilo512Top01.nif
2233 120 124 251 1.03333 1.03333 1.00000 1.00000 40 40 4 8 9 29.04557 5 1 0 0 0 5 0 120 4 4 0 0 1 0.73529 Interiors\Industrial\Silos\IndSilo64Bot01.nif
2234 40 42 80 1.05000 1.05000 1.04762 1.04762 40 40 3 3 3 12.40625 2 0 0 0 0 2 0 40 2 10 0 0 1 0.91176 Interiors\Industrial\Silos\IndSilo64Mid01.nif
2235 80 63 155 0.78750 0.78750 1.01587 1.01587 40 40 4 5 6 12.40625 3 0 0 0 0 3 0 60 3 10 0 0 1 0.91176 Interiors\Industrial\Silos\IndSilo64MidBg01.nif
2236 120 126 260 1.05000 1.05000 1.01550 1.01550 20 20 4 8 10 44.87500 6 0 0 1 0 7 0 111 15 10 0 0 1 0.76471 Interiors\Industrial\Silos\IndSilo64Top01.nif
2237 704 630 1030 0.93466 0.89489 1.00264 1.00264 192 192 4 44 17 4.46277 8 0 0 1 0 9 0 480 50 16 0 0 1 0.90370 Interiors\Industrial\SmPipe\IndSmPipe1Way01.nif
2238 1536 1294 2292 0.93620 0.85547 1.00140 1.00140 388 388 4 96 40 38.58885 20 0 0 2 0 22 0 1025 102 17 0 0 1 0.90188 Interiors\Industrial\SmPipe\IndSmPipe1Way45Turn01.nif
2239 704 630 990 0.93466 0.89489 1.00264 1.00264 192 192 3 44 14 14.68487 7 0 0 1 0 8 0 480 50 16 0 0 1 0.92281 Interiors\Industrial\SmPipe\IndSmPipe1WayHalf01.nif
2240 1344 1192 1934 0.92560 0.88690 1.00000 1.00000 372 372 6 84 31 65.77034 16 0 0 2 0 18 0 917 108 0 0 0 1 0.93322 Interiors\Industrial\SmPipe\IndSmPipe1WayLong01.nif
2241 1984 1754 2805 0.92238 0.88407 1.00093 1.00093 536 536 4 124 42 51.21875 21 0 0 2 0 23 0 1350 170 2 0 0 2 0.94277 Interiors\Industrial\SmPipe\IndSmPipe1WayLonger01.nif
2242 2624 2316 3637 0.92073 0.88262 1.00000 1.00000 708 708 3 164 50 36.32421 25 0 0 1 0 26 0 1785 230 8 0 0 2 0.95224 Interiors\Industrial\SmPipe\IndSmPipe1WayLongest01.nif
2243 3008 2520 4471 0.93218 0.85106 1.00000 1.00000 780 780 7 188 86 324.68979 42 0 0 3 0 42 3 2015 193 0 0 0 2 0.72571 Interiors\Industrial\SmPipe\IndSmPipe1WayShift01.nif
2244 3008 2520 4551 0.93218 0.85106 1.00000 1.00000 774 774 6 188 86 87.75811 42 0 0 2 0 43 1 2006 205 15 0 0 2 0.83142 Interiors\Industrial\SmPipe\IndSmPipe1WayUTurn01.nif
2245 800 681 1408 0.94250 0.86375 1.00399 1.00399 192 192 6 50 35 64.48914 18 1 0 1 0 19 0 528 53 0 0 0 1 0.70513 Interiors\Industrial\SmPipe\IndSmPipe2Way01.nif
2246 1536 1295 2339 0.93685 0.85677 1.00070 1.00070 396 396 6 96 45 102.14793 22 0 0 1 0 21 2 1025 99 15 0 0 2 0.84049 Interiors\Industrial\SmPipe\IndSmPipe2WayLarge01.nif
2247 1232 1052 2208 0.95455 0.85877 1.00000 1.00000 288 288 8 77 56 110.06635 29 1 0 1 0 30 0 807 82 6 0 0 1 0.82609 Interiors\Industrial\SmPipe\IndSmPipe3Way01.nif
2248 1688 1449 3402 0.97393 0.85841 1.00188 1.00188 384 384 3 106 89 99.52723 36 0 0 10 1 46 0 1098 116 198 0 0 0 0.84127 Interiors\Industrial\SmPipe\IndSmPipe4Way01.nif
2249 2108 1826 4133 0.96964 0.87619 1.00099 1.00099 480 480 7 132 101 122.47665 43 1 0 3 1 46 0 1371 140 6 0 0 1 0.74627 Interiors\Industrial\SmPipe\IndSmPipe5Way01.nif
2250 2528 2204 5005 0.93829 0.87975 1.00000 1.00000 576 576 7 158 134 127.65677 65 0 0 9 0 71 3 1644 144 0 0 0 2 0.70513 Interiors\Industrial\SmPipe\IndSmPipe6Way01.nif
2251 36670 46610 77220 1.53913 1.28467 1.00018 1.00018 6560 6560 5 2294 1469 1363.74573 565 0 1 34 0 599 0 23076 23190 43 0 0 4 0.72316 Interiors\Industrial\Unique\BlastFurnace01.nif
2252 39992 35044 84270 1.10162 0.92561 1.00039 1.00039 3631 3631 9 2505 2305 4428.54834 993 4 10 141 12 1118 16 22748 10605 8 0 0 1 0.74224 Interiors\Prydwen\PrydwenExt01.nif
2253 47312 34180 100914 1.02477 0.78375 1.01027 1.01015 1530 1530 11 2959 2976 3538.26782 1189 1 6 185 2 1364 10 24447 9522 2 0 0 3 0.74764 Interiors\Prydwen\PrydwenExt02.nif
2254 53708 43044 114333 0.94113 0.85797 1.00342 1.00342 3338 3338 10 3363 3281 3619.64307 1376 4 6 205 3 1556 25 29405 12634 8 0 0 4 0.72177 Interiors\Prydwen\PrydwenExt03.nif
2255 29608 20436 64669 0.79303 0.75419 1.00130 1.00020 788 788 10 1852 1973 5115.02344 769 2 11 116 1 868 17 14792 5382 5 0 0 2 0.71902 Interiors\Prydwen\PrydwenExt04.nif
2256 35658 29161 73809 1.19121 0.88292 1.00019 1.00019 3152 3152 11 2230 2123 3210.78247 917 1 0 138 0 1039 16 19664 9014 8 0 0 3 0.71778 Interiors\Prydwen\PrydwenExt05.nif
2257 33377 31092 73067 1.23858 0.98556 1.00025 1.00025 3623 3623 11 2091 1981 3736.53320 859 2 2 126 1 964 21 20359 8226 6 0 0 2 0.70000 Interiors\Prydwen\PrydwenExt06.nif
2258 32220 22262 71051 0.79448 0.75360 1.00128 1.00027 756 756 10 2015 2204 3297.34570 847 2 10 128 0 962 13 16098 5900 5 0 0 4 0.70423 Interiors\Prydwen\PrydwenExt08.nif
2259 25053 19285 56111 0.81411 0.80681 1.00453 1.00015 371 371 10 1567 1660 4546.65381 648 1 4 92 5 731 9 12889 5662 10 0 0 2 0.70115 Interiors\Prydwen\PrydwenExt09.nif
2260 2968 3254 7538 1.11456 1.11456 1.00177 1.00177 114 114 4 187 196 1318.03210 65 0 0 17 0 82 0 1545 1569 222 0 0 1 0.79724 Interiors\Prydwen\PrydwenExtRamp01.nif
2261 50955 45637 107717 1.19971 0.93443 1.00032 1.00032 4888 4888 9 3189 2966 2724.31396 1259 3 2 178 8 1420 17 28101 13307 8 0 0 4 0.70290 Interiors\RedRocket\RedRExt_Workshop01.nif
2262 72563 63327 156159 0.91526 0.90858 1.00975 1.00026 6918 6918 11 4540 4334 5881.78320 1809 3 3 224 14 2006 27 40026 18377 6 0 0 3 0.71827 Interiors\RedRocket\RedRExtAll01.nif
2263 3660 6314 9238 1.72869 1.72514 1.00034 1.00034 760 760 3 232 130 1170.47705 53 0 3 1 0 54 0 2932 2310 66 0 0 5 0.71670 Interiors\Vault\LGRooms\VltGearDoorVault95Exterior.nif
2264 1759 2027 4830 1.16771 1.16430 1.00264 1.00264 121 121 4 111 121 1007.39575 45 0 1 9 0 54 0 1162 508 122 0 0 1 0.86271 Landscape\CaveEntrance\CaveEntrCliff01.nif
2265 4915 5246 14335 1.08444 1.07406 1.00040 1.00040 1063 1063 6 308 387 1272.67114 126 0 3 26 0 150 2 3026 1117 23 0 0 1 0.70790 Landscape\CoastCliffs\RockCliffCoast01.nif
2266 3109 3215 9242 1.04600 1.03956 1.00159 1.00159 627 627 5 195 267 592.48212 86 0 1 21 0 107 0 1895 667 77 0 0 0 0.78107 Landscape\CoastCliffs\RockCliffCoast02.nif
2267 292 319 708 1.09247 1.09247 1.01052 1.01052 65 65 5 20 23 86.42885 11 1 1 1 0 12 0 168 144 7 0 0 2 0.80000 Landscape\Pier\ParkPierStr01.nif
2268 48 76 109 1.58333 1.58333 1.04034 1.04034 29 29 3 5 4 86.42885 4 1 0 0 0 4 0 42 27 9 0 0 2 0.84774 Landscape\Pier\ParkPierStr01_NoPosts.nif
2269 5062 8840 14203 1.74733 1.74635 1.00040 1.00040 483 483 4 320 296 1026.22424 129 0 0 24 0 153 0 3258 5525 54 0 0 2 0.73585 Landscape\Pier\PierAngle02.nif
2270 1446 2087 3369 1.44329 1.44329 1.00303 1.00303 104 104 5 91 79 457.19351 36 0 1 4 0 40 0 856 1217 4 0 0 3 0.72096 Landscape\Pier\PierBeachCrnInL01.nif
2271 958 1601 2224 1.67119 1.67119 1.00228 1.00228 32 32 4 61 40 91.82006 21 1 0 0 0 21 0 604 983 6 0 0 4 0.72455 Landscape\Pier\PierBeachCrnInL01_NoSupports.nif
2272 1446 2091 3295 1.44606 1.44606 1.00299 1.00299 104 104 6 91 69 85.99374 33 0 0 1 0 34 0 858 1218 6 0 0 4 0.86943 Landscape\Pier\PierBeachCrnInR01.nif
2273 958 1605 2322 1.67537 1.67537 1.00223 1.00223 32 32 4 61 47 85.99374 23 0 0 1 0 24 0 604 986 0 0 0 4 0.73377 Landscape\Pier\PierBeachCrnInR01_NoSupports.nif
2274 1144 1768 2769 1.54545 1.54545 1.00281 1.00281 90 90 6 72 59 85.99374 28 0 0 1 0 29 0 690 1066 6 0 0 3 0.71363 Landscape\Pier\PierBeachCrnInRNoSand01.nif
2275 762 1024 1760 1.34383 1.34383 1.00690 1.00690 76 76 6 50 43 100.71169 21 1 0 1 0 22 0 451 566 6 0 0 3 0.85470 Landscape\Pier\PierBeachEndL01.nif
2276 518 781 1233 1.50772 1.50772 1.00814 1.00814 40 40 3 35 28 100.71169 13 0 0 2 0 15 0 325 449 12 0 0 3 0.78802 Landscape\Pier\PierBeachEndL01_NoSupports.nif
2277 762 1024 1756 1.34383 1.34383 1.00690 1.00690 76 76 6 50 43 100.71169 21 1 0 1 0 22 0 451 566 6 0 0 3 0.87091 Landscape\Pier\PierBeachEndR01.nif
2278 518 781 1262 1.50772 1.50772 1.00814 1.00814 40 40 5 35 31 100.71169 16 1 0 1 0 17 0 325 449 6 0 0 3 0.78802 Landscape\Pier\PierBeachEndR01_NoSupports.nif
2279 340 528 781 1.55294 1.55294 1.00000 1.00000 38 38 3 23 15 19.75000 7 0 0 0 0 7 0 220 308 0 0 0 3 0.74951 Landscape\Pier\PierBeachMid01.nif
2280 1252 1681 3073 1.34265 1.34265 1.00591 1.00591 100 100 7 79 87 296.27811 43 1 1 3 0 46 0 725 952 0 0 0 4 0.79688 Landscape\Pier\PierBeachStr01.nif
2281 764 1195 1865 1.56414 1.56414 1.00671 1.00671 28 28 7 49 47 296.27811 27 3 0 1 0 28 0 473 718 0 0 0 2 0.73711 Landscape\Pier\PierBeachStr01_NoSupports.nif
2282 461 691 1100 1.49892 1.49892 1.01177 1.01177 55 55 5 30 26 50.41446 13 1 0 0 0 13 0 298 386 6 0 0 4 0.71845 Landscape\Pier\PierBeachWedge01.nif
2283 1268 1975 2654 1.55757 1.55757 1.00372 1.00372 104 104 7 81 38 32.29597 18 1 0 0 0 18 0 535 1184 6 0 0 4 0.88262 Landscape\Pier\PierCrnOut01.nif
2284 780 1489 2119 1.90897 1.90897 1.00328 1.00328 24 24 3 51 31 174.78703 10 0 3 1 0 11 0 281 952 0 0 0 3 0.70725 Landscape\Pier\PierCrnOut01_NoSupports.nif
2285 206 418 577 2.02913 2.02913 1.00478 1.00478 4 4 3 14 11 59.38482 5 1 0 1 0 6 0 140 278 0 0 0 0 0.93392 Landscape\Pier\PierMid01.nif
2286 410 832 1198 2.02927 2.02927 1.00000 1.00000 4 4 4 27 24 101.08028 11 1 0 1 0 12 0 276 556 0 0 0 1 0.81297 Landscape\Pier\PierMid02.nif
2287 254 490 625 1.92913 1.92913 1.00525 1.00525 17 17 3 18 10 86.40284 6 1 0 0 0 6 0 174 314 0 0 0 3 0.75971 Landscape\Pier\PierStr01.nif
2288 248 474 609 1.91129 1.91129 1.00538 1.00538 25 25 3 18 10 86.40284 6 1 0 0 0 6 0 174 298 3 0 0 3 0.83086 Landscape\Pier\PierStr01_NoSupports.nif
2289 994 1468 2351 1.47686 1.47686 1.00349 1.00349 102 102 5 64 48 86.29880 21 0 0 0 0 21 0 596 868 17 0 0 5 0.73210 Landscape\Pier\PierStr02.nif
2290 496 948 1269 1.91129 1.91129 1.00000 1.00000 40 40 4 33 22 91.82376 12 1 0 0 0 12 0 337 607 6 0 0 3 0.82355 Landscape\Pier\PierStr02_NoSupports.nif
2291 228 466 644 2.04386 2.04386 1.00429 1.00429 0 0 6 15 14 237.81607 8 1 0 1 0 9 0 152 314 0 0 0 0 0.89582 Landscape\Pier\PierWoodMid01.nif
2292 536 762 1304 1.42537 1.42164 1.00262 1.00262 0 0 6 34 34 248.08478 15 0 0 1 0 16 0 304 458 0 0 0 1 0.71906 Landscape\Pier\PierWoodMid02.nif
2293 480 960 1377 2.00000 2.00000 1.00000 1.00000 0 0 3 30 26 41.11363 12 0 0 0 0 12 0 312 648 0 0 0 1 0.73717 Landscape\Pier\PierWoodMid03.nif
2294 482 1102 1501 2.28631 2.28631 1.00526 1.00526 210 210 4 32 20 367.03726 11 0 0 4 0 15 0 486 378 24 0 0 2 0.70845 Landscape\RetainingWall\River\Bridge01TranRWStairsL.nif
2295 125 345 399 2.76000 2.76000 1.00817 1.00817 45 45 3 11 5 158.23103 4 1 0 2 0 6 0 131 104 10 0 0 2 0.77852 Landscape\RetainingWall\River\Bridge01TranRWStairsLB.nif
2296 501 1102 1524 2.19960 2.19960 1.00968 1.00968 211 211 3 34 21 193.43233 11 2 0 3 0 14 0 502 382 72 0 0 2 0.83333 Landscape\RetainingWall\River\Bridge01TranRWStairsR.nif
2297 1618 3579 4782 2.28059 2.21384 1.00223 1.00223 276 276 6 102 66 439.85510 32 1 0 2 0 33 1 1251 1596 6 0 0 3 0.72164 Landscape\RetainingWall\River\RWBridgeRive01.nif
2298 2382 4808 9198 2.09320 2.01847 1.00246 1.00246 1018 1018 6 150 197 369.20288 67 2 0 17 0 84 0 1798 1480 4 0 0 2 0.86513 Landscape\RetainingWall\River\RWRivACurveOut512TransHalfL.nif
2299 500 877 985 1.75400 1.75400 1.00414 1.00414 294 294 5 34 7 50.54359 6 4 0 0 0 6 0 419 284 10 0 0 1 0.81847 Landscape\RetainingWall\River\RWRivAStr01.nif
2300 480 934 1464 1.94583 1.94583 1.00139 1.00139 284 284 7 32 32 367.46796 16 3 0 3 0 19 0 402 291 3 0 0 1 0.81699 Landscape\RetainingWall\River\RWRivAStr01Half.nif
2301 685 1382 2072 2.10657 2.01752 1.00498 1.00498 329 329 4 45 35 264.95294 19 2 0 3 0 22 0 550 629 10 0 0 1 0.84579 Landscape\RetainingWall\River\RWRivAStr01HalfStairsL.nif
2302 517 1222 1727 2.40812 2.36364 1.00923 1.00923 229 229 4 35 28 438.93289 15 2 0 3 0 18 0 505 397 32 0 0 2 0.82968 Landscape\RetainingWall\River\RWRivAStr01StairTransRivSRNoRailA.nif
2303 5072 10080 17268 1.99192 1.98738 1.00000 1.00000 2300 2300 9 317 342 3828.10791 133 1 1 22 0 151 4 3632 5093 7 0 0 0 0.96490 Landscape\RetainingWall\River\RWRiverPieceRailCircleCustom01.nif
2304 292 590 915 2.02055 2.02055 1.00339 1.00339 104 104 3 19 17 42.07467 7 0 0 0 0 7 0 202 306 16 0 0 1 0.92143 Landscape\RetainingWall\River\RWRiverPieceRailCor01.nif
2305 1392 2742 4763 1.97414 1.96983 1.00073 1.00073 618 618 4 87 98 848.06689 37 0 0 7 0 44 0 994 1368 114 0 0 0 0.89432 Landscape\RetainingWall\River\RWRiverPieceRailCurveL01.nif
2306 1392 2772 4819 1.99569 1.99138 1.00000 1.00000 618 618 4 87 101 691.77094 37 0 0 7 0 44 0 994 1386 44 0 0 0 0.86510 Landscape\RetainingWall\River\RWRiverPieceRailCurveR01.nif
2307 2320 4652 7907 2.00776 2.00517 1.00000 1.00000 1030 1030 6 145 159 1591.64832 58 1 0 13 0 71 0 1650 2359 10 0 0 0 0.97688 Landscape\RetainingWall\River\RWRiverPieceRailHalfCircle01.nif
2308 2784 5534 9383 1.99174 1.98779 1.00036 1.00036 1236 1236 8 174 190 1421.80664 73 1 0 13 0 86 0 1978 2810 0 0 0 0 0.90499 Landscape\RetainingWall\River\RWRiverPieceRailHalfCircle02.nif
2309 2088 4324 7460 2.07471 2.07088 1.00000 1.00000 856 856 4 131 144 1648.62073 52 0 0 12 0 64 0 1438 2302 66 0 0 0 0.98752 Landscape\RetainingWall\River\RWRiverPieceRailHalfCircle02Short01.nif
2310 1856 3826 6251 2.06250 2.06142 1.00052 1.00052 824 824 6 116 116 1010.10718 46 0 1 10 0 56 0 1324 1909 12 0 0 0 0.91096 Landscape\RetainingWall\River\RWRiverPieceRailShiftL01.nif
2311 1856 3918 6284 2.11476 2.11099 1.00051 1.00051 824 824 4 116 112 1001.52252 40 0 0 12 0 52 0 1324 1968 104 0 0 0 0.98200 Landscape\RetainingWall\River\RWRiverPieceRailShiftR01.nif
2312 432 808 1287 1.87037 1.87037 1.00000 1.00000 200 200 5 27 27 179.69879 12 0 0 1 0 13 0 320 411 13 0 0 1 0.83299 Landscape\RetainingWall\River\RWRiverPieceRailStr01.nif
2313 505 1130 1520 2.26931 2.23762 1.00925 1.00925 127 127 4 34 20 377.69830 10 1 0 2 0 12 0 375 533 24 0 0 3 0.72176 Landscape\RetainingWall\River\RWRiverPieceStairCurve01.nif
2314 525 1190 1571 2.29714 2.26667 1.00874 1.00874 129 129 4 35 20 377.69830 9 0 0 2 0 11 0 376 541 20 0 0 4 0.70153 Landscape\RetainingWall\River\RWRiverPieceStairCurve02.nif
2315 56 126 184 2.25000 2.25000 1.01587 1.01587 56 56 4 4 4 148.77904 3 0 0 0 0 3 0 56 22 7 0 0 1 0.91172 Landscape\RetainingWall\River\RWRiverPieceWallCurveR01.nif
2316 16 36 44 2.25000 2.25000 1.00000 1.00000 16 16 2 1 1 0.00003 1 0 0 0 0 1 0 16 10 8 0 0 1 1.00000 Landscape\RetainingWall\River\RWRiverPieceWallMid01.nif
2317 58 94 139 1.62069 1.62069 1.06153 1.06153 18 18 3 6 5 16.79688 5 2 1 0 0 5 0 54 22 14 0 0 1 0.87333 Landscape\RetainingWall\River\RWRiverPieceWallTop01.nif
2318 45 95 124 2.11111 2.11111 1.04676 1.04676 9 9 3 5 3 23.18237 3 1 1 0 0 3 0 41 33 8 0 0 1 0.88333 Landscape\RetainingWall\River\RWRiverPieceWallTopCor01.nif
2319 218 453 697 2.07798 2.07798 1.00943 1.00943 66 66 4 15 16 130.20316 11 0 0 2 0 13 0 198 88 26 0 0 2 0.83444 Landscape\RetainingWall\River\RWRiverPieceWallTopCurveL01.nif
2320 218 463 713 2.12385 2.12385 1.01272 1.01272 66 66 5 15 17 150.24995 12 0 0 1 0 13 0 198 93 4 0 0 3 0.75862 Landscape\RetainingWall\River\RWRiverPieceWallTopCurveR01.nif
2321 394 713 1158 1.80964 1.80964 1.00943 1.00943 110 110 5 27 26 1335.93091 14 1 1 0 0 14 0 338 168 6 0 0 2 0.98028 Landscape\RetainingWall\River\RWRiverPieceWallTopHalfCircle01.nif
2322 450 990 1465 2.20000 2.20000 1.00163 1.00163 106 106 5 29 32 520.25879 18 1 1 0 0 18 0 374 268 8 0 0 2 0.76804 Landscape\RetainingWall\River\RWRiverPieceWallTopHalfCircle02.nif
2323 336 712 1027 2.11905 2.11905 1.00475 1.00475 88 88 5 22 22 271.79254 13 2 0 1 0 14 0 275 182 0 0 0 1 0.70208 Landscape\RetainingWall\River\RWRiverPieceWallTopShiftL01.nif
2324 360 768 1069 2.13333 2.13333 1.00000 1.00000 88 88 4 23 22 252.46597 13 1 2 0 0 13 0 281 206 7 0 0 1 0.76491 Landscape\RetainingWall\River\RWRiverPieceWallTopShiftR01.nif
2325 2321 4443 8718 2.02240 1.91426 1.00028 1.00028 973 973 7 146 185 1034.16833 65 0 2 12 0 77 0 1736 1414 12 0 0 2 0.74074 Landscape\RetainingWall\River\RWRivSCurveOut1280.nif
2326 533 1384 1620 2.63790 2.59662 1.00543 1.00543 223 223 3 36 11 52.34747 8 1 0 1 0 9 0 526 480 13 0 0 5 0.94156 Landscape\RetainingWall\River\RWRivSStairsStrFreeR.nif
2327 458 798 1217 1.74236 1.74236 1.00146 1.00146 256 256 2 30 20 165.05283 8 2 0 0 0 8 0 374 247 105 0 0 1 0.89741 Landscape\RetainingWall\River\RWRivSStr01.nif
2328 306 633 909 2.06863 2.06863 1.00451 1.00451 144 144 2 21 14 317.77853 6 1 0 0 0 6 0 241 217 73 0 0 2 0.88770 Landscape\RetainingWall\River\RWRivSStr01StairsOpenL.nif
2329 601 553 1270 1.37438 0.96506 1.00504 1.00504 117 117 6 39 36 261.92520 20 1 0 1 0 21 0 385 116 6 0 0 2 0.71186 Landscape\RetainingWall\Stone\RWStoneAAngle30in01.nif
2330 530 488 1084 1.42075 0.96226 1.00814 1.00814 98 98 5 35 30 300.59439 16 1 0 1 0 17 0 333 123 6 0 0 2 0.77439 Landscape\RetainingWall\Stone\RWStoneAAngle30out01.nif
2331 540 528 1164 1.40000 1.00370 1.00654 1.00654 110 110 6 35 34 313.32864 19 1 0 1 0 20 0 348 144 6 0 0 2 0.73154 Landscape\RetainingWall\Stone\RWStoneAAngle60in01.nif
2332 584 492 1180 1.29452 0.88356 1.01557 1.01557 106 106 6 38 36 300.75259 18 1 0 1 0 19 0 366 107 6 0 0 2 0.74202 Landscape\RetainingWall\Stone\RWStoneAAngle60out01.nif
2333 468 449 964 1.44017 0.98718 1.01500 1.01500 104 104 6 31 30 307.52023 16 1 0 1 0 17 0 302 117 6 0 0 2 0.74713 Landscape\RetainingWall\Stone\RWStoneACorIn01.nif
2334 545 468 1109 1.42936 0.91560 1.00767 1.00767 101 101 4 36 37 510.00400 17 0 0 2 0 19 0 340 114 12 0 0 3 0.70909 Landscape\RetainingWall\Stone\RWStoneACorOut01.nif
2335 1270 1111 2591 1.14488 0.90157 1.00424 1.00424 148 148 6 81 79 552.44000 36 0 0 4 0 40 0 783 269 7 0 0 2 0.81215 Landscape\RetainingWall\Stone\RWStoneACurve256L01.nif
2336 1300 1136 2673 1.13769 0.89923 1.00336 1.00336 140 140 6 83 76 841.37207 35 0 0 4 0 39 0 794 281 7 0 0 2 0.74051 Landscape\RetainingWall\Stone\RWStoneACurve256R01.nif
2337 1538 1319 3062 1.15605 0.88492 1.00713 1.00713 146 146 4 98 85 389.29471 37 0 0 5 0 42 0 928 305 27 0 0 1 0.76587 Landscape\RetainingWall\Stone\RWStoneACurve512L01.nif
2338 1538 1319 3156 1.15540 0.88622 1.00713 1.00713 146 146 4 98 94 553.21985 40 0 0 3 0 43 0 928 305 43 0 0 1 0.86972 Landscape\RetainingWall\Stone\RWStoneACurve512R01.nif
2339 766 602 1475 1.19191 0.82768 1.01639 1.01639 150 150 5 49 44 257.63950 22 0 0 3 0 25 0 477 99 0 0 0 3 0.75579 Landscape\RetainingWall\Stone\RWStoneADownR01.nif
2340 1030 888 2091 1.12330 0.88932 1.00887 1.00887 88 88 5 66 60 215.23601 28 0 1 1 0 29 0 618 201 13 0 0 3 0.73530 Landscape\RetainingWall\Stone\RWStoneAEncL01.nif
2341 1030 888 2087 1.12621 0.89126 1.00887 1.00887 88 88 5 66 63 284.14014 30 0 0 4 0 34 0 618 201 14 0 0 2 0.74677 Landscape\RetainingWall\Stone\RWStoneAEncR01.nif
2342 372 274 603 1.07527 0.78763 1.02286 1.02286 40 40 3 25 17 10.17190 7 0 0 3 0 10 0 210 56 0 0 0 1 0.95082 Landscape\RetainingWall\Stone\RWStoneAEndPost01.nif
2343 340 254 735 1.15588 0.80882 1.00809 1.00809 24 24 5 22 25 78.93508 13 1 0 1 0 14 0 192 49 8 0 0 1 0.71479 Landscape\RetainingWall\Stone\RWStoneAEndPost02.nif
2344 322 309 705 1.33230 0.98758 1.02157 1.02157 82 82 6 22 26 60.11857 17 1 0 2 0 19 0 219 63 8 0 0 1 0.70724 Landscape\RetainingWall\Stone\RWStoneAStr01.nif
2345 422 383 813 1.11848 0.91706 1.01307 1.01307 84 84 6 28 25 75.51180 15 1 0 1 0 16 0 278 79 6 0 0 2 0.72851 Landscape\RetainingWall\Stone\RWStoneAStr02.nif
2346 544 467 1049 1.11581 0.89338 1.01255 1.01255 86 86 4 35 30 428.42896 15 0 0 1 0 16 0 361 87 14 0 0 3 0.77358 Landscape\RetainingWall\Stone\RWStoneAStr03.nif
2347 572 483 1115 1.24301 0.88112 1.01014 1.01014 126 126 4 38 36 117.65626 19 0 0 3 0 22 0 362 104 0 0 0 1 0.89394 Landscape\RetainingWall\Stone\RWStoneAStr04.nif
2348 4143 3664 9645 0.90297 0.90273 1.00186 1.00186 790 790 7 262 288 768.21997 125 0 0 13 0 135 3 2543 989 22 0 0 8 0.74099 Landscape\Roads\Bridge\RoadStrBridgeEnd01.nif
2349 4281 3739 9307 0.89559 0.89559 1.00278 1.00278 818 818 5 270 261 552.42926 107 0 0 1 0 108 0 2618 970 8 0 0 7 0.76309 Landscape\Roads\Bridge\RoadStrBridgeEnd02.nif
2350 5742 4665 12450 0.83542 0.83542 1.00166 1.00166 1154 1154 8 361 378 1102.96240 160 1 0 26 0 183 3 3536 1080 10 0 0 4 0.72152 Landscape\Roads\Bridge\RoadStrBridgeMid01.nif
2351 6075 5529 14271 0.93037 0.93037 1.00155 1.00155 1244 1244 10 383 434 1888.17004 191 2 0 18 0 203 6 3786 1378 6 0 0 5 0.72237 Landscape\Roads\Bridge\RoadStrBridgeMid02.nif
2352 3740 3572 8568 0.97567 0.97487 1.00345 1.00345 698 698 8 237 240 640.87274 106 2 0 11 1 117 0 2423 815 6 0 0 7 0.75093 Landscape\Roads\Bridge\RoadStrBridgeMidEnd01.nif
2353 2957 2974 6667 1.01860 1.01826 1.00335 1.00335 589 589 4 188 179 229.71286 75 0 0 14 0 89 0 1954 686 99 0 0 6 0.73206 Landscape\Roads\Bridge\RoadStrBridgeMidEnd02.nif
2354 39979 40672 90713 1.38903 1.03794 1.00038 1.00027 3718 3718 10 2502 2422 7028.25488 1015 2 8 142 5 1135 22 22714 14088 6 0 0 2 0.71162 Landscape\Roads\HighwayOverpass\HWDoubleChunkBoth01.nif
2355 30229 30588 69370 1.40987 1.03219 1.00042 1.00042 3044 3044 9 1892 1841 3561.09375 789 1 3 105 11 874 20 17266 9905 9 0 0 1 0.70248 Landscape\Roads\HighwayOverpass\HWDoubleChunkLargeTop01.nif
2356 15613 14855 33590 1.36937 0.97233 1.00039 1.00039 1448 1448 8 979 886 1364.61414 379 1 0 46 0 419 6 8892 5021 6 0 0 3 0.71405 Landscape\Roads\HighwayOverpass\HWDoubleChunkLargeTop02.nif
2357 8194 7560 17308 1.33476 0.94374 1.00147 1.00147 739 739 6 516 461 906.07208 198 0 0 27 2 223 2 4609 2448 7 0 0 3 0.71698 Landscape\Roads\HighwayOverpass\HWDoubleChunkLargeTop03.nif
2358 41305 52519 102338 1.53877 1.28771 1.00032 1.00022 5760 5760 5 2584 2348 5561.06104 920 0 10 94 2 1014 0 24622 20811 136 1 0 3 0.74247 Landscape\Roads\HighwayOverpass\HWDoubleCurveL01.nif
2359 63148 66436 138571 1.39928 1.07061 1.00019 1.00019 6336 6336 9 3950 3364 11764.43750 1406 1 9 159 2 1551 14 36542 23843 12 0 0 3 0.70185 Landscape\Roads\HighwayOverpass\HWDoubleCurveR01.nif
2360 52872 55802 114894 1.41224 1.07289 1.00035 1.00035 5585 5585 10 3308 2717 8258.09277 1143 1 2 145 3 1274 14 31017 20018 0 0 0 2 0.71233 Landscape\Roads\HighwayOverpass\HWDoubleCurveR01a.nif
2361 34025 40538 74433 1.49152 1.20802 1.00031 1.00025 4107 4107 8 2130 1540 3497.60400 623 0 11 64 5 682 5 20016 15854 0 0 0 3 0.70530 Landscape\Roads\HighwayOverpass\HWDoubleCurveR02.nif
2362 24569 24920 54603 1.37466 1.03590 1.00072 1.00028 2383 2383 9 1538 1449 1737.21667 610 2 6 100 2 702 8 13930 8425 7 0 0 1 0.77622 Landscape\Roads\HighwayOverpass\HWDoubleEndCapL01.nif
2363 44692 43796 98713 1.35814 1.00105 1.00039 1.00029 4379 4379 9 2795 2590 4148.14648 1077 1 6 117 5 1187 7 25618 14121 10 0 0 3 0.71264 Landscape\Roads\HighwayOverpass\HWDoubleEndCapL02.nif
2364 23126 26385 49771 1.45334 1.15887 1.00054 1.00054 2780 2780 6 1448 1068 2350.19238 434 1 0 51 1 485 0 13697 9930 8 0 0 3 0.81481 Landscape\Roads\HighwayOverpass\HWDoubleEndCapL03.nif
2365 14490 14478 32281 1.39627 1.01939 1.00082 1.00082 1406 1406 8 908 864 2579.92505 367 1 1 47 1 408 6 8367 4846 8 0 0 3 0.70149 Landscape\Roads\HighwayOverpass\HWDoubleEndCapR01.nif
2366 28413 31141 59669 1.44656 1.11259 1.00049 1.00049 3250 3250 9 1779 1224 5785.65674 501 0 4 49 0 546 4 16745 11584 4 0 0 4 0.70909 Landscape\Roads\HighwayOverpass\HWDoubleEndCapR02.nif
2367 53690 61819 126142 1.49031 1.16776 1.00037 1.00029 6635 6635 9 3360 2970 3258.35522 1225 2 6 123 7 1340 8 31946 22941 8 0 0 4 0.71429 Landscape\Roads\HighwayOverpass\HWDoubleRamp01Free01.nif
2368 39264 51317 88913 1.58621 1.32213 1.00025 1.00019 5527 5527 10 2457 1647 11973.67969 671 1 2 86 4 744 13 23794 20837 6 0 0 4 0.71429 Landscape\Roads\HighwayOverpass\HWDoubleRampCurveR01.nif
2369 8171 13471 23886 1.82205 1.65267 1.00039 1.00039 1842 1842 5 513 503 1554.75122 202 0 2 17 0 219 0 5539 6101 65 0 0 4 0.73385 Landscape\Roads\HighwayOverpass\HWDoubleStr01.nif
2370 29119 25814 61967 1.28936 0.90721 1.00043 1.00043 2506 2506 10 1824 1720 4689.97266 745 2 1 110 0 837 18 16720 7745 7 0 0 2 0.76064 Landscape\Roads\HighwayOverpass\HWDoubleStr01Damaged01.nif
2371 6522 12132 19454 1.98850 1.86507 1.00033 1.00033 1819 1819 3 410 372 1571.91223 157 0 0 3 0 160 0 4680 5608 683 0 0 6 0.73892 Landscape\Roads\HighwayOverpass\HWDoubleStr02.nif
2372 30888 43821 82643 1.68107 1.42958 1.00071 1.00042 5639 5639 8 1935 1886 4575.90674 780 0 4 134 3 907 7 19395 18283 18 0 0 2 0.71247 Landscape\Roads\HighwayOverpass\HWDoubleStrExit01.nif
2373 20451 36514 62609 1.95066 1.78803 1.00056 1.00033 5524 5524 11 1282 1273 12012.56348 518 2 1 86 1 588 16 14017 16774 8 0 0 3 0.70936 Landscape\Roads\HighwayOverpass\HWDoubleStrExit02.nif
2374 20451 36647 61901 1.95682 1.79448 1.00063 1.00040 5546 5546 8 1282 1235 5616.89063 498 1 0 94 0 588 4 14024 16824 0 0 0 4 0.72470 Landscape\Roads\HighwayOverpass\HWDoubleStrExit03.nif
2375 44483 46353 102289 1.42090 1.06137 1.00025 1.00015 4803 4803 10 2783 2677 2705.86523 1126 2 0 127 5 1240 13 25903 15787 3 0 0 4 0.71605 Landscape\Roads\HighwayOverpass\HWDoubleTransRampDown01.nif
2376 65327 75242 150052 1.65180 1.17562 1.00015 1.00015 7174 7174 10 4085 3557 15715.21289 1468 1 5 182 4 1635 15 38245 28285 6 0 0 3 0.72414 Landscape\Roads\HighwayOverpass\HWExitTranYRamp01.nif
2377 124 205 286 1.65323 1.65323 1.01964 1.01964 0 0 2 9 5 75.57204 3 0 0 1 0 4 0 84 93 7 0 0 1 0.85965 Landscape\Roads\HighwayOverpass\HWOnRampCol01.nif
2378 124 176 275 1.41935 1.41935 1.03841 1.03841 0 0 3 9 7 56.46497 4 0 0 1 0 5 0 84 69 4 0 0 2 0.71429 Landscape\Roads\HighwayOverpass\HWOnRampCol02.nif
2379 5692 5916 12846 1.44642 1.06237 1.00000 1.00000 381 381 6 357 353 1586.07971 151 2 1 16 0 167 0 3261 1987 20 0 0 2 0.70833 Landscape\Roads\HighwayOverpass\HWOnRampCurveFree01.nif
2380 5692 5938 12819 1.45028 1.06623 1.00042 1.00042 380 380 6 357 352 1237.97034 154 1 0 22 0 175 1 3260 1993 12 0 0 2 0.70000 Landscape\Roads\HighwayOverpass\HWOnRampCurveFree02.nif
2381 3660 4098 8585 1.47076 1.13907 1.00260 1.00260 264 264 5 231 225 1469.27954 94 1 0 8 1 102 0 2118 1433 11 0 0 2 0.71429 Landscape\Roads\HighwayOverpass\HWOnRampCurveL01End01.nif
2382 3660 4098 8603 1.37377 1.13333 1.00260 1.00260 264 264 4 231 219 1662.12207 96 1 0 4 0 100 0 2118 1433 34 0 0 4 0.71948 Landscape\Roads\HighwayOverpass\HWOnRampCurveR01End01.nif
2383 2517 2388 5359 1.38776 0.97179 1.00524 1.00524 196 196 6 160 157 268.65039 70 2 0 8 0 78 0 1457 699 6 0 0 2 0.71429 Landscape\Roads\HighwayOverpass\HWOnRampEndCap01.nif
2384 3837 4481 9123 1.50795 1.18713 1.00321 1.00321 280 280 5 244 235 1423.01160 102 1 1 8 0 110 0 2221 1600 37 0 0 4 0.73267 Landscape\Roads\HighwayOverpass\HWOnRampEndCapCurveL01.nif
2385 3837 4513 9037 1.51629 1.19547 1.00272 1.00272 280 280 6 244 230 1146.74536 100 1 1 8 0 108 0 2221 1606 20 0 0 4 0.75000 Landscape\Roads\HighwayOverpass\HWOnRampEndCapCurveR01.nif
2386 2517 2427 5248 1.40326 0.98729 1.00541 1.00541 195 195 6 160 147 284.22769 65 2 0 7 0 72 0 1458 715 8 0 0 3 0.77193 Landscape\Roads\HighwayOverpass\HWOnRampEndCapRampDownL01.nif
2387 2517 2427 5289 1.40008 0.98848 1.00541 1.00541 195 195 6 160 151 284.22769 71 2 0 4 0 75 0 1458 715 8 0 0 4 0.70270 Landscape\Roads\HighwayOverpass\HWOnRampEndCapRampDownR01.nif
2388 6354 6644 14104 1.42650 1.06641 1.00136 1.00136 474 474 7 402 378 2766.43188 160 2 1 23 1 183 0 3640 2241 0 0 0 1 0.75581 Landscape\Roads\HighwayOverpass\HWOnRampStrFree01.nif
2389 13396 12271 29170 1.33913 0.93655 1.00068 1.00068 1468 1468 7 840 820 1528.31421 346 0 1 50 2 389 7 7677 3579 12 0 0 3 0.70186 Landscape\Roads\HighwayOverpass\HWSingleChunkLarge01.nif
2390 7243 5475 14346 1.20613 0.77951 1.00131 1.00131 455 455 6 455 423 897.72528 187 1 0 28 0 215 0 3974 1432 3 0 0 2 0.81725 Landscape\Roads\HighwayOverpass\HWSingleChunkLarge02.nif
2391 1463 2405 4232 1.65072 1.64525 1.00311 1.00311 187 187 7 92 92 1234.27893 36 1 1 3 0 39 0 917 964 8 0 0 2 0.84358 Landscape\Roads\HighwayOverpass\HWSingleColumnBroken01.nif
2392 42532 41482 89847 1.54582 1.00426 1.00031 1.00031 4961 4961 10 2662 2201 9276.88477 929 2 1 113 2 1029 13 24673 13559 10 0 0 2 0.71429 Landscape\Roads\HighwayOverpass\HWSingleCurveL01.nif
2393 46367 45586 100444 1.56590 1.01309 1.00030 1.00030 5682 5682 10 2902 2501 12951.28320 1050 0 3 111 3 1142 19 27102 14612 6 0 0 4 0.71879 Landscape\Roads\HighwayOverpass\HWSingleCurveR01.nif
2394 14525 13832 32756 1.35022 0.97198 1.00074 1.00074 1461 1461 9 911 903 2164.92261 389 2 1 51 2 429 11 8274 4475 8 0 0 3 0.70034 Landscape\Roads\HighwayOverpass\HWSingleEndCap01.nif
2395 13664 13354 31059 1.53249 1.00424 1.00083 1.00083 1696 1696 9 856 853 1251.64526 364 1 2 48 0 404 8 8001 4494 10 0 0 2 0.70909 Landscape\Roads\HighwayOverpass\HWSingleEndCap02.nif
2396 1832 1720 3980 1.38646 0.97434 1.00381 1.00381 308 308 4 117 108 593.45020 47 0 0 8 0 55 0 1121 447 41 0 0 2 0.71889 Landscape\Roads\HighwayOverpass\HWSingleEndCap03.nif
2397 42533 41606 90522 1.54873 1.00717 1.00026 1.00026 4943 4943 9 2662 2243 5957.40771 932 2 1 101 2 1022 11 24663 13610 12 0 0 3 0.70690 Landscape\Roads\HighwayOverpass\HWSingleRampDown01.nif
2398 41265 39449 86337 1.54409 0.98621 1.00013 1.00013 4882 4882 9 2583 2131 3767.16968 899 2 1 106 4 995 10 23971 12521 10 0 0 3 0.74026 Landscape\Roads\HighwayOverpass\HWSingleRampUp01.nif
2399 33865 33499 73769 1.36111 1.00830 1.00050 1.00050 5312 5312 9 2121 1838 7616.45996 769 2 1 101 0 861 9 20250 10373 6 0 0 2 0.75264 Landscape\Roads\HighwayOverpass\HWSingleShiftL.nif
2400 42472 41356 90203 1.54521 1.00278 1.00026 1.00026 4884 4884 10 2658 2261 7786.35059 950 2 4 105 0 1032 23 24602 13460 25 0 0 2 0.70994 Landscape\Roads\HighwayOverpass\HWSingleShiftR.nif
2401 3394 4751 8812 1.60253 1.40454 1.00111 1.00111 1128 1128 7 213 205 2523.87256 85 0 1 10 1 92 3 2384 2048 12 0 0 3 0.70968 Landscape\Roads\HighwayOverpass\HWSingleStr01.nif
2402 14353 13652 31448 1.56469 0.98363 1.00059 1.00059 1507 1507 8 899 862 1209.23755 363 1 0 56 4 411 8 8183 4250 6 0 0 1 0.71429 Landscape\Roads\HighwayOverpass\HWSingleStr01Free.nif
2403 14328 13917 32261 1.55039 1.00202 1.00050 1.00050 1887 1887 7 898 872 2284.89209 372 0 1 51 1 412 11 8542 4270 51 0 0 3 0.71277 Landscape\Roads\HighwayOverpass\HWSingleStr02Damaged.nif
2404 19009 18687 42699 1.59814 1.01489 1.00037 1.00037 2754 2754 8 1191 1142 2427.77075 487 2 0 70 1 551 6 11380 5847 8 0 0 2 0.70341 Landscape\Roads\HighwayOverpass\HWSingleStr02Free.nif
2405 8504 13111 22679 1.77081 1.54374 1.00123 1.00123 2949 2949 6 536 470 3351.92041 190 1 1 29 0 216 3 5963 5541 56 0 0 3 0.76404 Landscape\Roads\HighwayOverpass\HWSingleStrExit01.nif
2406 28869 28074 61037 1.55021 1.00236 1.00045 1.00045 3316 3316 10 1806 1502 5064.18164 627 1 0 65 2 682 10 16754 8942 8 0 0 3 0.73392 Landscape\Roads\HighwayOverpass\HWSingleTranMidRampShiftR01.nif
2407 20030 21926 44554 1.29631 1.10879 1.00064 1.00064 3980 3980 8 1255 1017 3318.17456 425 1 1 68 0 490 3 12596 7608 0 0 0 3 0.76829 Landscape\Roads\HighwayOverpass\HWSingleTransInRampShiftR01.nif
2408 1650 2232 3295 1.51273 1.35273 1.00883 1.00883 470 470 4 110 57 424.70721 29 4 0 4 0 33 0 1177 754 17 0 0 6 0.71429 Landscape\Roads\River\RRoadCurveCustom01.nif
2409 2219 2679 4511 1.38215 1.20820 1.00654 1.00654 527 527 5 145 99 1512.05774 46 2 0 5 0 51 0 1503 924 6 0 0 6 0.70925 Landscape\Roads\River\RRoadCurveCustom02.nif
2410 3343 4675 7976 1.55340 1.39904 1.00222 1.00222 909 909 4 215 161 951.64142 69 0 0 10 0 79 0 2309 1377 87 0 0 7 0.74816 Landscape\Roads\River\RRoadCurveCustom03.nif
2411 2258 3053 4966 1.48184 1.35297 1.00416 1.00416 772 772 5 145 100 1407.71411 49 2 0 5 0 54 0 1661 801 10 0 0 6 0.73520 Landscape\Roads\River\RRoadCurveCustom04.nif
2412 1488 1640 2949 1.28965 1.10215 1.00778 1.00778 408 408 4 97 68 83.08467 35 2 0 1 0 36 0 1032 400 16 0 0 6 0.75417 Landscape\Roads\River\RRoadCurveCustom05.nif
2413 247 396 611 1.62753 1.60324 1.01965 1.01965 97 97 3 18 10 304.79221 5 2 0 1 0 6 0 187 89 21 0 0 1 0.76411 Landscape\Roads\River\RRoadCurveCustom06.nif
2414 904 908 1793 1.19027 1.00442 1.01319 1.01319 290 290 4 58 56 574.14691 31 2 0 2 0 33 0 639 226 19 0 0 6 0.70186 Landscape\Roads\River\RRoadCurveCustom07.nif
2415 992 993 1784 1.20060 1.00403 1.01080 1.01080 296 296 4 64 45 20.37087 26 3 0 0 0 26 0 693 254 19 0 0 6 0.71053 Landscape\Roads\River\RRoadCurveCustom08.nif
2416 944 955 1678 1.19174 1.01165 1.01316 1.01316 294 294 4 61 43 25.14026 24 3 0 0 0 24 0 661 250 20 0 0 6 0.74797 Landscape\Roads\River\RRoadCurveCustom09.nif
2417 946 981 1646 1.24313 1.03700 1.00705 1.00705 290 290 4 62 37 602.59631 21 3 0 0 0 21 0 664 263 18 0 0 6 0.73118 Landscape\Roads\River\RRoadCurveCustom10.nif
2418 927 1114 2020 1.37540 1.20173 1.00789 1.00789 269 269 4 63 48 303.12628 22 1 0 1 0 23 0 640 278 19 0 0 7 0.76821 Landscape\Roads\River\RRoadCurveCustom11.nif
2419 3584 3888 8933 1.10324 1.09766 1.00214 1.00214 944 944 6 226 224 1440.25464 96 0 0 19 0 115 0 2870 268 10 19 0 0 0.74266 Landscape\Rocks\RockCliff01.nif
2420 3632 4097 9226 1.14180 1.13381 1.00074 1.00074 888 888 6 229 224 1956.72314 96 1 0 17 0 111 2 2846 236 38 8 0 1 0.71627 Landscape\Rocks\RockCliff02.nif
2421 3632 4097 11684 1.14427 1.13546 1.00074 1.00074 888 888 6 228 328 2136.67871 111 0 4 18 0 127 2 2284 989 28 2 0 1 0.71627 Landscape\Rocks\RockCliff02_Alt.nif
2422 4498 4953 11207 1.11583 1.10916 1.00059 1.00059 879 879 6 284 274 1956.72314 117 1 0 17 0 132 2 3424 509 38 0 0 2 0.71627 Landscape\Rocks\RockCliff02_Alt_NF_LichenHeavy.nif
2423 3450 3968 8460 1.16783 1.16000 1.00104 1.00104 983 983 4 217 193 1352.05396 76 0 0 22 0 98 0 2755 252 84 7 0 0 0.84908 Landscape\Rocks\RockCliff03.nif
2424 5280 5972 14498 1.14754 1.13731 1.00075 1.00075 1455 1455 7 331 369 1155.32507 137 1 0 33 0 170 0 4132 229 10 7 0 0 0.85456 Landscape\Rocks\RockCliff04.nif
2425 3907 4270 9855 1.11287 1.10366 1.00142 1.00142 1155 1155 5 246 238 1005.37817 99 0 0 18 0 117 0 3215 142 86 12 0 1 0.76716 Landscape\Rocks\RockCliff05.nif
2426 3805 4623 12114 1.22917 1.22234 1.00131 1.00131 1048 1048 4 239 317 1316.81018 104 0 2 21 0 125 0 2766 340 420 6 0 1 0.77560 Landscape\Rocks\RockCliff06.nif
2427 2408 3248 9674 1.36047 1.35382 1.00000 1.00000 54 54 5 151 260 1320.58618 69 0 3 23 0 92 0 1232 405 43 0 0 0 0.96785 Landscape\Rocks\RockCliffGS02.nif
2428 1975 1959 5963 1.01468 1.01468 1.00051 1.00051 75 75 8 124 169 1707.33887 55 0 0 14 0 69 0 1026 509 11 0 0 0 0.90420 Landscape\Rocks\RockCliffGSCrater01.nif
2429 1915 2306 7091 1.21984 1.21462 1.00087 1.00087 59 59 5 120 195 2045.88464 52 0 3 15 0 67 0 988 459 54 0 0 0 0.98886 Landscape\Rocks\RockCliffGSCrater02.nif
2430 1712 1791 5857 1.07944 1.07944 1.00056 1.00056 32 32 5 107 165 1222.39392 51 0 1 11 0 62 0 873 415 58 0 0 0 0.93540 Landscape\Rocks\SeaStackCoast01.nif
2431 1519 1785 4982 1.19618 1.18960 1.00168 1.00168 33 33 3 95 132 904.39618 36 0 3 12 0 48 0 777 543 77 0 0 0 0.93796 Landscape\Rocks\SeaStackCoast02.nif
2432 2231 1948 5866 0.94487 0.93545 1.00000 1.00000 51 51 4 140 165 1836.78845 55 0 1 14 0 69 0 1141 128 168 0 0 0 0.92960 Landscape\Rocks\SeaStackCoast03.nif
2433 6756 6570 14767 1.31750 1.00059 1.00130 1.00130 1489 1489 7 426 413 957.95453 179 3 1 20 0 196 3 4585 1837 12 0 0 4 0.71287 Landscape\RRTracks\RRTrackStrBridgeEnd01.nif
2434 6756 6583 14715 1.31439 1.00252 1.00116 1.00116 1507 1507 8 426 402 916.25336 178 3 0 18 0 192 4 4585 1850 6 0 0 5 0.80233 Landscape\RRTracks\RRTrackStrBridgeEnd02.nif
2435 4188 4290 9265 1.38252 1.04919 1.00048 1.00048 1576 1576 6 263 241 262.88635 102 0 0 14 0 116 0 3160 1066 15 0 0 2 0.74085 Landscape\RRTracks\RRTrackStrBridgeMid01.nif
2436 5272 5316 11501 1.37045 1.03395 1.00162 1.00162 1682 1682 6 332 308 607.50958 131 0 0 13 1 142 2 3776 1422 14 0 0 5 0.77950 Landscape\RRTracks\RRTrackStrBridgeMid02.nif
2437 444 458 868 1.19369 1.03153 1.00190 1.00190 138 138 3 28 25 22.47046 12 0 0 1 0 13 0 302 111 52 0 0 2 0.82727 Landscape\Sidewalks\Park\SWFullParkCurve01.nif
2438 546 549 1154 1.12271 1.00733 1.00332 1.00332 164 164 4 35 33 15.97091 15 0 0 0 0 15 0 369 156 16 0 0 3 0.84371 Landscape\Sidewalks\Park\SWFullParkInt3way01.nif
2439 544 576 1147 1.17647 1.06250 1.00597 1.00597 162 162 4 35 33 63.47588 15 0 0 1 0 16 0 366 169 18 0 0 2 0.75051 Landscape\Sidewalks\Park\SWFullParkIntCurve01.nif
2440 546 576 1156 1.17216 1.05678 1.00000 1.00000 164 164 4 35 31 54.47901 14 0 0 1 0 15 0 369 167 18 0 0 2 0.72605 Landscape\Sidewalks\Park\SWFullParkIntCurve02.nif
2441 256 263 494 1.08984 1.02734 1.01508 1.01508 86 86 3 16 13 19.82909 8 0 0 0 0 8 0 182 73 32 0 0 3 0.77116 Landscape\Sidewalks\Park\SWFullParkStr01.nif
2442 125 119 225 1.02400 0.95200 1.00383 1.00383 41 41 3 9 6 15.74893 4 0 0 0 0 4 0 87 31 18 0 0 3 0.70947 Landscape\Sidewalks\Park\SWFullParkStr02.nif
2443 294 328 615 1.17007 1.11565 1.01195 1.01195 90 90 4 19 17 11.00053 9 0 0 0 0 9 0 212 89 10 0 0 3 0.79788 Landscape\Sidewalks\Park\SWParkCurve02.nif
2444 294 326 592 1.16327 1.10884 1.00932 1.00932 90 90 4 19 15 152.04614 8 0 0 0 0 8 0 212 88 11 0 0 3 0.78541 Landscape\Sidewalks\Park\SWParkCurve03.nif
2445 230 246 483 1.23913 1.08261 1.01287 1.01287 64 64 4 15 14 17.53309 7 0 0 0 0 7 0 163 58 10 0 0 3 0.86731 Landscape\Sidewalks\Park\SWParkCurve04.nif
2446 294 326 626 1.16327 1.10884 1.00932 1.00932 90 90 5 19 19 40.78820 11 1 0 0 0 11 0 212 88 6 0 0 2 0.75162 Landscape\Sidewalks\Park\SWParkStr01.nif
2447 162 174 334 1.12963 1.08025 1.01816 1.01816 48 48 5 12 11 152.11845 8 1 0 0 0 8 0 117 45 6 0 0 2 0.74766 Landscape\Sidewalks\Park\SWParkStr02.nif
2448 1160 1816 2898 1.56552 1.56552 1.00466 1.00466 382 382 3 75 57 216.91319 29 1 0 1 0 30 0 922 438 157 0 0 6 0.71429 Landscape\Sidewalks\Plaza\PlazaSwanPond01.nif
2449 1915 1845 2269 1.43760 0.98225 1.00163 1.00163 351 351 1 120 0 0.00000 0 0 0 0 0 0 0 1183 560 351 2 120 0 1.00000 Landscape\Trees\BlastedForestBurntTreeUpright01.nif
2450 1685 1526 1931 1.50267 0.93056 1.00131 1.00131 189 189 1 106 0 0.00000 0 0 0 0 0 0 0 964 499 189 8 106 0 1.00000 Landscape\Trees\BlastedForestBurntTreeUpright02.nif
2451 896 852 1050 1.47656 0.97098 1.00000 1.00000 94 94 1 56 0 0.00000 0 0 0 0 0 0 0 514 295 94 9 56 0 1.00000 Landscape\Trees\BlastedForestBurntTreeUpright03.nif
2452 1685 1531 1952 1.64866 0.93650 1.00065 1.00065 269 269 1 106 0 0.00000 0 0 0 0 0 0 0 1026 496 269 0 106 0 1.00000 Landscape\Trees\BlastedForestDestroyedTreeUpright01.nif
2453 1324 1268 1575 1.60952 0.99396 1.00000 1.00000 262 262 1 83 0 0.00000 0 0 0 0 0 0 0 838 388 262 0 83 0 1.00000 Landscape\Trees\BlastedForestDestroyedTreeUpright02.nif
2454 1586 1455 1828 1.49243 0.94704 1.00069 1.00069 248 248 1 100 0 0.00000 0 0 0 0 0 0 0 962 437 248 0 100 0 1.00000 Landscape\Trees\BlastedForestDestroyedTreeUpright03.nif
2455 833 854 1028 1.38896 1.05402 1.00231 1.00231 255 255 1 53 0 0.00000 0 0 0 0 0 0 0 580 207 255 179 53 0 1.00000 Landscape\Trees\TreeBlasted01.nif
2456 1060 986 1299 0.96698 0.96415 1.00250 1.00250 264 264 1 67 0 0.00000 0 0 0 0 0 0 0 697 224 264 1 67 0 1.00000 Landscape\Trees\TreeBlasted01Lichen.nif
2457 1288 1121 1789 0.91304 0.91071 1.00337 1.00337 276 276 3 82 13 113.78583 6 0 0 1 0 7 0 817 239 10 0 67 0 1.00000 Landscape\Trees\TreeBlasted01LichenFX.nif
2458 1083 1112 1342 1.44229 1.04709 1.00360 1.00360 237 237 1 68 0 0.00000 0 0 0 0 0 0 0 771 242 237 334 68 0 1.00000 Landscape\Trees\TreeBlasted02.nif
2459 1413 1307 1684 0.95683 0.95117 1.00439 1.00439 249 249 1 89 0 0.00000 0 0 0 0 0 0 0 941 264 249 0 89 0 1.00000 Landscape\Trees\TreeBlasted02Lichen.nif
2460 1744 1505 2365 0.90367 0.89908 1.00548 1.00548 264 264 4 110 22 122.25700 10 0 0 2 0 12 0 1114 286 16 0 89 0 0.85131 Landscape\Trees\TreeBlasted02LichenFX.nif
2461 911 1024 1245 1.56970 1.16136 1.00000 1.00000 231 231 1 58 0 0.00000 0 0 0 0 0 0 0 603 210 231 86 58 0 1.00000 Landscape\Trees\TreeBlasted04.nif
2462 497 465 579 1.49497 0.95775 1.00671 1.00671 89 89 1 32 0 0.00000 0 0 0 0 0 0 0 316 128 89 175 32 0 1.00000 Landscape\Trees\TreeBlasted05.nif
2463 854 842 1018 1.51639 0.99415 1.00238 1.00238 244 244 1 54 0 0.00000 0 0 0 0 0 0 0 577 234 244 9 54 0 1.00000 Landscape\Trees\TreeElmForest01.nif
2464 612 574 706 1.50327 0.95588 1.00348 1.00348 178 178 1 39 0 0.00000 0 0 0 0 0 0 0 418 150 178 35 39 0 1.00000 Landscape\Trees\TreeElmForest02.nif
2465 1437 1522 1783 1.51983 1.06541 1.00131 1.00131 629 629 1 90 0 0.00000 0 0 0 0 0 0 0 1128 362 629 5 90 0 1.00000 Landscape\Trees\TreeElmFree01.nif
2466 962 1075 1276 1.39605 1.14033 1.00475 1.00475 188 188 1 61 0 0.00000 0 0 0 0 0 0 0 602 290 188 0 61 0 1.00000 Landscape\Trees\TreeGS01.nif
2467 1200 1260 1531 1.40333 1.07167 1.00322 1.00322 248 248 1 76 0 0.00000 0 0 0 0 0 0 0 765 324 248 0 76 0 1.00000 Landscape\Trees\TreeGS02.nif
2468 6900 5650 7439 1.11159 0.84957 1.00035 1.00035 2097 2097 1 433 0 0.00000 0 0 0 0 0 0 0 4854 598 2097 9 433 0 1.00000 Landscape\Trees\TreeHero01.nif
2469 1074 979 1299 0.94972 0.94507 1.00108 1.00108 254 254 1 68 0 0.00000 0 0 0 0 0 0 0 696 202 254 125 68 0 1.00000 Landscape\Trees\TreeMapleblasted01.nif
2470 1103 932 1228 1.27108 0.87398 1.00392 1.00392 245 245 1 70 0 0.00000 0 0 0 0 0 0 0 731 175 245 113 70 0 1.00000 Landscape\Trees\TreeMapleblasted02.nif
2471 1180 981 1346 0.85593 0.85593 1.00300 1.00300 256 256 1 75 0 0.00000 0 0 0 0 0 0 0 774 179 256 1 75 0 1.00000 Landscape\Trees\TreeMapleblasted02Lichen.nif
2472 1257 1032 1502 0.84487 0.84487 1.00402 1.00402 269 269 4 80 6 32.15633 3 0 0 0 0 3 0 819 185 5 1 75 1 0.70404 Landscape\Trees\TreeMapleblasted02LichenFX.nif
2473 219 193 248 1.34703 0.92237 1.01670 1.01670 37 37 1 14 0 0.00000 0 0 0 0 0 0 0 135 55 37 146 14 0 1.00000 Landscape\Trees\TreeMapleblasted04.nif
2474 263 233 297 1.36502 0.92395 1.01314 1.01314 73 73 1 17 0 0.00000 0 0 0 0 0 0 0 178 52 73 199 17 0 1.00000 Landscape\Trees\TreeMapleblasted05.nif
2475 350 342 432 1.26857 1.01429 1.01414 1.01414 102 102 1 23 0 0.00000 0 0 0 0 0 0 0 240 74 102 143 23 0 1.00000 Landscape\Trees\TreeMapleblasted07.nif
2476 300 252 321 0.85000 0.84000 1.01590 1.01590 94 94 1 20 0 0.00000 0 0 0 0 0 0 0 207 34 94 322 20 0 1.00000 Landscape\Trees\TreeMapleForest1.nif
2477 282 261 328 0.92553 0.92553 1.01398 1.01398 114 114 1 19 0 0.00000 0 0 0 0 0 0 0 214 47 114 415 19 0 1.00000 Landscape\Trees\TreeMapleForest2.nif
2478 179 170 228 0.98883 0.98883 1.03529 1.03529 91 91 1 12 0 0.00000 0 0 0 0 0 0 0 146 24 91 920 12 0 1.00000 Landscape\Trees\TreeMapleForest3.nif
2479 227 212 266 1.16300 0.97357 1.02072 1.02072 85 85 1 15 0 0.00000 0 0 0 0 0 0 0 164 48 85 209 15 0 1.00000 Landscape\Trees\TreeMapleForest7.nif
2480 1664 1705 2055 1.05349 1.04207 1.00176 1.00176 173 173 1 104 0 0.00000 0 0 0 0 0 0 0 913 684 173 0 104 0 1.00000 Landscape\Trees\TreeSMarsh01.nif
2481 2992 3313 3976 1.13603 1.13603 1.00210 1.00210 351 351 1 188 0 0.00000 0 0 0 0 0 0 0 1662 1153 351 0 188 0 1.00000 Landscape\Trees\TreeSMarsh02.nif
2482 1131 1162 1403 1.04067 1.03979 1.00211 1.00211 149 149 1 71 0 0.00000 0 0 0 0 0 0 0 643 374 149 0 71 0 1.00000 Landscape\Trees\TreeSMarsh03.nif
2483 1764 1836 2193 1.06576 1.05442 1.00000 1.00000 209 209 1 111 0 0.00000 0 0 0 0 0 0 0 989 733 209 0 111 0 1.00000 Landscape\Trees\TreeSMarsh04.nif
2484 1193 1193 1448 1.01425 1.01174 1.00280 1.00280 138 138 1 75 0 0.00000 0 0 0 0 0 0 0 670 407 138 0 75 0 1.00000 Landscape\Trees\TreeSMarsh05.nif
2485 716 1122 2047 1.56983 1.56704 1.00178 1.00178 248 248 3 45 42 2166.10913 17 0 0 0 0 17 0 487 514 69 0 0 1 0.87749 LOD\Architecture\Airport\AirportTerminalDestroyed01_LOD.nif
2486 214 273 504 1.27570 1.27570 1.01099 1.01099 92 92 3 14 12 400.03125 5 0 0 1 0 6 0 157 50 53 0 0 0 0.98955 LOD\Architecture\Airport\AirportTerminalEnd02_LOD.nif
2487 262 333 630 1.27099 1.27099 1.00901 1.00901 134 134 3 17 15 749.53119 7 0 0 1 0 8 0 205 54 65 0 0 0 0.99216 LOD\Architecture\Airport\AirportTerminalEnd03_LOD.nif
2488 214 269 520 1.25701 1.25701 1.01115 1.01115 92 92 5 14 15 53.92201 7 0 0 0 0 7 0 157 50 21 0 0 1 0.91086 LOD\Architecture\Airport\AirportTerminalMid02_LOD.nif
2489 248 319 537 1.28629 1.28629 1.00313 1.00313 132 132 6 16 14 158.24352 8 1 0 1 0 9 0 197 54 8 0 0 0 0.98325 LOD\Architecture\Airport\AirportTerminalMid03_LOD.nif
2490 102 78 210 0.78431 0.78431 1.02564 1.02564 26 26 5 7 8 104.53359 5 0 0 0 0 5 0 65 8 8 0 0 1 0.81589 LOD\Architecture\Airport\AirportTerminalRoofEnd01_LOD.nif
2491 142 216 361 1.52113 1.52113 1.00000 1.00000 32 32 3 9 8 181.81494 3 0 0 1 0 4 0 88 49 19 0 0 0 0.79393 LOD\Architecture\Airport\AirportTerminalRoofEnd01D_LOD.nif
2492 259 351 664 1.35521 1.35521 1.00285 1.00285 59 59 3 17 16 500.63660 6 0 1 1 0 7 0 158 109 17 0 0 0 0.85992 LOD\Architecture\Airport\AirportTerminalRoofMid01D_LOD.nif
2493 2244 3392 6350 1.52228 1.51159 1.00000 1.00000 430 430 6 141 146 2479.20386 60 0 0 12 0 72 0 1308 1563 13 0 0 0 0.72557 LOD\Architecture\Airport\AirportTower01_LOD.nif
2494 32 48 84 1.50000 1.50000 1.00000 1.00000 38 38 3 2 2 138.00000 2 0 0 0 0 2 0 38 4 14 0 0 1 0.74521 LOD\Architecture\Airport\AirportTunnel01_LOD.nif
2495 64 96 174 1.50000 1.50000 1.00000 1.00000 44 44 4 4 4 61.50576 3 0 0 0 0 3 0 57 30 14 0 0 1 0.76258 LOD\Architecture\Airport\AirportTunnel02_LOD.nif
2496 416 762 1145 1.83173 1.83173 1.00262 1.00262 50 50 4 26 23 1585.72107 11 0 0 2 0 13 0 246 414 5 0 0 0 0.86305 LOD\Architecture\Buildings\DecoCombined\Cambridge\CambridgeBuilding05_LOD.nif
2497 305 510 1000 1.67213 1.67213 1.00291 1.00291 225 225 4 20 21 926.11139 10 1 0 0 0 10 0 298 200 73 0 0 1 0.77177 LOD\Architecture\Buildings\Hightech\FinancialBuilding13_TopUSS_LOD.nif
2498 84 168 168 2.00000 2.00000 1.00000 1.00000 48 48 1 6 0 0.00000 0 0 0 0 0 0 0 74 56 48 0 0 1 1.00000 LOD\Architecture\Buildings\Hightech\FinancialBuilding13_TopUSS_Structure_LOD.nif
2499 20 40 47 2.00000 2.00000 1.00000 1.00000 0 0 2 2 1 28.62572 1 0 0 0 0 1 0 12 24 0 0 0 1 0.89141 LOD\Architecture\Buildings\Hightech\HitExtA15Trim01_LOD.nif
2500 12 28 33 2.33333 2.33333 1.00000 1.00000 0 0 2 1 1 28.62573 1 0 0 0 0 1 0 8 12 0 0 0 1 0.90923 LOD\Architecture\Buildings\Hightech\HitExtA15Trim02_LOD.nif
2501 4 8 8 2.00000 2.00000 1.00000 1.00000 6 6 1 1 0 0.00000 0 1 0 0 0 0 0 6 2 6 0 0 0 1.00000 LOD\Architecture\Buildings\Hightech\HitExtA15Wall01_LOD.nif
2502 4 8 8 2.00000 2.00000 1.00000 1.00000 6 6 1 1 0 0.00000 0 1 0 0 0 0 0 6 2 6 0 0 0 1.00000 LOD\Architecture\Buildings\Hightech\HitExtA15Wall01B_LOD.nif
2503 4 8 8 2.00000 2.00000 1.00000 1.00000 6 6 1 1 0 0.00000 0 1 0 0 0 0 0 6 2 6 0 0 0 1.00000 LOD\Architecture\Buildings\Hightech\HitExtA15Wall01BFull_LOD.nif
2504 4 8 8 2.00000 2.00000 1.00000 1.00000 6 6 1 1 0 0.00000 0 1 0 0 0 0 0 6 2 6 0 0 0 1.00000 LOD\Architecture\Buildings\Hightech\HitExtA15Wall01Trim01_LOD.nif
2505 4 8 8 2.00000 2.00000 1.00000 1.00000 6 6 1 1 0 0.00000 0 1 0 0 0 0 0 6 2 6 0 0 0 1.00000 LOD\Architecture\Buildings\Hightech\HitExtA15Wall01Trim01B_LOD.nif
2506 2 6 6 3.00000 3.00000 1.33333 1.33333 4 4 1 1 0 0.00000 0 1 0 0 0 0 0 4 0 4 0 0 0 1.00000 LOD\Architecture\Buildings\Hightech\HitExtA15Wall02_LOD.nif
2507 2 4 4 2.00000 2.00000 1.00000 1.00000 4 4 1 1 0 0.00000 0 1 0 0 0 0 0 4 0 4 0 0 0 1.00000 LOD\Architecture\Buildings\Hightech\HitExtA15Wall02B_LOD.nif
2508 2 4 4 2.00000 2.00000 1.00000 1.00000 4 4 1 1 0 0.00000 0 1 0 0 0 0 0 4 0 4 0 0 0 1.00000 LOD\Architecture\Buildings\Hightech\HitExtA15Wall02BFull_LOD.nif
2509 2 6 6 3.00000 3.00000 1.33333 1.33333 4 4 1 1 0 0.00000 0 1 0 0 0 0 0 4 0 4 0 0 0 1.00000 LOD\Architecture\Buildings\Hightech\HitExtA15Wall02Trim01_LOD.nif
2510 2 4 4 2.00000 2.00000 1.00000 1.00000 4 4 1 1 0 0.00000 0 1 0 0 0 0 0 4 0 4 0 0 0 1.00000 LOD\Architecture\Buildings\Hightech\HitExtA15Wall02Trim01B_LOD.nif
2511 4 8 8 2.00000 2.00000 1.00000 1.00000 6 6 1 1 0 0.00000 0 1 0 0 0 0 0 6 2 6 0 0 0 1.00000 LOD\Architecture\Buildings\Hightech\HitExtA15WallTall01_LOD.nif
2512 4 8 8 2.00000 2.00000 1.00000 1.00000 6 6 1 1 0 0.00000 0 1 0 0 0 0 0 6 2 6 0 0 0 1.00000 LOD\Architecture\Buildings\Hightech\HitExtA15WallTall01B_LOD.nif
2513 2 6 6 3.00000 3.00000 1.33333 1.33333 4 4 1 1 0 0.00000 0 1 0 0 0 0 0 4 0 4 0 0 0 1.00000 LOD\Architecture\Buildings\Hightech\HitExtA15WallTall02_LOD.nif
2514 2 4 4 2.00000 2.00000 1.00000 1.00000 4 4 1 1 0 0.00000 0 1 0 0 0 0 0 4 0 4 0 0 0 1.00000 LOD\Architecture\Buildings\Hightech\HitExtA15WallTall02B_LOD.nif
2515 2 4 4 2.00000 2.00000 1.00000 1.00000 4 4 1 1 0 0.00000 0 1 0 0 0 0 0 4 0 4 0 0 0 1.00000 LOD\Architecture\Buildings\Hightech\HitExtA15WallTall02BFull_LOD.nif
2516 6 12 18 2.00000 2.00000 1.00000 1.00000 8 8 2 1 1 0.29207 1 1 0 0 0 1 0 8 4 6 0 0 0 1.00000 LOD\Architecture\Buildings\Hightech\HitExtA15WallTallDmg01_2_LOD.nif
2517 6 12 18 2.00000 2.00000 1.00000 1.00000 8 8 2 1 1 0.00284 1 1 0 0 0 1 0 8 4 6 0 0 0 1.00000 LOD\Architecture\Buildings\Hightech\HitExtA15WallTallDmg01_LOD.nif
2518 6 12 18 2.00000 2.00000 1.00000 1.00000 8 8 2 1 1 0.29207 1 1 0 0 0 1 0 8 4 6 0 0 0 1.00000 LOD\Architecture\Buildings\Hightech\HitExtA15WallTallDmg01B_LOD.nif
2519 4 8 8 2.00000 2.00000 1.00000 1.00000 6 6 1 1 0 0.00000 0 1 0 0 0 0 0 6 2 6 0 0 0 1.00000 LOD\Architecture\Buildings\Hightech\HitExtA15WallTallDmg02_2_LOD.nif
2520 4 8 8 2.00000 2.00000 1.00000 1.00000 6 6 1 1 0 0.00000 0 1 0 0 0 0 0 6 2 6 0 0 0 1.00000 LOD\Architecture\Buildings\Hightech\HitExtA15WindowE01_LOD.nif
2521 2 6 6 3.00000 3.00000 1.33333 1.33333 4 4 1 1 0 0.00000 0 1 0 0 0 0 0 4 0 4 0 0 0 1.00000 LOD\Architecture\Buildings\Hightech\HitExtA15WindowE02_LOD.nif
2522 2 4 4 2.00000 2.00000 1.00000 1.00000 4 4 1 1 0 0.00000 0 1 0 0 0 0 0 4 0 4 0 0 0 1.00000 LOD\Architecture\Buildings\Hightech\HitExtA15WindowE03_LOD.nif
2523 4 8 8 2.00000 2.00000 1.00000 1.00000 6 6 1 1 0 0.00000 0 1 0 0 0 0 0 6 2 6 0 0 0 1.00000 LOD\Architecture\Buildings\Hightech\HitExtA15WindowELong01_LOD.nif
2524 4 8 8 2.00000 2.00000 1.00000 1.00000 6 6 1 1 0 0.00000 0 1 0 0 0 0 0 6 2 6 0 0 0 1.00000 LOD\Architecture\Buildings\Hightech\HitExtA15WindowELong02_LOD.nif
2525 2 6 6 3.00000 3.00000 1.33333 1.33333 4 4 1 1 0 0.00000 0 1 0 0 0 0 0 4 0 4 0 0 0 1.00000 LOD\Architecture\Buildings\Hightech\HitExtA45Wall01_LOD.nif
2526 2 4 4 2.00000 2.00000 1.00000 1.00000 4 4 1 1 0 0.00000 0 1 0 0 0 0 0 4 0 4 0 0 0 1.00000 LOD\Architecture\Buildings\Hightech\HitExtA45Wall01Dmg02_LOD.nif
2527 2 4 4 2.00000 2.00000 1.00000 1.00000 4 4 1 1 0 0.00000 0 1 0 0 0 0 0 4 0 4 0 0 0 1.00000 LOD\Architecture\Buildings\Hightech\HitExtA45WallInLong01_LOD.nif
2528 2 6 6 3.00000 3.00000 1.33333 1.33333 4 4 1 1 0 0.00000 0 1 0 0 0 0 0 4 0 4 0 0 0 1.00000 LOD\Architecture\Buildings\Hightech\HitExtA45WallInLong02_LOD.nif
2529 4 12 12 3.00000 3.00000 1.00000 1.00000 6 6 1 1 0 0.00000 0 1 0 0 0 0 0 6 3 6 0 0 0 1.00000 LOD\Architecture\Buildings\Hightech\HitExtA45WallLong01_LOD.nif
2530 4 8 8 2.00000 2.00000 1.00000 1.00000 6 6 1 1 0 0.00000 0 1 0 0 0 0 0 6 2 6 0 0 0 1.00000 LOD\Architecture\Buildings\Hightech\HitExtA45WallLong01Dmg01_LOD.nif
2531 4 8 8 2.00000 2.00000 1.00000 1.00000 6 6 1 1 0 0.00000 0 1 0 0 0 0 0 6 2 6 0 0 0 1.00000 LOD\Architecture\Buildings\Hightech\HitExtA45WallLong01Dmg02_LOD.nif
2532 4 12 12 3.00000 3.00000 1.00000 1.00000 6 6 1 1 0 0.00000 0 1 0 0 0 0 0 6 3 6 0 0 0 1.00000 LOD\Architecture\Buildings\Hightech\HitExtA45WallLong02_LOD.nif
2533 4 8 8 2.00000 2.00000 1.00000 1.00000 6 6 1 1 0 0.00000 0 1 0 0 0 0 0 6 2 6 0 0 0 1.00000 LOD\Architecture\Buildings\Hightech\HitExtA45WallLong02Dmg01_LOD.nif
2534 2 6 6 3.00000 3.00000 1.33333 1.33333 4 4 1 1 0 0.00000 0 1 0 0 0 0 0 4 0 4 0 0 0 1.00000 LOD\Architecture\Buildings\Hightech\HitExtA45WallTall01_LOD.nif
2535 4 10 10 2.50000 2.50000 1.20000 1.20000 6 6 1 1 0 0.00000 0 1 0 0 0 0 0 6 3 6 0 0 0 1.00000 LOD\Architecture\Buildings\Hightech\HitExtA45WallTall01Dmg01_LOD.nif
2536 4 10 10 2.50000 2.50000 1.20000 1.20000 6 6 1 1 0 0.00000 0 1 0 0 0 0 0 6 3 6 0 0 0 1.00000 LOD\Architecture\Buildings\Hightech\HitExtA45WallTall01Dmg02_LOD.nif
2537 2 6 6 3.00000 3.00000 1.33333 1.33333 4 4 1 1 0 0.00000 0 1 0 0 0 0 0 4 0 4 0 0 0 1.00000 LOD\Architecture\Buildings\Hightech\HitExtA45WallTall01Full_LOD.nif
2538 2 4 4 2.00000 2.00000 1.00000 1.00000 4 4 1 1 0 0.00000 0 1 0 0 0 0 0 4 0 4 0 0 0 1.00000 LOD\Architecture\Buildings\Hightech\HitExtA45WallTall02_LOD.nif
2539 6 12 18 2.00000 2.00000 1.00000 1.00000 8 8 2 1 1 0.00002 1 1 0 0 0 1 0 8 4 6 0 0 0 1.00000 LOD\Architecture\Buildings\Hightech\HitExtA45WallTall02Dmg01_LOD.nif
2540 6 12 18 2.00000 2.00000 1.00000 1.00000 8 8 2 1 1 0.00002 1 1 0 0 0 1 0 8 4 6 0 0 0 1.00000 LOD\Architecture\Buildings\Hightech\HitExtA45WallTall02Dmg02_LOD.nif
2541 2 4 4 2.00000 2.00000 1.00000 1.00000 4 4 1 1 0 0.00000 0 1 0 0 0 0 0 4 0 4 0 0 0 1.00000 LOD\Architecture\Buildings\Hightech\HitExtA45WallTall02Full_LOD.nif
2542 2 6 6 3.00000 3.00000 1.33333 1.33333 4 4 1 1 0 0.00000 0 1 0 0 0 0 0 4 0 4 0 0 0 1.00000 LOD\Architecture\Buildings\Hightech\HitExtA45WallTall03_LOD.nif
2543 2 6 6 3.00000 3.00000 1.33333 1.33333 4 4 1 1 0 0.00000 0 1 0 0 0 0 0 4 0 4 0 0 0 1.00000 LOD\Architecture\Buildings\Hightech\HitExtA45WallTall03Full_LOD.nif
2544 2 6 6 3.00000 3.00000 1.33333 1.33333 4 4 1 1 0 0.00000 0 1 0 0 0 0 0 4 0 4 0 0 0 1.00000 LOD\Architecture\Buildings\Hightech\HitExtA45WallTrimLong02_LOD.nif
2545 2 6 6 3.00000 3.00000 1.33333 1.33333 4 4 1 1 0 0.00000 0 1 0 0 0 0 0 4 0 4 0 0 0 1.00000 LOD\Architecture\Buildings\Hightech\HitExtA45WindowALong01_LOD.nif
2546 4 12 12 3.00000 3.00000 1.00000 1.00000 6 6 1 1 0 0.00000 0 1 0 0 0 0 0 6 3 6 0 0 0 1.00000 LOD\Architecture\Buildings\Hightech\HitExtA45WindowALong02_LOD.nif
2547 2 4 4 2.00000 2.00000 1.00000 1.00000 4 4 1 1 0 0.00000 0 1 0 0 0 0 0 4 0 4 0 0 0 1.00000 LOD\Architecture\Buildings\Hightech\HitExtA45WindowDLong01_LOD.nif
2548 2 4 4 2.00000 2.00000 1.00000 1.00000 4 4 1 1 0 0.00000 0 1 0 0 0 0 0 4 0 4 0 0 0 1.00000 LOD\Architecture\Buildings\Hightech\HitExtA45WindowDLong02_LOD.nif
2549 2 6 6 3.00000 3.00000 1.33333 1.33333 4 4 1 1 0 0.00000 0 1 0 0 0 0 0 4 0 4 0 0 0 1.00000 LOD\Architecture\Buildings\Hightech\HitExtA45WindowE01_LOD.nif
2550 2 4 4 2.00000 2.00000 1.00000 1.00000 4 4 1 1 0 0.00000 0 1 0 0 0 0 0 4 0 4 0 0 0 1.00000 LOD\Architecture\Buildings\Hightech\HitExtA45WindowELong01_LOD.nif
2551 2 4 4 2.00000 2.00000 1.00000 1.00000 4 4 1 1 0 0.00000 0 1 0 0 0 0 0 4 0 4 0 0 0 1.00000 LOD\Architecture\Buildings\Hightech\HitExtABase4501_LOD.nif
2552 4 8 8 2.00000 2.00000 1.00000 1.00000 6 6 1 1 0 0.00000 0 1 0 0 0 0 0 6 1 6 0 0 0 1.00000 LOD\Architecture\Buildings\Hightech\HitExtABaseCornerA01_LOD.nif
2553 6 8 14 1.33333 1.33333 1.00000 1.00000 8 8 2 1 1 62.68084 1 1 0 0 0 1 0 8 0 6 0 0 0 0.97585 LOD\Architecture\Buildings\Hightech\HitExtABaseCornerB01_LOD.nif
2554 4 6 6 1.50000 1.50000 1.33333 1.33333 6 6 1 1 0 0.00000 0 1 0 0 0 0 0 6 0 6 0 0 0 1.00000 LOD\Architecture\Buildings\Hightech\HitExtABaseCornerC01_LOD.nif
2555 4 6 6 1.50000 1.50000 1.33333 1.33333 6 6 1 1 0 0.00000 0 1 0 0 0 0 0 6 0 6 0 0 0 1.00000 LOD\Architecture\Buildings\Hightech\HitExtABaseCornerD01_LOD.nif
2556 2 4 4 2.00000 2.00000 1.00000 1.00000 4 4 1 1 0 0.00000 0 1 0 0 0 0 0 4 0 4 0 0 0 1.00000 LOD\Architecture\Buildings\Hightech\HitExtABaseHalf01_LOD.nif
2557 2 4 4 2.00000 2.00000 1.00000 1.00000 4 4 1 1 0 0.00000 0 1 0 0 0 0 0 4 0 4 0 0 0 1.00000 LOD\Architecture\Buildings\Hightech\HitExtABaseLong01_LOD.nif
2558 12 26 26 2.16667 2.16667 1.07692 1.07692 0 0 1 1 0 0.00000 0 0 0 0 0 0 0 8 14 0 0 0 1 1.00000 LOD\Architecture\Buildings\Hightech\HitExtAColumnTall01_LOD.nif
2559 12 26 26 2.16667 2.16667 1.07692 1.07692 0 0 1 1 0 0.00000 0 0 0 0 0 0 0 8 18 0 0 0 1 1.00000 LOD\Architecture\Buildings\Hightech\HitExtAColumnTall02_LOD.nif
2560 4 10 10 2.50000 2.50000 1.20000 1.20000 6 6 1 1 0 0.00000 0 1 0 0 0 0 0 6 0 6 0 0 0 1.00000 LOD\Architecture\Buildings\Hightech\HitExtACornerA01_LOD.nif
2561 4 10 10 2.50000 2.50000 1.20000 1.20000 6 6 1 1 0 0.00000 0 1 0 0 0 0 0 6 0 6 0 0 0 1.00000 LOD\Architecture\Buildings\Hightech\HitExtACornerA01Full_LOD.nif
2562 4 12 12 3.00000 3.00000 1.00000 1.00000 6 6 1 1 0 0.00000 0 1 0 0 0 0 0 6 0 6 0 0 0 1.00000 LOD\Architecture\Buildings\Hightech\HitExtACornerACapBottom01_LOD.nif
2563 4 12 12 3.00000 3.00000 1.00000 1.00000 6 6 1 1 0 0.00000 0 1 0 0 0 0 0 6 0 6 0 0 0 1.00000 LOD\Architecture\Buildings\Hightech\HitExtACornerACapTop01_LOD.nif
2564 4 12 12 3.00000 3.00000 1.00000 1.00000 6 6 1 1 0 0.00000 0 1 0 0 0 0 0 6 3 6 0 0 0 1.00000 LOD\Architecture\Buildings\Hightech\HitExtACornerACapTopDmg01_LOD.nif
2565 4 8 8 2.00000 2.00000 1.00000 1.00000 6 6 1 1 0 0.00000 0 1 0 0 0 0 0 6 2 6 0 0 0 1.00000 LOD\Architecture\Buildings\Hightech\HitExtACornerADmg01_LOD.nif
2566 4 8 8 2.00000 2.00000 1.00000 1.00000 6 6 1 1 0 0.00000 0 1 0 0 0 0 0 6 2 6 0 0 0 1.00000 LOD\Architecture\Buildings\Hightech\HitExtACornerADmg01Full_LOD.nif
2567 4 8 8 2.00000 2.00000 1.00000 1.00000 6 6 1 1 0 0.00000 0 1 0 0 0 0 0 6 2 6 0 0 0 1.00000 LOD\Architecture\Buildings\Hightech\HitExtACornerADmg02_LOD.nif
2568 4 10 10 2.50000 2.50000 1.20000 1.20000 6 6 1 1 0 0.00000 0 1 0 0 0 0 0 6 0 6 0 0 0 1.00000 LOD\Architecture\Buildings\Hightech\HitExtACornerAShort01_LOD.nif
2569 4 8 8 2.00000 2.00000 1.00000 1.00000 6 6 1 1 0 0.00000 0 1 0 0 0 0 0 6 2 6 0 0 0 1.00000 LOD\Architecture\Buildings\Hightech\HitExtACornerAShortDmg01_LOD.nif
2570 4 8 8 2.00000 2.00000 1.00000 1.00000 6 6 1 1 0 0.00000 0 1 0 0 0 0 0 6 0 6 0 0 0 1.00000 LOD\Architecture\Buildings\Hightech\HitExtACornerATall01_LOD.nif
2571 4 8 8 2.00000 2.00000 1.00000 1.00000 6 6 1 1 0 0.00000 0 1 0 0 0 0 0 6 0 6 0 0 0 1.00000 LOD\Architecture\Buildings\Hightech\HitExtACornerATall01Full_LOD.nif
2572 4 8 8 2.00000 2.00000 1.00000 1.00000 6 6 1 1 0 0.00000 0 1 0 0 0 0 0 6 2 6 0 0 0 1.00000 LOD\Architecture\Buildings\Hightech\HitExtACornerATallDmg01_LOD.nif
2573 4 8 8 2.00000 2.00000 1.00000 1.00000 6 6 1 1 0 0.00000 0 1 0 0 0 0 0 6 2 6 0 0 0 1.00000 LOD\Architecture\Buildings\Hightech\HitExtACornerATallDmg01Full_LOD.nif
2574 4 8 8 2.00000 2.00000 1.00000 1.00000 6 6 1 1 0 0.00000 0 1 0 0 0 0 0 6 2 6 0 0 0 1.00000 LOD\Architecture\Buildings\Hightech\HitExtACornerATallDmg02_LOD.nif
2575 4 8 8 2.00000 2.00000 1.00000 1.00000 6 6 1 1 0 0.00000 0 1 0 0 0 0 0 6 2 6 0 0 0 1.00000 LOD\Architecture\Buildings\Hightech\HitExtACornerATallDmg03_LOD.nif
2576 4 8 8 2.00000 2.00000 1.00000 1.00000 8 8 1 1 0 0.00000 0 1 0 0 0 0 0 7 0 8 0 0 0 1.00000 LOD\Architecture\Buildings\Hightech\HitExtACornerATallDmgPanels02_LOD.nif
2577 4 10 10 2.50000 2.50000 1.20000 1.20000 6 6 1 1 0 0.00000 0 1 0 0 0 0 0 6 0 6 0 0 0 1.00000 LOD\Architecture\Buildings\Hightech\HitExtACornerATrim01_LOD.nif
2578 4 8 8 2.00000 2.00000 1.00000 1.00000 6 6 1 1 0 0.00000 0 1 0 0 0 0 0 6 0 6 0 0 0 1.00000 LOD\Architecture\Buildings\Hightech\HitExtACornerAWindowE01_LOD.nif
2579 6 8 14 1.33333 1.33333 1.00000 1.00000 8 8 2 1 1 57.24329 1 1 0 0 0 1 0 8 0 6 0 0 0 1.00000 LOD\Architecture\Buildings\Hightech\HitExtACornerB01_LOD.nif
2580 6 8 14 1.33333 1.33333 1.00000 1.00000 8 8 2 1 1 57.24329 1 1 0 0 0 1 0 8 0 6 0 0 0 1.00000 LOD\Architecture\Buildings\Hightech\HitExtACornerB01Full_LOD.nif
2581 2 4 4 2.00000 2.00000 1.00000 1.00000 4 4 1 1 0 0.00000 0 1 0 0 0 0 0 4 0 4 0 0 0 1.00000 LOD\Architecture\Buildings\Hightech\HitExtACornerB02_LOD.nif
2582 6 8 14 1.33333 1.33333 1.00000 1.00000 8 8 2 1 1 55.84283 1 1 0 0 0 1 0 8 0 6 0 0 0 1.00000 LOD\Architecture\Buildings\Hightech\HitExtACornerBCapBottom01_LOD.nif
2583 6 12 12 2.00000 2.00000 1.00000 1.00000 8 8 1 1 0 0.00000 0 0 0 0 0 0 0 8 4 8 0 0 1 1.00000 LOD\Architecture\Buildings\Hightech\HitExtACornerBCapBottomDmg01_LOD.nif
2584 6 12 12 2.00000 2.00000 1.00000 1.00000 8 8 1 1 0 0.00000 0 0 0 0 0 0 0 8 4 8 0 0 1 1.00000 LOD\Architecture\Buildings\Hightech\HitExtACornerBCapBottomDmgPanels01_LOD.nif
2585 6 12 18 2.00000 2.00000 1.00000 1.00000 8 8 2 1 1 57.24333 1 1 0 0 0 1 0 8 4 6 0 0 0 0.99344 LOD\Architecture\Buildings\Hightech\HitExtACornerBCapTop01_LOD.nif
2586 4 6 6 1.50000 1.50000 1.33333 1.33333 6 6 1 1 0 0.00000 0 1 0 0 0 0 0 6 0 6 0 0 0 1.00000 LOD\Architecture\Buildings\Hightech\HitExtACornerBCapTop02_LOD.nif
2587 6 12 12 2.00000 2.00000 1.00000 1.00000 8 8 1 1 0 0.00000 0 0 0 0 0 0 0 8 4 8 0 0 1 1.00000 LOD\Architecture\Buildings\Hightech\HitExtACornerBCapTopDmg01_LOD.nif
2588 6 12 18 2.00000 2.00000 1.00000 1.00000 8 8 2 1 1 57.24342 1 1 0 0 0 1 0 8 4 6 0 0 0 1.00000 LOD\Architecture\Buildings\Hightech\HitExtACornerBDmg01_LOD.nif
2589 6 12 18 2.00000 2.00000 1.00000 1.00000 8 8 2 1 1 57.24342 1 1 0 0 0 1 0 8 4 6 0 0 0 1.00000 LOD\Architecture\Buildings\Hightech\HitExtACornerBDmg01Full_LOD.nif
2590 6 12 18 2.00000 2.00000 1.00000 1.00000 8 8 2 1 1 57.24340 1 1 0 0 0 1 0 8 4 6 0 0 0 1.00000 LOD\Architecture\Buildings\Hightech\HitExtACornerBDmg02_LOD.nif
2591 6 12 18 2.00000 2.00000 1.00000 1.00000 8 8 2 1 1 57.24340 1 1 0 0 0 1 0 8 4 6 0 0 0 1.00000 LOD\Architecture\Buildings\Hightech\HitExtACornerBDmg03_LOD.nif
2592 6 12 12 2.00000 2.00000 1.00000 1.00000 12 12 1 1 0 0.00000 0 0 0 0 0 0 0 12 0 12 0 0 1 1.00000 LOD\Architecture\Buildings\Hightech\HitExtACornerBDmgPanels02_LOD.nif
2593 4 8 8 2.00000 2.00000 1.00000 1.00000 8 8 1 1 0 0.00000 0 1 0 0 0 0 0 8 0 8 0 0 0 1.00000 LOD\Architecture\Buildings\Hightech\HitExtACornerBInShort01_LOD.nif
2594 6 16 22 2.66667 2.66667 1.00000 1.00000 8 8 2 1 1 32.62868 1 1 0 0 0 1 0 8 0 6 0 0 0 0.75434 LOD\Architecture\Buildings\Hightech\HitExtACornerBInTall01_LOD.nif
2595 6 8 14 1.33333 1.33333 1.00000 1.00000 8 8 2 1 1 52.25583 1 1 0 0 0 1 0 8 0 6 0 0 0 0.96000 LOD\Architecture\Buildings\Hightech\HitExtACornerBShort01_LOD.nif
2596 2 4 4 2.00000 2.00000 1.00000 1.00000 4 4 1 1 0 0.00000 0 1 0 0 0 0 0 4 0 4 0 0 0 1.00000 LOD\Architecture\Buildings\Hightech\HitExtACornerBShort02_LOD.nif
2597 6 12 18 2.00000 2.00000 1.00000 1.00000 8 8 2 1 1 52.25582 1 1 0 0 0 1 0 8 4 6 0 0 0 1.00000 LOD\Architecture\Buildings\Hightech\HitExtACornerBShortDmg01_LOD.nif
2598 6 8 14 1.33333 1.33333 1.00000 1.00000 8 8 2 1 1 57.24337 1 1 0 0 0 1 0 8 0 6 0 0 0 0.74195 LOD\Architecture\Buildings\Hightech\HitExtACornerBTall01_LOD.nif
2599 6 8 14 1.33333 1.33333 1.00000 1.00000 8 8 2 1 1 57.24337 1 1 0 0 0 1 0 8 0 6 0 0 0 0.74195 LOD\Architecture\Buildings\Hightech\HitExtACornerBTall01Full_LOD.nif
2600 2 4 4 2.00000 2.00000 1.00000 1.00000 4 4 1 1 0 0.00000 0 1 0 0 0 0 0 4 0 4 0 0 0 1.00000 LOD\Architecture\Buildings\Hightech\HitExtACornerBTall02_LOD.nif
2601 6 12 18 2.00000 2.00000 1.00000 1.00000 8 8 2 1 1 57.24336 1 1 0 0 0 1 0 8 4 6 0 0 0 0.73438 LOD\Architecture\Buildings\Hightech\HitExtACornerBTallDmg01_LOD.nif
2602 6 12 18 2.00000 2.00000 1.00000 1.00000 8 8 2 1 1 57.24336 1 1 0 0 0 1 0 8 4 6 0 0 0 0.73438 LOD\Architecture\Buildings\Hightech\HitExtACornerBTallDmg01Full_LOD.nif
2603 6 12 18 2.00000 2.00000 1.00000 1.00000 8 8 2 1 1 57.24336 1 1 0 0 0 1 0 8 4 6 0 0 0 0.73438 LOD\Architecture\Buildings\Hightech\HitExtACornerBTallDmg02_LOD.nif
2604 6 10 16 1.66667 1.66667 1.20000 1.20000 8 8 2 1 1 57.24336 1 1 0 0 0 1 0 8 2 6 0 0 0 0.73438 LOD\Architecture\Buildings\Hightech\HitExtACornerBTallDmg03_LOD.nif
2605 2 4 4 2.00000 2.00000 1.00000 1.00000 4 4 1 1 0 0.00000 0 1 0 0 0 0 0 4 0 4 0 0 0 1.00000 LOD\Architecture\Buildings\Hightech\HitExtACornerBTallDmg04_LOD.nif
2606 4 8 8 2.00000 2.00000 1.00000 1.00000 8 8 1 1 0 0.00000 0 1 0 0 0 0 0 8 0 8 0 0 0 1.00000 LOD\Architecture\Buildings\Hightech\HitExtACornerBTallDmgPanels01_LOD.nif
2607 2 6 6 3.00000 3.00000 1.33333 1.33333 6 6 1 1 0 0.00000 0 1 0 0 0 0 0 6 0 6 0 0 0 1.00000 LOD\Architecture\Buildings\Hightech\HitExtACornerBTallDmgPanels02_LOD.nif
2608 6 8 14 1.33333 1.33333 1.00000 1.00000 8 8 2 1 1 60.33929 1 1 0 0 0 1 0 8 0 6 0 0 0 0.73132 LOD\Architecture\Buildings\Hightech\HitExtACornerBTallDmgPanels03_LOD.nif
2609 4 8 8 2.00000 2.00000 1.00000 1.00000 8 8 1 1 0 0.00000 0 1 0 0 0 0 0 8 0 8 0 0 0 1.00000 LOD\Architecture\Buildings\Hightech\HitExtACornerBTallDmgPanels04_LOD.nif
2610 6 8 14 1.33333 1.33333 1.00000 1.00000 8 8 2 1 1 52.25582 1 1 0 0 0 1 0 8 0 6 0 0 0 1.00000 LOD\Architecture\Buildings\Hightech\HitExtACornerBTrim01_LOD.nif
2611 2 4 4 2.00000 2.00000 1.00000 1.00000 4 4 1 1 0 0.00000 0 1 0 0 0 0 0 4 0 4 0 0 0 1.00000 LOD\Architecture\Buildings\Hightech\HitExtACornerBTrim02_LOD.nif
2612 6 8 14 1.33333 1.33333 1.00000 1.00000 8 8 2 1 1 57.24333 1 1 0 0 0 1 0 8 0 6 0 0 0 0.96000 LOD\Architecture\Buildings\Hightech\HitExtACornerBWindowA01_LOD.nif
2613 6 12 18 2.00000 2.00000 1.00000 1.00000 8 8 2 1 1 57.24342 1 1 0 0 0 1 0 8 4 6 0 0 0 1.00000 LOD\Architecture\Buildings\Hightech\HitExtACornerBWindowADmg01_LOD.nif
2614 6 8 14 1.33333 1.33333 1.00000 1.00000 8 8 2 1 1 57.24332 1 1 0 0 0 1 0 8 0 6 0 0 0 1.00000 LOD\Architecture\Buildings\Hightech\HitExtACornerBWindowE01_LOD.nif
2615 4 6 6 1.50000 1.50000 1.33333 1.33333 6 6 1 1 0 0.00000 0 1 0 0 0 0 0 6 0 6 0 0 0 1.00000 LOD\Architecture\Buildings\Hightech\HitExtACornerC01_LOD.nif
2616 4 6 6 1.50000 1.50000 1.33333 1.33333 6 6 1 1 0 0.00000 0 1 0 0 0 0 0 6 0 6 0 0 0 1.00000 LOD\Architecture\Buildings\Hightech\HitExtACornerC01Full_LOD.nif
2617 4 6 6 1.50000 1.50000 1.33333 1.33333 6 6 1 1 0 0.00000 0 1 0 0 0 0 0 6 0 6 0 0 0 1.00000 LOD\Architecture\Buildings\Hightech\HitExtACornerCCapBottom01_LOD.nif
2618 4 6 6 1.50000 1.50000 1.33333 1.33333 6 6 1 1 0 0.00000 0 1 0 0 0 0 0 6 0 6 0 0 0 1.00000 LOD\Architecture\Buildings\Hightech\HitExtACornerCCapTop01_LOD.nif
2619 4 8 8 2.00000 2.00000 1.00000 1.00000 6 6 1 1 0 0.00000 0 1 0 0 0 0 0 6 2 6 0 0 0 1.00000 LOD\Architecture\Buildings\Hightech\HitExtACornerCDmg01_LOD.nif
2620 4 8 8 2.00000 2.00000 1.00000 1.00000 6 6 1 1 0 0.00000 0 1 0 0 0 0 0 6 2 6 0 0 0 1.00000 LOD\Architecture\Buildings\Hightech\HitExtACornerCDmg02_LOD.nif
2621 4 6 6 1.50000 1.50000 1.33333 1.33333 6 6 1 1 0 0.00000 0 1 0 0 0 0 0 6 0 6 0 0 0 1.00000 LOD\Architecture\Buildings\Hightech\HitExtACornerCShort01_LOD.nif
2622 4 8 8 2.00000 2.00000 1.00000 1.00000 6 6 1 1 0 0.00000 0 1 0 0 0 0 0 6 2 6 0 0 0 1.00000 LOD\Architecture\Buildings\Hightech\HitExtACornerCShortDmg01_LOD.nif
2623 4 8 8 2.00000 2.00000 1.00000 1.00000 6 6 1 1 0 0.00000 0 1 0 0 0 0 0 6 2 6 0 0 0 1.00000 LOD\Architecture\Buildings\Hightech\HitExtACornerCShortDmg01Full_LOD.nif
2624 4 6 6 1.50000 1.50000 1.33333 1.33333 6 6 1 1 0 0.00000 0 1 0 0 0 0 0 6 0 6 0 0 0 1.00000 LOD\Architecture\Buildings\Hightech\HitExtACornerCTall01_LOD.nif
2625 4 6 6 1.50000 1.50000 1.33333 1.33333 6 6 1 1 0 0.00000 0 1 0 0 0 0 0 6 0 6 0 0 0 1.00000 LOD\Architecture\Buildings\Hightech\HitExtACornerCTall01Full_LOD.nif
2626 8 16 22 2.00000 2.00000 1.00000 1.00000 8 8 2 1 1 0.00000 1 1 0 0 0 1 0 9 7 6 0 0 0 1.00000 LOD\Architecture\Buildings\Hightech\HitExtACornerCTallDmg01_LOD.nif
2627 8 16 22 2.00000 2.00000 1.00000 1.00000 8 8 2 1 1 0.00000 1 1 0 0 0 1 0 9 7 6 0 0 0 1.00000 LOD\Architecture\Buildings\Hightech\HitExtACornerCTallDmg01Full_LOD.nif
2628 8 16 22 2.00000 2.00000 1.00000 1.00000 8 8 2 1 1 0.00000 1 1 0 0 0 1 0 9 7 6 0 0 0 1.00000 LOD\Architecture\Buildings\Hightech\HitExtACornerCTallDmg02_LOD.nif
2629 4 6 6 1.50000 1.50000 1.33333 1.33333 6 6 1 1 0 0.00000 0 1 0 0 0 0 0 6 0 6 0 0 0 1.00000 LOD\Architecture\Buildings\Hightech\HitExtACornerCTrim01_LOD.nif
2630 4 6 6 1.50000 1.50000 1.33333 1.33333 6 6 1 1 0 0.00000 0 1 0 0 0 0 0 6 0 6 0 0 0 1.00000 LOD\Architecture\Buildings\Hightech\HitExtACornerCWindowA01_LOD.nif
2631 4 8 8 2.00000 2.00000 1.00000 1.00000 6 6 1 1 0 0.00000 0 1 0 0 0 0 0 6 2 6 0 0 0 1.00000 LOD\Architecture\Buildings\Hightech\HitExtACornerCWindowADmg01_LOD.nif
2632 4 6 6 1.50000 1.50000 1.33333 1.33333 6 6 1 1 0 0.00000 0 1 0 0 0 0 0 6 0 6 0 0 0 1.00000 LOD\Architecture\Buildings\Hightech\HitExtACornerCWindowE01_LOD.nif
2633 4 6 6 1.50000 1.50000 1.33333 1.33333 6 6 1 1 0 0.00000 0 1 0 0 0 0 0 6 0 6 0 0 0 1.00000 LOD\Architecture\Buildings\Hightech\HitExtACornerD01_LOD.nif
2634 4 6 6 1.50000 1.50000 1.33333 1.33333 6 6 1 1 0 0.00000 0 1 0 0 0 0 0 6 0 6 0 0 0 1.00000 LOD\Architecture\Buildings\Hightech\HitExtACornerD01Full_LOD.nif
2635 4 8 8 2.00000 2.00000 1.00000 1.00000 6 6 1 1 0 0.00000 0 1 0 0 0 0 0 6 2 6 0 0 0 1.00000 LOD\Architecture\Buildings\Hightech\HitExtACornerDCapBottom01_LOD.nif
2636 4 6 6 1.50000 1.50000 1.33333 1.33333 6 6 1 1 0 0.00000 0 1 0 0 0 0 0 6 0 6 0 0 0 1.00000 LOD\Architecture\Buildings\Hightech\HitExtACornerDCapTop01_LOD.nif
2637 4 8 8 2.00000 2.00000 1.00000 1.00000 6 6 1 1 0 0.00000 0 1 0 0 0 0 0 6 2 6 0 0 0 1.00000 LOD\Architecture\Buildings\Hightech\HitExtACornerDDmg01Full_LOD.nif
2638 4 8 8 2.00000 2.00000 1.00000 1.00000 6 6 1 1 0 0.00000 0 1 0 0 0 0 0 6 2 6 0 0 0 1.00000 LOD\Architecture\Buildings\Hightech\HitExtACornerDDmg02_LOD.nif
2639 4 6 6 1.50000 1.50000 1.33333 1.33333 6 6 1 1 0 0.00000 0 1 0 0 0 0 0 6 0 6 0 0 0 1.00000 LOD\Architecture\Buildings\Hightech\HitExtACornerDShort01_LOD.nif
2640 4 8 8 2.00000 2.00000 1.00000 1.00000 6 6 1 1 0 0.00000 0 1 0 0 0 0 0 6 2 6 0 0 0 1.00000 LOD\Architecture\Buildings\Hightech\HitExtACornerDShortDmg01Full_LOD.nif
2641 4 8 8 2.00000 2.00000 1.00000 1.00000 6 6 1 1 0 0.00000 0 1 0 0 0 0 0 6 2 6 0 0 0 1.00000 LOD\Architecture\Buildings\Hightech\HitExtACornerDShortDmg02_LOD.nif
2642 4 6 6 1.50000 1.50000 1.33333 1.33333 6 6 1 1 0 0.00000 0 1 0 0 0 0 0 6 0 6 0 0 0 1.00000 LOD\Architecture\Buildings\Hightech\HitExtACornerDTall01_LOD.nif
2643 4 6 6 1.50000 1.50000 1.33333 1.33333 6 6 1 1 0 0.00000 0 1 0 0 0 0 0 6 0 6 0 0 0 1.00000 LOD\Architecture\Buildings\Hightech\HitExtACornerDTall01Full_LOD.nif
2644 4 8 8 2.00000 2.00000 1.00000 1.00000 6 6 1 1 0 0.00000 0 1 0 0 0 0 0 6 0 6 0 0 0 1.00000 LOD\Architecture\Buildings\Hightech\HitExtACornerDTall02_LOD.nif
2645 8 16 16 2.00000 2.00000 1.00000 1.00000 8 8 1 1 0 0.00000 0 0 0 1 0 1 0 9 7 8 0 0 0 1.00000 LOD\Architecture\Buildings\Hightech\HitExtACornerDTallDmg01_LOD.nif
2646 8 16 16 2.00000 2.00000 1.00000 1.00000 8 8 1 1 0 0.00000 0 0 0 1 0 1 0 9 7 8 0 0 0 1.00000 LOD\Architecture\Buildings\Hightech\HitExtACornerDTallDmg01Full_LOD.nif
2647 8 16 16 2.00000 2.00000 1.00000 1.00000 8 8 1 1 0 0.00000 0 0 0 1 0 1 0 9 7 8 0 0 0 1.00000 LOD\Architecture\Buildings\Hightech\HitExtACornerDTallDmg02_LOD.nif
2648 8 16 16 2.00000 2.00000 1.00000 1.00000 12 12 1 1 0 0.00000 0 0 0 1 0 1 0 12 4 12 0 0 0 1.00000 LOD\Architecture\Buildings\Hightech\HitExtACornerDTallDmg03_LOD.nif
2649 8 16 16 2.00000 2.00000 1.00000 1.00000 16 16 1 1 0 0.00000 0 0 0 0 0 0 0 13 0 16 0 0 1 1.00000 LOD\Architecture\Buildings\Hightech\HitExtACornerDTallDmgPanels01_LOD.nif
2650 8 16 16 2.00000 2.00000 1.00000 1.00000 16 16 1 1 0 0.00000 0 0 0 0 0 0 0 13 0 16 0 0 1 1.00000 LOD\Architecture\Buildings\Hightech\HitExtACornerDTallDmgPanels02_LOD.nif
2651 8 16 16 2.00000 2.00000 1.00000 1.00000 16 16 1 1 0 0.00000 0 0 0 0 0 0 0 13 0 16 0 0 1 1.00000 LOD\Architecture\Buildings\Hightech\HitExtACornerDTallDmgPanels03_LOD.nif
2652 2 4 4 2.00000 2.00000 1.00000 1.00000 4 4 1 1 0 0.00000 0 1 0 0 0 0 0 4 0 4 0 0 0 1.00000 LOD\Architecture\Buildings\Hightech\HitExtACornerDTallDmgPanels04_LOD.nif
2653 2 4 4 2.00000 2.00000 1.00000 1.00000 4 4 1 1 0 0.00000 0 1 0 0 0 0 0 4 0 4 0 0 0 1.00000 LOD\Architecture\Buildings\Hightech\HitExtACornerDTallDmgPanels05_LOD.nif
2654 2 4 4 2.00000 2.00000 1.00000 1.00000 4 4 1 1 0 0.00000 0 1 0 0 0 0 0 4 0 4 0 0 0 1.00000 LOD\Architecture\Buildings\Hightech\HitExtACornerDTallDmgPanels06_LOD.nif
2655 2 4 4 2.00000 2.00000 1.00000 1.00000 4 4 1 1 0 0.00000 0 1 0 0 0 0 0 4 0 4 0 0 0 1.00000 LOD\Architecture\Buildings\Hightech\HitExtACornerDTallDmgPanels07_LOD.nif
2656 4 8 8 2.00000 2.00000 1.00000 1.00000 6 6 1 1 0 0.00000 0 1 0 0 0 0 0 6 2 6 0 0 0 1.00000 LOD\Architecture\Buildings\Hightech\HitExtACornerDTrim01_LOD.nif
2657 4 8 8 2.00000 2.00000 1.00000 1.00000 6 6 1 1 0 0.00000 0 1 0 0 0 0 0 6 2 6 0 0 0 1.00000 LOD\Architecture\Buildings\Hightech\HitExtACornerDWindowA01_LOD.nif
2658 8 16 16 2.00000 2.00000 1.00000 1.00000 8 8 1 1 0 0.00000 0 0 0 1 0 1 0 9 7 8 0 0 0 1.00000 LOD\Architecture\Buildings\Hightech\HitExtACornerDWindowATall01_LOD.nif
2659 4 8 8 2.00000 2.00000 1.00000 1.00000 6 6 1 1 0 0.00000 0 1 0 0 0 0 0 6 0 6 0 0 0 1.00000 LOD\Architecture\Buildings\Hightech\HitExtACornerDWindowB01_LOD.nif
2660 4 8 8 2.00000 2.00000 1.00000 1.00000 6 6 1 1 0 0.00000 0 1 0 0 0 0 0 6 0 6 0 0 0 1.00000 LOD\Architecture\Buildings\Hightech\HitExtACornerDWindowBTall01_LOD.nif
2661 4 8 8 2.00000 2.00000 1.00000 1.00000 6 6 1 1 0 0.00000 0 1 0 0 0 0 0 6 0 6 0 0 0 1.00000 LOD\Architecture\Buildings\Hightech\HitExtACornerDWindowBTall02_LOD.nif
2662 4 8 8 2.00000 2.00000 1.00000 1.00000 6 6 1 1 0 0.00000 0 1 0 0 0 0 0 6 2 6 0 0 0 1.00000 LOD\Architecture\Buildings\Hightech\HitExtACornerDWindowE01_LOD.nif
2663 4 8 8 2.00000 2.00000 1.00000 1.00000 6 6 1 1 0 0.00000 0 1 0 0 0 0 0 6 0 6 0 0 0 1.00000 LOD\Architecture\Buildings\Hightech\HitExtACornerInA01_LOD.nif
2664 4 12 12 3.00000 3.00000 1.00000 1.00000 6 6 1 1 0 0.00000 0 1 0 0 0 0 0 6 3 6 0 0 0 1.00000 LOD\Architecture\Buildings\Hightech\HitExtACornerInADmg01_LOD.nif
2665 4 8 8 2.00000 2.00000 1.00000 1.00000 6 6 1 1 0 0.00000 0 1 0 0 0 0 0 6 0 6 0 0 0 1.00000 LOD\Architecture\Buildings\Hightech\HitExtACornerInAShort01_LOD.nif
2666 4 12 12 3.00000 3.00000 1.00000 1.00000 6 6 1 1 0 0.00000 0 1 0 0 0 0 0 6 0 6 0 0 0 1.00000 LOD\Architecture\Buildings\Hightech\HitExtACornerInATall01_LOD.nif
2667 4 8 8 2.00000 2.00000 1.00000 1.00000 6 6 1 1 0 0.00000 0 1 0 0 0 0 0 6 2 6 0 0 0 1.00000 LOD\Architecture\Buildings\Hightech\HitExtACornerInATall01Dmg01_LOD.nif
2668 4 8 8 2.00000 2.00000 1.00000 1.00000 6 6 1 1 0 0.00000 0 1 0 0 0 0 0 6 2 6 0 0 0 1.00000 LOD\Architecture\Buildings\Hightech\HitExtACornerInATall01Dmg01Full_LOD.nif
2669 4 8 8 2.00000 2.00000 1.00000 1.00000 6 6 1 1 0 0.00000 0 1 0 0 0 0 0 6 2 6 0 0 0 1.00000 LOD\Architecture\Buildings\Hightech\HitExtACornerInATall01Dmg02_LOD.nif
2670 4 12 12 3.00000 3.00000 1.00000 1.00000 6 6 1 1 0 0.00000 0 1 0 0 0 0 0 6 0 6 0 0 0 1.00000 LOD\Architecture\Buildings\Hightech\HitExtACornerInATall01Full_LOD.nif
2671 16 28 34 1.75000 1.75000 1.00000 1.00000 0 0 2 1 1 31.99992 1 0 0 0 0 1 0 10 15 0 0 0 1 0.90476 LOD\Architecture\Buildings\Hightech\HitExtACornerTransitionCtoB01_LOD.nif
2672 20 36 43 1.80000 1.80000 1.00000 1.00000 0 0 2 2 1 22.37535 1 0 0 0 0 1 0 12 20 0 0 0 1 0.94196 LOD\Architecture\Buildings\Hightech\HitExtACornerTransitionDtoC01_LOD.nif
2673 30 90 90 3.00000 3.00000 1.02222 1.02222 4 4 1 2 0 0.00000 0 0 0 0 0 0 0 17 64 4 0 0 1 1.00000 LOD\Architecture\Buildings\Hightech\HitExtACustomTrim01_LOD.nif
2674 20 40 55 2.00000 2.00000 1.00000 1.00000 14 14 2 2 1 71.55418 1 0 0 0 0 1 0 20 20 14 0 0 1 0.89073 LOD\Architecture\Buildings\Hightech\HitExtAEntranceCustome01_LOD.nif
2675 2 4 4 2.00000 2.00000 1.00000 1.00000 4 4 1 1 0 0.00000 0 1 0 0 0 0 0 4 0 4 0 0 0 1.00000 LOD\Architecture\Buildings\Hightech\HitExtAEntranceD01_LOD.nif
2676 2 4 4 2.00000 2.00000 1.00000 1.00000 4 4 1 1 0 0.00000 0 1 0 0 0 0 0 4 0 4 0 0 0 1.00000 LOD\Architecture\Buildings\Hightech\HitExtAEntranceS01_LOD.nif
2677 2 4 4 2.00000 2.00000 1.00000 1.00000 4 4 1 1 0 0.00000 0 1 0 0 0 0 0 4 0 4 0 0 0 1.00000 LOD\Architecture\Buildings\Hightech\HitExtAEntranceS01Load_LOD.nif
2678 16 40 48 2.50000 2.50000 1.00000 1.00000 14 14 2 2 1 34.24224 1 1 0 0 0 1 0 22 9 8 0 0 1 0.74811 LOD\Architecture\Buildings\Hightech\HitExtAEntranceSingle01_LOD.nif
2679 4 8 8 2.00000 2.00000 1.00000 1.00000 6 6 1 1 0 0.00000 0 1 0 0 0 0 0 6 2 6 0 0 0 1.00000 LOD\Architecture\Buildings\Hightech\HitExtAEntranceTallD01_LOD.nif
2680 4 8 8 2.00000 2.00000 1.00000 1.00000 6 6 1 1 0 0.00000 0 1 0 0 0 0 0 6 2 6 0 0 0 1.00000 LOD\Architecture\Buildings\Hightech\HitExtAEntranceTallS01_LOD.nif
2681 4 8 8 2.00000 2.00000 1.00000 1.00000 6 6 1 1 0 0.00000 0 1 0 0 0 0 0 6 2 6 0 0 0 1.00000 LOD\Architecture\Buildings\Hightech\HitExtAEntranceTallS01Load_LOD.nif
2682 2 6 6 3.00000 3.00000 1.33333 1.33333 4 4 1 1 0 0.00000 0 1 0 0 0 0 0 4 0 4 0 0 0 1.00000 LOD\Architecture\Buildings\Hightech\HitExtAFloor1501_LOD.nif
2683 2 6 6 3.00000 3.00000 1.33333 1.33333 4 4 1 1 0 0.00000 0 1 0 0 0 0 0 4 0 4 0 0 0 1.00000 LOD\Architecture\Buildings\Hightech\HitExtAFloor1501B_LOD.nif
2684 2 6 6 3.00000 3.00000 1.33333 1.33333 4 4 1 1 0 0.00000 0 1 0 0 0 0 0 4 0 4 0 0 0 1.00000 LOD\Architecture\Buildings\Hightech\HitExtAFloor1502_LOD.nif
2685 2 6 6 3.00000 3.00000 1.33333 1.33333 4 4 1 1 0 0.00000 0 1 0 0 0 0 0 4 0 4 0 0 0 1.00000 LOD\Architecture\Buildings\Hightech\HitExtAFloor1502B_LOD.nif
2686 2 6 6 3.00000 3.00000 1.33333 1.33333 4 4 1 1 0 0.00000 0 1 0 0 0 0 0 4 0 4 0 0 0 1.00000 LOD\Architecture\Buildings\Hightech\HitExtAFloor1503_LOD.nif
2687 2 6 6 3.00000 3.00000 1.33333 1.33333 4 4 1 1 0 0.00000 0 1 0 0 0 0 0 4 0 4 0 0 0 1.00000 LOD\Architecture\Buildings\Hightech\HitExtAFloor1503B_LOD.nif
2688 1 3 3 3.00000 3.00000 1.33333 1.33333 3 3 1 1 0 0.00000 0 1 0 0 0 0 0 3 0 3 0 0 0 1.00000 LOD\Architecture\Buildings\Hightech\HitExtAFloor4501_LOD.nif
2689 1 3 3 3.00000 3.00000 1.33333 1.33333 3 3 1 1 0 0.00000 0 1 0 0 0 0 0 3 0 3 0 0 0 1.00000 LOD\Architecture\Buildings\Hightech\HitExtAFloor45Long01_LOD.nif
2690 2 4 4 2.00000 2.00000 1.00000 1.00000 4 4 1 1 0 0.00000 0 1 0 0 0 0 0 4 0 4 0 0 0 1.00000 LOD\Architecture\Buildings\Hightech\HitExtAFloorCircleB01_LOD.nif
2691 2 4 4 2.00000 2.00000 1.00000 1.00000 4 4 1 1 0 0.00000 0 1 0 0 0 0 0 4 0 4 0 0 0 1.00000 LOD\Architecture\Buildings\Hightech\HitExtAFloorCornerA01_LOD.nif
2692 2 4 4 2.00000 2.00000 1.00000 1.00000 4 4 1 1 0 0.00000 0 1 0 0 0 0 0 4 0 4 0 0 0 1.00000 LOD\Architecture\Buildings\Hightech\HitExtAFloorCornerA02_LOD.nif
2693 2 4 4 2.00000 2.00000 1.00000 1.00000 4 4 1 1 0 0.00000 0 1 0 0 0 0 0 4 0 4 0 0 0 1.00000 LOD\Architecture\Buildings\Hightech\HitExtAFloorCornerA02DummyLOD_LOD.nif
2694 2 4 4 2.00000 2.00000 1.00000 1.00000 4 4 1 1 0 0.00000 0 1 0 0 0 0 0 4 0 4 0 0 0 1.00000 LOD\Architecture\Buildings\Hightech\HitExtAFloorCornerA03_LOD.nif
2695 2 4 4 2.00000 2.00000 1.00000 1.00000 4 4 1 1 0 0.00000 0 1 0 0 0 0 0 4 0 4 0 0 0 1.00000 LOD\Architecture\Buildings\Hightech\HitExtAFloorCornerA03DummyLOD_LOD.nif
2696 3 5 5 1.66667 1.66667 1.60000 1.60000 5 5 1 1 0 0.00000 0 1 0 0 0 0 0 5 0 5 0 0 0 1.00000 LOD\Architecture\Buildings\Hightech\HitExtAFloorCornerB01_LOD.nif
2697 3 5 5 1.66667 1.66667 1.60000 1.60000 5 5 1 1 0 0.00000 0 1 0 0 0 0 0 5 0 5 0 0 0 1.00000 LOD\Architecture\Buildings\Hightech\HitExtAFloorCornerB02_LOD.nif
2698 3 5 5 1.66667 1.66667 1.60000 1.60000 5 5 1 1 0 0.00000 0 1 0 0 0 0 0 5 0 5 0 0 0 1.00000 LOD\Architecture\Buildings\Hightech\HitExtAFloorCornerB03_LOD.nif
2699 2 6 6 3.00000 3.00000 1.33333 1.33333 4 4 1 1 0 0.00000 0 1 0 0 0 0 0 4 0 4 0 0 0 1.00000 LOD\Architecture\Buildings\Hightech\HitExtAFloorCornerC01_LOD.nif
2700 3 9 9 3.00000 3.00000 1.33333 1.33333 5 5 1 1 0 0.00000 0 1 0 0 0 0 0 5 0 5 0 0 0 1.00000 LOD\Architecture\Buildings\Hightech\HitExtAFloorCornerC02_LOD.nif
2701 4 12 12 3.00000 3.00000 1.00000 1.00000 6 6 1 1 0 0.00000 0 1 0 0 0 0 0 6 0 6 0 0 0 1.00000 LOD\Architecture\Buildings\Hightech\HitExtAFloorCornerC03_LOD.nif
2702 2 6 6 3.00000 3.00000 1.33333 1.33333 4 4 1 1 0 0.00000 0 1 0 0 0 0 0 4 0 4 0 0 0 1.00000 LOD\Architecture\Buildings\Hightech\HitExtAFloorCornerD01_LOD.nif
2703 3 5 5 1.66667 1.66667 1.60000 1.60000 5 5 1 1 0 0.00000 0 1 0 0 0 0 0 5 0 5 0 0 0 1.00000 LOD\Architecture\Buildings\Hightech\HitExtAFloorCustom01_LOD.nif
2704 2 4 4 2.00000 2.00000 1.00000 1.00000 4 4 1 1 0 0.00000 0 1 0 0 0 0 0 4 0 4 0 0 0 1.00000 LOD\Architecture\Buildings\Hightech\HitExtAFloorHalf01_LOD.nif
2705 2 4 4 2.00000 2.00000 1.00000 1.00000 4 4 1 1 0 0.00000 0 1 0 0 0 0 0 4 0 4 0 0 0 1.00000 LOD\Architecture\Buildings\Hightech\HitExtAFloorHalfLong01_LOD.nif
2706 26 52 61 2.00000 2.00000 1.00000 1.00000 4 4 2 2 1 664.95325 1 0 0 1 0 2 0 16 36 4 0 0 0 0.90901 LOD\Architecture\Buildings\Hightech\HitExtAntenna01_LOD.nif
2707 26 52 61 2.00000 2.00000 1.00000 1.00000 4 4 2 2 1 1071.09143 1 0 0 1 0 2 0 16 36 4 0 0 0 0.78380 LOD\Architecture\Buildings\Hightech\HitExtAntennaJH01_LOD.nif
2708 2 6 6 3.00000 3.00000 1.33333 1.33333 4 4 1 1 0 0.00000 0 1 0 0 0 0 0 4 0 4 0 0 0 1.00000 LOD\Architecture\Buildings\Hightech\HitExtAParapet01_LOD.nif
2709 2 6 6 3.00000 3.00000 1.33333 1.33333 4 4 1 1 0 0.00000 0 1 0 0 0 0 0 4 0 4 0 0 0 1.00000 LOD\Architecture\Buildings\Hightech\HitExtAParapet02_LOD.nif
2710 2 4 4 2.00000 2.00000 1.00000 1.00000 4 4 1 1 0 0.00000 0 1 0 0 0 0 0 4 0 4 0 0 0 1.00000 LOD\Architecture\Buildings\Hightech\HitExtAParapet03_LOD.nif
2711 2 6 6 3.00000 3.00000 1.33333 1.33333 4 4 1 1 0 0.00000 0 1 0 0 0 0 0 4 0 4 0 0 0 1.00000 LOD\Architecture\Buildings\Hightech\HitExtAParapet04_LOD.nif
2712 2 6 6 3.00000 3.00000 1.33333 1.33333 4 4 1 1 0 0.00000 0 1 0 0 0 0 0 4 0 4 0 0 0 1.00000 LOD\Architecture\Buildings\Hightech\HitExtAParapet45Trim03_LOD.nif
2713 4 12 12 3.00000 3.00000 1.00000 1.00000 6 6 1 1 0 0.00000 0 1 0 0 0 0 0 6 3 6 0 0 0 1.00000 LOD\Architecture\Buildings\Hightech\HitExtAParapetCornerA01_LOD.nif
2714 4 12 12 3.00000 3.00000 1.00000 1.00000 6 6 1 1 0 0.00000 0 1 0 0 0 0 0 6 3 6 0 0 0 1.00000 LOD\Architecture\Buildings\Hightech\HitExtAParapetCornerA02_LOD.nif
2715 4 12 12 3.00000 3.00000 1.00000 1.00000 6 6 1 1 0 0.00000 0 1 0 0 0 0 0 6 3 6 0 0 0 1.00000 LOD\Architecture\Buildings\Hightech\HitExtAParapetCornerA03_LOD.nif
2716 4 12 12 3.00000 3.00000 1.00000 1.00000 6 6 1 1 0 0.00000 0 1 0 0 0 0 0 6 0 6 0 0 0 1.00000 LOD\Architecture\Buildings\Hightech\HitExtAParapetCornerA04_LOD.nif
2717 6 18 24 3.00000 3.00000 1.11111 1.11111 8 8 2 1 1 0.00002 1 1 0 0 0 1 0 8 7 6 0 0 0 1.00000 LOD\Architecture\Buildings\Hightech\HitExtAParapetCornerATrim04_LOD.nif
2718 6 12 18 2.00000 2.00000 1.00000 1.00000 8 8 2 1 1 52.24308 1 1 0 0 0 1 0 8 2 6 0 0 0 1.00000 LOD\Architecture\Buildings\Hightech\HitExtAParapetCornerB01_LOD.nif
2719 4 8 8 2.00000 2.00000 1.00000 1.00000 6 6 1 1 0 0.00000 0 1 0 0 0 0 0 6 0 6 0 0 0 1.00000 LOD\Architecture\Buildings\Hightech\HitExtAParapetCornerC01_LOD.nif
2720 4 8 8 2.00000 2.00000 1.00000 1.00000 6 6 1 1 0 0.00000 0 1 0 0 0 0 0 6 0 6 0 0 0 1.00000 LOD\Architecture\Buildings\Hightech\HitExtAParapetCornerD01_LOD.nif
2721 2 4 4 2.00000 2.00000 1.00000 1.00000 4 4 1 1 0 0.00000 0 1 0 0 0 0 0 4 0 4 0 0 0 1.00000 LOD\Architecture\Buildings\Hightech\HitExtAParapetCornerDownA01_LOD.nif
2722 4 8 8 2.00000 2.00000 1.00000 1.00000 6 6 1 1 0 0.00000 0 1 0 0 0 0 0 6 2 6 0 0 0 1.00000 LOD\Architecture\Buildings\Hightech\HitExtAParapetCornerInA01_LOD.nif
2723 4 8 8 2.00000 2.00000 1.00000 1.00000 6 6 1 1 0 0.00000 0 1 0 0 0 0 0 6 2 6 0 0 0 1.00000 LOD\Architecture\Buildings\Hightech\HitExtAParapetCornerInA02_LOD.nif
2724 2 4 4 2.00000 2.00000 1.00000 1.00000 4 4 1 1 0 0.00000 0 1 0 0 0 0 0 4 0 4 0 0 0 1.00000 LOD\Architecture\Buildings\Hightech\HitExtAParapetHalf01_LOD.nif
2725 2 4 4 2.00000 2.00000 1.00000 1.00000 4 4 1 1 0 0.00000 0 1 0 0 0 0 0 4 0 4 0 0 0 1.00000 LOD\Architecture\Buildings\Hightech\HitExtAParapetHalf02_LOD.nif
2726 2 6 6 3.00000 3.00000 1.33333 1.33333 4 4 1 1 0 0.00000 0 1 0 0 0 0 0 4 0 4 0 0 0 1.00000 LOD\Architecture\Buildings\Hightech\HitExtAParapetHalf03_LOD.nif
2727 2 6 6 3.00000 3.00000 1.33333 1.33333 4 4 1 1 0 0.00000 0 1 0 0 0 0 0 4 0 4 0 0 0 1.00000 LOD\Architecture\Buildings\Hightech\HitExtAParapetHalf04_LOD.nif
2728 2 6 6 3.00000 3.00000 1.33333 1.33333 4 4 1 1 0 0.00000 0 1 0 0 0 0 0 4 0 4 0 0 0 1.00000 LOD\Architecture\Buildings\Hightech\HitExtAParapetLong01_LOD.nif
2729 2 6 6 3.00000 3.00000 1.33333 1.33333 4 4 1 1 0 0.00000 0 1 0 0 0 0 0 4 0 4 0 0 0 1.00000 LOD\Architecture\Buildings\Hightech\HitExtAParapetLong02_LOD.nif
2730 2 6 6 3.00000 3.00000 1.33333 1.33333 4 4 1 1 0 0.00000 0 1 0 0 0 0 0 4 0 4 0 0 0 1.00000 LOD\Architecture\Buildings\Hightech\HitExtAParapetLong03_LOD.nif
2731 2 6 6 3.00000 3.00000 1.33333 1.33333 4 4 1 1 0 0.00000 0 1 0 0 0 0 0 4 0 4 0 0 0 1.00000 LOD\Architecture\Buildings\Hightech\HitExtAParapetLong04_LOD.nif
2732 4 6 6 1.50000 1.50000 1.33333 1.33333 6 6 1 1 0 0.00000 0 1 0 0 0 0 0 6 0 6 0 0 0 1.00000 LOD\Architecture\Buildings\Hightech\HitExtAStainsBase01_LOD.nif
2733 15 19 28 1.26667 1.26667 1.05263 1.05263 11 11 2 1 1 44.16195 1 0 0 0 0 1 0 14 2 9 0 0 1 0.93472 LOD\Architecture\Buildings\Hightech\HitExtAStainsBaseCornerA01_LOD.nif
2734 4 6 6 1.50000 1.50000 1.33333 1.33333 6 6 1 1 0 0.00000 0 1 0 0 0 0 0 6 0 6 0 0 0 1.00000 LOD\Architecture\Buildings\Hightech\HitExtAStainsCorneA1x1_LOD.nif
2735 4 6 6 1.50000 1.50000 1.33333 1.33333 6 6 1 1 0 0.00000 0 1 0 0 0 0 0 6 0 6 0 0 0 1.00000 LOD\Architecture\Buildings\Hightech\HitExtAStainsCorneA1x2_LOD.nif
2736 4 6 6 1.50000 1.50000 1.33333 1.33333 6 6 1 1 0 0.00000 0 1 0 0 0 0 0 6 0 6 0 0 0 1.00000 LOD\Architecture\Buildings\Hightech\HitExtAStainsCorneA1x2Edge_LOD.nif
2737 4 6 6 1.50000 1.50000 1.33333 1.33333 6 6 1 1 0 0.00000 0 1 0 0 0 0 0 6 0 6 0 0 0 1.00000 LOD\Architecture\Buildings\Hightech\HitExtAStainsCorneA1x3Edge_LOD.nif
2738 50 50 106 1.00000 1.00000 1.04000 1.04000 34 34 5 4 5 59.32546 4 1 0 0 0 4 0 41 5 6 0 0 0 1.00000 LOD\Architecture\Buildings\Hightech\HitExtAStainsCorneBWindowA01_LOD.nif
2739 4 6 6 1.50000 1.50000 1.33333 1.33333 6 6 1 1 0 0.00000 0 1 0 0 0 0 0 6 0 6 0 0 0 1.00000 LOD\Architecture\Buildings\Hightech\HitExtAStainsCornerD1x1_LOD.nif
2740 2 4 4 2.00000 2.00000 1.00000 1.00000 4 4 1 1 0 0.00000 0 1 0 0 0 0 0 4 0 4 0 0 0 1.00000 LOD\Architecture\Buildings\Hightech\HitExtAStainsCornerD1x1B_LOD.nif
2741 2 4 4 2.00000 2.00000 1.00000 1.00000 4 4 1 1 0 0.00000 0 1 0 0 0 0 0 4 0 4 0 0 0 1.00000 LOD\Architecture\Buildings\Hightech\HitExtAStainsCornerD1x1C_LOD.nif
2742 4 6 6 1.50000 1.50000 1.33333 1.33333 6 6 1 1 0 0.00000 0 1 0 0 0 0 0 6 0 6 0 0 0 1.00000 LOD\Architecture\Buildings\Hightech\HitExtAStainsCornerD1x1D_LOD.nif
2743 4 6 6 1.50000 1.50000 1.33333 1.33333 6 6 1 1 0 0.00000 0 1 0 0 0 0 0 6 0 6 0 0 0 1.00000 LOD\Architecture\Buildings\Hightech\HitExtAStainsCornerD2x1_LOD.nif
2744 2 4 4 2.00000 2.00000 1.00000 1.00000 4 4 1 1 0 0.00000 0 1 0 0 0 0 0 4 0 4 0 0 0 1.00000 LOD\Architecture\Buildings\Hightech\HitExtAStainsCornerD2x1B_LOD.nif
2745 2 4 4 2.00000 2.00000 1.00000 1.00000 4 4 1 1 0 0.00000 0 1 0 0 0 0 0 4 0 4 0 0 0 1.00000 LOD\Architecture\Buildings\Hightech\HitExtAStainsCornerD2x1C_LOD.nif
2746 4 6 6 1.50000 1.50000 1.33333 1.33333 6 6 1 1 0 0.00000 0 1 0 0 0 0 0 6 0 6 0 0 0 1.00000 LOD\Architecture\Buildings\Hightech\HitExtAStainsCornerD4x1_LOD.nif
2747 4 6 6 1.50000 1.50000 1.33333 1.33333 6 6 1 1 0 0.00000 0 1 0 0 0 0 0 6 0 6 0 0 0 1.00000 LOD\Architecture\Buildings\Hightech\HitExtAStainsCornerTransitionDtoC01_LOD.nif
2748 4 6 6 1.50000 1.50000 1.33333 1.33333 6 6 1 1 0 0.00000 0 1 0 0 0 0 0 6 0 6 0 0 0 1.00000 LOD\Architecture\Buildings\Hightech\HitExtAStainsWall15_1x2_01_LOD.nif
2749 2 4 4 2.00000 2.00000 1.00000 1.00000 4 4 1 1 0 0.00000 0 1 0 0 0 0 0 4 0 4 0 0 0 1.00000 LOD\Architecture\Buildings\Hightech\HitExtAStainsWall15_1x2_02_LOD.nif
2750 4 6 6 1.50000 1.50000 1.33333 1.33333 6 6 1 1 0 0.00000 0 1 0 0 0 0 0 6 0 6 0 0 0 1.00000 LOD\Architecture\Buildings\Hightech\HitExtAStainsWall15A_2x2_01_LOD.nif
2751 2 6 6 3.00000 3.00000 1.33333 1.33333 4 4 1 1 0 0.00000 0 1 0 0 0 0 0 4 0 4 0 0 0 1.00000 LOD\Architecture\Buildings\Hightech\HitExtAStainsWall15A_2x2_02_LOD.nif
2752 2 4 4 2.00000 2.00000 1.00000 1.00000 4 4 1 1 0 0.00000 0 1 0 0 0 0 0 4 0 4 0 0 0 1.00000 LOD\Architecture\Buildings\Hightech\HitExtAStainsWall15B_1x2_02B_LOD.nif
2753 2 4 4 2.00000 2.00000 1.00000 1.00000 4 4 1 1 0 0.00000 0 1 0 0 0 0 0 4 0 4 0 0 0 1.00000 LOD\Architecture\Buildings\Hightech\HitExtAStainsWall15B_1x2_02C_LOD.nif
2754 4 6 6 1.50000 1.50000 1.33333 1.33333 6 6 1 1 0 0.00000 0 1 0 0 0 0 0 6 0 6 0 0 0 1.00000 LOD\Architecture\Buildings\Hightech\HitExtAStainsWall15B_2x2_01_LOD.nif
2755 2 4 4 2.00000 2.00000 1.00000 1.00000 4 4 1 1 0 0.00000 0 1 0 0 0 0 0 4 0 4 0 0 0 1.00000 LOD\Architecture\Buildings\Hightech\HitExtAStainsWall15B_2x2_02_LOD.nif
2756 2 4 4 2.00000 2.00000 1.00000 1.00000 4 4 1 1 0 0.00000 0 1 0 0 0 0 0 4 0 4 0 0 0 1.00000 LOD\Architecture\Buildings\Hightech\HitExtAStainsWall15B_2x2_02B_LOD.nif
2757 2 4 4 2.00000 2.00000 1.00000 1.00000 4 4 1 1 0 0.00000 0 1 0 0 0 0 0 4 0 4 0 0 0 1.00000 LOD\Architecture\Buildings\Hightech\HitExtAStainsWall15B_2x2_02C_LOD.nif
2758 2 4 4 2.00000 2.00000 1.00000 1.00000 4 4 1 1 0 0.00000 0 1 0 0 0 0 0 4 0 4 0 0 0 1.00000 LOD\Architecture\Buildings\Hightech\HitExtAStainsWall1x1_LOD.nif
2759 2 4 4 2.00000 2.00000 1.00000 1.00000 4 4 1 1 0 0.00000 0 1 0 0 0 0 0 4 0 4 0 0 0 1.00000 LOD\Architecture\Buildings\Hightech\HitExtAStainsWall1x1B_LOD.nif
2760 2 4 4 2.00000 2.00000 1.00000 1.00000 4 4 1 1 0 0.00000 0 1 0 0 0 0 0 4 0 4 0 0 0 1.00000 LOD\Architecture\Buildings\Hightech\HitExtAStainsWall1x1C_LOD.nif
2761 2 4 4 2.00000 2.00000 1.00000 1.00000 4 4 1 1 0 0.00000 0 1 0 0 0 0 0 4 0 4 0 0 0 1.00000 LOD\Architecture\Buildings\Hightech\HitExtAStainsWall1x2_LOD.nif
2762 2 4 4 2.00000 2.00000 1.00000 1.00000 4 4 1 1 0 0.00000 0 1 0 0 0 0 0 4 0 4 0 0 0 1.00000 LOD\Architecture\Buildings\Hightech\HitExtAStainsWall2x1_LOD.nif
2763 2 4 4 2.00000 2.00000 1.00000 1.00000 4 4 1 1 0 0.00000 0 1 0 0 0 0 0 4 0 4 0 0 0 1.00000 LOD\Architecture\Buildings\Hightech\HitExtAStainsWall2x1B_LOD.nif
2764 2 4 4 2.00000 2.00000 1.00000 1.00000 4 4 1 1 0 0.00000 0 1 0 0 0 0 0 4 0 4 0 0 0 1.00000 LOD\Architecture\Buildings\Hightech\HitExtAStainsWall2x1C_LOD.nif
2765 2 4 4 2.00000 2.00000 1.00000 1.00000 4 4 1 1 0 0.00000 0 1 0 0 0 0 0 4 0 4 0 0 0 1.00000 LOD\Architecture\Buildings\Hightech\HitExtAStainsWall3x1_LOD.nif
2766 2 4 4 2.00000 2.00000 1.00000 1.00000 4 4 1 1 0 0.00000 0 1 0 0 0 0 0 4 0 4 0 0 0 1.00000 LOD\Architecture\Buildings\Hightech\HitExtAStainsWall3x1Streak_LOD.nif
2767 2 4 4 2.00000 2.00000 1.00000 1.00000 4 4 1 1 0 0.00000 0 1 0 0 0 0 0 4 0 4 0 0 0 1.00000 LOD\Architecture\Buildings\Hightech\HitExtAStainsWall3X2_LOD.nif
2768 2 4 4 2.00000 2.00000 1.00000 1.00000 4 4 1 1 0 0.00000 0 1 0 0 0 0 0 4 0 4 0 0 0 1.00000 LOD\Architecture\Buildings\Hightech\HitExtAStainsWall4x1Streak_LOD.nif
2769 20 24 24 1.20000 1.20000 1.00000 1.00000 20 20 1 2 0 0.00000 0 0 0 0 0 0 0 20 4 20 0 0 1 1.00000 LOD\Architecture\Buildings\Hightech\HitExtAStainsWindowB2x2_LOD.nif
2770 12 28 33 2.33333 2.33333 1.00000 1.00000 0 0 2 1 1 16.36126 1 0 0 0 0 1 0 8 16 0 0 0 1 0.79577 LOD\Architecture\Buildings\Hightech\HitExtATransitionCCorner01_LOD.nif
2771 20 46 53 2.30000 2.30000 1.04348 1.04348 0 0 2 2 1 42.98690 1 0 0 0 0 1 0 12 26 0 0 0 1 0.72628 LOD\Architecture\Buildings\Hightech\HitExtATransitionCCornerTranWall01_LOD.nif
2772 20 46 53 2.30000 2.30000 1.04348 1.04348 0 0 2 2 1 42.98690 1 0 0 0 0 1 0 12 28 0 0 0 1 0.72628 LOD\Architecture\Buildings\Hightech\HitExtATransitionCCornerTranWall02_LOD.nif
2773 92 200 265 2.17391 2.17391 1.00000 1.00000 0 0 2 6 3 59.20745 1 0 1 0 0 1 0 54 140 24 0 0 1 0.93811 LOD\Architecture\Buildings\Hightech\HitExtATransitionCCustom01_LOD.nif
2774 92 200 264 2.17391 2.17391 1.00000 1.00000 0 0 2 6 3 58.00636 1 0 1 0 0 1 0 54 140 22 0 0 1 0.93272 LOD\Architecture\Buildings\Hightech\HitExtATransitionCCustom02_LOD.nif
2775 12 34 39 2.83333 2.83333 1.05882 1.05882 0 0 2 1 1 31.75295 1 0 0 0 0 1 0 8 19 0 0 0 1 0.88778 LOD\Architecture\Buildings\Hightech\HitExtATransitionCWall01_LOD.nif
2776 12 36 41 3.00000 3.00000 1.00000 1.00000 0 0 2 1 1 31.04462 1 0 0 0 0 1 0 8 21 0 0 0 1 0.79972 LOD\Architecture\Buildings\Hightech\HitExtATransitionCWall02_LOD.nif
2777 12 30 36 2.50000 2.50000 1.06667 1.06667 6 6 2 1 1 31.04457 1 0 0 0 0 1 0 10 10 4 0 0 1 0.85851 LOD\Architecture\Buildings\Hightech\HitExtATransitionDCornerTranWall01_LOD.nif
2778 12 30 36 2.50000 2.50000 1.06667 1.06667 6 6 2 1 1 31.04457 1 0 0 0 0 1 0 10 12 4 0 0 1 0.85851 LOD\Architecture\Buildings\Hightech\HitExtATransitionDCornerTranWall02_LOD.nif
2779 12 28 28 2.33333 2.33333 1.00000 1.00000 0 0 1 1 0 0.00000 0 0 0 0 0 0 0 8 15 0 0 0 1 1.00000 LOD\Architecture\Buildings\Hightech\HitExtATransitionDWall01_LOD.nif
2780 12 28 33 2.33333 2.33333 1.00000 1.00000 0 0 2 1 1 22.27966 1 0 0 0 0 1 0 8 16 0 0 0 1 0.85009 LOD\Architecture\Buildings\Hightech\HitExtATransitionDWall02_LOD.nif
2781 4 12 12 3.00000 3.00000 1.00000 1.00000 6 6 1 1 0 0.00000 0 1 0 0 0 0 0 6 0 6 0 0 0 1.00000 LOD\Architecture\Buildings\Hightech\HitExtATrimCurve01_LOD.nif
2782 2 6 6 3.00000 3.00000 1.33333 1.33333 4 4 1 1 0 0.00000 0 1 0 0 0 0 0 4 0 4 0 0 0 1.00000 LOD\Architecture\Buildings\Hightech\HitExtATrimCurve01IN_LOD.nif
2783 2 6 6 3.00000 3.00000 1.33333 1.33333 4 4 1 1 0 0.00000 0 1 0 0 0 0 0 4 0 4 0 0 0 1.00000 LOD\Architecture\Buildings\Hightech\HitExtATrimVA01_LOD.nif
2784 2 6 6 3.00000 3.00000 1.33333 1.33333 4 4 1 1 0 0.00000 0 1 0 0 0 0 0 4 0 4 0 0 0 1.00000 LOD\Architecture\Buildings\Hightech\HitExtATrimVA02_LOD.nif
2785 2 6 6 3.00000 3.00000 1.33333 1.33333 4 4 1 1 0 0.00000 0 1 0 0 0 0 0 4 0 4 0 0 0 1.00000 LOD\Architecture\Buildings\Hightech\HitExtATrimVAShort01_LOD.nif
2786 2 6 6 3.00000 3.00000 1.33333 1.33333 4 4 1 1 0 0.00000 0 1 0 0 0 0 0 4 0 4 0 0 0 1.00000 LOD\Architecture\Buildings\Hightech\HitExtATrimVAShort02_LOD.nif
2787 2 6 6 3.00000 3.00000 1.33333 1.33333 4 4 1 1 0 0.00000 0 1 0 0 0 0 0 4 0 4 0 0 0 1.00000 LOD\Architecture\Buildings\Hightech\HitExtATrimVATall02_LOD.nif
2788 2 6 6 3.00000 3.00000 1.33333 1.33333 4 4 1 1 0 0.00000 0 1 0 0 0 0 0 4 0 4 0 0 0 1.00000 LOD\Architecture\Buildings\Hightech\HitExtATrimVATallDmg01_LOD.nif
2789 4 8 8 2.00000 2.00000 1.00000 1.00000 6 6 1 1 0 0.00000 0 1 0 0 0 0 0 6 2 6 0 0 0 1.00000 LOD\Architecture\Buildings\Hightech\HitExtATrimVATallDmgPanels01_LOD.nif
2790 2 6 6 3.00000 3.00000 1.33333 1.33333 4 4 1 1 0 0.00000 0 1 0 0 0 0 0 4 0 4 0 0 0 1.00000 LOD\Architecture\Buildings\Hightech\HitExtATrimVB01_LOD.nif
2791 2 6 6 3.00000 3.00000 1.33333 1.33333 4 4 1 1 0 0.00000 0 1 0 0 0 0 0 4 0 4 0 0 0 1.00000 LOD\Architecture\Buildings\Hightech\HitExtATrimVBTall01_LOD.nif
2792 2 6 6 3.00000 3.00000 1.33333 1.33333 4 4 1 1 0 0.00000 0 1 0 0 0 0 0 4 0 4 0 0 0 1.00000 LOD\Architecture\Buildings\Hightech\HitExtAWall01_LOD.nif
2793 2 6 6 3.00000 3.00000 1.33333 1.33333 4 4 1 1 0 0.00000 0 1 0 0 0 0 0 4 0 4 0 0 0 1.00000 LOD\Architecture\Buildings\Hightech\HitExtAWall01Full_LOD.nif
2794 2 6 6 3.00000 3.00000 1.33333 1.33333 4 4 1 1 0 0.00000 0 1 0 0 0 0 0 4 0 4 0 0 0 1.00000 LOD\Architecture\Buildings\Hightech\HitExtAWall02_LOD.nif
2795 2 4 4 2.00000 2.00000 1.00000 1.00000 4 4 1 1 0 0.00000 0 1 0 0 0 0 0 4 0 4 0 0 0 1.00000 LOD\Architecture\Buildings\Hightech\HitExtAWallCapBottom01_LOD.nif
2796 2 6 6 3.00000 3.00000 1.33333 1.33333 4 4 1 1 0 0.00000 0 1 0 0 0 0 0 4 0 4 0 0 0 1.00000 LOD\Architecture\Buildings\Hightech\HitExtAWallCapBottomDmg01_LOD.nif
2797 4 8 8 2.00000 2.00000 1.00000 1.00000 8 8 1 1 0 0.00000 0 1 0 0 0 0 0 7 0 8 0 0 0 1.00000 LOD\Architecture\Buildings\Hightech\HitExtAWallCapBottomDmgPanels01_LOD.nif
2798 2 4 4 2.00000 2.00000 1.00000 1.00000 4 4 1 1 0 0.00000 0 1 0 0 0 0 0 4 0 4 0 0 0 1.00000 LOD\Architecture\Buildings\Hightech\HitExtAWallCapBottomLong01_LOD.nif
2799 2 6 6 3.00000 3.00000 1.33333 1.33333 4 4 1 1 0 0.00000 0 1 0 0 0 0 0 4 0 4 0 0 0 1.00000 LOD\Architecture\Buildings\Hightech\HitExtAWallCapBottomLongDmg01_LOD.nif
2800 2 6 6 3.00000 3.00000 1.33333 1.33333 4 4 1 1 0 0.00000 0 1 0 0 0 0 0 4 0 4 0 0 0 1.00000 LOD\Architecture\Buildings\Hightech\HitExtAWallCapTop01_LOD.nif
2801 2 6 6 3.00000 3.00000 1.33333 1.33333 4 4 1 1 0 0.00000 0 1 0 0 0 0 0 4 0 4 0 0 0 1.00000 LOD\Architecture\Buildings\Hightech\HitExtAWallCapTopDmg01_LOD.nif
2802 4 12 12 3.00000 3.00000 1.00000 1.00000 6 6 1 1 0 0.00000 0 1 0 0 0 0 0 6 3 6 0 0 0 1.00000 LOD\Architecture\Buildings\Hightech\HitExtAWallCapTopLong01_LOD.nif
2803 2 6 6 3.00000 3.00000 1.33333 1.33333 4 4 1 1 0 0.00000 0 1 0 0 0 0 0 4 0 4 0 0 0 1.00000 LOD\Architecture\Buildings\Hightech\HitExtAWallCapTopLongDmg01_LOD.nif
2804 2 6 6 3.00000 3.00000 1.33333 1.33333 4 4 1 1 0 0.00000 0 1 0 0 0 0 0 4 0 4 0 0 0 1.00000 LOD\Architecture\Buildings\Hightech\HitExtAWallCornerD01_LOD.nif
2805 2 6 6 3.00000 3.00000 1.33333 1.33333 4 4 1 1 0 0.00000 0 1 0 0 0 0 0 4 0 4 0 0 0 1.00000 LOD\Architecture\Buildings\Hightech\HitExtAWallDmg01_LOD.nif
2806 2 6 6 3.00000 3.00000 1.33333 1.33333 4 4 1 1 0 0.00000 0 1 0 0 0 0 0 4 0 4 0 0 0 1.00000 LOD\Architecture\Buildings\Hightech\HitExtAWallDmg01Full_LOD.nif
2807 2 6 6 3.00000 3.00000 1.33333 1.33333 4 4 1 1 0 0.00000 0 1 0 0 0 0 0 4 0 4 0 0 0 1.00000 LOD\Architecture\Buildings\Hightech\HitExtAWallDmg02_LOD.nif
2808 2 6 6 3.00000 3.00000 1.33333 1.33333 4 4 1 1 0 0.00000 0 1 0 0 0 0 0 4 0 4 0 0 0 1.00000 LOD\Architecture\Buildings\Hightech\HitExtAWallDmg03_LOD.nif
2809 2 6 6 3.00000 3.00000 1.33333 1.33333 4 4 1 1 0 0.00000 0 1 0 0 0 0 0 4 0 4 0 0 0 1.00000 LOD\Architecture\Buildings\Hightech\HitExtAWallDummyLOD_LOD.nif
2810 2 6 6 3.00000 3.00000 1.33333 1.33333 4 4 1 1 0 0.00000 0 1 0 0 0 0 0 4 0 4 0 0 0 1.00000 LOD\Architecture\Buildings\Hightech\HitExtAWallHalf01_LOD.nif
2811 2 6 6 3.00000 3.00000 1.33333 1.33333 4 4 1 1 0 0.00000 0 1 0 0 0 0 0 4 0 4 0 0 0 1.00000 LOD\Architecture\Buildings\Hightech\HitExtAWallHalf01Full_LOD.nif
2812 2 6 6 3.00000 3.00000 1.33333 1.33333 4 4 1 1 0 0.00000 0 1 0 0 0 0 0 4 0 4 0 0 0 1.00000 LOD\Architecture\Buildings\Hightech\HitExtAWallHalf02_LOD.nif
2813 2 4 4 2.00000 2.00000 1.00000 1.00000 4 4 1 1 0 0.00000 0 1 0 0 0 0 0 4 0 4 0 0 0 1.00000 LOD\Architecture\Buildings\Hightech\HitExtAWallHalfDmg01_LOD.nif
2814 2 4 4 2.00000 2.00000 1.00000 1.00000 4 4 1 1 0 0.00000 0 1 0 0 0 0 0 4 0 4 0 0 0 1.00000 LOD\Architecture\Buildings\Hightech\HitExtAWallHalfDmg01Full_LOD.nif
2815 2 4 4 2.00000 2.00000 1.00000 1.00000 4 4 1 1 0 0.00000 0 1 0 0 0 0 0 4 0 4 0 0 0 1.00000 LOD\Architecture\Buildings\Hightech\HitExtAWallHalfDmg02_LOD.nif
2816 2 6 6 3.00000 3.00000 1.33333 1.33333 4 4 1 1 0 0.00000 0 1 0 0 0 0 0 4 0 4 0 0 0 1.00000 LOD\Architecture\Buildings\Hightech\HitExtAWallHalfUtility01_LOD.nif
2817 2 4 4 2.00000 2.00000 1.00000 1.00000 4 4 1 1 0 0.00000 0 1 0 0 0 0 0 4 0 4 0 0 0 1.00000 LOD\Architecture\Buildings\Hightech\HitExtAWallHalfUtility02_LOD.nif
2818 6 18 24 3.00000 3.00000 1.11111 1.11111 8 8 2 1 1 114.48672 1 1 0 0 0 1 0 8 3 6 0 0 0 1.00000 LOD\Architecture\Buildings\Hightech\HitExtAWallIn01_LOD.nif
2819 6 18 24 3.00000 3.00000 1.11111 1.11111 8 8 2 1 1 114.48689 1 1 0 0 0 1 0 8 6 6 0 0 0 0.76114 LOD\Architecture\Buildings\Hightech\HitExtAWallIn02_LOD.nif
2820 4 12 12 3.00000 3.00000 1.00000 1.00000 6 6 1 1 0 0.00000 0 1 0 0 0 0 0 6 0 6 0 0 0 1.00000 LOD\Architecture\Buildings\Hightech\HitExtAWallIn03_LOD.nif
2821 4 12 12 3.00000 3.00000 1.00000 1.00000 6 6 1 1 0 0.00000 0 1 0 0 0 0 0 6 0 6 0 0 0 1.00000 LOD\Architecture\Buildings\Hightech\HitExtAWallIn03Tall_LOD.nif
2822 4 12 12 3.00000 3.00000 1.00000 1.00000 6 6 1 1 0 0.00000 0 1 0 0 0 0 0 6 0 6 0 0 0 1.00000 LOD\Architecture\Buildings\Hightech\HitExtAWallIn03TallLong_LOD.nif
2823 6 18 18 3.00000 3.00000 1.11111 1.11111 12 12 1 1 0 0.00000 0 0 0 0 0 0 0 12 0 12 0 0 1 1.00000 LOD\Architecture\Buildings\Hightech\HitExtAWallInCorner01_LOD.nif
2824 8 24 24 3.00000 3.00000 1.00000 1.00000 12 12 1 1 0 0.00000 0 0 0 0 0 0 0 12 8 12 0 0 1 1.00000 LOD\Architecture\Buildings\Hightech\HitExtAWallInEnd01_LOD.nif
2825 6 18 18 3.00000 3.00000 1.11111 1.11111 8 8 1 1 0 0.00000 0 0 0 0 0 0 0 8 6 8 0 0 1 1.00000 LOD\Architecture\Buildings\Hightech\HitExtAWallInHalf01_LOD.nif
2826 6 18 24 3.00000 3.00000 1.11111 1.11111 8 8 2 1 1 124.17830 1 1 0 0 0 1 0 8 3 6 0 0 0 1.00000 LOD\Architecture\Buildings\Hightech\HitExtAWallInLong01_LOD.nif
2827 6 18 24 3.00000 3.00000 1.11111 1.11111 8 8 2 1 1 124.17830 1 1 0 0 0 1 0 8 3 6 0 0 0 1.00000 LOD\Architecture\Buildings\Hightech\HitExtAWallInLong02_LOD.nif
2828 6 18 24 3.00000 3.00000 1.11111 1.11111 8 8 2 1 1 62.08912 1 1 0 0 0 1 0 8 3 6 0 0 0 0.99732 LOD\Architecture\Buildings\Hightech\HitExtAWallInShort01_LOD.nif
2829 6 18 18 3.00000 3.00000 1.11111 1.11111 12 12 1 1 0 0.00000 0 0 0 0 0 0 0 12 0 12 0 0 1 1.00000 LOD\Architecture\Buildings\Hightech\HitExtAWallInShortCorner01_LOD.nif
2830 6 18 24 3.00000 3.00000 1.11111 1.11111 8 8 2 1 1 57.24332 1 1 0 0 0 1 0 8 6 6 0 0 0 0.99490 LOD\Architecture\Buildings\Hightech\HitExtAWallInShortHalf01_LOD.nif
2831 6 18 24 3.00000 3.00000 1.11111 1.11111 8 8 2 1 1 63.50578 1 1 0 0 0 1 0 8 3 6 0 0 0 0.99876 LOD\Architecture\Buildings\Hightech\HitExtAWallInShortLong01_LOD.nif
2832 6 12 18 2.00000 2.00000 1.00000 1.00000 8 8 2 1 1 124.17842 1 1 0 0 0 1 0 8 4 6 0 0 0 0.76114 LOD\Architecture\Buildings\Hightech\HitExtAWallInTall01_LOD.nif
2833 6 12 18 2.00000 2.00000 1.00000 1.00000 8 8 2 1 1 63.50580 1 1 0 0 0 1 0 8 4 6 0 0 0 0.75000 LOD\Architecture\Buildings\Hightech\HitExtAWallInTallLong01_LOD.nif
2834 2 6 6 3.00000 3.00000 1.33333 1.33333 4 4 1 1 0 0.00000 0 1 0 0 0 0 0 4 0 4 0 0 0 1.00000 LOD\Architecture\Buildings\Hightech\HitExtAWallLong01_LOD.nif
2835 2 6 6 3.00000 3.00000 1.33333 1.33333 4 4 1 1 0 0.00000 0 1 0 0 0 0 0 4 0 4 0 0 0 1.00000 LOD\Architecture\Buildings\Hightech\HitExtAWallLong01Full_LOD.nif
2836 2 6 6 3.00000 3.00000 1.33333 1.33333 4 4 1 1 0 0.00000 0 1 0 0 0 0 0 4 0 4 0 0 0 1.00000 LOD\Architecture\Buildings\Hightech\HitExtAWallLongDmg01_LOD.nif
2837 2 6 6 3.00000 3.00000 1.33333 1.33333 4 4 1 1 0 0.00000 0 1 0 0 0 0 0 4 0 4 0 0 0 1.00000 LOD\Architecture\Buildings\Hightech\HitExtAWallLongDmg02_LOD.nif
2838 2 4 4 2.00000 2.00000 1.00000 1.00000 4 4 1 1 0 0.00000 0 1 0 0 0 0 0 4 0 4 0 0 0 1.00000 LOD\Architecture\Buildings\Hightech\HitExtAWallLongDmgPanels02_LOD.nif
2839 2 6 6 3.00000 3.00000 1.33333 1.33333 4 4 1 1 0 0.00000 0 1 0 0 0 0 0 4 0 4 0 0 0 1.00000 LOD\Architecture\Buildings\Hightech\HitExtAWallLongUtility01_LOD.nif
2840 2 6 6 3.00000 3.00000 1.33333 1.33333 4 4 1 1 0 0.00000 0 1 0 0 0 0 0 4 0 4 0 0 0 1.00000 LOD\Architecture\Buildings\Hightech\HitExtAWallShort01_LOD.nif
2841 2 6 6 3.00000 3.00000 1.33333 1.33333 4 4 1 1 0 0.00000 0 1 0 0 0 0 0 4 0 4 0 0 0 1.00000 LOD\Architecture\Buildings\Hightech\HitExtAWallShort01Full_LOD.nif
2842 2 6 6 3.00000 3.00000 1.33333 1.33333 4 4 1 1 0 0.00000 0 1 0 0 0 0 0 4 0 4 0 0 0 1.00000 LOD\Architecture\Buildings\Hightech\HitExtAWallShortLong01_LOD.nif
2843 2 6 6 3.00000 3.00000 1.33333 1.33333 4 4 1 1 0 0.00000 0 1 0 0 0 0 0 4 0 4 0 0 0 1.00000 LOD\Architecture\Buildings\Hightech\HitExtAWallShortLong01Full_LOD.nif
2844 2 6 6 3.00000 3.00000 1.33333 1.33333 4 4 1 1 0 0.00000 0 1 0 0 0 0 0 4 0 4 0 0 0 1.00000 LOD\Architecture\Buildings\Hightech\HitExtAWallShortLong02_LOD.nif
2845 2 6 6 3.00000 3.00000 1.33333 1.33333 4 4 1 1 0 0.00000 0 1 0 0 0 0 0 4 0 4 0 0 0 1.00000 LOD\Architecture\Buildings\Hightech\HitExtAWallTall01_LOD.nif
2846 2 6 6 3.00000 3.00000 1.33333 1.33333 4 4 1 1 0 0.00000 0 1 0 0 0 0 0 4 0 4 0 0 0 1.00000 LOD\Architecture\Buildings\Hightech\HitExtAWallTall01Full_LOD.nif
2847 2 6 6 3.00000 3.00000 1.33333 1.33333 4 4 1 1 0 0.00000 0 1 0 0 0 0 0 4 0 4 0 0 0 1.00000 LOD\Architecture\Buildings\Hightech\HitExtAWallTallDmg01_LOD.nif
2848 2 6 6 3.00000 3.00000 1.33333 1.33333 4 4 1 1 0 0.00000 0 1 0 0 0 0 0 4 0 4 0 0 0 1.00000 LOD\Architecture\Buildings\Hightech\HitExtAWallTallDmg02_LOD.nif
2849 2 6 6 3.00000 3.00000 1.33333 1.33333 4 4 1 1 0 0.00000 0 1 0 0 0 0 0 4 0 4 0 0 0 1.00000 LOD\Architecture\Buildings\Hightech\HitExtAWallTallDummyLOD_LOD.nif
2850 2 6 6 3.00000 3.00000 1.33333 1.33333 4 4 1 1 0 0.00000 0 1 0 0 0 0 0 4 0 4 0 0 0 1.00000 LOD\Architecture\Buildings\Hightech\HitExtAWallTallHalf01_LOD.nif
2851 2 4 4 2.00000 2.00000 1.00000 1.00000 4 4 1 1 0 0.00000 0 1 0 0 0 0 0 4 0 4 0 0 0 1.00000 LOD\Architecture\Buildings\Hightech\HitExtAWallTallHalf01Full_LOD.nif
2852 2 4 4 2.00000 2.00000 1.00000 1.00000 4 4 1 1 0 0.00000 0 1 0 0 0 0 0 4 0 4 0 0 0 1.00000 LOD\Architecture\Buildings\Hightech\HitExtAWallTallHalfDmg01_LOD.nif
2853 2 4 4 2.00000 2.00000 1.00000 1.00000 4 4 1 1 0 0.00000 0 1 0 0 0 0 0 4 0 4 0 0 0 1.00000 LOD\Architecture\Buildings\Hightech\HitExtAWallTallHalfDmg01Full_LOD.nif
2854 2 4 4 2.00000 2.00000 1.00000 1.00000 4 4 1 1 0 0.00000 0 1 0 0 0 0 0 4 0 4 0 0 0 1.00000 LOD\Architecture\Buildings\Hightech\HitExtAWallTallHalfDmg02_LOD.nif
2855 2 6 6 3.00000 3.00000 1.33333 1.33333 4 4 1 1 0 0.00000 0 1 0 0 0 0 0 4 0 4 0 0 0 1.00000 LOD\Architecture\Buildings\Hightech\HitExtAWallTallLong01_LOD.nif
2856 2 6 6 3.00000 3.00000 1.33333 1.33333 4 4 1 1 0 0.00000 0 1 0 0 0 0 0 4 0 4 0 0 0 1.00000 LOD\Architecture\Buildings\Hightech\HitExtAWallTallLong01Full_LOD.nif
2857 4 8 8 2.00000 2.00000 1.00000 1.00000 6 6 1 1 0 0.00000 0 1 0 0 0 0 0 6 2 6 0 0 0 1.00000 LOD\Architecture\Buildings\Hightech\HitExtAWallTallLongDmg01_LOD.nif
2858 4 8 8 2.00000 2.00000 1.00000 1.00000 6 6 1 1 0 0.00000 0 1 0 0 0 0 0 6 2 6 0 0 0 1.00000 LOD\Architecture\Buildings\Hightech\HitExtAWallTallLongDmg01Full_LOD.nif
2859 4 8 8 2.00000 2.00000 1.00000 1.00000 6 6 1 1 0 0.00000 0 1 0 0 0 0 0 6 2 6 0 0 0 1.00000 LOD\Architecture\Buildings\Hightech\HitExtAWallTallLongDmg02_LOD.nif
2860 2 4 4 2.00000 2.00000 1.00000 1.00000 4 4 1 1 0 0.00000 0 1 0 0 0 0 0 4 0 4 0 0 0 1.00000 LOD\Architecture\Buildings\Hightech\HitExtAWallTallLongDmgEndPanels01_LOD.nif
2861 2 4 4 2.00000 2.00000 1.00000 1.00000 4 4 1 1 0 0.00000 0 1 0 0 0 0 0 4 0 4 0 0 0 1.00000 LOD\Architecture\Buildings\Hightech\HitExtAWallTallLongDmgEndPanels02_LOD.nif
2862 4 12 12 3.00000 3.00000 1.00000 1.00000 6 6 1 1 0 0.00000 0 1 0 0 0 0 0 6 3 6 0 0 0 1.00000 LOD\Architecture\Buildings\Hightech\HitExtAWallTallLongDummyLOD_LOD.nif
2863 24 52 62 2.16667 2.16667 1.00000 1.00000 0 0 2 2 1 30.30516 1 0 0 0 0 1 0 16 36 0 0 0 1 0.74357 LOD\Architecture\Buildings\Hightech\HitExtAWallTallOpen01_LOD.nif
2864 2 6 6 3.00000 3.00000 1.33333 1.33333 4 4 1 1 0 0.00000 0 1 0 0 0 0 0 4 0 4 0 0 0 1.00000 LOD\Architecture\Buildings\Hightech\HitExtAWallTallUtility01_LOD.nif
2865 6 18 18 3.00000 3.00000 1.11111 1.11111 8 8 1 1 0 0.00000 0 0 0 0 0 0 0 8 0 8 0 0 1 1.00000 LOD\Architecture\Buildings\Hightech\HitExtAWallTallUtility02_LOD.nif
2866 2 6 6 3.00000 3.00000 1.33333 1.33333 4 4 1 1 0 0.00000 0 1 0 0 0 0 0 4 0 4 0 0 0 1.00000 LOD\Architecture\Buildings\Hightech\HitExtAWallTrim01_LOD.nif
2867 2 6 6 3.00000 3.00000 1.33333 1.33333 4 4 1 1 0 0.00000 0 1 0 0 0 0 0 4 0 4 0 0 0 1.00000 LOD\Architecture\Buildings\Hightech\HitExtAWallTrim02_LOD.nif
2868 4 10 10 2.50000 2.50000 1.20000 1.20000 6 6 1 1 0 0.00000 0 1 0 0 0 0 0 6 3 6 0 0 0 1.00000 LOD\Architecture\Buildings\Hightech\HitExtAWallTrim03_LOD.nif
2869 4 6 6 1.50000 1.50000 1.33333 1.33333 6 6 1 1 0 0.00000 0 1 0 0 0 0 0 6 0 6 0 0 0 1.00000 LOD\Architecture\Buildings\Hightech\HitExtAWallTrim04_LOD.nif
2870 2 4 4 2.00000 2.00000 1.00000 1.00000 4 4 1 1 0 0.00000 0 1 0 0 0 0 0 4 0 4 0 0 0 1.00000 LOD\Architecture\Buildings\Hightech\HitExtAWallTrim05_LOD.nif
2871 2 4 4 2.00000 2.00000 1.00000 1.00000 4 4 1 1 0 0.00000 0 1 0 0 0 0 0 4 0 4 0 0 0 1.00000 LOD\Architecture\Buildings\Hightech\HitExtAWallTrim07_LOD.nif
2872 2 4 4 2.00000 2.00000 1.00000 1.00000 4 4 1 1 0 0.00000 0 1 0 0 0 0 0 4 0 4 0 0 0 1.00000 LOD\Architecture\Buildings\Hightech\HitExtAWallTrimDmg01_LOD.nif
2873 2 4 4 2.00000 2.00000 1.00000 1.00000 4 4 1 1 0 0.00000 0 1 0 0 0 0 0 4 0 4 0 0 0 1.00000 LOD\Architecture\Buildings\Hightech\HitExtAWallTrimDmg01Full_LOD.nif
2874 2 4 4 2.00000 2.00000 1.00000 1.00000 4 4 1 1 0 0.00000 0 1 0 0 0 0 0 4 0 4 0 0 0 1.00000 LOD\Architecture\Buildings\Hightech\HitExtAWallTrimDmg02_LOD.nif
2875 3 9 9 3.00000 3.00000 1.33333 1.33333 5 5 1 1 0 0.00000 0 1 0 0 0 0 0 5 0 5 0 0 0 1.00000 LOD\Architecture\Buildings\Hightech\HitExtAWallTrimEnd01_LOD.nif
2876 2 6 6 3.00000 3.00000 1.33333 1.33333 4 4 1 1 0 0.00000 0 1 0 0 0 0 0 4 0 4 0 0 0 1.00000 LOD\Architecture\Buildings\Hightech\HitExtAWallTrimHalf01_LOD.nif
2877 2 6 6 3.00000 3.00000 1.33333 1.33333 4 4 1 1 0 0.00000 0 1 0 0 0 0 0 4 0 4 0 0 0 1.00000 LOD\Architecture\Buildings\Hightech\HitExtAWallTrimHalf02_LOD.nif
2878 2 6 6 3.00000 3.00000 1.33333 1.33333 4 4 1 1 0 0.00000 0 1 0 0 0 0 0 4 0 4 0 0 0 1.00000 LOD\Architecture\Buildings\Hightech\HitExtAWallTrimLong01_LOD.nif
2879 2 6 6 3.00000 3.00000 1.33333 1.33333 4 4 1 1 0 0.00000 0 1 0 0 0 0 0 4 0 4 0 0 0 1.00000 LOD\Architecture\Buildings\Hightech\HitExtAWallTrimLong02_LOD.nif
2880 4 6 6 1.50000 1.50000 1.33333 1.33333 6 6 1 1 0 0.00000 0 1 0 0 0 0 0 6 0 6 0 0 0 1.00000 LOD\Architecture\Buildings\Hightech\HitExtAWallTrimLong04_LOD.nif
2881 2 6 6 3.00000 3.00000 1.33333 1.33333 4 4 1 1 0 0.00000 0 1 0 0 0 0 0 4 0 4 0 0 0 1.00000 LOD\Architecture\Buildings\Hightech\HitExtAWallTrimLongDmg01_LOD.nif
2882 2 6 6 3.00000 3.00000 1.33333 1.33333 4 4 1 1 0 0.00000 0 1 0 0 0 0 0 4 0 4 0 0 0 1.00000 LOD\Architecture\Buildings\Hightech\HitExtAWallTrimLongDmg01Full_LOD.nif
2883 2 6 6 3.00000 3.00000 1.33333 1.33333 4 4 1 1 0 0.00000 0 1 0 0 0 0 0 4 0 4 0 0 0 1.00000 LOD\Architecture\Buildings\Hightech\HitExtAWallTrimLongDmg02_LOD.nif
2884 2 6 6 3.00000 3.00000 1.33333 1.33333 4 4 1 1 0 0.00000 0 1 0 0 0 0 0 4 0 4 0 0 0 1.00000 LOD\Architecture\Buildings\Hightech\HitExtAWallUtility01_LOD.nif
2885 2 6 6 3.00000 3.00000 1.33333 1.33333 4 4 1 1 0 0.00000 0 1 0 0 0 0 0 4 0 4 0 0 0 1.00000 LOD\Architecture\Buildings\Hightech\HitExtAWallUtility02_LOD.nif
2886 12 22 31 1.83333 1.83333 1.09091 1.09091 18 18 2 1 1 117.60656 1 0 0 0 0 1 0 15 7 10 0 0 1 0.80912 LOD\Architecture\Buildings\Hightech\HitExtAWallXLDmg02_LOD.nif
2887 4 8 8 2.00000 2.00000 1.00000 1.00000 8 8 1 1 0 0.00000 0 1 0 0 0 0 0 8 0 8 0 0 0 1.00000 LOD\Architecture\Buildings\Hightech\HitExtAWallXLDmgPanels01_LOD.nif
2888 4 8 8 2.00000 2.00000 1.00000 1.00000 8 8 1 1 0 0.00000 0 1 0 0 0 0 0 8 0 8 0 0 0 1.00000 LOD\Architecture\Buildings\Hightech\HitExtAWallXLDmgPanels02_LOD.nif
2889 4 6 6 1.50000 1.50000 1.33333 1.33333 6 6 1 1 0 0.00000 0 1 0 0 0 0 0 6 0 6 0 0 0 1.00000 LOD\Architecture\Buildings\Hightech\HitExtAWallXLDmgPanels03_LOD.nif
2890 2 6 6 3.00000 3.00000 1.33333 1.33333 4 4 1 1 0 0.00000 0 1 0 0 0 0 0 4 0 4 0 0 0 1.00000 LOD\Architecture\Buildings\Hightech\HitExtAWindowA01_LOD.nif
2891 2 6 6 3.00000 3.00000 1.33333 1.33333 4 4 1 1 0 0.00000 0 1 0 0 0 0 0 4 0 4 0 0 0 1.00000 LOD\Architecture\Buildings\Hightech\HitExtAWindowABroken01_LOD.nif
2892 2 4 4 2.00000 2.00000 1.00000 1.00000 4 4 1 1 0 0.00000 0 1 0 0 0 0 0 4 0 4 0 0 0 1.00000 LOD\Architecture\Buildings\Hightech\HitExtAWindowABroken03F_LOD.nif
2893 2 4 4 2.00000 2.00000 1.00000 1.00000 4 4 1 1 0 0.00000 0 1 0 0 0 0 0 4 0 4 0 0 0 1.00000 LOD\Architecture\Buildings\Hightech\HitExtAWindowABroken05_LOD.nif
2894 2 4 4 2.00000 2.00000 1.00000 1.00000 4 4 1 1 0 0.00000 0 1 0 0 0 0 0 4 0 4 0 0 0 1.00000 LOD\Architecture\Buildings\Hightech\HitExtAWindowABroken05F_LOD.nif
2895 2 4 4 2.00000 2.00000 1.00000 1.00000 4 4 1 1 0 0.00000 0 1 0 0 0 0 0 4 0 4 0 0 0 1.00000 LOD\Architecture\Buildings\Hightech\HitExtAWindowABroken06_LOD.nif
2896 2 4 4 2.00000 2.00000 1.00000 1.00000 4 4 1 1 0 0.00000 0 1 0 0 0 0 0 4 0 4 0 0 0 1.00000 LOD\Architecture\Buildings\Hightech\HitExtAWindowABroken06F_LOD.nif
2897 2 4 4 2.00000 2.00000 1.00000 1.00000 4 4 1 1 0 0.00000 0 1 0 0 0 0 0 4 0 4 0 0 0 1.00000 LOD\Architecture\Buildings\Hightech\HitExtAWindowABroken07_LOD.nif
2898 2 4 4 2.00000 2.00000 1.00000 1.00000 4 4 1 1 0 0.00000 0 1 0 0 0 0 0 4 0 4 0 0 0 1.00000 LOD\Architecture\Buildings\Hightech\HitExtAWindowABroken07F_LOD.nif
2899 2 4 4 2.00000 2.00000 1.00000 1.00000 4 4 1 1 0 0.00000 0 1 0 0 0 0 0 4 0 4 0 0 0 1.00000 LOD\Architecture\Buildings\Hightech\HitExtAWindowABroken08_LOD.nif
2900 2 4 4 2.00000 2.00000 1.00000 1.00000 4 4 1 1 0 0.00000 0 1 0 0 0 0 0 4 0 4 0 0 0 1.00000 LOD\Architecture\Buildings\Hightech\HitExtAWindowABroken08F_LOD.nif
2901 2 6 6 3.00000 3.00000 1.33333 1.33333 4 4 1 1 0 0.00000 0 1 0 0 0 0 0 4 0 4 0 0 0 1.00000 LOD\Architecture\Buildings\Hightech\HitExtAWindowADmg02_LOD.nif
2902 4 12 12 3.00000 3.00000 1.00000 1.00000 6 6 1 1 0 0.00000 0 1 0 0 0 0 0 6 3 6 0 0 0 1.00000 LOD\Architecture\Buildings\Hightech\HitExtAWindowATall01_LOD.nif
2903 4 12 12 3.00000 3.00000 1.00000 1.00000 6 6 1 1 0 0.00000 0 1 0 0 0 0 0 6 3 6 0 0 0 1.00000 LOD\Architecture\Buildings\Hightech\HitExtAWindowATall02_LOD.nif
2904 4 12 12 3.00000 3.00000 1.00000 1.00000 6 6 1 1 0 0.00000 0 1 0 0 0 0 0 6 3 6 0 0 0 1.00000 LOD\Architecture\Buildings\Hightech\HitExtAWindowATall03_LOD.nif
2905 8 24 24 3.00000 3.00000 1.00000 1.00000 8 8 1 1 0 0.00000 0 0 0 0 0 0 0 9 10 8 0 0 1 1.00000 LOD\Architecture\Buildings\Hightech\HitExtAWindowATallLong01_LOD.nif
2906 2 6 6 3.00000 3.00000 1.33333 1.33333 4 4 1 1 0 0.00000 0 1 0 0 0 0 0 4 0 4 0 0 0 1.00000 LOD\Architecture\Buildings\Hightech\HitExtAWindowBLong01_LOD.nif
2907 2 6 6 3.00000 3.00000 1.33333 1.33333 4 4 1 1 0 0.00000 0 1 0 0 0 0 0 4 0 4 0 0 0 1.00000 LOD\Architecture\Buildings\Hightech\HitExtAWindowBLongBroken01_LOD.nif
2908 2 6 6 3.00000 3.00000 1.33333 1.33333 4 4 1 1 0 0.00000 0 1 0 0 0 0 0 4 0 4 0 0 0 1.00000 LOD\Architecture\Buildings\Hightech\HitExtAWindowBLongDmg01_LOD.nif
2909 2 6 6 3.00000 3.00000 1.33333 1.33333 4 4 1 1 0 0.00000 0 1 0 0 0 0 0 4 0 4 0 0 0 1.00000 LOD\Architecture\Buildings\Hightech\HitExtAWindowBTall01_LOD.nif
2910 2 6 6 3.00000 3.00000 1.33333 1.33333 4 4 1 1 0 0.00000 0 1 0 0 0 0 0 4 0 4 0 0 0 1.00000 LOD\Architecture\Buildings\Hightech\HitExtAWindowBTallBroken01_LOD.nif
2911 4 12 12 3.00000 3.00000 1.00000 1.00000 6 6 1 1 0 0.00000 0 1 0 0 0 0 0 6 3 6 0 0 0 1.00000 LOD\Architecture\Buildings\Hightech\HitExtAWindowBTallLong01_LOD.nif
2912 4 12 12 3.00000 3.00000 1.00000 1.00000 6 6 1 1 0 0.00000 0 1 0 0 0 0 0 6 3 6 0 0 0 1.00000 LOD\Architecture\Buildings\Hightech\HitExtAWindowBTallLong01Broken_LOD.nif
2913 4 12 12 3.00000 3.00000 1.00000 1.00000 6 6 1 1 0 0.00000 0 1 0 0 0 0 0 6 3 6 0 0 0 1.00000 LOD\Architecture\Buildings\Hightech\HitExtAWindowBTallLong02_LOD.nif
2914 4 12 12 3.00000 3.00000 1.00000 1.00000 6 6 1 1 0 0.00000 0 1 0 0 0 0 0 6 3 6 0 0 0 1.00000 LOD\Architecture\Buildings\Hightech\HitExtAWindowBTallLong03_LOD.nif
2915 2 6 6 3.00000 3.00000 1.33333 1.33333 4 4 1 1 0 0.00000 0 1 0 0 0 0 0 4 0 4 0 0 0 1.00000 LOD\Architecture\Buildings\Hightech\HitExtAWindowC01_LOD.nif
2916 2 6 6 3.00000 3.00000 1.33333 1.33333 4 4 1 1 0 0.00000 0 1 0 0 0 0 0 4 0 4 0 0 0 1.00000 LOD\Architecture\Buildings\Hightech\HitExtAWindowCBroken01_LOD.nif
2917 2 6 6 3.00000 3.00000 1.33333 1.33333 4 4 1 1 0 0.00000 0 1 0 0 0 0 0 4 0 4 0 0 0 1.00000 LOD\Architecture\Buildings\Hightech\HitExtAWindowCDmg01_LOD.nif
2918 2 6 6 3.00000 3.00000 1.33333 1.33333 4 4 1 1 0 0.00000 0 1 0 0 0 0 0 4 0 4 0 0 0 1.00000 LOD\Architecture\Buildings\Hightech\HitExtAWindowCDmg02_LOD.nif
2919 6 18 18 3.00000 3.00000 1.11111 1.11111 8 8 1 1 0 0.00000 0 0 0 0 0 0 0 8 6 8 0 0 1 1.00000 LOD\Architecture\Buildings\Hightech\HitExtAWindowCTall01_LOD.nif
2920 2 6 6 3.00000 3.00000 1.33333 1.33333 4 4 1 1 0 0.00000 0 1 0 0 0 0 0 4 0 4 0 0 0 1.00000 LOD\Architecture\Buildings\Hightech\HitExtAWindowD01_LOD.nif
2921 2 6 6 3.00000 3.00000 1.33333 1.33333 4 4 1 1 0 0.00000 0 1 0 0 0 0 0 4 0 4 0 0 0 1.00000 LOD\Architecture\Buildings\Hightech\HitExtAWindowD02_LOD.nif
2922 2 6 6 3.00000 3.00000 1.33333 1.33333 4 4 1 1 0 0.00000 0 1 0 0 0 0 0 4 0 4 0 0 0 1.00000 LOD\Architecture\Buildings\Hightech\HitExtAWindowDDmg01_LOD.nif
2923 2 6 6 3.00000 3.00000 1.33333 1.33333 4 4 1 1 0 0.00000 0 1 0 0 0 0 0 4 0 4 0 0 0 1.00000 LOD\Architecture\Buildings\Hightech\HitExtAWindowDHalf01_LOD.nif
2924 2 6 6 3.00000 3.00000 1.33333 1.33333 4 4 1 1 0 0.00000 0 1 0 0 0 0 0 4 0 4 0 0 0 1.00000 LOD\Architecture\Buildings\Hightech\HitExtAWindowDHalf02_LOD.nif
2925 2 6 6 3.00000 3.00000 1.33333 1.33333 4 4 1 1 0 0.00000 0 1 0 0 0 0 0 4 0 4 0 0 0 1.00000 LOD\Architecture\Buildings\Hightech\HitExtAWindowDLong01_LOD.nif
2926 2 6 6 3.00000 3.00000 1.33333 1.33333 4 4 1 1 0 0.00000 0 1 0 0 0 0 0 4 0 4 0 0 0 1.00000 LOD\Architecture\Buildings\Hightech\HitExtAWindowDShort01_LOD.nif
2927 2 6 6 3.00000 3.00000 1.33333 1.33333 4 4 1 1 0 0.00000 0 1 0 0 0 0 0 4 0 4 0 0 0 1.00000 LOD\Architecture\Buildings\Hightech\HitExtAWindowDShortCapBottom01_LOD.nif
2928 2 6 6 3.00000 3.00000 1.33333 1.33333 4 4 1 1 0 0.00000 0 1 0 0 0 0 0 4 0 4 0 0 0 1.00000 LOD\Architecture\Buildings\Hightech\HitExtAWindowDShortCapBottom02_LOD.nif
2929 2 6 6 3.00000 3.00000 1.33333 1.33333 4 4 1 1 0 0.00000 0 1 0 0 0 0 0 4 0 4 0 0 0 1.00000 LOD\Architecture\Buildings\Hightech\HitExtAWindowDShortCapLeft01_LOD.nif
2930 2 6 6 3.00000 3.00000 1.33333 1.33333 4 4 1 1 0 0.00000 0 1 0 0 0 0 0 4 0 4 0 0 0 1.00000 LOD\Architecture\Buildings\Hightech\HitExtAWindowDShortCapRight01_LOD.nif
2931 2 6 6 3.00000 3.00000 1.33333 1.33333 4 4 1 1 0 0.00000 0 1 0 0 0 0 0 4 0 4 0 0 0 1.00000 LOD\Architecture\Buildings\Hightech\HitExtAWindowDShortCapTop01_LOD.nif
2932 2 6 6 3.00000 3.00000 1.33333 1.33333 4 4 1 1 0 0.00000 0 1 0 0 0 0 0 4 0 4 0 0 0 1.00000 LOD\Architecture\Buildings\Hightech\HitExtAWindowDShortCapTop02_LOD.nif
2933 2 6 6 3.00000 3.00000 1.33333 1.33333 4 4 1 1 0 0.00000 0 1 0 0 0 0 0 4 0 4 0 0 0 1.00000 LOD\Architecture\Buildings\Hightech\HitExtAWindowDShortHalf01_LOD.nif
2934 2 6 6 3.00000 3.00000 1.33333 1.33333 4 4 1 1 0 0.00000 0 1 0 0 0 0 0 4 0 4 0 0 0 1.00000 LOD\Architecture\Buildings\Hightech\HitExtAWindowDShortHalfCapBottom01_LOD.nif
2935 2 6 6 3.00000 3.00000 1.33333 1.33333 4 4 1 1 0 0.00000 0 1 0 0 0 0 0 4 0 4 0 0 0 1.00000 LOD\Architecture\Buildings\Hightech\HitExtAWindowDShortHalfCapBottom02_LOD.nif
2936 2 6 6 3.00000 3.00000 1.33333 1.33333 4 4 1 1 0 0.00000 0 1 0 0 0 0 0 4 0 4 0 0 0 1.00000 LOD\Architecture\Buildings\Hightech\HitExtAWindowDShortHalfCapTop01_LOD.nif
2937 2 6 6 3.00000 3.00000 1.33333 1.33333 4 4 1 1 0 0.00000 0 1 0 0 0 0 0 4 0 4 0 0 0 1.00000 LOD\Architecture\Buildings\Hightech\HitExtAWindowDShortHalfCapTop02_LOD.nif
2938 2 6 6 3.00000 3.00000 1.33333 1.33333 4 4 1 1 0 0.00000 0 1 0 0 0 0 0 4 0 4 0 0 0 1.00000 LOD\Architecture\Buildings\Hightech\HitExtAWindowDTall01_LOD.nif
2939 2 6 6 3.00000 3.00000 1.33333 1.33333 4 4 1 1 0 0.00000 0 1 0 0 0 0 0 4 0 4 0 0 0 1.00000 LOD\Architecture\Buildings\Hightech\HitExtAWindowDTall01Broken_LOD.nif
2940 2 6 6 3.00000 3.00000 1.33333 1.33333 4 4 1 1 0 0.00000 0 1 0 0 0 0 0 4 0 4 0 0 0 1.00000 LOD\Architecture\Buildings\Hightech\HitExtAWindowDTallDmg01_LOD.nif
2941 2 6 6 3.00000 3.00000 1.33333 1.33333 4 4 1 1 0 0.00000 0 1 0 0 0 0 0 4 0 4 0 0 0 1.00000 LOD\Architecture\Buildings\Hightech\HitExtAWindowDTallHalf01_LOD.nif
2942 2 6 6 3.00000 3.00000 1.33333 1.33333 4 4 1 1 0 0.00000 0 1 0 0 0 0 0 4 0 4 0 0 0 1.00000 LOD\Architecture\Buildings\Hightech\HitExtAWindowDTallHalf02_LOD.nif
2943 2 6 6 3.00000 3.00000 1.33333 1.33333 4 4 1 1 0 0.00000 0 1 0 0 0 0 0 4 0 4 0 0 0 1.00000 LOD\Architecture\Buildings\Hightech\HitExtAWindowDTallLong01_LOD.nif
2944 24 54 54 2.25000 2.25000 1.03704 1.03704 0 0 1 2 0 0.00000 0 0 0 0 0 0 0 18 12 0 0 0 1 1.00000 LOD\Architecture\Buildings\Hightech\HitExtAWindowDXLDmg02_LOD.nif
2945 24 54 54 2.25000 2.25000 1.03704 1.03704 0 0 1 2 0 0.00000 0 0 0 0 0 0 0 18 12 0 0 0 1 1.00000 LOD\Architecture\Buildings\Hightech\HitExtAWindowDXLDmg03_LOD.nif
2946 2 6 6 3.00000 3.00000 1.33333 1.33333 4 4 1 1 0 0.00000 0 1 0 0 0 0 0 4 0 4 0 0 0 1.00000 LOD\Architecture\Buildings\Hightech\HitExtAWindowE02_LOD.nif
2947 2 6 6 3.00000 3.00000 1.33333 1.33333 4 4 1 1 0 0.00000 0 1 0 0 0 0 0 4 0 4 0 0 0 1.00000 LOD\Architecture\Buildings\Hightech\HitExtAWindowE03_LOD.nif
2948 2 6 6 3.00000 3.00000 1.33333 1.33333 4 4 1 1 0 0.00000 0 1 0 0 0 0 0 4 0 4 0 0 0 1.00000 LOD\Architecture\Buildings\Hightech\HitExtAWindowELong01_LOD.nif
2949 2 6 6 3.00000 3.00000 1.33333 1.33333 4 4 1 1 0 0.00000 0 1 0 0 0 0 0 4 0 4 0 0 0 1.00000 LOD\Architecture\Buildings\Hightech\HitExtAWindowEShortCapBottom01_LOD.nif
2950 2 6 6 3.00000 3.00000 1.33333 1.33333 4 4 1 1 0 0.00000 0 1 0 0 0 0 0 4 0 4 0 0 0 1.00000 LOD\Architecture\Buildings\Hightech\HitExtAWindowEShortCapLeft01_LOD.nif
2951 2 6 6 3.00000 3.00000 1.33333 1.33333 4 4 1 1 0 0.00000 0 1 0 0 0 0 0 4 0 4 0 0 0 1.00000 LOD\Architecture\Buildings\Hightech\HitExtAWindowEShortCapTop01_LOD.nif
2952 2 6 6 3.00000 3.00000 1.33333 1.33333 4 4 1 1 0 0.00000 0 1 0 0 0 0 0 4 0 4 0 0 0 1.00000 LOD\Architecture\Buildings\Hightech\HitExtAWindowEShortHalf01_LOD.nif
2953 2 6 6 3.00000 3.00000 1.33333 1.33333 4 4 1 1 0 0.00000 0 1 0 0 0 0 0 4 0 4 0 0 0 1.00000 LOD\Architecture\Buildings\Hightech\HitExtAWindowETall01_LOD.nif
2954 2 6 6 3.00000 3.00000 1.33333 1.33333 4 4 1 1 0 0.00000 0 1 0 0 0 0 0 4 0 4 0 0 0 1.00000 LOD\Architecture\Buildings\Hightech\HitExtAWindowETall02_LOD.nif
2955 2 6 6 3.00000 3.00000 1.33333 1.33333 4 4 1 1 0 0.00000 0 1 0 0 0 0 0 4 0 4 0 0 0 1.00000 LOD\Architecture\Buildings\Hightech\HitExtAWindowETallBroken01_LOD.nif
2956 6 18 24 3.00000 3.00000 1.11111 1.11111 8 8 2 1 1 0.00000 1 1 0 0 0 1 0 8 6 6 0 0 0 0.82759 LOD\Architecture\Buildings\Hightech\HitExtAWindowETallDmg01_LOD.nif
2957 6 18 24 3.00000 3.00000 1.11111 1.11111 8 8 2 1 1 0.00000 1 1 0 0 0 1 0 8 6 6 0 0 0 0.82759 LOD\Architecture\Buildings\Hightech\HitExtAWindowETallDmg02_LOD.nif
2958 2 6 6 3.00000 3.00000 1.33333 1.33333 4 4 1 1 0 0.00000 0 1 0 0 0 0 0 4 0 4 0 0 0 1.00000 LOD\Architecture\Buildings\Hightech\HitExtAWindowShortsE02_LOD.nif
2959 6 8 14 1.33333 1.33333 1.00000 1.00000 8 8 2 1 1 57.24332 1 1 0 0 0 1 0 8 0 6 0 0 0 1.00000 LOD\Architecture\Buildings\Hightech\HitExtBCornerB01_LOD.nif
2960 4 6 6 1.50000 1.50000 1.33333 1.33333 6 6 1 1 0 0.00000 0 1 0 0 0 0 0 6 0 6 0 0 0 1.00000 LOD\Architecture\Buildings\Hightech\HitExtBCornerC01_LOD.nif
2961 4 6 6 1.50000 1.50000 1.33333 1.33333 6 6 1 1 0 0.00000 0 1 0 0 0 0 0 6 0 6 0 0 0 1.00000 LOD\Architecture\Buildings\Hightech\HitExtBCornerD01_LOD.nif
2962 4 6 6 1.50000 1.50000 1.33333 1.33333 6 6 1 1 0 0.00000 0 1 0 0 0 0 0 6 0 6 0 0 0 1.00000 LOD\Architecture\Buildings\Hightech\HitExtBCornerD02_LOD.nif
2963 4 6 6 1.50000 1.50000 1.33333 1.33333 6 6 1 1 0 0.00000 0 1 0 0 0 0 0 6 0 6 0 0 0 1.00000 LOD\Architecture\Buildings\Hightech\HitExtBCornerDTall02_LOD.nif
2964 6 18 24 3.00000 3.00000 1.11111 1.11111 8 8 2 1 1 0.31163 1 1 0 0 0 1 0 8 3 6 0 0 0 1.00000 LOD\Architecture\Buildings\Hightech\HitExtBWall01_LOD.nif
2965 4 12 12 3.00000 3.00000 1.00000 1.00000 6 6 1 1 0 0.00000 0 1 0 0 0 0 0 6 0 6 0 0 0 1.00000 LOD\Architecture\Buildings\Hightech\HitExtBWall02_LOD.nif
2966 4 12 12 3.00000 3.00000 1.00000 1.00000 6 6 1 1 0 0.00000 0 1 0 0 0 0 0 6 0 6 0 0 0 1.00000 LOD\Architecture\Buildings\Hightech\HitExtBWall03_LOD.nif
2967 12 27 27 2.25000 2.25000 1.03704 1.03704 0 0 1 1 0 0.00000 0 0 0 0 0 0 0 8 16 0 0 0 1 1.00000 LOD\Architecture\Buildings\Hightech\HitExtCColumnTall01_LOD.nif
2968 4 10 10 2.50000 2.50000 1.20000 1.20000 6 6 1 1 0 0.00000 0 1 0 0 0 0 0 6 0 6 0 0 0 1.00000 LOD\Architecture\Buildings\Hightech\HitExtCCornerA01_LOD.nif
2969 4 10 10 2.50000 2.50000 1.20000 1.20000 6 6 1 1 0 0.00000 0 1 0 0 0 0 0 6 0 6 0 0 0 1.00000 LOD\Architecture\Buildings\Hightech\HitExtCCornerACapBottom01_LOD.nif
2970 4 10 10 2.50000 2.50000 1.20000 1.20000 6 6 1 1 0 0.00000 0 1 0 0 0 0 0 6 0 6 0 0 0 1.00000 LOD\Architecture\Buildings\Hightech\HitExtCCornerACapTop01_LOD.nif
2971 8 24 30 3.00000 3.00000 1.00000 1.00000 8 8 2 1 1 21.33340 1 1 0 0 0 1 0 9 6 6 0 0 0 0.96774 LOD\Architecture\Buildings\Hightech\HitExtCCornerACapTop02_LOD.nif
2972 4 8 8 2.00000 2.00000 1.00000 1.00000 6 6 1 1 0 0.00000 0 1 0 0 0 0 0 6 0 6 0 0 0 1.00000 LOD\Architecture\Buildings\Hightech\HitExtCCornerATall01_LOD.nif
2973 4 8 8 2.00000 2.00000 1.00000 1.00000 6 6 1 1 0 0.00000 0 1 0 0 0 0 0 6 2 6 0 0 0 1.00000 LOD\Architecture\Buildings\Hightech\HitExtCCornerDShort01_LOD.nif
2974 4 6 6 1.50000 1.50000 1.33333 1.33333 6 6 1 1 0 0.00000 0 1 0 0 0 0 0 6 0 6 0 0 0 1.00000 LOD\Architecture\Buildings\Hightech\HitExtCCornerDTall01_LOD.nif
2975 6 12 12 2.00000 2.00000 1.00000 1.00000 8 8 1 1 0 0.00000 0 0 0 0 0 0 0 8 2 8 0 0 1 1.00000 LOD\Architecture\Buildings\Hightech\HitExtCurveA01_LOD.nif
2976 6 12 18 2.00000 2.00000 1.00000 1.00000 8 8 2 1 1 55.85464 1 1 0 0 0 1 0 8 4 6 0 0 0 0.99631 LOD\Architecture\Buildings\Hightech\HitExtCurveA02_LOD.nif
2977 6 8 14 1.33333 1.33333 1.00000 1.00000 8 8 2 1 1 55.98181 1 1 0 0 0 1 0 8 0 6 0 0 0 0.99479 LOD\Architecture\Buildings\Hightech\HitExtCurveA03_LOD.nif
2978 15 29 43 1.93333 1.93333 1.10345 1.10345 9 9 3 1 2 49.81514 2 1 0 0 0 2 0 13 12 6 0 0 0 0.72940 LOD\Architecture\Buildings\Hightech\HitExtCurveACornerB01_LOD.nif
2979 15 25 33 1.66667 1.66667 1.12000 1.12000 9 9 2 1 1 68.61990 1 0 0 0 0 1 0 13 10 7 0 0 1 0.75475 LOD\Architecture\Buildings\Hightech\HitExtCurveACornerB02_LOD.nif
2980 12 20 27 1.66667 1.66667 1.00000 1.00000 13 13 2 1 1 52.16354 1 0 0 0 0 1 0 13 3 7 0 0 1 0.91374 LOD\Architecture\Buildings\Hightech\HitExtCurveACustom01_LOD.nif
2981 12 20 27 1.66667 1.66667 1.00000 1.00000 13 13 2 1 1 52.15154 1 0 0 0 0 1 0 13 3 7 0 0 1 0.91374 LOD\Architecture\Buildings\Hightech\HitExtCurveACustom02_LOD.nif
2982 16 38 38 2.37500 2.37500 1.05263 1.05263 0 0 1 1 0 0.00000 0 0 0 0 0 0 0 10 17 0 0 0 1 1.00000 LOD\Architecture\Buildings\Hightech\HitExtCurveCapSideA01_LOD.nif
2983 2 6 6 3.00000 3.00000 1.33333 1.33333 4 4 1 1 0 0.00000 0 1 0 0 0 0 0 4 0 4 0 0 0 1.00000 LOD\Architecture\Buildings\Hightech\HitExtCWall01_LOD.nif
2984 2 6 6 3.00000 3.00000 1.33333 1.33333 4 4 1 1 0 0.00000 0 1 0 0 0 0 0 4 0 4 0 0 0 1.00000 LOD\Architecture\Buildings\Hightech\HitExtCWallCapBottom01_LOD.nif
2985 8 24 24 3.00000 3.00000 1.00000 1.00000 8 8 1 1 0 0.00000 0 0 0 0 0 0 0 9 10 8 0 0 1 1.00000 LOD\Architecture\Buildings\Hightech\HitExtCWallCapLong01_LOD.nif
2986 2 6 6 3.00000 3.00000 1.33333 1.33333 4 4 1 1 0 0.00000 0 1 0 0 0 0 0 4 0 4 0 0 0 1.00000 LOD\Architecture\Buildings\Hightech\HitExtCWallCapTop01_LOD.nif
2987 4 12 12 3.00000 3.00000 1.00000 1.00000 6 6 1 1 0 0.00000 0 1 0 0 0 0 0 6 3 6 0 0 0 1.00000 LOD\Architecture\Buildings\Hightech\HitExtCWallCapTop02_LOD.nif
2988 4 12 12 3.00000 3.00000 1.00000 1.00000 6 6 1 1 0 0.00000 0 1 0 0 0 0 0 6 3 6 0 0 0 1.00000 LOD\Architecture\Buildings\Hightech\HitExtCWallCapTopHalf02_LOD.nif
2989 3 9 9 3.00000 3.00000 1.33333 1.33333 5 5 1 1 0 0.00000 0 1 0 0 0 0 0 5 2 5 0 0 0 1.00000 LOD\Architecture\Buildings\Hightech\HitExtCWallCapTopTrimShort01_LOD.nif
2990 2 6 6 3.00000 3.00000 1.33333 1.33333 4 4 1 1 0 0.00000 0 1 0 0 0 0 0 4 0 4 0 0 0 1.00000 LOD\Architecture\Buildings\Hightech\HitExtCWallCapTrim01_LOD.nif
2991 2 6 6 3.00000 3.00000 1.33333 1.33333 4 4 1 1 0 0.00000 0 1 0 0 0 0 0 4 0 4 0 0 0 1.00000 LOD\Architecture\Buildings\Hightech\HitExtCWallHalf01_LOD.nif
2992 2 6 6 3.00000 3.00000 1.33333 1.33333 4 4 1 1 0 0.00000 0 1 0 0 0 0 0 4 0 4 0 0 0 1.00000 LOD\Architecture\Buildings\Hightech\HitExtCWallShort01_LOD.nif
2993 2 6 6 3.00000 3.00000 1.33333 1.33333 4 4 1 1 0 0.00000 0 1 0 0 0 0 0 4 0 4 0 0 0 1.00000 LOD\Architecture\Buildings\Hightech\HitExtCWallShortHalf01_LOD.nif
2994 2 6 6 3.00000 3.00000 1.33333 1.33333 4 4 1 1 0 0.00000 0 1 0 0 0 0 0 4 0 4 0 0 0 1.00000 LOD\Architecture\Buildings\Hightech\HitExtCWallTallHalf01_LOD.nif
2995 2 6 6 3.00000 3.00000 1.33333 1.33333 4 4 1 1 0 0.00000 0 1 0 0 0 0 0 4 0 4 0 0 0 1.00000 LOD\Architecture\Buildings\Hightech\HitExtCWallTallLong01_LOD.nif
2996 2 4 4 2.00000 2.00000 1.00000 1.00000 4 4 1 1 0 0.00000 0 1 0 0 0 0 0 4 0 4 0 0 0 1.00000 LOD\Architecture\Buildings\Hightech\HitExtCWallTrim01_LOD.nif
2997 2 6 6 3.00000 3.00000 1.33333 1.33333 4 4 1 1 0 0.00000 0 1 0 0 0 0 0 4 0 4 0 0 0 1.00000 LOD\Architecture\Buildings\Hightech\HitExtCWallTrim02_LOD.nif
2998 2 6 6 3.00000 3.00000 1.33333 1.33333 4 4 1 1 0 0.00000 0 1 0 0 0 0 0 4 0 4 0 0 0 1.00000 LOD\Architecture\Buildings\Hightech\HitExtCWallTrimHalf01_LOD.nif
2999 8 24 30 3.00000 3.00000 1.00000 1.00000 10 10 2 1 1 30.76255 1 1 0 0 0 1 0 10 5 6 0 0 0 1.00000 LOD\Architecture\Buildings\Hightech\HitExtDecorA01_LOD.nif
3000 2 4 4 2.00000 2.00000 1.00000 1.00000 4 4 1 1 0 0.00000 0 1 0 0 0 0 0 4 0 4 0 0 0 1.00000 LOD\Architecture\Buildings\Hightech\HitExtDWall01_LOD.nif
3001 24 54 64 2.25000 2.25000 1.03704 1.03704 0 0 2 2 1 28.44445 1 0 0 0 0 1 0 16 27 0 0 0 1 0.88346 LOD\Architecture\Buildings\Hightech\HitExtElevatorMFStructure02_LOD.nif
3002 8 18 24 2.25000 2.25000 1.11111 1.11111 6 6 2 1 1 41.60011 1 1 0 0 0 1 0 8 8 6 0 0 0 0.88036 LOD\Architecture\Buildings\Hightech\HitExtExtABase01_LOD.nif
3003 8 18 24 2.25000 2.25000 1.11111 1.11111 6 6 2 1 1 42.80183 1 1 0 0 0 1 0 8 8 6 0 0 0 0.87774 LOD\Architecture\Buildings\Hightech\HitExtExtABase02_LOD.nif
3004 18 28 38 1.55556 1.55556 1.00000 1.00000 10 10 2 2 1 41.60001 1 0 0 0 0 1 0 15 11 10 0 0 1 0.93643 LOD\Architecture\Buildings\Hightech\HitExtExtABaseCornerA01_LOD.nif
3005 19 27 38 1.42105 1.42105 1.03704 1.03704 11 11 2 2 1 42.80001 1 0 0 0 0 1 0 16 8 11 0 0 1 0.89480 LOD\Architecture\Buildings\Hightech\HitExtExtABaseCornerB01_LOD.nif
3006 8 11 17 1.37500 1.37500 1.09091 1.09091 10 10 2 1 1 58.46400 1 1 0 0 0 1 0 10 0 6 0 0 0 1.00000 LOD\Architecture\Buildings\Hightech\HitExtExtACorneB01_LOD.nif
3007 8 10 16 1.25000 1.25000 1.20000 1.20000 10 10 2 1 1 85.40101 1 1 0 0 0 1 0 10 0 6 0 0 0 0.75000 LOD\Architecture\Buildings\Hightech\HitExtExtACorneBShort01_LOD.nif
3008 8 13 19 1.62500 1.62500 1.23077 1.23077 10 10 2 1 1 58.46401 1 1 0 0 0 1 0 10 2 6 0 0 0 1.00000 LOD\Architecture\Buildings\Hightech\HitExtExtACorneBWindowA01_LOD.nif
3009 16 37 50 2.31250 2.31250 1.08108 1.08108 6 6 3 1 2 64.56829 2 1 0 0 0 2 0 12 20 4 0 0 0 0.87746 LOD\Architecture\Buildings\Hightech\HitExtExtACornerBase01_LOD.nif
3010 12 28 28 2.33333 2.33333 1.00000 1.00000 0 0 1 1 0 0.00000 0 0 0 0 0 0 0 8 19 0 0 0 1 1.00000 LOD\Architecture\Buildings\Hightech\HitExtExtARoofA01_LOD.nif
3011 19 33 44 1.73684 1.73684 1.09091 1.09091 11 11 2 2 1 41.90625 1 0 0 0 0 1 0 16 9 11 0 0 1 0.83917 LOD\Architecture\Buildings\Hightech\HitExtExtARoofACornerB01_LOD.nif
3012 2 4 4 2.00000 2.00000 1.00000 1.00000 4 4 1 1 0 0.00000 0 1 0 0 0 0 0 4 0 4 0 0 0 1.00000 LOD\Architecture\Buildings\Hightech\HitExtLobbyALongEntrance01_LOD.nif
3013 4 8 8 2.00000 2.00000 1.00000 1.00000 6 6 1 1 0 0.00000 0 1 0 0 0 0 0 6 2 6 0 0 0 1.00000 LOD\Architecture\Buildings\Hightech\HitExtLobbyBCornerA01_LOD.nif
3014 6 10 16 1.66667 1.66667 1.20000 1.20000 8 8 2 1 1 57.59752 1 1 0 0 0 1 0 8 0 6 0 0 0 0.74306 LOD\Architecture\Buildings\Hightech\HitExtLobbyBCornerB01_LOD.nif
3015 4 8 8 2.00000 2.00000 1.00000 1.00000 6 6 1 1 0 0.00000 0 1 0 0 0 0 0 6 0 6 0 0 0 1.00000 LOD\Architecture\Buildings\Hightech\HitExtLobbyBCornerC01_LOD.nif
3016 4 8 8 2.00000 2.00000 1.00000 1.00000 6 6 1 1 0 0.00000 0 1 0 0 0 0 0 6 2 6 0 0 0 1.00000 LOD\Architecture\Buildings\Hightech\HitExtLobbyBCornerIn01_LOD.nif
3017 2 4 4 2.00000 2.00000 1.00000 1.00000 4 4 1 1 0 0.00000 0 1 0 0 0 0 0 4 0 4 0 0 0 1.00000 LOD\Architecture\Buildings\Hightech\HitExtLobbyBWallTall01_LOD.nif
3018 14 34 49 2.42857 2.42857 1.05882 1.05882 10 10 3 1 2 64.00000 2 1 0 0 0 2 0 13 17 6 0 0 0 0.89635 LOD\Architecture\Buildings\Hightech\HitExtLobbyCCornerA01_LOD.nif
3019 8 18 18 2.25000 2.25000 1.11111 1.11111 10 10 1 1 0 0.00000 0 0 0 0 0 0 0 10 4 10 0 0 1 1.00000 LOD\Architecture\Buildings\Hightech\HitExtLobbyCWallTall01_LOD.nif
3020 10 22 35 2.20000 2.20000 1.09091 1.09091 8 8 3 1 2 80.96815 2 1 0 0 0 2 0 10 10 6 0 0 0 0.87585 LOD\Architecture\Buildings\Hightech\HitExtLobbyCWallTall02_LOD.nif
3021 2 4 4 2.00000 2.00000 1.00000 1.00000 4 4 1 1 0 0.00000 0 1 0 0 0 0 0 4 0 4 0 0 0 1.00000 LOD\Architecture\Buildings\Hightech\HitExtLobbySmA01_LOD.nif
3022 2 4 4 2.00000 2.00000 1.00000 1.00000 4 4 1 1 0 0.00000 0 1 0 0 0 0 0 4 0 4 0 0 0 1.00000 LOD\Architecture\Buildings\Hightech\HitExtLobbySmA01Full_LOD.nif
3023 2 4 4 2.00000 2.00000 1.00000 1.00000 4 4 1 1 0 0.00000 0 1 0 0 0 0 0 4 0 4 0 0 0 1.00000 LOD\Architecture\Buildings\Hightech\HitExtLobbySmA4501_LOD.nif
3024 2 4 4 2.00000 2.00000 1.00000 1.00000 4 4 1 1 0 0.00000 0 1 0 0 0 0 0 4 0 4 0 0 0 1.00000 LOD\Architecture\Buildings\Hightech\HitExtLobbySmA4501Full_LOD.nif
3025 2 4 4 2.00000 2.00000 1.00000 1.00000 4 4 1 1 0 0.00000 0 1 0 0 0 0 0 4 0 4 0 0 0 1.00000 LOD\Architecture\Buildings\Hightech\HitExtLobbySmA45Long01_LOD.nif
3026 2 4 4 2.00000 2.00000 1.00000 1.00000 4 4 1 1 0 0.00000 0 1 0 0 0 0 0 4 0 4 0 0 0 1.00000 LOD\Architecture\Buildings\Hightech\HitExtLobbySmA45Long01Full_LOD.nif
3027 4 8 8 2.00000 2.00000 1.00000 1.00000 6 6 1 1 0 0.00000 0 1 0 0 0 0 0 6 2 6 0 0 0 1.00000 LOD\Architecture\Buildings\Hightech\HitExtLobbySmACornerA01_LOD.nif
3028 4 8 8 2.00000 2.00000 1.00000 1.00000 6 6 1 1 0 0.00000 0 1 0 0 0 0 0 6 2 6 0 0 0 1.00000 LOD\Architecture\Buildings\Hightech\HitExtLobbySmACornerA01Full_LOD.nif
3029 4 8 8 2.00000 2.00000 1.00000 1.00000 6 6 1 1 0 0.00000 0 1 0 0 0 0 0 6 2 6 0 0 0 1.00000 LOD\Architecture\Buildings\Hightech\HitExtLobbySmACornerB01_LOD.nif
3030 4 8 8 2.00000 2.00000 1.00000 1.00000 6 6 1 1 0 0.00000 0 1 0 0 0 0 0 6 2 6 0 0 0 1.00000 LOD\Architecture\Buildings\Hightech\HitExtLobbySmACornerB01Full01_LOD.nif
3031 4 8 8 2.00000 2.00000 1.00000 1.00000 6 6 1 1 0 0.00000 0 1 0 0 0 0 0 6 2 6 0 0 0 1.00000 LOD\Architecture\Buildings\Hightech\HitExtLobbySmACornerC01_LOD.nif
3032 4 8 8 2.00000 2.00000 1.00000 1.00000 6 6 1 1 0 0.00000 0 1 0 0 0 0 0 6 2 6 0 0 0 1.00000 LOD\Architecture\Buildings\Hightech\HitExtLobbySmACornerC01Full_LOD.nif
3033 4 8 8 2.00000 2.00000 1.00000 1.00000 6 6 1 1 0 0.00000 0 1 0 0 0 0 0 6 2 6 0 0 0 1.00000 LOD\Architecture\Buildings\Hightech\HitExtLobbySmACornerD01_LOD.nif
3034 4 8 8 2.00000 2.00000 1.00000 1.00000 6 6 1 1 0 0.00000 0 1 0 0 0 0 0 6 2 6 0 0 0 1.00000 LOD\Architecture\Buildings\Hightech\HitExtLobbySmACornerD01Full_LOD.nif
3035 4 8 8 2.00000 2.00000 1.00000 1.00000 6 6 1 1 0 0.00000 0 1 0 0 0 0 0 6 2 6 0 0 0 1.00000 LOD\Architecture\Buildings\Hightech\HitExtLobbySmACornerIn01_LOD.nif
3036 4 8 8 2.00000 2.00000 1.00000 1.00000 6 6 1 1 0 0.00000 0 1 0 0 0 0 0 6 2 6 0 0 0 1.00000 LOD\Architecture\Buildings\Hightech\HitExtLobbySmACornerIn01Full_LOD.nif
3037 2 4 4 2.00000 2.00000 1.00000 1.00000 4 4 1 1 0 0.00000 0 1 0 0 0 0 0 4 0 4 0 0 0 1.00000 LOD\Architecture\Buildings\Hightech\HitExtLobbySmALong01_LOD.nif
3038 2 4 4 2.00000 2.00000 1.00000 1.00000 4 4 1 1 0 0.00000 0 1 0 0 0 0 0 4 0 4 0 0 0 1.00000 LOD\Architecture\Buildings\Hightech\HitExtLobbySmALong01Full_LOD.nif
3039 2 4 4 2.00000 2.00000 1.00000 1.00000 4 4 1 1 0 0.00000 0 1 0 0 0 0 0 4 0 4 0 0 0 1.00000 LOD\Architecture\Buildings\Hightech\HitExtLobbySmALong02_LOD.nif
3040 2 4 4 2.00000 2.00000 1.00000 1.00000 4 4 1 1 0 0.00000 0 1 0 0 0 0 0 4 0 4 0 0 0 1.00000 LOD\Architecture\Buildings\Hightech\HitExtLobbySmALong02Full_LOD.nif
3041 8 18 18 2.25000 2.25000 1.11111 1.11111 10 10 1 1 0 0.00000 0 0 0 0 0 0 0 10 5 10 0 0 1 1.00000 LOD\Architecture\Buildings\Hightech\HitExtLobbySmCEntrance01_LOD.nif
3042 8 18 18 2.25000 2.25000 1.11111 1.11111 10 10 1 1 0 0.00000 0 0 0 0 0 0 0 10 5 10 0 0 1 1.00000 LOD\Architecture\Buildings\Hightech\HitExtLobbySmCEntrance01Full_LOD.nif
3043 8 18 18 2.25000 2.25000 1.11111 1.11111 10 10 1 1 0 0.00000 0 0 0 0 0 0 0 10 5 10 0 0 1 1.00000 LOD\Architecture\Buildings\Hightech\HitExtLobbySmCEntrance02Full_LOD.nif
3044 10 18 31 1.80000 1.80000 1.11111 1.11111 12 12 3 1 2 81.66131 2 1 0 0 0 2 0 12 6 6 0 0 0 0.79365 LOD\Architecture\Buildings\Hightech\HitExtRoofA01_LOD.nif
3045 4 6 6 1.50000 1.50000 1.33333 1.33333 6 6 1 1 0 0.00000 0 1 0 0 0 0 0 6 0 6 0 0 0 1.00000 LOD\Architecture\Buildings\Hightech\HitExtRoofACornerA01_LOD.nif
3046 30 38 56 1.26667 1.26667 1.05263 1.05263 16 16 2 2 1 58.93661 1 0 0 0 0 1 0 24 0 9 0 0 1 0.93202 LOD\Architecture\Buildings\Hightech\HitExtRoofACornerB01_LOD.nif
3047 20 36 46 1.80000 1.80000 1.00000 1.00000 14 14 2 2 1 51.90067 1 0 0 0 0 1 0 18 15 8 0 0 1 0.92176 LOD\Architecture\Buildings\Hightech\HitExtRoofACornerC01_LOD.nif
3048 24 44 61 1.83333 1.83333 1.00000 1.00000 10 10 3 2 2 109.85643 2 0 0 0 0 2 0 18 23 6 0 0 1 0.74039 LOD\Architecture\Buildings\Hightech\HitExtRoofACornerD01_LOD.nif
3049 20 40 51 2.00000 2.00000 1.00000 1.00000 14 14 2 2 1 73.37560 1 0 0 0 0 1 0 18 15 10 0 0 1 0.95187 LOD\Architecture\Buildings\Hightech\HitExtRoofACornerInA01_LOD.nif
3050 10 18 31 1.80000 1.80000 1.11111 1.11111 12 12 3 1 2 81.66132 2 1 0 0 0 2 0 12 6 6 0 0 0 0.79365 LOD\Architecture\Buildings\Hightech\HitExtRoofAFlat01_LOD.nif
3051 12 22 29 1.83333 1.83333 1.09091 1.09091 10 10 2 1 1 81.66131 1 0 0 0 0 1 0 12 8 6 0 0 1 0.87688 LOD\Architecture\Buildings\Hightech\HitExtRoofAFlatEntrance02_LOD.nif
3052 18 32 41 1.77778 1.77778 1.00000 1.00000 4 4 2 2 1 251.99995 1 0 0 1 0 2 0 12 20 4 0 0 0 0.83620 LOD\Architecture\Buildings\Hightech\HitExtRoofAFlatShort01_LOD.nif
3053 10 18 31 1.80000 1.80000 1.11111 1.11111 12 12 3 1 2 81.66131 2 1 0 0 0 2 0 12 4 6 0 0 0 0.79365 LOD\Architecture\Buildings\Hightech\HitExtRoofAWindowA01_LOD.nif
3054 14 28 35 2.00000 2.00000 1.00000 1.00000 8 8 2 1 1 81.66131 1 0 0 0 0 1 0 12 13 5 0 0 1 0.86486 LOD\Architecture\Buildings\Hightech\HitExtRoofAWindowABroken01_LOD.nif
3055 6 12 18 2.00000 2.00000 1.00000 1.00000 8 8 2 1 1 6.35059 1 1 0 0 0 1 0 8 4 6 0 0 0 1.00000 LOD\Architecture\Buildings\Hightech\HitExtRoofB01_LOD.nif
3056 5 11 17 2.20000 2.20000 1.09091 1.09091 7 7 2 1 1 6.35059 1 1 0 0 0 1 0 7 4 6 0 0 0 0.98461 LOD\Architecture\Buildings\Hightech\HitExtRoofBCornerA01_LOD.nif
3057 2 6 6 3.00000 3.00000 1.33333 1.33333 4 4 1 1 0 0.00000 0 1 0 0 0 0 0 4 0 4 0 0 0 1.00000 LOD\Architecture\Buildings\Hightech\HitExtRoofCCornerAShort01_LOD.nif
3058 2 6 6 3.00000 3.00000 1.33333 1.33333 4 4 1 1 0 0.00000 0 1 0 0 0 0 0 4 0 4 0 0 0 1.00000 LOD\Architecture\Buildings\Hightech\HitExtRoofCShort01_LOD.nif
3059 2 6 6 3.00000 3.00000 1.33333 1.33333 4 4 1 1 0 0.00000 0 1 0 0 0 0 0 4 0 4 0 0 0 1.00000 LOD\Architecture\Buildings\Hightech\HitExtRoofCShortLong01_LOD.nif
3060 10 28 28 2.80000 2.80000 1.00000 1.00000 4 4 1 1 0 0.00000 0 0 0 0 0 0 0 8 18 4 0 0 1 1.00000 LOD\Architecture\Buildings\Hightech\HitExtRoofECornerA01_LOD.nif
3061 6 10 10 1.66667 1.66667 1.20000 1.20000 6 6 1 1 0 0.00000 0 0 0 0 0 0 0 7 3 6 0 0 1 1.00000 LOD\Architecture\Buildings\Hightech\HitExtRoofECornerC01_LOD.nif
3062 10 28 28 2.80000 2.80000 1.00000 1.00000 4 4 1 1 0 0.00000 0 0 0 0 0 0 0 8 18 4 0 0 1 1.00000 LOD\Architecture\Buildings\Hightech\HitExtRoofEMid01_LOD.nif
3063 10 26 26 2.60000 2.60000 1.07692 1.07692 4 4 1 1 0 0.00000 0 0 0 0 0 0 0 8 16 4 0 0 1 1.00000 LOD\Architecture\Buildings\Hightech\HitExtRoofFloorACorner01_LOD.nif
3064 9 25 25 2.77778 2.77778 1.12000 1.12000 7 7 1 1 0 0.00000 0 0 0 0 0 0 0 9 13 7 0 0 1 1.00000 LOD\Architecture\Buildings\Hightech\HitExtRoofFloorACornerB01_LOD.nif
3065 6 18 24 3.00000 3.00000 1.11111 1.11111 6 6 2 1 1 23.79176 1 1 0 0 0 1 0 7 10 6 0 0 0 1.00000 LOD\Architecture\Buildings\Hightech\HitExtRoofFloorACornerC01_LOD.nif
3066 6 18 24 3.00000 3.00000 1.11111 1.11111 6 6 2 1 1 23.94441 1 1 0 0 0 1 0 7 9 6 0 0 0 1.00000 LOD\Architecture\Buildings\Hightech\HitExtRoofFloorACornerD01_LOD.nif
3067 10 24 24 2.40000 2.40000 1.00000 1.00000 4 4 1 1 0 0.00000 0 0 0 0 0 0 0 8 15 4 0 0 1 1.00000 LOD\Architecture\Buildings\Hightech\HitExtRoofFloorACornerIn01_LOD.nif
3068 10 26 26 2.60000 2.60000 1.07692 1.07692 4 4 1 1 0 0.00000 0 0 0 0 0 0 0 8 16 4 0 0 1 1.00000 LOD\Architecture\Buildings\Hightech\HitExtRoofFloorAEdge01_LOD.nif
3069 10 26 26 2.60000 2.60000 1.07692 1.07692 4 4 1 1 0 0.00000 0 0 0 0 0 0 0 8 16 4 0 0 1 1.00000 LOD\Architecture\Buildings\Hightech\HitExtRoofFloorAEdge02_LOD.nif
3070 2 4 4 2.00000 2.00000 1.00000 1.00000 4 4 1 1 0 0.00000 0 1 0 0 0 0 0 4 0 4 0 0 0 1.00000 LOD\Architecture\Buildings\Hightech\HitExtRoofFloorAEdge03_LOD.nif
3071 10 26 26 2.60000 2.60000 1.07692 1.07692 4 4 1 1 0 0.00000 0 0 0 0 0 0 0 8 16 4 0 0 1 1.00000 LOD\Architecture\Buildings\Hightech\HitExtRoofFloorAMid01_LOD.nif
3072 10 26 26 2.60000 2.60000 1.07692 1.07692 4 4 1 1 0 0.00000 0 0 0 0 0 0 0 8 16 4 0 0 1 1.00000 LOD\Architecture\Buildings\Hightech\HitExtRoofFloorAMid02_LOD.nif
3073 2 4 4 2.00000 2.00000 1.00000 1.00000 4 4 1 1 0 0.00000 0 1 0 0 0 0 0 4 0 4 0 0 0 1.00000 LOD\Architecture\Buildings\Hightech\HitExtRoofFloorAMid03_LOD.nif
3074 8 18 18 2.25000 2.25000 1.11111 1.11111 6 6 1 1 0 0.00000 0 0 0 0 0 0 0 8 8 6 0 0 1 1.00000 LOD\Architecture\Buildings\Hightech\HitExtRoofFloorAMidDmg01_LOD.nif
3075 2 4 4 2.00000 2.00000 1.00000 1.00000 4 4 1 1 0 0.00000 0 1 0 0 0 0 0 4 0 4 0 0 0 1.00000 LOD\Architecture\Buildings\Hightech\HitExtRoofFloorAQuater01_LOD.nif
3076 4 10 10 2.50000 2.50000 1.20000 1.20000 8 8 1 1 0 0.00000 0 1 0 0 0 0 0 8 0 8 0 0 0 1.00000 LOD\Architecture\Buildings\Hightech\HitExtRoofFloorARamp01_LOD.nif
3077 50 116 142 2.32000 2.32000 1.00000 1.00000 0 0 2 4 2 15.99407 1 0 0 0 0 1 0 27 74 0 0 0 1 1.00000 LOD\Architecture\Buildings\Hightech\HitExtRoofHelipad01_LOD.nif
3078 2 6 6 3.00000 3.00000 1.33333 1.33333 4 4 1 1 0 0.00000 0 1 0 0 0 0 0 4 0 4 0 0 0 1.00000 LOD\Architecture\Buildings\Hightech\HitExtSkylightACorner01_LOD.nif
3079 4 12 12 3.00000 3.00000 1.00000 1.00000 6 6 1 1 0 0.00000 0 1 0 0 0 0 0 6 0 6 0 0 0 1.00000 LOD\Architecture\Buildings\Hightech\HitExtSkylightAMid01_LOD.nif
3080 2 6 6 3.00000 3.00000 1.33333 1.33333 4 4 1 1 0 0.00000 0 1 0 0 0 0 0 4 0 4 0 0 0 1.00000 LOD\Architecture\Buildings\Hightech\HitExtSkylightAMidtHalf01_LOD.nif
3081 4 12 12 3.00000 3.00000 1.00000 1.00000 6 6 1 1 0 0.00000 0 1 0 0 0 0 0 6 0 6 0 0 0 1.00000 LOD\Architecture\Buildings\Hightech\HitExtSkylightAStraight01_LOD.nif
3082 2 6 6 3.00000 3.00000 1.33333 1.33333 4 4 1 1 0 0.00000 0 1 0 0 0 0 0 4 0 4 0 0 0 1.00000 LOD\Architecture\Buildings\Hightech\HitExtSkylightAStraightHalf01_LOD.nif
3083 4 12 12 3.00000 3.00000 1.00000 1.00000 6 6 1 1 0 0.00000 0 1 0 0 0 0 0 6 3 6 0 0 0 1.00000 LOD\Architecture\Buildings\Hightech\HitExtStructureBeamACornerA01_LOD.nif
3084 4 12 12 3.00000 3.00000 1.00000 1.00000 6 6 1 1 0 0.00000 0 1 0 0 0 0 0 6 3 6 0 0 0 1.00000 LOD\Architecture\Buildings\Hightech\HitExtStructureBeamACornerALong01_LOD.nif
3085 8 24 24 3.00000 3.00000 1.00000 1.00000 12 12 1 1 0 0.00000 0 0 0 0 0 0 0 12 6 12 0 0 1 1.00000 LOD\Architecture\Buildings\Hightech\HitExtStructureBeamACornerAXL01_LOD.nif
3086 8 16 16 2.00000 2.00000 1.00000 1.00000 12 12 1 1 0 0.00000 0 0 0 0 0 0 0 12 4 12 0 0 1 1.00000 LOD\Architecture\Buildings\Hightech\HitExtStructureBeamACornerAXL02_LOD.nif
3087 6 18 24 3.00000 3.00000 1.11111 1.11111 8 8 2 1 1 25.34908 1 1 0 0 0 1 0 8 0 6 0 0 0 0.74969 LOD\Architecture\Buildings\Hightech\HitExtStructureBeamACornerB01_LOD.nif
3088 6 12 12 2.00000 2.00000 1.00000 1.00000 8 8 1 1 0 0.00000 0 0 0 0 0 0 0 8 4 8 0 0 1 1.00000 LOD\Architecture\Buildings\Hightech\HitExtStructureBeamACornerBLong01_LOD.nif
3089 8 16 16 2.00000 2.00000 1.00000 1.00000 12 12 1 1 0 0.00000 0 0 0 0 0 0 0 12 4 12 0 0 1 1.00000 LOD\Architecture\Buildings\Hightech\HitExtStructureBeamACornerBXL01_LOD.nif
3090 4 8 8 2.00000 2.00000 1.00000 1.00000 6 6 1 1 0 0.00000 0 1 0 0 0 0 0 6 0 6 0 0 0 1.00000 LOD\Architecture\Buildings\Hightech\HitExtStructureBeamACornerC01_LOD.nif
3091 8 24 24 3.00000 3.00000 1.00000 1.00000 10 10 1 1 0 0.00000 0 0 0 0 0 0 0 10 0 10 0 0 1 1.00000 LOD\Architecture\Buildings\Hightech\HitExtStructureBeamACornerCLong01_LOD.nif
3092 4 8 8 2.00000 2.00000 1.00000 1.00000 8 8 1 1 0 0.00000 0 1 0 0 0 0 0 8 0 8 0 0 0 1.00000 LOD\Architecture\Buildings\Hightech\HitExtStructureBeamACornerCXL01_LOD.nif
3093 4 8 8 2.00000 2.00000 1.00000 1.00000 6 6 1 1 0 0.00000 0 1 0 0 0 0 0 6 0 6 0 0 0 1.00000 LOD\Architecture\Buildings\Hightech\HitExtStructureBeamACornerDLong01_LOD.nif
3094 8 16 16 2.00000 2.00000 1.00000 1.00000 12 12 1 1 0 0.00000 0 0 0 0 0 0 0 12 4 12 0 0 1 1.00000 LOD\Architecture\Buildings\Hightech\HitExtStructureBeamACornerDXL01_LOD.nif
3095 2 4 4 2.00000 2.00000 1.00000 1.00000 4 4 1 1 0 0.00000 0 1 0 0 0 0 0 4 0 4 0 0 0 1.00000 LOD\Architecture\Buildings\Hightech\HitExtStructureBeamAMid01_LOD.nif
3096 6 18 24 3.00000 3.00000 1.11111 1.11111 8 8 2 1 1 0.00001 1 1 0 0 0 1 0 8 0 6 0 0 0 1.00000 LOD\Architecture\Buildings\Hightech\HitExtStructureBeamAMidLong01_LOD.nif
3097 4 8 8 2.00000 2.00000 1.00000 1.00000 8 8 1 1 0 0.00000 0 1 0 0 0 0 0 8 0 8 0 0 0 1.00000 LOD\Architecture\Buildings\Hightech\HitExtStructureBeamAMidLong02_LOD.nif
3098 2 6 6 3.00000 3.00000 1.33333 1.33333 4 4 1 1 0 0.00000 0 1 0 0 0 0 0 4 0 4 0 0 0 1.00000 LOD\Architecture\Buildings\Hightech\HitExtStructureBeamAWall4501_LOD.nif
3099 2 4 4 2.00000 2.00000 1.00000 1.00000 4 4 1 1 0 0.00000 0 1 0 0 0 0 0 4 0 4 0 0 0 1.00000 LOD\Architecture\Buildings\Hightech\HitExtStructureBeamAWall4502_LOD.nif
3100 2 6 6 3.00000 3.00000 1.33333 1.33333 4 4 1 1 0 0.00000 0 1 0 0 0 0 0 4 0 4 0 0 0 1.00000 LOD\Architecture\Buildings\Hightech\HitExtStructureBeamAWallA01_LOD.nif
3101 4 6 6 1.50000 1.50000 1.33333 1.33333 6 6 1 1 0 0.00000 0 1 0 0 0 0 0 6 0 6 0 0 0 1.00000 LOD\Architecture\Buildings\Hightech\HitExtStructureBeamAWallA1501_LOD.nif
3102 4 6 6 1.50000 1.50000 1.33333 1.33333 6 6 1 1 0 0.00000 0 1 0 0 0 0 0 6 0 6 0 0 0 1.00000 LOD\Architecture\Buildings\Hightech\HitExtStructureBeamAWallA1501b_LOD.nif
3103 2 6 6 3.00000 3.00000 1.33333 1.33333 4 4 1 1 0 0.00000 0 1 0 0 0 0 0 4 0 4 0 0 0 1.00000 LOD\Architecture\Buildings\Hightech\HitExtStructureBeamAWallA1502b_LOD.nif
3104 2 6 6 3.00000 3.00000 1.33333 1.33333 4 4 1 1 0 0.00000 0 1 0 0 0 0 0 4 0 4 0 0 0 1.00000 LOD\Architecture\Buildings\Hightech\HitExtStructureBeamAWallA45Long01_LOD.nif
3105 2 6 6 3.00000 3.00000 1.33333 1.33333 4 4 1 1 0 0.00000 0 1 0 0 0 0 0 4 0 4 0 0 0 1.00000 LOD\Architecture\Buildings\Hightech\HitExtStructureBeamAWallALong01_LOD.nif
3106 4 12 12 3.00000 3.00000 1.00000 1.00000 8 8 1 1 0 0.00000 0 1 0 0 0 0 0 8 0 8 0 0 0 1.00000 LOD\Architecture\Buildings\Hightech\HitExtStructureBeamAWallALong02_LOD.nif
3107 4 8 8 2.00000 2.00000 1.00000 1.00000 8 8 1 1 0 0.00000 0 1 0 0 0 0 0 8 0 8 0 0 0 1.00000 LOD\Architecture\Buildings\Hightech\HitExtStructureBeamAWallXL01_LOD.nif
3108 4 8 8 2.00000 2.00000 1.00000 1.00000 8 8 1 1 0 0.00000 0 1 0 0 0 0 0 8 0 8 0 0 0 1.00000 LOD\Architecture\Buildings\Hightech\HitExtStructureBeamAWallXL02_LOD.nif
3109 4 12 12 3.00000 3.00000 1.00000 1.00000 8 8 1 1 0 0.00000 0 1 0 0 0 0 0 8 0 8 0 0 0 1.00000 LOD\Architecture\Buildings\Hightech\HitExtStructureBeamAWallXL4502_LOD.nif
3110 16 36 36 2.25000 2.25000 1.00000 1.00000 24 24 1 1 0 0.00000 0 0 0 0 0 0 0 22 6 24 0 0 1 1.00000 LOD\Architecture\Buildings\Hightech\HitExtStructureCantaliver01_LOD.nif
3111 28 52 52 1.85714 1.85714 1.00000 1.00000 40 40 1 2 0 0.00000 0 0 0 0 0 0 0 36 6 40 0 0 1 1.00000 LOD\Architecture\Buildings\Hightech\HitExtStructureCantaliver02_LOD.nif
3112 14 26 26 1.85714 1.85714 1.07692 1.07692 22 22 1 1 0 0.00000 0 0 0 0 0 0 0 20 4 22 0 0 1 1.00000 LOD\Architecture\Buildings\Hightech\HitExtStructureCantaliver03_LOD.nif
3113 12 32 32 2.66667 2.66667 1.00000 1.00000 24 24 1 1 0 0.00000 0 0 0 0 0 0 0 20 4 24 0 0 1 1.00000 LOD\Architecture\Buildings\Hightech\HitExtStructureCantaliver4501_LOD.nif
3114 8 16 20 2.00000 2.00000 1.00000 1.00000 8 8 2 1 1 9.53630 1 1 0 0 0 1 0 8 4 0 0 0 0 0.75339 LOD\Architecture\Buildings\Hightech\HitExtStructureColumnA01_LOD.nif
3115 8 16 16 2.00000 2.00000 1.00000 1.00000 8 8 1 1 0 0.00000 0 0 0 0 0 0 0 8 8 8 0 0 1 1.00000 LOD\Architecture\Buildings\Hightech\HitExtStructureColumnACornerA01_LOD.nif
3116 8 16 16 2.00000 2.00000 1.00000 1.00000 8 8 1 1 0 0.00000 0 0 0 0 0 0 0 8 4 8 0 0 1 1.00000 LOD\Architecture\Buildings\Hightech\HitExtStructureColumnACornerATall01_LOD.nif
3117 8 16 16 2.00000 2.00000 1.00000 1.00000 8 8 1 1 0 0.00000 0 0 0 0 0 0 0 8 8 8 0 0 1 1.00000 LOD\Architecture\Buildings\Hightech\HitExtStructureColumnACornerATall02_LOD.nif
3118 13 15 15 1.15385 1.15385 1.06667 1.06667 3 3 1 1 0 0.00000 0 0 0 0 0 0 0 9 6 3 0 0 1 1.00000 LOD\Architecture\Buildings\Hightech\HitExtStructureColumnACornerATallDmg01_LOD.nif
3119 8 16 16 2.00000 2.00000 1.00000 1.00000 8 8 1 1 0 0.00000 0 0 0 0 0 0 0 8 4 8 0 0 1 1.00000 LOD\Architecture\Buildings\Hightech\HitExtStructureColumnAMid01_LOD.nif
3120 8 16 16 2.00000 2.00000 1.00000 1.00000 8 8 1 1 0 0.00000 0 0 0 0 0 0 0 8 4 8 0 0 1 1.00000 LOD\Architecture\Buildings\Hightech\HitExtStructureColumnAMidTall01_LOD.nif
3121 7 11 11 1.57143 1.57143 1.09091 1.09091 3 3 1 1 0 0.00000 0 0 0 0 0 0 0 6 5 3 0 0 1 1.00000 LOD\Architecture\Buildings\Hightech\HitExtStructureColumnAMidTall01Dmg02_LOD.nif
3122 8 16 16 2.00000 2.00000 1.00000 1.00000 8 8 1 1 0 0.00000 0 0 0 0 0 0 0 8 4 8 0 0 1 1.00000 LOD\Architecture\Buildings\Hightech\HitExtStructureColumnAMidTall02_LOD.nif
3123 8 16 20 2.00000 2.00000 1.00000 1.00000 8 8 2 1 1 7.76023 1 1 0 0 0 1 0 8 4 0 0 0 0 0.80310 LOD\Architecture\Buildings\Hightech\HitExtStructureColumnATall01_LOD.nif
3124 8 16 20 2.00000 2.00000 1.00000 1.00000 8 8 2 1 1 7.76023 1 1 0 0 0 1 0 8 4 0 0 0 0 0.80310 LOD\Architecture\Buildings\Hightech\HitExtStructureColumnATall02_LOD.nif
3125 13 15 15 1.15385 1.15385 1.06667 1.06667 3 3 1 1 0 0.00000 0 0 0 0 0 0 0 9 6 3 0 0 1 1.00000 LOD\Architecture\Buildings\Hightech\HitExtStructureColumnATallDmg01_LOD.nif
3126 13 15 15 1.15385 1.15385 1.06667 1.06667 3 3 1 1 0 0.00000 0 0 0 0 0 0 0 9 6 3 0 0 1 1.00000 LOD\Architecture\Buildings\Hightech\HitExtStructureColumnAXLDmg01_LOD.nif
3127 13 15 15 1.15385 1.15385 1.06667 1.06667 3 3 1 1 0 0.00000 0 0 0 0 0 0 0 9 6 3 0 0 1 1.00000 LOD\Architecture\Buildings\Hightech\HitExtStructureColumnAXLDmg02_LOD.nif
3128 7 11 11 1.57143 1.57143 1.09091 1.09091 3 3 1 1 0 0.00000 0 0 0 0 0 0 0 6 5 3 0 0 1 1.00000 LOD\Architecture\Buildings\Hightech\HitExtStructureColumnAXLDmg03_LOD.nif
3129 8 24 32 3.00000 3.00000 1.00000 1.00000 12 12 2 1 1 26.75989 1 1 0 0 0 1 0 12 0 8 0 0 0 0.99570 LOD\Architecture\Buildings\Hightech\HitExtStructureColumnTopA_LOD.nif
3130 18 30 57 1.66667 1.66667 1.06667 1.06667 26 26 3 2 2 416.00983 2 1 0 0 0 2 0 24 2 12 0 0 0 0.74691 LOD\Architecture\Buildings\Hightech\HitExtStructureColumnTopPanelA_LOD.nif
3131 8 24 24 3.00000 3.00000 1.00000 1.00000 16 16 1 1 0 0.00000 0 0 0 0 0 0 0 16 0 16 0 0 1 1.00000 LOD\Architecture\Buildings\Hightech\HitExtStructureTransitionC01_LOD.nif
3132 64 112 116 1.75000 1.75000 1.00000 1.00000 0 0 1 4 0 0.00000 0 0 0 0 0 0 0 34 74 0 0 0 1 1.00000 LOD\Architecture\Buildings\Hightech\HitExtStrutureMassFusion01_LOD.nif
3133 54 92 96 1.70370 1.70370 1.00000 1.00000 4 4 1 4 0 0.00000 0 0 0 0 0 0 0 30 62 4 0 0 1 1.00000 LOD\Architecture\Buildings\Hightech\HitExtStrutureMassFusion02_LOD.nif
3134 76 116 167 1.52632 1.52632 1.00000 1.00000 0 0 2 5 3 55.87690 1 0 0 0 0 1 0 40 76 0 0 0 1 1.00000 LOD\Architecture\Buildings\Hightech\HitExtStrutureMassFusion03_LOD.nif
3135 6 18 18 3.00000 3.00000 1.11111 1.11111 12 12 1 1 0 0.00000 0 0 0 0 0 0 0 10 3 12 0 0 1 1.00000 LOD\Architecture\Buildings\Hightech\HitExtStrutureWallA_LOD.nif
3136 8 16 16 2.00000 2.00000 1.00000 1.00000 8 8 1 1 0 0.00000 0 0 0 0 0 0 0 8 4 8 0 0 1 1.00000 LOD\Architecture\Buildings\Hightech\HitExtStrutureWallABeam_LOD.nif
3137 12 36 36 3.00000 3.00000 1.00000 1.00000 24 24 1 1 0 0.00000 0 0 0 0 0 0 0 20 5 24 0 0 1 1.00000 LOD\Architecture\Buildings\Hightech\HitExtStrutureWallALargeLong01_LOD.nif
3138 10 30 30 3.00000 3.00000 1.06667 1.06667 20 20 1 1 0 0.00000 0 0 0 0 0 0 0 18 2 20 0 0 1 1.00000 LOD\Architecture\Buildings\Hightech\HitExtStrutureWallALargeLong02_LOD.nif
3139 14 42 42 3.00000 3.00000 1.04762 1.04762 22 22 1 1 0 0.00000 0 0 0 0 0 0 0 18 10 22 0 0 1 1.00000 LOD\Architecture\Buildings\Hightech\HitExtStrutureWallATall01_LOD.nif
3140 2 4 4 2.00000 2.00000 1.00000 1.00000 4 4 1 1 0 0.00000 0 1 0 0 0 0 0 4 0 4 0 0 0 1.00000 LOD\Architecture\Buildings\skyscraper\SSMetalMidSkinBWallA_LOD.nif
3141 2 4 4 2.00000 2.00000 1.00000 1.00000 4 4 1 1 0 0.00000 0 1 0 0 0 0 0 4 0 4 0 0 0 1.00000 LOD\Architecture\Buildings\skyscraper\SSMetalMidSkinBWallHalfB_LOD.nif
3142 576 900 1134 1.56250 1.56250 1.00000 1.00000 80 80 3 36 15 71.63876 6 0 0 0 5 6 0 288 126 47 0 0 1 0.73981 LOD\Architecture\Bunkers\Animated\RadioTower01\BunExtMidTowerUp01_LOD_0.nif
3143 136 314 440 2.30882 2.30882 1.00637 1.00637 116 116 2 9 5 370.16110 2 0 0 1 0 3 0 148 121 72 0 0 0 0.99489 LOD\Architecture\Dam\DamConcrete01LOD.nif
3144 72 130 191 1.80556 1.80556 1.01538 1.01538 0 0 3 5 5 94.61273 2 0 0 0 0 2 0 38 82 0 0 0 1 0.98845 LOD\Architecture\Dam\DamConcretePylon01LOD.nif
3145 72 132 205 1.83333 1.83333 1.00000 1.00000 0 0 5 5 7 483.21799 4 1 0 0 0 4 0 38 82 0 0 0 0 0.74335 LOD\Architecture\Dam\DamConcretePylon02LOD.nif
3146 48 90 133 1.87500 1.87500 1.02222 1.02222 0 0 4 3 4 150.94370 3 0 0 0 0 3 0 28 58 0 0 0 1 0.73358 LOD\Architecture\Dam\DamLockDoor01LLOD.nif
3147 48 90 133 1.87500 1.87500 1.02222 1.02222 0 0 4 3 4 150.94370 3 0 0 0 0 3 0 28 58 0 0 0 1 0.73358 LOD\Architecture\Dam\DamLockDoor01RLOD.nif
3148 194 374 502 1.92784 1.92784 1.00535 1.00535 36 36 2 13 8 3980.57324 3 0 0 2 0 5 0 115 253 15 0 0 0 0.98702 LOD\Architecture\Dam\DamLockWall01LLOD.nif
3149 156 308 406 1.97436 1.97436 1.00000 1.00000 20 20 2 10 5 387.84018 3 0 0 1 0 4 0 88 202 12 0 0 0 0.96318 LOD\Architecture\Dam\DamLockWall01RLOD.nif
3150 56 130 166 2.32143 2.32143 1.01538 1.01538 64 64 2 4 2 91.10999 1 0 0 1 0 2 0 68 49 32 0 0 0 0.79834 LOD\Architecture\DiamondCity\DExt\DExt03BrickTower01_LOD_0.nif
3151 8 22 22 2.75000 2.75000 1.09091 1.09091 8 8 1 1 0 0.00000 0 0 0 0 0 0 0 9 6 8 0 0 1 1.00000 LOD\Architecture\DiamondCity\DExt\DExtBal1x1Cor01_LOD_0.nif
3152 4 8 8 2.00000 2.00000 1.00000 1.00000 6 6 1 1 0 0.00000 0 1 0 0 0 0 0 6 2 6 0 0 0 1.00000 LOD\Architecture\DiamondCity\DExt\DExtBal1x1Str01_LOD_0.nif
3153 2 4 4 2.00000 2.00000 1.00000 1.00000 4 4 1 1 0 0.00000 0 1 0 0 0 0 0 4 0 4 0 0 0 1.00000 LOD\Architecture\DiamondCity\DExt\DExtBase1x1DoorSingle01_LOD_0.nif
3154 2 4 4 2.00000 2.00000 1.00000 1.00000 4 4 1 1 0 0.00000 0 1 0 0 0 0 0 4 0 4 0 0 0 1.00000 LOD\Architecture\DiamondCity\DExt\DExtBase1x1Garage01_LOD_0.nif
3155 2 4 4 2.00000 2.00000 1.00000 1.00000 4 4 1 1 0 0.00000 0 1 0 0 0 0 0 4 0 4 0 0 0 1.00000 LOD\Architecture\DiamondCity\DExt\DExtBase1x1Garage01Full01_LOD_0.nif
3156 2 4 4 2.00000 2.00000 1.00000 1.00000 4 4 1 1 0 0.00000 0 1 0 0 0 0 0 4 0 4 0 0 0 1.00000 LOD\Architecture\DiamondCity\DExt\DExtBase1x1Wall01_LOD_0.nif
3157 2 4 4 2.00000 2.00000 1.00000 1.00000 4 4 1 1 0 0.00000 0 1 0 0 0 0 0 4 0 4 0 0 0 1.00000 LOD\Architecture\DiamondCity\DExt\DExtBase1x1Win01_LOD_0.nif
3158 2 4 4 2.00000 2.00000 1.00000 1.00000 4 4 1 1 0 0.00000 0 1 0 0 0 0 0 4 0 4 0 0 0 1.00000 LOD\Architecture\DiamondCity\DExt\DExtBase1x2Garage01_LOD_0.nif
3159 2 4 4 2.00000 2.00000 1.00000 1.00000 4 4 1 1 0 0.00000 0 1 0 0 0 0 0 4 0 4 0 0 0 1.00000 LOD\Architecture\DiamondCity\DExt\DExtBase1x2Garage01Full01_LOD_0.nif
3160 2 4 4 2.00000 2.00000 1.00000 1.00000 4 4 1 1 0 0.00000 0 1 0 0 0 0 0 4 0 4 0 0 0 1.00000 LOD\Architecture\DiamondCity\DExt\DExtBase1x2Wall02_LOD_0.nif
3161 2 4 4 2.00000 2.00000 1.00000 1.00000 4 4 1 1 0 0.00000 0 1 0 0 0 0 0 4 0 4 0 0 0 1.00000 LOD\Architecture\DiamondCity\DExt\DExtBase1x2WallCinder01_LOD_0.nif
3162 4 8 8 2.00000 2.00000 1.00000 1.00000 6 6 1 1 0 0.00000 0 1 0 0 0 0 0 6 2 6 0 0 0 1.00000 LOD\Architecture\DiamondCity\DExt\DExtBase1x2WallCinder02_LOD_0.nif
3163 2 4 4 2.00000 2.00000 1.00000 1.00000 4 4 1 1 0 0.00000 0 1 0 0 0 0 0 4 0 4 0 0 0 1.00000 LOD\Architecture\DiamondCity\DExt\DExtBase2x1GarageWin01_LOD_0.nif
3164 2 4 4 2.00000 2.00000 1.00000 1.00000 4 4 1 1 0 0.00000 0 1 0 0 0 0 0 4 0 4 0 0 0 1.00000 LOD\Architecture\DiamondCity\DExt\DExtBase2x1WallVent01_LOD_0.nif
3165 2 4 4 2.00000 2.00000 1.00000 1.00000 4 4 1 1 0 0.00000 0 1 0 0 0 0 0 4 0 4 0 0 0 1.00000 LOD\Architecture\DiamondCity\DExt\DExtBase2x1WallWin01_LOD_0.nif
3166 29 69 79 2.37931 2.37931 1.04348 1.04348 15 15 2 2 1 417.85123 1 0 0 0 0 1 0 22 30 5 0 0 1 1.00000 LOD\Architecture\DiamondCity\DExt\DExtCustom01_LOD_0.nif
3167 12 24 38 2.00000 2.00000 1.00000 1.00000 10 10 3 1 2 239.88411 2 1 0 0 0 2 0 12 6 6 0 0 0 1.00000 LOD\Architecture\DiamondCity\DExt\DExtCustomCor01_LOD_0.nif
3168 65 137 191 2.10769 2.10769 1.02190 1.02190 9 9 4 5 4 1079.97961 3 0 0 0 0 3 0 38 99 3 0 0 1 0.79082 LOD\Architecture\DiamondCity\DExt\DExtCustomPressBox01_LOD_0.nif
3169 104 208 315 2.00000 2.00000 1.00000 1.00000 64 64 3 7 6 266.23889 3 0 0 0 0 3 0 91 92 28 0 0 1 0.85369 LOD\Architecture\DiamondCity\DExt\DExtMainGate01_LOD_0.nif
3170 10 20 20 2.00000 2.00000 1.00000 1.00000 12 12 1 1 0 0.00000 0 0 0 0 0 0 0 12 6 12 0 0 1 1.00000 LOD\Architecture\DiamondCity\DExt\DExtPressBoxWall01_LOD_0.nif
3171 10 20 20 2.00000 2.00000 1.00000 1.00000 12 12 1 1 0 0.00000 0 0 0 0 0 0 0 12 6 12 0 0 1 1.00000 LOD\Architecture\DiamondCity\DExt\DExtPressBoxWall02_LOD_0.nif
3172 18 34 45 1.88889 1.88889 1.05882 1.05882 10 10 2 2 1 284.50000 1 0 0 0 0 1 0 15 15 7 0 0 1 0.72917 LOD\Architecture\DiamondCity\DExt\DExtPressBoxWall03_LOD_0.nif
3173 8 18 18 2.25000 2.25000 1.11111 1.11111 8 8 1 1 0 0.00000 0 0 0 0 0 0 0 8 7 8 0 0 1 1.00000 LOD\Architecture\DiamondCity\DExt\DExtStairs1x1CapL01_LOD_0.nif
3174 42 74 103 1.76190 1.76190 1.02703 1.02703 20 20 2 3 2 168.22983 1 0 0 0 0 1 0 35 19 20 0 0 1 0.76974 LOD\Architecture\DiamondCity\DExt\DExtStairs1x1RampL01_LOD_0.nif
3175 42 74 103 1.76190 1.76190 1.02703 1.02703 20 20 2 3 2 192.18324 1 0 0 0 0 1 0 35 19 20 0 0 1 0.72364 LOD\Architecture\DiamondCity\DExt\DExtStairs1x1RampL02_LOD_0.nif
3176 50 92 94 1.84000 1.84000 1.00000 1.00000 20 20 1 4 0 0.00000 0 0 0 0 0 0 0 40 26 20 0 0 1 1.00000 LOD\Architecture\DiamondCity\DExt\DExtStairs1x1RampL03_LOD_0.nif
3177 42 74 103 1.76190 1.76190 1.02703 1.02703 20 20 2 3 2 168.22980 1 0 0 0 0 1 0 35 19 20 0 0 1 0.77008 LOD\Architecture\DiamondCity\DExt\DExtStairs1x1RampR01_LOD_0.nif
3178 42 74 103 1.76190 1.76190 1.02703 1.02703 20 20 2 3 2 192.18323 1 0 0 0 0 1 0 35 19 20 0 0 1 0.73002 LOD\Architecture\DiamondCity\DExt\DExtStairs1x1RampR02_LOD_0.nif
3179 50 90 92 1.80000 1.80000 1.02222 1.02222 20 20 1 4 0 0.00000 0 0 0 0 0 0 0 40 25 20 0 0 1 1.00000 LOD\Architecture\DiamondCity\DExt\DExtStairs1x1RampR03_LOD_0.nif
3180 26 58 58 2.23077 2.23077 1.03448 1.03448 20 20 1 2 0 0.00000 0 0 0 0 0 0 0 27 19 20 0 0 1 1.00000 LOD\Architecture\DiamondCity\DExt\DExtStairs1x1Str01_LOD_0.nif
3181 39 103 119 2.64103 2.64103 1.00971 1.00971 6 6 2 3 2 87.78525 1 0 0 0 0 1 0 21 54 6 0 0 1 0.72281 LOD\Architecture\DiamondCity\DExt\DExtStands1x1Angle01_LOD_0.nif
3182 56 144 144 2.57143 2.57143 1.00000 1.00000 2 2 1 4 0 0.00000 0 0 0 0 0 0 0 26 71 2 0 0 1 1.00000 LOD\Architecture\DiamondCity\DExt\DExtStands1x1Angle02_LOD_0.nif
3183 30 90 106 3.00000 3.00000 1.02222 1.02222 4 4 3 2 2 269.88931 2 0 0 0 0 2 0 18 46 4 0 0 1 0.80780 LOD\Architecture\DiamondCity\DExt\DExtStands1x1AngleBot01_LOD_0.nif
3184 40 96 98 2.40000 2.40000 1.00000 1.00000 0 0 1 3 0 0.00000 0 0 0 0 0 0 0 18 51 0 0 0 1 1.00000 LOD\Architecture\DiamondCity\DExt\DExtStands1x1AngleTop01_LOD_0.nif
3185 36 108 108 3.00000 3.00000 1.00000 1.00000 0 0 1 3 0 0.00000 0 0 0 0 0 0 0 16 52 0 0 0 1 1.00000 LOD\Architecture\DiamondCity\DExt\DExtStands1x1AngleTop02_LOD_0.nif
3186 30 76 92 2.53333 2.53333 1.00000 1.00000 4 4 3 2 2 342.84564 2 0 0 0 0 2 0 20 46 4 0 0 1 0.70688 LOD\Architecture\DiamondCity\DExt\DExtStands1x1Bot01_LOD_0.nif
3187 32 70 70 2.18750 2.18750 1.02857 1.02857 6 6 1 2 0 0.00000 0 0 0 0 0 0 0 21 29 6 0 0 1 1.00000 LOD\Architecture\DiamondCity\DExt\DExtStands1x1Str01_LOD_0.nif
3188 36 74 74 2.05556 2.05556 1.02703 1.02703 8 8 1 3 0 0.00000 0 0 0 0 0 0 0 27 25 8 0 0 1 1.00000 LOD\Architecture\DiamondCity\DExt\DExtStands1x1Top01_LOD_0.nif
3189 30 76 92 2.53333 2.53333 1.00000 1.00000 4 4 3 2 2 342.84567 2 0 0 0 0 2 0 20 44 4 0 0 1 0.71350 LOD\Architecture\DiamondCity\DExt\DExtStands1x2Bot01_LOD_0.nif
3190 38 84 84 2.21053 2.21053 1.00000 1.00000 2 2 1 3 0 0.00000 0 0 0 0 0 0 0 22 40 2 0 0 1 1.00000 LOD\Architecture\DiamondCity\DExt\DExtStands1x2Str01_LOD_0.nif
3191 48 100 100 2.08333 2.08333 1.00000 1.00000 0 0 1 3 0 0.00000 0 0 0 0 0 0 0 32 36 0 0 0 1 1.00000 LOD\Architecture\DiamondCity\DExt\DExtStands1x2Top01_LOD_0.nif
3192 42 110 135 2.61905 2.61905 1.01818 1.01818 12 12 2 3 2 136.79639 1 0 0 0 0 1 0 32 58 11 0 0 1 0.81358 LOD\Architecture\DiamondCity\DExt\DExtStandsGround1x1EndL01_LOD_0.nif
3193 42 110 135 2.61905 2.61905 1.01818 1.01818 12 12 2 3 2 136.79639 1 0 0 0 0 1 0 32 58 11 0 0 1 0.81276 LOD\Architecture\DiamondCity\DExt\DExtStandsGround1x1EndR01_LOD_0.nif
3194 26 60 75 2.30769 2.30769 1.00000 1.00000 20 20 2 2 1 183.73546 1 0 0 0 0 1 0 28 18 15 0 0 1 0.81551 LOD\Architecture\DiamondCity\DExt\DExtStandsGround1x1Str01_LOD_0.nif
3195 2 4 4 2.00000 2.00000 1.00000 1.00000 4 4 1 1 0 0.00000 0 1 0 0 0 0 0 4 0 4 0 0 0 1.00000 LOD\Architecture\DiamondCity\DExt\DExtTop1x1Wall01_LOD_0.nif
3196 2 4 4 2.00000 2.00000 1.00000 1.00000 4 4 1 1 0 0.00000 0 1 0 0 0 0 0 4 0 4 0 0 0 1.00000 LOD\Architecture\DiamondCity\DExt\DExtTop1x2Balcony01Full01_LOD_0.nif
3197 2 4 4 2.00000 2.00000 1.00000 1.00000 4 4 1 1 0 0.00000 0 1 0 0 0 0 0 4 0 4 0 0 0 1.00000 LOD\Architecture\DiamondCity\DExt\DExtTop1x2ShortBal01Full01_LOD_0.nif
3198 4 8 8 2.00000 2.00000 1.00000 1.00000 6 6 1 1 0 0.00000 0 1 0 0 0 0 0 6 2 6 0 0 0 1.00000 LOD\Architecture\DiamondCity\DExt\DExtTop1x2ShortBalEnd01Full01_LOD_0.nif
3199 2 4 4 2.00000 2.00000 1.00000 1.00000 4 4 1 1 0 0.00000 0 1 0 0 0 0 0 4 0 4 0 0 0 1.00000 LOD\Architecture\DiamondCity\DExt\DExtTop1x2ShortWin01_LOD_0.nif
3200 2 4 4 2.00000 2.00000 1.00000 1.00000 4 4 1 1 0 0.00000 0 1 0 0 0 0 0 4 0 4 0 0 0 1.00000 LOD\Architecture\DiamondCity\DExt\DExtTop1x2Wall01_LOD_0.nif
3201 2 4 4 2.00000 2.00000 1.00000 1.00000 4 4 1 1 0 0.00000 0 1 0 0 0 0 0 4 0 4 0 0 0 1.00000 LOD\Architecture\DiamondCity\DExt\DExtTop1x2Win01_LOD_0.nif
3202 2 4 4 2.00000 2.00000 1.00000 1.00000 4 4 1 1 0 0.00000 0 1 0 0 0 0 0 4 0 4 0 0 0 1.00000 LOD\Architecture\DiamondCity\DExt\DExtTop1x2Win02_LOD_0.nif
3203 121 150 240 1.28099 1.27273 1.01333 1.01333 13 13 2 8 5 74.69282 2 0 0 0 0 2 0 70 42 13 0 0 1 0.86932 LOD\Architecture\DiamondCity\DExt\DiamondPower01_Low_LOD.nif
3204 472 879 1254 1.86229 1.86229 1.00114 1.00114 130 130 2 30 17 253.23914 7 0 0 0 0 7 0 327 545 100 0 0 1 0.82240 LOD\Architecture\DiamondCity\Stadium_Ext\DCShackLow_Main01_LOD.nif
3205 141 255 371 1.80851 1.80851 1.00392 1.00392 7 7 3 9 8 454.29559 3 0 0 0 0 3 0 83 169 4 0 0 1 0.72223 LOD\Architecture\DiamondCity\Stadium_Ext\DCShackLow_Rich01_LOD.nif
3206 22 44 44 2.00000 2.00000 1.00000 1.00000 4 4 1 2 0 0.00000 0 0 0 0 0 0 0 16 28 4 0 0 1 1.00000 LOD\Architecture\DiamondCity\Stadium_Ext\DCShackLow_Rich02_LOD.nif
3207 412 368 857 0.93204 0.93204 1.00000 1.00000 6 6 4 27 21 274.49112 11 0 0 2 0 13 0 244 118 12 0 0 2 0.78341 LOD\Architecture\GeneralAtomics\GenAtomicsGiantHandy01_LOD.nif
3208 3 5 5 1.66667 1.66667 1.60000 1.60000 5 5 1 1 0 0.00000 0 1 0 0 0 0 0 5 0 5 0 0 0 1.00000 LOD\Architecture\ParkingGarage\PGarageInFloor1x1Cor01_LOD_0.nif
3209 2 4 4 2.00000 2.00000 1.00000 1.00000 4 4 1 1 0 0.00000 0 1 0 0 0 0 0 4 0 4 0 0 0 1.00000 LOD\Architecture\ParkingGarage\PGarageInFloor1x1Str01_LOD_0.nif
3210 2 4 4 2.00000 2.00000 1.00000 1.00000 4 4 1 1 0 0.00000 0 1 0 0 0 0 0 4 0 4 0 0 0 1.00000 LOD\Architecture\ParkingGarage\PGarageInFloor1x2Str01_LOD_0.nif
3211 3 5 5 1.66667 1.66667 1.60000 1.60000 5 5 1 1 0 0.00000 0 1 0 0 0 0 0 5 0 5 0 0 0 1.00000 LOD\Architecture\ParkingGarage\PGarageInFloor2x2Cor01_LOD_0.nif
3212 2 4 4 2.00000 2.00000 1.00000 1.00000 4 4 1 1 0 0.00000 0 1 0 0 0 0 0 4 0 4 0 0 0 1.00000 LOD\Architecture\ParkingGarage\PGarageInFloor2x2Str01_LOD_0.nif
3213 2 4 4 2.00000 2.00000 1.00000 1.00000 4 4 1 1 0 0.00000 0 1 0 0 0 0 0 4 0 4 0 0 0 1.00000 LOD\Architecture\ParkingGarage\PGarageInFloor2x2Str01Park01_LOD_0.nif
3214 6 8 14 1.33333 1.33333 1.00000 1.00000 8 8 2 1 1 51.68227 1 1 0 0 0 1 0 8 0 6 0 0 0 1.00000 LOD\Architecture\ParkingGarage\PGarageOut1x1CorWall01_LOD_0.nif
3215 6 8 14 1.33333 1.33333 1.00000 1.00000 8 8 2 1 1 51.68227 1 1 0 0 0 1 0 8 0 6 0 0 0 1.00000 LOD\Architecture\ParkingGarage\PGarageOut1x1CorWall02_LOD_0.nif
3216 6 8 14 1.33333 1.33333 1.00000 1.00000 8 8 2 1 1 51.68227 1 1 0 0 0 1 0 8 0 6 0 0 0 1.00000 LOD\Architecture\ParkingGarage\PGarageOut1x1CorWin01_LOD_0.nif
3217 6 8 14 1.33333 1.33333 1.00000 1.00000 8 8 2 1 1 44.51856 1 1 0 0 0 1 0 8 0 6 0 0 0 1.00000 LOD\Architecture\ParkingGarage\PGarageOut1x1CorWin01AddOn01_LOD_0.nif
3218 2 4 4 2.00000 2.00000 1.00000 1.00000 4 4 1 1 0 0.00000 0 1 0 0 0 0 0 4 0 4 0 0 0 1.00000 LOD\Architecture\ParkingGarage\PGarageOut1x1DoorSingle01_LOD_0.nif
3219 2 4 4 2.00000 2.00000 1.00000 1.00000 4 4 1 1 0 0.00000 0 1 0 0 0 0 0 4 0 4 0 0 0 1.00000 LOD\Architecture\ParkingGarage\PGarageOut1x1Entrance01_LOD_0.nif
3220 2 4 4 2.00000 2.00000 1.00000 1.00000 4 4 1 1 0 0.00000 0 1 0 0 0 0 0 4 0 4 0 0 0 1.00000 LOD\Architecture\ParkingGarage\PGarageOut1x1Wall01_LOD_0.nif
3221 2 4 4 2.00000 2.00000 1.00000 1.00000 4 4 1 1 0 0.00000 0 1 0 0 0 0 0 4 0 4 0 0 0 1.00000 LOD\Architecture\ParkingGarage\PGarageOut1x1Wall02_LOD_0.nif
3222 2 4 4 2.00000 2.00000 1.00000 1.00000 4 4 1 1 0 0.00000 0 1 0 0 0 0 0 4 0 4 0 0 0 1.00000 LOD\Architecture\ParkingGarage\PGarageOut1x1Wall03_LOD_0.nif
3223 2 4 4 2.00000 2.00000 1.00000 1.00000 4 4 1 1 0 0.00000 0 1 0 0 0 0 0 4 0 4 0 0 0 1.00000 LOD\Architecture\ParkingGarage\PGarageOut1x1Win01_LOD_0.nif
3224 2 4 4 2.00000 2.00000 1.00000 1.00000 4 4 1 1 0 0.00000 0 1 0 0 0 0 0 4 0 4 0 0 0 1.00000 LOD\Architecture\ParkingGarage\PGarageOut1x1Win01AddOn01_LOD_0.nif
3225 2 4 4 2.00000 2.00000 1.00000 1.00000 4 4 1 1 0 0.00000 0 1 0 0 0 0 0 4 0 4 0 0 0 1.00000 LOD\Architecture\ParkingGarage\PGarageOut1x2Entance01_LOD_0.nif
3226 2 4 4 2.00000 2.00000 1.00000 1.00000 4 4 1 1 0 0.00000 0 1 0 0 0 0 0 4 0 4 0 0 0 1.00000 LOD\Architecture\ParkingGarage\PGarageOut1x2Wall01_LOD_0.nif
3227 2 4 4 2.00000 2.00000 1.00000 1.00000 4 4 1 1 0 0.00000 0 1 0 0 0 0 0 4 0 4 0 0 0 1.00000 LOD\Architecture\ParkingGarage\PGarageOut1x2Wall01a_LOD_0.nif
3228 2 4 4 2.00000 2.00000 1.00000 1.00000 4 4 1 1 0 0.00000 0 1 0 0 0 0 0 4 0 4 0 0 0 1.00000 LOD\Architecture\ParkingGarage\PGarageOut1x2Win01_LOD_0.nif
3229 2 4 4 2.00000 2.00000 1.00000 1.00000 4 4 1 1 0 0.00000 0 1 0 0 0 0 0 4 0 4 0 0 0 1.00000 LOD\Architecture\ParkingGarage\PGarageOut1x2Win01AddOn01_LOD_0.nif
3230 2 4 4 2.00000 2.00000 1.00000 1.00000 4 4 1 1 0 0.00000 0 1 0 0 0 0 0 4 0 4 0 0 0 1.00000 LOD\Architecture\ParkingGarage\PGarageOut1x2Win02_LOD_0.nif
3231 10 16 29 1.60000 1.60000 1.00000 1.00000 12 12 3 1 2 72.32436 2 1 0 0 0 2 0 12 4 6 0 0 0 1.00000 LOD\Architecture\ParkingGarage\PGarageOut2x2CorWin01_LOD_0.nif
3232 10 16 23 1.60000 1.60000 1.00000 1.00000 12 12 2 1 1 64.63695 1 0 0 1 0 2 0 12 4 7 0 0 0 1.00000 LOD\Architecture\ParkingGarage\PGarageOut2x2CorWin01AddOn01_LOD_0.nif
3233 8 10 10 1.25000 1.25000 1.20000 1.20000 8 8 1 1 0 0.00000 0 0 0 0 0 0 0 8 2 8 0 0 1 1.00000 LOD\Architecture\ParkingGarage\PGarageOutColumn01_LOD_0.nif
3234 12 16 16 1.33333 1.33333 1.00000 1.00000 0 0 1 1 0 0.00000 0 0 0 0 0 0 0 8 0 0 0 0 1 1.00000 LOD\Architecture\ParkingGarage\PGarageTopRail1x1Cor01_LOD_0.nif
3235 4 8 8 2.00000 2.00000 1.00000 1.00000 0 0 1 1 0 0.00000 0 1 0 0 0 0 0 4 0 0 0 0 0 1.00000 LOD\Architecture\ParkingGarage\PGarageTopRail1x1Str01_LOD_0.nif
3236 4 8 8 2.00000 2.00000 1.00000 1.00000 0 0 1 1 0 0.00000 0 1 0 0 0 0 0 4 0 0 0 0 0 1.00000 LOD\Architecture\ParkingGarage\PGarageTopRail1x2Str01_LOD_0.nif
3237 4 8 8 2.00000 2.00000 1.00000 1.00000 0 0 1 1 0 0.00000 0 1 0 0 0 0 0 4 0 0 0 0 0 1.00000 LOD\Architecture\ParkingGarage\PGarageTopRail1x2Str02_LOD_0.nif
3238 4 8 8 2.00000 2.00000 1.00000 1.00000 0 0 1 1 0 0.00000 0 1 0 0 0 0 0 4 0 0 0 0 0 1.00000 LOD\Architecture\ParkingGarage\PGarageTopRailPost01_LOD_0.nif
3239 8 19 19 2.37500 2.37500 1.05263 1.05263 0 0 1 1 0 0.00000 0 0 0 0 0 0 0 6 0 0 0 0 1 1.00000 LOD\Architecture\ParkingGarage\PGarageTopRailPostCor01_LOD_0.nif
3240 8 20 20 2.50000 2.50000 1.00000 1.00000 0 0 1 1 0 0.00000 0 0 0 0 0 0 0 6 0 0 0 0 1 1.00000 LOD\Architecture\ParkingGarage\PGarageTopRailPostCorIn01_LOD_0.nif
3241 69 63 144 0.91304 0.91304 1.01587 1.01587 21 21 5 5 7 147.08099 4 1 0 0 0 4 0 46 17 4 0 0 0 0.70239 LOD\Architecture\Quarry\Mounds\QryMoundLargeGravel01dirtyALL_LOD.nif
3242 59 55 105 0.93220 0.93220 1.01818 1.01818 17 17 3 4 3 64.15033 2 0 0 0 0 2 0 39 16 7 0 0 1 0.82841 LOD\Architecture\Quarry\Mounds\QryMoundLargeGravel02dirtyALL_LOD.nif
3243 35 26 56 0.74286 0.74286 1.07692 1.07692 15 15 3 3 2 36.28133 2 0 0 0 0 2 0 26 0 6 0 0 1 0.74848 LOD\Architecture\Quarry\Mounds\QryMoundLedgeThin02dirtyALL_LOD.nif
3244 60 52 106 0.86667 0.86667 1.00000 1.00000 12 12 3 4 3 29.63115 2 0 0 0 0 2 0 37 15 9 0 0 1 0.83498 LOD\Architecture\Quarry\Mounds\QryMoundRocksEDGE01dirtyALL_LOD.nif
3245 42 40 68 0.95238 0.95238 1.00000 1.00000 14 14 2 3 2 11.67366 1 0 0 0 0 1 0 29 11 11 0 0 1 0.91601 LOD\Architecture\Quarry\Mounds\QryMoundRocksLow01dirtyALL_LOD.nif
3246 57 50 93 0.87719 0.87719 1.04000 1.04000 13 13 2 4 2 13.42159 1 0 0 0 0 1 0 36 14 13 0 0 1 0.91707 LOD\Architecture\Quarry\Mounds\QryMoundRocksLow02dirtyALL_LOD.nif
3247 117 91 192 0.77778 0.77778 1.01099 1.01099 15 15 2 8 5 16.44156 2 0 0 1 0 3 0 67 24 13 0 0 0 0.98443 LOD\Architecture\Quarry\Mounds\QryMoundRocksLow03dirtyALL_LOD.nif
3248 109 85 205 0.77982 0.77982 1.03529 1.03529 17 17 4 7 7 46.92892 4 0 0 0 0 4 0 64 21 10 0 0 1 0.70443 LOD\Architecture\Quarry\Mounds\QryMoundRocksLow04dirtyALL_LOD.nif
3249 69 60 139 0.86957 0.86957 1.00000 1.00000 13 13 5 5 6 71.77306 4 1 0 0 0 4 0 42 18 4 0 0 0 0.72354 LOD\Architecture\Quarry\Mounds\QryMoundRocksMed02dirtyALL_LOD.nif
3250 117 91 234 0.77778 0.77778 1.01099 1.01099 15 15 5 8 9 73.62025 5 0 0 0 0 5 0 67 24 5 0 0 1 0.75257 LOD\Architecture\Quarry\Mounds\QryMoundRocksMed03dirtyALL_LOD.nif
3251 109 85 205 0.77982 0.77982 1.03529 1.03529 17 17 4 7 7 55.78923 4 0 0 0 0 4 0 64 21 10 0 0 1 0.74335 LOD\Architecture\Quarry\Mounds\QryMoundRocksMed04dirtyALL_LOD.nif
3252 44 43 74 0.97727 0.97727 1.02326 1.02326 14 14 2 3 2 9.19467 1 0 0 0 0 1 0 30 13 10 0 0 1 0.97409 LOD\Architecture\Quarry\Mounds\QryMoundRocksSmall01dirtyALL_LOD.nif
3253 44 43 91 0.97727 0.97727 1.02326 1.02326 14 14 4 3 4 39.91809 3 0 0 0 0 3 0 30 13 5 0 0 1 0.72026 LOD\Architecture\Quarry\Mounds\QryMoundRocksSmall02dirtyALL_LOD.nif
3254 52 48 103 0.92308 0.92308 1.00000 1.00000 12 12 4 4 4 45.32933 3 0 0 0 0 3 0 33 15 5 0 0 1 0.73997 LOD\Architecture\Quarry\Mounds\QryMoundRocksSmall04dirtyALL_LOD.nif
3255 97 79 187 0.81443 0.81443 1.01266 1.01266 13 13 4 7 7 119.07102 4 0 0 0 0 4 0 56 23 4 0 0 1 0.76160 LOD\Architecture\Quarry\Mounds\QryMoundRocksTall02dirtyALL_LOD.nif
3256 147 110 284 0.74830 0.74830 1.01818 1.01818 15 15 3 10 9 253.15086 4 0 0 1 0 5 0 82 28 7 0 0 0 0.85252 LOD\Architecture\Quarry\Mounds\QryMoundRocksTall03dirtyALL_LOD.nif
3257 12 24 24 2.00000 2.00000 1.00000 1.00000 0 0 1 1 0 0.00000 0 0 0 0 0 0 0 8 14 0 0 0 1 1.00000 LOD\Architecture\Quarry\QryCube01_LOD.nif
3258 12 24 24 2.00000 2.00000 1.00000 1.00000 0 0 1 1 0 0.00000 0 0 0 0 0 0 0 8 14 0 0 0 1 1.00000 LOD\Architecture\Quarry\QryCube01dirty_LOD.nif
3259 12 24 24 2.00000 2.00000 1.00000 1.00000 0 0 1 1 0 0.00000 0 0 0 0 0 0 0 8 14 0 0 0 1 1.00000 LOD\Architecture\Quarry\QryCube01dirtyALL_LOD.nif
3260 12 24 24 2.00000 2.00000 1.00000 1.00000 0 0 1 1 0 0.00000 0 0 0 0 0 0 0 8 15 0 0 0 1 1.00000 LOD\Architecture\Quarry\QryCube01FloorOnTop_LOD.nif
3261 32 50 66 1.56250 1.56250 1.04000 1.04000 0 0 3 2 2 181.01933 2 0 0 0 0 2 0 18 25 0 0 0 1 0.74108 LOD\Architecture\Quarry\QryCubeDamChunkCorIn01_LOD.nif
3262 32 45 64 1.40625 1.40625 1.06667 1.06667 0 0 3 2 2 295.60333 2 0 0 0 0 2 0 18 23 0 0 0 1 0.73500 LOD\Architecture\Quarry\QryCubeDamCorIn01_LOD.nif
3263 32 45 58 1.40625 1.40625 1.06667 1.06667 0 0 2 2 1 54.89772 1 0 0 0 0 1 0 18 24 0 0 0 1 1.00000 LOD\Architecture\Quarry\QryCubeDamCorIn01LfEdging_LOD.nif
3264 32 45 64 1.40625 1.40625 1.06667 1.06667 0 0 3 2 2 295.60333 2 0 0 0 0 2 0 18 23 0 0 0 1 0.73500 LOD\Architecture\Quarry\QryCubeDamCorIn01NoEdging_LOD.nif
3265 32 45 64 1.40625 1.40625 1.06667 1.06667 0 0 3 2 2 295.60333 2 0 0 0 0 2 0 18 24 0 0 0 1 0.73500 LOD\Architecture\Quarry\QryCubeDamCorIn01NoEdgingdirtyALL_LOD.nif
3266 32 45 64 1.40625 1.40625 1.06667 1.06667 0 0 3 2 2 295.60333 2 0 0 0 0 2 0 18 23 0 0 0 1 0.73500 LOD\Architecture\Quarry\QryCubeDamCorIn01RtEdging_LOD.nif
3267 36 50 73 1.38889 1.38889 1.04000 1.04000 0 0 3 3 3 181.01932 2 0 0 0 0 2 0 20 27 0 0 0 1 0.72059 LOD\Architecture\Quarry\QryCubeDamCorOut01_LOD.nif
3268 36 50 73 1.38889 1.38889 1.04000 1.04000 0 0 3 3 3 181.01933 2 0 0 0 0 2 0 20 27 0 0 0 1 0.72059 LOD\Architecture\Quarry\QryCubeDamCorOut01dirtyALL_LOD.nif
3269 28 42 56 1.50000 1.50000 1.04762 1.04762 0 0 3 2 2 295.60333 2 0 0 0 0 2 0 16 24 0 0 0 1 0.73059 LOD\Architecture\Quarry\QryCubeDamMid01_LOD.nif
3270 28 42 56 1.50000 1.50000 1.04762 1.04762 0 0 3 2 2 295.60333 2 0 0 0 0 2 0 16 22 0 0 0 1 0.73059 LOD\Architecture\Quarry\QryCubeDamMid01dirtyALL_LOD.nif
3271 12 24 24 2.00000 2.00000 1.00000 1.00000 0 0 1 1 0 0.00000 0 0 0 0 0 0 0 8 16 0 0 0 1 1.00000 LOD\Architecture\Quarry\QryCubeHalf01_LOD.nif
3272 12 24 24 2.00000 2.00000 1.00000 1.00000 0 0 1 1 0 0.00000 0 0 0 0 0 0 0 8 16 0 0 0 1 1.00000 LOD\Architecture\Quarry\QryCubeHalf01FloorOnTop_LOD.nif
3273 8 18 22 2.25000 2.25000 1.11111 1.11111 0 0 2 1 1 124.17823 1 1 0 0 0 1 0 6 10 0 0 0 0 0.78335 LOD\Architecture\Quarry\QryCubeSlope01_LOD.nif
3274 2 4 4 2.00000 2.00000 1.00000 1.00000 4 4 1 1 0 0.00000 0 1 0 0 0 0 0 4 0 4 0 0 0 1.00000 LOD\Architecture\Quarry\QryCubeWall01dirtyALL_LOD.nif
3275 2 4 4 2.00000 2.00000 1.00000 1.00000 4 4 1 1 0 0.00000 0 1 0 0 0 0 0 4 0 4 0 0 0 1.00000 LOD\Architecture\Quarry\QryFloor01dirtyAll_LOD.nif
3276 4 8 8 2.00000 2.00000 1.00000 1.00000 6 6 1 1 0 0.00000 0 1 0 0 0 0 0 6 2 6 0 0 0 1.00000 LOD\Architecture\Quarry\QryLedge01_LOD.nif
3277 4 8 8 2.00000 2.00000 1.00000 1.00000 6 6 1 1 0 0.00000 0 1 0 0 0 0 0 6 2 6 0 0 0 1.00000 LOD\Architecture\Quarry\QryLedge01dirty_LOD.nif
3278 4 8 8 2.00000 2.00000 1.00000 1.00000 6 6 1 1 0 0.00000 0 1 0 0 0 0 0 6 2 6 0 0 0 1.00000 LOD\Architecture\Quarry\QryLedge01dirtyALL_LOD.nif
3279 4 8 8 2.00000 2.00000 1.00000 1.00000 6 6 1 1 0 0.00000 0 1 0 0 0 0 0 6 2 6 0 0 0 1.00000 LOD\Architecture\Quarry\QryLedge02_LOD.nif
3280 4 8 8 2.00000 2.00000 1.00000 1.00000 6 6 1 1 0 0.00000 0 1 0 0 0 0 0 6 2 6 0 0 0 1.00000 LOD\Architecture\Quarry\QryLedge02dirty_LOD.nif
3281 4 8 8 2.00000 2.00000 1.00000 1.00000 6 6 1 1 0 0.00000 0 1 0 0 0 0 0 6 2 6 0 0 0 1.00000 LOD\Architecture\Quarry\QryLedge02dirtyALL_LOD.nif
3282 4 8 8 2.00000 2.00000 1.00000 1.00000 6 6 1 1 0 0.00000 0 1 0 0 0 0 0 6 2 6 0 0 0 1.00000 LOD\Architecture\Quarry\QryLedge03_LOD.nif
3283 4 8 8 2.00000 2.00000 1.00000 1.00000 6 6 1 1 0 0.00000 0 1 0 0 0 0 0 6 2 6 0 0 0 1.00000 LOD\Architecture\Quarry\QryLedge03dirty_LOD.nif
3284 4 8 8 2.00000 2.00000 1.00000 1.00000 6 6 1 1 0 0.00000 0 1 0 0 0 0 0 6 2 6 0 0 0 1.00000 LOD\Architecture\Quarry\QryLedge03dirtyALL_LOD.nif
3285 4 8 8 2.00000 2.00000 1.00000 1.00000 6 6 1 1 0 0.00000 0 1 0 0 0 0 0 6 2 6 0 0 0 1.00000 LOD\Architecture\Quarry\QryLedge04_LOD.nif
3286 4 8 8 2.00000 2.00000 1.00000 1.00000 6 6 1 1 0 0.00000 0 1 0 0 0 0 0 6 2 6 0 0 0 1.00000 LOD\Architecture\Quarry\QryLedge04dirty_LOD.nif
3287 4 8 8 2.00000 2.00000 1.00000 1.00000 6 6 1 1 0 0.00000 0 1 0 0 0 0 0 6 2 6 0 0 0 1.00000 LOD\Architecture\Quarry\QryLedge04dirtyALL_LOD.nif
3288 16 22 30 1.37500 1.37500 1.09091 1.09091 6 6 2 1 1 32.94025 1 0 0 1 0 2 0 12 10 6 0 0 0 1.00000 LOD\Architecture\Quarry\QryLedge05_LOD.nif
3289 16 22 30 1.37500 1.37500 1.09091 1.09091 6 6 2 1 1 32.94025 1 0 0 1 0 2 0 12 10 6 0 0 0 1.00000 LOD\Architecture\Quarry\QryLedge05dirtyALL_LOD.nif
3290 4 8 8 2.00000 2.00000 1.00000 1.00000 6 6 1 1 0 0.00000 0 1 0 0 0 0 0 6 2 6 0 0 0 1.00000 LOD\Architecture\Quarry\QryLedge06_LOD.nif
3291 4 8 8 2.00000 2.00000 1.00000 1.00000 6 6 1 1 0 0.00000 0 1 0 0 0 0 0 6 2 6 0 0 0 1.00000 LOD\Architecture\Quarry\QryLedge06dirty_LOD.nif
3292 4 8 8 2.00000 2.00000 1.00000 1.00000 6 6 1 1 0 0.00000 0 1 0 0 0 0 0 6 2 6 0 0 0 1.00000 LOD\Architecture\Quarry\QryLedge06dirtyALL_LOD.nif
3293 4 8 8 2.00000 2.00000 1.00000 1.00000 6 6 1 1 0 0.00000 0 1 0 0 0 0 0 6 2 6 0 0 0 1.00000 LOD\Architecture\Quarry\QryLedge07_LOD.nif
3294 4 8 8 2.00000 2.00000 1.00000 1.00000 6 6 1 1 0 0.00000 0 1 0 0 0 0 0 6 2 6 0 0 0 1.00000 LOD\Architecture\Quarry\QryLedge07dirty_LOD.nif
3295 4 8 8 2.00000 2.00000 1.00000 1.00000 6 6 1 1 0 0.00000 0 1 0 0 0 0 0 6 2 6 0 0 0 1.00000 LOD\Architecture\Quarry\QryLedge07dirtyALL_LOD.nif
3296 4 8 8 2.00000 2.00000 1.00000 1.00000 6 6 1 1 0 0.00000 0 1 0 0 0 0 0 6 2 6 0 0 0 1.00000 LOD\Architecture\Quarry\QryLedge08_LOD.nif
3297 4 8 8 2.00000 2.00000 1.00000 1.00000 6 6 1 1 0 0.00000 0 1 0 0 0 0 0 6 2 6 0 0 0 1.00000 LOD\Architecture\Quarry\QryLedge08dirtyALL_LOD.nif
3298 4 8 8 2.00000 2.00000 1.00000 1.00000 6 6 1 1 0 0.00000 0 1 0 0 0 0 0 6 2 6 0 0 0 1.00000 LOD\Architecture\Quarry\QryLedge09_LOD.nif
3299 4 8 8 2.00000 2.00000 1.00000 1.00000 6 6 1 1 0 0.00000 0 1 0 0 0 0 0 6 2 6 0 0 0 1.00000 LOD\Architecture\Quarry\QryLedge09dirtyALL_LOD.nif
3300 4 8 8 2.00000 2.00000 1.00000 1.00000 6 6 1 1 0 0.00000 0 1 0 0 0 0 0 6 2 6 0 0 0 1.00000 LOD\Architecture\Quarry\QryLedge10_LOD.nif
3301 4 8 8 2.00000 2.00000 1.00000 1.00000 6 6 1 1 0 0.00000 0 1 0 0 0 0 0 6 2 6 0 0 0 1.00000 LOD\Architecture\Quarry\QryLedge10dirtyALL_LOD.nif
3302 40 50 74 1.25000 1.25000 1.04000 1.04000 8 8 2 3 2 22.97456 1 0 0 0 0 1 0 25 24 6 0 0 1 0.96639 LOD\Architecture\Quarry\QryLedgeBroken01_LOD.nif
3303 6 12 12 2.00000 2.00000 1.00000 1.00000 6 6 1 1 0 0.00000 0 0 0 0 0 0 0 7 5 6 0 0 1 1.00000 LOD\Architecture\Quarry\QryLedgeCorner01_LOD.nif
3304 6 12 12 2.00000 2.00000 1.00000 1.00000 6 6 1 1 0 0.00000 0 0 0 0 0 0 0 7 5 6 0 0 1 1.00000 LOD\Architecture\Quarry\QryLedgeCorner01dirty_LOD.nif
3305 6 12 12 2.00000 2.00000 1.00000 1.00000 6 6 1 1 0 0.00000 0 0 0 0 0 0 0 7 4 6 0 0 1 1.00000 LOD\Architecture\Quarry\QryLedgeCorner01dirtyALL_LOD.nif
3306 14 22 29 1.57143 1.57143 1.09091 1.09091 6 6 2 1 1 47.62933 1 0 0 0 0 1 0 11 11 6 0 0 1 0.96000 LOD\Architecture\Quarry\QryLedgeCorner02_LOD.nif
3307 14 22 29 1.57143 1.57143 1.09091 1.09091 6 6 2 1 1 47.62933 1 0 0 0 0 1 0 11 11 6 0 0 1 0.96000 LOD\Architecture\Quarry\QryLedgeCorner02dirty_LOD.nif
3308 14 22 29 1.57143 1.57143 1.09091 1.09091 6 6 2 1 1 47.62933 1 0 0 0 0 1 0 11 10 6 0 0 1 0.96000 LOD\Architecture\Quarry\QryLedgeCorner02dirtyALL_LOD.nif
3309 16 28 28 1.75000 1.75000 1.00000 1.00000 0 0 1 1 0 0.00000 0 0 0 0 0 0 0 10 17 0 0 0 1 1.00000 LOD\Architecture\Quarry\QryLedgeCornerBrokeOvrHang01dirty_LOD.nif
3310 16 28 28 1.75000 1.75000 1.00000 1.00000 0 0 1 1 0 0.00000 0 0 0 0 0 0 0 10 16 0 0 0 1 1.00000 LOD\Architecture\Quarry\QryLedgeCornerBrokeOvrHang01dirtyALL_LOD.nif
3311 20 32 39 1.60000 1.60000 1.00000 1.00000 0 0 2 2 1 124.81109 1 0 0 0 0 1 0 12 18 0 0 0 1 0.90377 LOD\Architecture\Quarry\QryLedgeCornerBrokeOvrHang02_LOD.nif
3312 40 66 93 1.65000 1.65000 1.03030 1.03030 0 0 3 3 3 224.93288 2 0 0 0 0 2 0 22 40 0 0 0 1 0.85888 LOD\Architecture\Quarry\QryLedgeCornerBrokeOvrHang02custom01dirty_LOD.nif
3313 40 66 93 1.65000 1.65000 1.03030 1.03030 0 0 3 3 3 224.93288 2 0 0 0 0 2 0 22 39 0 0 0 1 0.85888 LOD\Architecture\Quarry\QryLedgeCornerBrokeOvrHang02custom01dirtyALL_LOD.nif
3314 20 32 39 1.60000 1.60000 1.00000 1.00000 0 0 2 2 1 124.81110 1 0 0 0 0 1 0 12 17 0 0 0 1 0.90377 LOD\Architecture\Quarry\QryLedgeCornerBrokeOvrHang02dirtyALL_LOD.nif
3315 10 20 20 2.00000 2.00000 1.00000 1.00000 4 4 1 1 0 0.00000 0 0 0 0 0 0 0 8 12 4 0 0 1 1.00000 LOD\Architecture\Quarry\QryLedgeCornerDbl01_LOD.nif
3316 10 20 20 2.00000 2.00000 1.00000 1.00000 4 4 1 1 0 0.00000 0 0 0 0 0 0 0 8 10 4 0 0 1 1.00000 LOD\Architecture\Quarry\QryLedgeCornerDbl01dirtyALL_LOD.nif
3317 12 24 24 2.00000 2.00000 1.00000 1.00000 0 0 1 1 0 0.00000 0 0 0 0 0 0 0 8 15 0 0 0 1 1.00000 LOD\Architecture\Quarry\QryLedgeCube01_LOD.nif
3318 12 24 24 2.00000 2.00000 1.00000 1.00000 0 0 1 1 0 0.00000 0 0 0 0 0 0 0 8 15 0 0 0 1 1.00000 LOD\Architecture\Quarry\QryLedgeCube01dirty_LOD.nif
3319 12 24 24 2.00000 2.00000 1.00000 1.00000 0 0 1 1 0 0.00000 0 0 0 0 0 0 0 8 14 0 0 0 1 1.00000 LOD\Architecture\Quarry\QryLedgeCube01dirtyALL_LOD.nif
3320 4 10 10 2.50000 2.50000 1.20000 1.20000 6 6 1 1 0 0.00000 0 1 0 0 0 0 0 6 3 6 0 0 0 1.00000 LOD\Architecture\Quarry\QryLedgeDiag01_LOD.nif
3321 4 10 10 2.50000 2.50000 1.20000 1.20000 6 6 1 1 0 0.00000 0 1 0 0 0 0 0 6 3 6 0 0 0 1.00000 LOD\Architecture\Quarry\QryLedgeDiag01dirtyALL_LOD.nif
3322 1 3 3 3.00000 3.00000 1.33333 1.33333 3 3 1 1 0 0.00000 0 1 0 0 0 0 0 3 0 3 0 0 0 1.00000 LOD\Architecture\Quarry\QryLedgeDiag01FloorONLY_LOD.nif
3323 4 10 10 2.50000 2.50000 1.20000 1.20000 6 6 1 1 0 0.00000 0 1 0 0 0 0 0 6 3 6 0 0 0 1.00000 LOD\Architecture\Quarry\QryLedgeDiag02_LOD.nif
3324 4 10 10 2.50000 2.50000 1.20000 1.20000 6 6 1 1 0 0.00000 0 1 0 0 0 0 0 6 3 6 0 0 0 1.00000 LOD\Architecture\Quarry\QryLedgeDiag02dirtyALL_LOD.nif
3325 10 16 16 1.60000 1.60000 1.00000 1.00000 12 12 1 1 0 0.00000 0 0 0 0 0 0 0 12 2 12 0 0 1 1.00000 LOD\Architecture\Quarry\QryLedgeEndcap01_LOD.nif
3326 10 16 16 1.60000 1.60000 1.00000 1.00000 12 12 1 1 0 0.00000 0 0 0 0 0 0 0 12 2 12 0 0 1 1.00000 LOD\Architecture\Quarry\QryLedgeEndcap01dirtyALL_LOD.nif
3327 6 12 18 2.00000 2.00000 1.00000 1.00000 6 6 2 1 1 114.48667 1 1 0 0 0 1 0 7 5 6 0 0 0 0.74351 LOD\Architecture\Quarry\QryLedgeEndcapL01_LOD.nif
3328 6 12 18 2.00000 2.00000 1.00000 1.00000 6 6 2 1 1 111.72755 1 1 0 0 0 1 0 7 5 6 0 0 0 0.74351 LOD\Architecture\Quarry\QryLedgeEndcapR01_LOD.nif
3329 6 12 18 2.00000 2.00000 1.00000 1.00000 6 6 2 1 1 111.72755 1 1 0 0 0 1 0 7 5 6 0 0 0 0.74351 LOD\Architecture\Quarry\QryLedgeEndcapR01dirtyALL_LOD.nif
3330 16 32 46 2.00000 2.00000 1.00000 1.00000 10 10 3 1 2 355.71085 2 1 0 0 0 2 0 14 18 6 0 0 0 0.74660 LOD\Architecture\Quarry\QryRampCurveFlatL01_LOD.nif
3331 28 44 64 1.57143 1.57143 1.00000 1.00000 16 16 3 2 2 221.81036 2 0 0 0 0 2 0 23 19 6 0 0 1 0.90971 LOD\Architecture\Quarry\QryRampCurveL01_LOD.nif
3332 34 56 82 1.64706 1.64706 1.00000 1.00000 20 20 3 3 3 104.90570 2 0 0 0 0 2 0 28 26 8 0 0 1 0.95134 LOD\Architecture\Quarry\QryRampCurveL01MezCustom01_LOD.nif
3333 10 20 27 2.00000 2.00000 1.00000 1.00000 12 12 2 1 1 362.01031 1 0 0 0 0 1 0 12 8 7 0 0 1 0.79654 LOD\Architecture\Quarry\QryRampCurveLSkirt01_LOD.nif
3334 28 44 64 1.57143 1.57143 1.00000 1.00000 16 16 3 2 2 221.81035 2 0 0 0 0 2 0 23 19 6 0 0 1 0.90971 LOD\Architecture\Quarry\QryRampCurveR01_LOD.nif
3335 41 65 107 1.58537 1.58537 1.04615 1.04615 17 17 4 3 4 228.96135 3 0 0 0 0 3 0 30 32 5 0 0 1 0.85353 LOD\Architecture\Quarry\QryRampCurveR01aDirty_LOD.nif
3336 40 66 99 1.65000 1.65000 1.03030 1.03030 20 20 3 3 3 153.29770 2 0 0 0 0 2 0 31 33 8 0 0 1 0.98747 LOD\Architecture\Quarry\QryRampCurveR01customDirty_LOD.nif
3337 10 20 27 2.00000 2.00000 1.00000 1.00000 12 12 2 1 1 362.01031 1 0 0 0 0 1 0 12 8 7 0 0 1 0.79654 LOD\Architecture\Quarry\QryRampCurveRSkirt01_LOD.nif
3338 10 20 27 2.00000 2.00000 1.00000 1.00000 12 12 2 1 1 362.01031 1 0 0 0 0 1 0 12 8 7 0 0 1 0.79654 LOD\Architecture\Quarry\QryRampCurveRSkirt01dirty_LOD.nif
3339 10 20 27 2.00000 2.00000 1.00000 1.00000 12 12 2 1 1 362.01031 1 0 0 0 0 1 0 12 8 7 0 0 1 0.79654 LOD\Architecture\Quarry\QryRampCurveRSkirt01dirtyALL_LOD.nif
3340 8 16 22 2.00000 2.00000 1.00000 1.00000 8 8 2 1 1 330.92953 1 1 0 0 0 1 0 9 7 6 0 0 0 0.74566 LOD\Architecture\Quarry\QryRampCustomMezzanine01_LOD.nif
3341 7 13 19 1.85714 1.85714 1.23077 1.23077 9 9 2 1 1 0.00002 1 1 0 0 0 1 0 9 4 6 0 0 0 1.00000 LOD\Architecture\Quarry\QryRampCustomMezzanine02dirtyALL_LOD.nif
3342 6 12 12 2.00000 2.00000 1.00000 1.00000 8 8 1 1 0 0.00000 0 0 0 0 0 0 0 8 3 8 0 0 1 1.00000 LOD\Architecture\Quarry\QryRampStraight01EdgeL01dirtyALL_LOD.nif
3343 6 12 12 2.00000 2.00000 1.00000 1.00000 8 8 1 1 0 0.00000 0 0 0 0 0 0 0 8 3 8 0 0 1 1.00000 LOD\Architecture\Quarry\QryRampStraight01EdgeL02dirtyALL_LOD.nif
3344 12 24 24 2.00000 2.00000 1.00000 1.00000 0 0 1 1 0 0.00000 0 0 0 0 0 0 0 8 14 0 0 0 1 1.00000 LOD\Architecture\Quarry\QryRampStraight02_LOD.nif
3345 12 24 24 2.00000 2.00000 1.00000 1.00000 0 0 1 1 0 0.00000 0 0 0 0 0 0 0 8 12 0 0 0 1 1.00000 LOD\Architecture\Quarry\QryRampStraight02dirtyALL_LOD.nif
3346 8 18 18 2.25000 2.25000 1.11111 1.11111 0 0 1 1 0 0.00000 0 0 0 0 0 0 0 6 8 0 0 0 1 1.00000 LOD\Architecture\Quarry\QryRampStraight03dirtyALL_LOD.nif
3347 24 17 45 0.70833 0.70833 1.17647 1.17647 8 8 4 2 3 54.12138 3 1 0 0 0 3 0 17 0 4 0 0 0 0.89242 LOD\Architecture\Quarry\QryRubbleRaisedFloor02_LOD.nif
3348 12 24 29 2.00000 2.00000 1.00000 1.00000 0 0 2 1 1 89.12776 1 0 0 0 0 1 0 8 14 0 0 0 1 0.80290 LOD\Architecture\Quarry\QrySlab128x128_LOD.nif
3349 12 24 29 2.00000 2.00000 1.00000 1.00000 0 0 2 1 1 111.72755 1 0 0 0 0 1 0 8 16 0 0 0 1 0.80290 LOD\Architecture\Quarry\QrySlab128x256_LOD.nif
3350 12 24 29 2.00000 2.00000 1.00000 1.00000 0 0 2 1 1 118.15385 1 0 0 1 0 2 0 8 16 0 0 0 0 0.80290 LOD\Architecture\Quarry\QrySlab128x384dirtyALL_LOD.nif
3351 12 24 29 2.00000 2.00000 1.00000 1.00000 0 0 2 1 1 120.67955 1 0 0 1 0 2 0 8 16 0 0 0 0 0.80290 LOD\Architecture\Quarry\QrySlab128x512_LOD.nif
3352 12 24 29 2.00000 2.00000 1.00000 1.00000 0 0 2 1 1 120.67955 1 0 0 1 0 2 0 8 16 0 0 0 0 0.80290 LOD\Architecture\Quarry\QrySlab128x512dirtyALL_LOD.nif
3353 12 24 24 2.00000 2.00000 1.00000 1.00000 0 0 1 1 0 0.00000 0 0 0 0 0 0 0 8 14 0 0 0 1 1.00000 LOD\Architecture\Quarry\QrySlabRubble01dirtyALL_LOD.nif
3354 12 24 29 2.00000 2.00000 1.00000 1.00000 0 0 2 1 1 89.12776 1 0 0 0 0 1 0 8 14 0 0 0 1 0.80290 LOD\Architecture\Quarry\QrySlabRubble02dirtyALL_LOD.nif
3355 12 24 29 2.00000 2.00000 1.00000 1.00000 0 0 2 1 1 89.12776 1 0 0 0 0 1 0 8 14 0 0 0 1 0.80290 LOD\Architecture\Quarry\QrySlabRubble03dirtyALL_LOD.nif
3356 8 22 22 2.75000 2.75000 1.09091 1.09091 0 0 1 1 0 0.00000 0 0 0 0 0 0 0 6 11 0 0 0 1 1.00000 LOD\Architecture\Quarry\QryStoneStair01_LOD.nif
3357 8 20 20 2.50000 2.50000 1.00000 1.00000 0 0 1 1 0 0.00000 0 0 0 0 0 0 0 6 9 0 0 0 1 1.00000 LOD\Architecture\Quarry\QryStoneStair01dirtyALL_LOD.nif
3358 8 24 24 3.00000 3.00000 1.00000 1.00000 0 0 1 1 0 0.00000 0 0 0 0 0 0 0 6 13 0 0 0 1 1.00000 LOD\Architecture\Quarry\QryStoneStair02_LOD.nif
3359 8 18 18 2.25000 2.25000 1.11111 1.11111 0 0 1 1 0 0.00000 0 0 0 0 0 0 0 6 9 0 0 0 1 1.00000 LOD\Architecture\Quarry\QryStoneStair02dirtyALL_LOD.nif
3360 8 24 24 3.00000 3.00000 1.00000 1.00000 0 0 1 1 0 0.00000 0 0 0 0 0 0 0 6 18 0 0 0 1 1.00000 LOD\Architecture\Quarry\QryStoneStair03_LOD.nif
3361 8 24 24 3.00000 3.00000 1.00000 1.00000 0 0 1 1 0 0.00000 0 0 0 0 0 0 0 6 18 0 0 0 1 1.00000 LOD\Architecture\Quarry\QryStoneStair04_LOD.nif
3362 4 8 8 2.00000 2.00000 1.00000 1.00000 8 8 1 1 0 0.00000 0 1 0 0 0 0 0 8 0 8 0 0 0 1.00000 LOD\Architecture\Residential\HouseKCapGarageWall01_LOD.nif
3363 4 8 8 2.00000 2.00000 1.00000 1.00000 8 8 1 1 0 0.00000 0 1 0 0 0 0 0 8 0 8 0 0 0 1.00000 LOD\Architecture\Residential\HouseKCapGarageWin01_LOD.nif
3364 4 8 8 2.00000 2.00000 1.00000 1.00000 8 8 1 1 0 0.00000 0 1 0 0 0 0 0 8 0 8 0 0 0 1.00000 LOD\Architecture\Residential\HouseKCapWall01_LOD.nif
3365 16 20 20 1.25000 1.25000 1.00000 1.00000 20 20 1 1 0 0.00000 0 0 0 0 0 0 0 20 0 20 0 0 1 1.00000 LOD\Architecture\Residential\HouseKCapWall01Dam01_LOD.nif
3366 4 8 8 2.00000 2.00000 1.00000 1.00000 8 8 1 1 0 0.00000 0 1 0 0 0 0 0 8 0 8 0 0 0 1.00000 LOD\Architecture\Residential\HouseKCapWall01Dam02_LOD.nif
3367 4 8 8 2.00000 2.00000 1.00000 1.00000 8 8 1 1 0 0.00000 0 1 0 0 0 0 0 8 0 8 0 0 0 1.00000 LOD\Architecture\Residential\HouseKCapWall02_LOD.nif
3368 16 20 32 1.25000 1.25000 1.00000 1.00000 20 20 2 1 1 55.37294 1 0 0 0 0 1 0 20 0 12 0 0 1 0.75090 LOD\Architecture\Residential\HouseKCapWall02Dam01_LOD.nif
3369 4 8 8 2.00000 2.00000 1.00000 1.00000 8 8 1 1 0 0.00000 0 1 0 0 0 0 0 8 0 8 0 0 0 1.00000 LOD\Architecture\Residential\HouseKCapWall02Dam02_LOD.nif
3370 4 8 8 2.00000 2.00000 1.00000 1.00000 8 8 1 1 0 0.00000 0 1 0 0 0 0 0 8 0 8 0 0 0 1.00000 LOD\Architecture\Residential\HouseKCapWallEndL01_LOD.nif
3371 4 8 8 2.00000 2.00000 1.00000 1.00000 8 8 1 1 0 0.00000 0 1 0 0 0 0 0 8 0 8 0 0 0 1.00000 LOD\Architecture\Residential\HouseKCapWallEndL02_LOD.nif
3372 4 8 8 2.00000 2.00000 1.00000 1.00000 8 8 1 1 0 0.00000 0 1 0 0 0 0 0 8 0 8 0 0 0 1.00000 LOD\Architecture\Residential\HouseKCapWallEndR01_LOD.nif
3373 4 8 8 2.00000 2.00000 1.00000 1.00000 8 8 1 1 0 0.00000 0 1 0 0 0 0 0 8 0 8 0 0 0 1.00000 LOD\Architecture\Residential\HouseKCapWallEndR02_LOD.nif
3374 4 8 8 2.00000 2.00000 1.00000 1.00000 8 8 1 1 0 0.00000 0 1 0 0 0 0 0 8 0 8 0 0 0 1.00000 LOD\Architecture\Residential\HouseKCapWallEndR03_LOD.nif
3375 4 8 8 2.00000 2.00000 1.00000 1.00000 8 8 1 1 0 0.00000 0 1 0 0 0 0 0 8 0 8 0 0 0 1.00000 LOD\Architecture\Residential\HouseKCapWallEndR04_LOD.nif
3376 4 8 8 2.00000 2.00000 1.00000 1.00000 8 8 1 1 0 0.00000 0 1 0 0 0 0 0 8 0 8 0 0 0 1.00000 LOD\Architecture\Residential\HouseKCapWallWin01_LOD.nif
3377 4 8 8 2.00000 2.00000 1.00000 1.00000 8 8 1 1 0 0.00000 0 1 0 0 0 0 0 8 0 8 0 0 0 1.00000 LOD\Architecture\Residential\HouseKCapWallWin02_LOD.nif
3378 12 24 38 2.00000 2.00000 1.00000 1.00000 10 10 3 1 2 31.54160 2 1 0 0 0 2 0 12 8 6 0 0 0 1.00000 LOD\Architecture\Residential\HouseKGrndAddonBayWin01_LOD.nif
3379 32 74 88 2.31250 2.31250 1.02703 1.02703 25 25 2 2 1 148.33670 1 0 0 0 0 1 0 28 41 13 0 0 1 0.97054 LOD\Architecture\Residential\HouseKGrndAddonGarage01_LOD.nif
3380 30 54 67 1.80000 1.80000 1.03704 1.03704 22 22 2 2 1 152.24078 1 0 0 0 0 1 0 22 30 10 0 0 1 0.71170 LOD\Architecture\Residential\HouseKGrndAddonRoom01_LOD.nif
3381 24 48 61 2.00000 2.00000 1.00000 1.00000 12 12 2 2 1 5.06958 1 0 0 0 0 1 0 19 25 9 0 0 1 1.00000 LOD\Architecture\Residential\HouseKGrndAddonSunRoom01_LOD.nif
3382 19 49 60 2.57895 2.57895 1.06122 1.06122 17 17 2 2 1 6.24889 1 0 0 0 0 1 0 19 16 11 0 0 1 0.99694 LOD\Architecture\Residential\HouseKGrndAddonSunRoom02_LOD.nif
3383 34 72 87 2.11765 2.11765 1.00000 1.00000 18 18 2 3 2 155.17445 1 0 0 0 0 1 0 24 48 9 0 0 1 0.91327 LOD\Architecture\Residential\HouseKGrndFrameA01_LOD.nif
3384 20 40 48 2.00000 2.00000 1.00000 1.00000 13 13 2 2 1 174.73395 1 0 0 0 0 1 0 16 24 6 0 0 1 0.84777 LOD\Architecture\Residential\HouseKGrndFrameA01Back01_LOD.nif
3385 31 68 81 2.19355 2.19355 1.00000 1.00000 28 28 2 2 1 108.35983 1 0 0 0 0 1 0 30 22 12 0 0 1 0.71642 LOD\Architecture\Residential\HouseKGrndFrameA01Back01Dam01_LOD.nif
3386 20 44 52 2.20000 2.20000 1.00000 1.00000 13 13 2 2 1 60.03347 1 0 0 0 0 1 0 16 26 6 0 0 1 1.00000 LOD\Architecture\Residential\HouseKGrndFrameA01Front01_LOD.nif
3387 31 69 86 2.22581 2.22581 1.04348 1.04348 26 26 2 2 1 25.84810 1 0 0 0 0 1 0 29 30 14 0 0 1 1.00000 LOD\Architecture\Residential\HouseKGrndFrameA01Front01Dam01_LOD.nif
3388 34 72 87 2.11765 2.11765 1.00000 1.00000 18 18 2 3 2 155.17445 1 0 0 0 0 1 0 24 48 8 0 0 1 0.91406 LOD\Architecture\Residential\HouseKGrndFrameA02_LOD.nif
3389 34 72 87 2.11765 2.11765 1.00000 1.00000 18 18 2 3 2 155.42508 1 0 0 0 0 1 0 24 48 8 0 0 1 0.91418 LOD\Architecture\Residential\HouseKGrndFrameA03_LOD.nif
3390 34 72 87 2.11765 2.11765 1.00000 1.00000 18 18 2 3 2 155.29984 1 0 0 0 0 1 0 24 48 8 0 0 1 0.91372 LOD\Architecture\Residential\HouseKGrndFrameA04_LOD.nif
3391 35 64 85 1.82857 1.82857 1.00000 1.00000 33 33 2 3 1 112.94359 1 0 0 0 0 1 0 36 24 20 0 0 1 0.73834 LOD\Architecture\Residential\HouseKRoofEnd01_LOD.nif
3392 35 64 85 1.82857 1.82857 1.00000 1.00000 33 33 2 3 1 112.94359 1 0 0 0 0 1 0 36 24 20 0 0 1 0.73834 LOD\Architecture\Residential\HouseKRoofEnd02_LOD.nif
3393 35 64 85 1.82857 1.82857 1.00000 1.00000 33 33 2 3 1 112.94359 1 0 0 0 0 1 0 36 24 20 0 0 1 0.73834 LOD\Architecture\Residential\HouseKRoofEnd02Stairs01_LOD.nif
3394 12 24 24 2.00000 2.00000 1.00000 1.00000 0 0 1 1 0 0.00000 0 0 0 0 0 0 0 8 16 0 0 0 1 1.00000 LOD\Architecture\Residential\HouseKRoofFlatIntact01_LOD.nif
3395 12 16 26 1.33333 1.33333 1.00000 1.00000 16 16 2 1 1 74.60198 1 0 0 0 0 1 0 16 0 10 0 0 1 0.85708 LOD\Architecture\Residential\HouseKSocketDoorFrame01_LOD.nif
3396 12 16 16 1.33333 1.33333 1.00000 1.00000 16 16 1 1 0 0.00000 0 0 0 0 0 0 0 16 0 16 0 0 1 1.00000 LOD\Architecture\Residential\HouseKSocketWideFrame01_LOD.nif
3397 10 24 24 2.40000 2.40000 1.00000 1.00000 4 4 1 1 0 0.00000 0 0 0 0 0 0 0 8 12 4 0 0 1 1.00000 LOD\Architecture\Residential\HouseKUpprAddonBayWin01_LOD.nif
3398 12 24 24 2.00000 2.00000 1.00000 1.00000 16 16 1 1 0 0.00000 0 0 0 0 0 0 0 16 8 16 0 0 1 1.00000 LOD\Architecture\Residential\HouseKUpprAddonRoom01_LOD.nif
3399 12 26 26 2.16667 2.16667 1.07692 1.07692 18 18 1 1 0 0.00000 0 0 0 0 0 0 0 17 7 18 0 0 1 1.00000 LOD\Architecture\Residential\HouseKUpprFrameA01_LOD.nif
3400 6 12 12 2.00000 2.00000 1.00000 1.00000 8 8 1 1 0 0.00000 0 0 0 0 0 0 0 8 4 8 0 0 1 1.00000 LOD\Architecture\Residential\HouseKUpprFrameA01Back01_LOD.nif
3401 18 54 54 3.00000 3.00000 1.03704 1.03704 8 8 1 2 0 0.00000 0 0 0 0 0 0 0 13 31 8 0 0 1 1.00000 LOD\Architecture\Residential\HouseKUpprFrameA01Back01Dam01_LOD.nif
3402 6 12 12 2.00000 2.00000 1.00000 1.00000 8 8 1 1 0 0.00000 0 0 0 0 0 0 0 8 4 8 0 0 1 1.00000 LOD\Architecture\Residential\HouseKUpprFrameA01Front01_LOD.nif
3403 20 60 60 3.00000 3.00000 1.00000 1.00000 8 8 1 2 0 0.00000 0 0 0 0 0 0 0 14 35 8 0 0 1 1.00000 LOD\Architecture\Residential\HouseKUpprFrameA01Front01Dam01_LOD.nif
3404 2 4 4 2.00000 2.00000 1.00000 1.00000 4 4 1 1 0 0.00000 0 1 0 0 0 0 0 4 0 4 0 0 0 1.00000 LOD\Architecture\Residential\ResNCA1FLWallA00_LOD.nif
3405 2 4 4 2.00000 2.00000 1.00000 1.00000 4 4 1 1 0 0.00000 0 1 0 0 0 0 0 4 0 4 0 0 0 1.00000 LOD\Architecture\Residential\ResNCA1FLWallA01_LOD.nif
3406 2 4 4 2.00000 2.00000 1.00000 1.00000 4 4 1 1 0 0.00000 0 1 0 0 0 0 0 4 0 4 0 0 0 1.00000 LOD\Architecture\Residential\ResNCA1FLWallA02_LOD.nif
3407 2 4 4 2.00000 2.00000 1.00000 1.00000 4 4 1 1 0 0.00000 0 1 0 0 0 0 0 4 0 4 0 0 0 1.00000 LOD\Architecture\Residential\ResNCA1FLWallA03_LOD.nif
3408 2 4 4 2.00000 2.00000 1.00000 1.00000 4 4 1 1 0 0.00000 0 1 0 0 0 0 0 4 0 4 0 0 0 1.00000 LOD\Architecture\Residential\ResNCA1FLWallA04_LOD.nif
3409 2 4 4 2.00000 2.00000 1.00000 1.00000 4 4 1 1 0 0.00000 0 1 0 0 0 0 0 4 0 4 0 0 0 1.00000 LOD\Architecture\Residential\ResNCA2FLWallA00_LOD.nif
3410 2 4 4 2.00000 2.00000 1.00000 1.00000 4 4 1 1 0 0.00000 0 1 0 0 0 0 0 4 0 4 0 0 0 1.00000 LOD\Architecture\Residential\ResNCA2FLWallB01_LOD.nif
3411 2 4 4 2.00000 2.00000 1.00000 1.00000 4 4 1 1 0 0.00000 0 1 0 0 0 0 0 4 0 4 0 0 0 1.00000 LOD\Architecture\Residential\ResNCA2FLWallB02_LOD.nif
3412 2 4 4 2.00000 2.00000 1.00000 1.00000 4 4 1 1 0 0.00000 0 1 0 0 0 0 0 4 0 4 0 0 0 1.00000 LOD\Architecture\Residential\ResNCA2FLWallB03_LOD.nif
3413 2 4 4 2.00000 2.00000 1.00000 1.00000 4 4 1 1 0 0.00000 0 1 0 0 0 0 0 4 0 4 0 0 0 1.00000 LOD\Architecture\Residential\ResNCA2FLWallB04_LOD.nif
3414 4 6 6 1.50000 1.50000 1.33333 1.33333 6 6 1 1 0 0.00000 0 1 0 0 0 0 0 6 0 6 0 0 0 1.00000 LOD\Architecture\Residential\ResNCAAddonbayWindow01_LOD.nif
3415 4 6 6 1.50000 1.50000 1.33333 1.33333 6 6 1 1 0 0.00000 0 1 0 0 0 0 0 6 0 6 0 0 0 1.00000 LOD\Architecture\Residential\ResNCAAddonbayWindow02_LOD.nif
3416 10 16 21 1.60000 1.60000 1.00000 1.00000 4 4 2 1 1 40.49777 1 1 0 0 0 1 0 8 4 4 0 0 0 0.79969 LOD\Architecture\Residential\ResNCAAddonbayWindowTop01_LOD.nif
3417 4 8 8 2.00000 2.00000 1.00000 1.00000 8 8 1 1 0 0.00000 0 1 0 0 0 0 0 8 0 8 0 0 0 1.00000 LOD\Architecture\Residential\ResNCAAddonRoofChimeny01_LOD.nif
3418 11 27 27 2.45455 2.45455 1.03704 1.03704 7 7 1 1 0 0.00000 0 0 0 0 0 0 0 10 12 7 0 0 1 1.00000 LOD\Architecture\Residential\ResNCAAddonRoofDormer01_LOD.nif
3419 8 24 24 3.00000 3.00000 1.00000 1.00000 8 8 1 1 0 0.00000 0 0 0 0 0 0 0 8 12 8 0 0 1 1.00000 LOD\Architecture\Residential\ResNCAAddonSteepel01_LOD.nif
3420 10 28 33 2.80000 2.80000 1.00000 1.00000 4 4 2 1 1 49.23522 1 1 0 0 0 1 0 8 16 4 0 0 0 0.82560 LOD\Architecture\Residential\ResNCAAddonSteepelRoof_LOD.nif
3421 2 4 4 2.00000 2.00000 1.00000 1.00000 4 4 1 1 0 0.00000 0 1 0 0 0 0 0 4 0 4 0 0 0 1.00000 LOD\Architecture\Residential\ResNCABase01_LOD.nif
3422 4 6 6 1.50000 1.50000 1.33333 1.33333 6 6 1 1 0 0.00000 0 1 0 0 0 0 0 6 0 6 0 0 0 1.00000 LOD\Architecture\Residential\ResNCAEntranceS01_LOD.nif
3423 2 4 4 2.00000 2.00000 1.00000 1.00000 4 4 1 1 0 0.00000 0 1 0 0 0 0 0 4 0 4 0 0 0 1.00000 LOD\Architecture\Residential\ResNCARoofFlat01_LOD.nif
3424 4 8 8 2.00000 2.00000 1.00000 1.00000 6 6 1 1 0 0.00000 0 1 0 0 0 0 0 6 0 6 0 0 0 1.00000 LOD\Architecture\Residential\ResNCARoofPitch01_LOD.nif
3425 12 16 26 1.33333 1.33333 1.00000 1.00000 16 16 2 1 1 26.01055 1 0 0 1 0 2 0 16 0 10 0 0 0 1.00000 LOD\Architecture\Residential\ResNCARoofPitchCap01_LOD.nif
3426 4 6 6 1.50000 1.50000 1.33333 1.33333 6 6 1 1 0 0.00000 0 1 0 0 0 0 0 6 0 6 0 0 0 1.00000 LOD\Architecture\Residential\ResNCATower1FLA01_LOD.nif
3427 4 6 6 1.50000 1.50000 1.33333 1.33333 6 6 1 1 0 0.00000 0 1 0 0 0 0 0 6 0 6 0 0 0 1.00000 LOD\Architecture\Residential\ResNCATower2FLA01_LOD.nif
3428 4 6 6 1.50000 1.50000 1.33333 1.33333 6 6 1 1 0 0.00000 0 1 0 0 0 0 0 6 0 6 0 0 0 1.00000 LOD\Architecture\Residential\ResNCATower2FLA02_LOD.nif
3429 2 4 4 2.00000 2.00000 1.00000 1.00000 4 4 1 1 0 0.00000 0 1 0 0 0 0 0 4 0 4 0 0 0 1.00000 LOD\Architecture\Residential\ResNCATowerRoof01_LOD.nif
3430 302 604 773 2.00000 2.00000 1.00626 1.00626 160 160 3 20 11 90.47315 6 1 0 0 0 6 0 262 305 8 0 0 3 0.78906 LOD\Architecture\Satellite\Satellite01_LOD.nif
3431 50 118 118 2.36000 2.36000 1.01600 1.01600 4 4 1 5 0 0.00000 0 1 0 0 0 0 0 40 67 4 0 0 2 1.00000 LOD\Architecture\Satellite\Satellite01_LOD1.nif
3432 458 550 889 1.20087 1.20087 1.00460 1.00460 56 56 3 30 17 309.81433 8 0 0 0 0 8 0 313 181 25 0 0 2 0.71608 LOD\Architecture\Satellite\SatelliteDish01_LOD.nif
3433 166 140 165 0.84337 0.84337 1.02153 1.02153 24 24 1 11 0 0.00000 0 0 0 0 0 0 0 97 28 24 0 0 2 1.00000 LOD\Architecture\Satellite\SatelliteDish01_LOD1.nif
3434 12 24 24 2.00000 2.00000 1.00000 1.00000 0 0 1 1 0 0.00000 0 0 0 0 0 0 0 8 16 0 0 0 1 1.00000 LOD\Architecture\Shacks\Metal\ShackMetalMidRoof01_LOD_0.nif
3435 44 52 87 1.18182 1.18182 1.00000 1.00000 0 0 3 3 3 12.89019 2 0 0 0 0 2 0 24 28 0 0 0 1 0.71823 LOD\Architecture\Shacks\Metal\ShackMetalMidRoof02_LOD_0.nif
3436 12 24 24 2.00000 2.00000 1.00000 1.00000 0 0 1 1 0 0.00000 0 0 0 0 0 0 0 8 16 0 0 0 1 1.00000 LOD\Architecture\Shacks\Metal\ShackMetalWallFlat01_LOD_0.nif
3437 12 24 24 2.00000 2.00000 1.00000 1.00000 0 0 1 1 0 0.00000 0 0 0 0 0 0 0 8 16 0 0 0 1 1.00000 LOD\Architecture\Shacks\Metal\ShackMetalWallFlat02_LOD_0.nif
3438 128 174 253 1.35938 1.35938 1.01149 1.01149 28 28 2 8 4 7.67762 2 0 0 0 0 2 0 88 86 24 0 0 1 0.94104 LOD\Architecture\Shacks\Metal\ShackMetalWallOuter01A_LOD_0.nif
3439 64 124 176 1.93750 1.93750 1.00000 1.00000 12 12 3 4 3 13.31393 2 0 0 0 0 2 0 48 76 12 0 0 1 0.78148 LOD\Architecture\Shacks\Metal\ShackMetalWallOuter02A_LOD_0.nif
3440 68 88 168 1.29412 1.29412 1.00000 1.00000 32 32 4 5 6 119.69022 3 0 0 1 0 4 0 54 34 12 0 0 0 0.71519 LOD\Architecture\Shacks\Metal\ShackMetalWallOuter03A_LOD_0.nif
3441 76 94 186 1.23684 1.23684 1.02128 1.02128 36 36 4 5 6 95.66225 3 0 0 1 0 4 0 60 34 13 0 0 0 0.86824 LOD\Architecture\Shacks\Metal\ShackMetalWallOuter04A_LOD_0.nif
3442 76 138 182 1.81579 1.81579 1.01449 1.01449 16 16 2 5 3 4.44694 1 0 0 0 0 1 0 58 80 12 0 0 1 0.94474 LOD\Architecture\Shacks\Metal\ShackMetalWallOuterCap01A_LOD_0.nif
3443 88 130 229 1.47727 1.47727 1.01538 1.01538 52 52 3 6 6 12.20415 3 0 0 0 0 3 0 82 48 33 0 0 1 0.92450 LOD\Architecture\Shacks\Metal\ShackMetalWallOuterCap01Door01_LOD_0.nif
3444 96 109 211 1.15625 1.15625 1.02752 1.02752 46 46 3 6 5 27.15127 3 0 0 0 0 3 0 77 32 24 0 0 1 0.72275 LOD\Architecture\Shacks\Metal\ShackMetalWallOuterCap02A_LOD_0.nif
3445 70 94 155 1.34286 1.34286 1.02128 1.02128 26 26 3 5 5 31.12219 2 0 0 0 0 2 0 52 42 11 0 0 1 0.86465 LOD\Architecture\Shacks\Metal\ShackMetalWallOuterCap04A_LOD_0.nif
3446 122 170 289 1.39344 1.39344 1.01176 1.01176 50 50 3 8 6 30.12326 3 0 0 1 0 4 0 94 48 24 0 0 0 0.92274 LOD\Architecture\Shacks\Metal\ShackMetalWallOuterCrnInCap01A_LOD_0.nif
3447 92 156 246 1.69565 1.69565 1.00000 1.00000 20 20 4 6 6 126.57552 4 0 0 1 0 5 0 64 85 11 0 0 0 0.78779 LOD\Architecture\Shacks\Metal\ShackMetalWallOuterCrnOut01A_LOD_0.nif
3448 92 152 242 1.65217 1.65217 1.00000 1.00000 20 20 4 6 6 126.43122 4 0 0 1 0 5 0 64 83 11 0 0 0 0.80939 LOD\Architecture\Shacks\Metal\ShackMetalWallOuterCrnOut01B_LOD_0.nif
3449 86 116 212 1.34884 1.34884 1.00000 1.00000 22 22 4 6 6 113.91605 4 0 0 1 0 5 0 60 56 12 0 0 0 0.77566 LOD\Architecture\Shacks\Metal\ShackMetalWallOuterCrnOut02A_LOD_0.nif
3450 84 80 96 0.95238 0.95238 1.00000 1.00000 36 36 1 6 0 0.00000 0 0 0 0 0 0 0 64 16 36 0 0 1 1.00000 LOD\Architecture\Shacks\Metal\ShackMetalWallOuterCrnOut04A_LOD_0.nif
3451 4 8 8 2.00000 2.00000 1.00000 1.00000 8 8 1 1 0 0.00000 0 1 0 0 0 0 0 8 0 8 4 0 0 1.00000 LOD\Architecture\Shacks\ShackBalconyFloor01_LOD_0.nif
3452 16 16 26 1.00000 1.00000 1.00000 1.00000 16 16 2 1 1 0.00000 1 0 0 1 0 2 0 16 0 8 0 0 0 1.00000 LOD\Architecture\Shacks\ShackBalconyFloor02_LOD_0.nif
3453 4 8 8 2.00000 2.00000 1.00000 1.00000 8 8 1 1 0 0.00000 0 1 0 0 0 0 0 8 0 8 1 0 0 1.00000 LOD\Architecture\Shacks\ShackBalconyFloor03_LOD_0.nif
3454 4 8 8 2.00000 2.00000 1.00000 1.00000 8 8 1 1 0 0.00000 0 1 0 0 0 0 0 8 0 8 0 0 0 1.00000 LOD\Architecture\Shacks\ShackBalconyFloor04_LOD_0.nif
3455 4 8 8 2.00000 2.00000 1.00000 1.00000 8 8 1 1 0 0.00000 0 1 0 0 0 0 0 8 0 8 0 0 0 1.00000 LOD\Architecture\Shacks\ShackBalconyFloor05_LOD_0.nif
3456 31 85 85 2.74194 2.74194 1.03529 1.03529 37 37 1 2 0 0.00000 0 0 0 0 0 0 0 37 34 37 0 0 1 1.00000 LOD\Architecture\Shacks\ShackBridge01_LOD_0.nif
3457 32 90 90 2.81250 2.81250 1.02222 1.02222 40 40 1 2 0 0.00000 0 0 0 0 0 0 0 40 34 40 0 0 1 1.00000 LOD\Architecture\Shacks\ShackBridge02_LOD_0.nif
3458 2 4 4 2.00000 2.00000 1.00000 1.00000 4 4 1 1 0 0.00000 0 1 0 0 0 0 0 4 0 4 0 0 0 1.00000 LOD\Architecture\Shacks\ShackBridgeFree01_LOD_0.nif
3459 12 24 24 2.00000 2.00000 1.00000 1.00000 12 12 1 1 0 0.00000 0 0 0 0 0 0 0 12 12 12 1 0 1 1.00000 LOD\Architecture\Shacks\ShackBridgeFree01Support01_LOD_0.nif
3460 12 24 24 2.00000 2.00000 1.00000 1.00000 0 0 1 1 0 0.00000 0 0 0 0 0 0 0 8 15 0 0 0 1 1.00000 LOD\Architecture\Shacks\ShackFreeColumnInt01_LOD_0.nif
3461 2 4 4 2.00000 2.00000 1.00000 1.00000 4 4 1 1 0 0.00000 0 1 0 0 0 0 0 4 0 4 1 0 0 1.00000 LOD\Architecture\Shacks\ShackMidRoof01_LOD_0.nif
3462 4 6 6 1.50000 1.50000 1.33333 1.33333 6 6 1 1 0 0.00000 0 1 0 0 0 0 0 6 0 6 0 0 0 1.00000 LOD\Architecture\Shacks\ShackMidRoof01Hole01_LOD_0.nif
3463 2 4 4 2.00000 2.00000 1.00000 1.00000 4 4 1 1 0 0.00000 0 1 0 0 0 0 0 4 0 4 1 0 0 1.00000 LOD\Architecture\Shacks\ShackMidRoof02_LOD_0.nif
3464 4 6 6 1.50000 1.50000 1.33333 1.33333 6 6 1 1 0 0.00000 0 1 0 0 0 0 0 6 0 6 0 0 0 1.00000 LOD\Architecture\Shacks\ShackMidRoof02Hole01_LOD_0.nif
3465 4 6 6 1.50000 1.50000 1.33333 1.33333 6 6 1 1 0 0.00000 0 1 0 0 0 0 0 6 0 6 0 0 0 1.00000 LOD\Architecture\Shacks\ShackMidRoof02Hole02_LOD_0.nif
3466 2 4 4 2.00000 2.00000 1.00000 1.00000 4 4 1 1 0 0.00000 0 1 0 0 0 0 0 4 0 4 0 0 0 1.00000 LOD\Architecture\Shacks\ShackMidRoof03_LOD_0.nif
3467 4 6 6 1.50000 1.50000 1.33333 1.33333 6 6 1 1 0 0.00000 0 1 0 0 0 0 0 6 0 6 0 0 0 1.00000 LOD\Architecture\Shacks\ShackMidRoof03Hole01_LOD_0.nif
3468 4 6 6 1.50000 1.50000 1.33333 1.33333 6 6 1 1 0 0.00000 0 1 0 0 0 0 0 6 0 6 0 0 0 1.00000 LOD\Architecture\Shacks\ShackMidRoof03Hole02_LOD_0.nif
3469 16 32 32 2.00000 2.00000 1.00000 1.00000 32 32 1 1 0 0.00000 0 0 0 0 0 0 0 32 0 32 0 0 1 1.00000 LOD\Architecture\Shacks\ShackMidSupports01_LOD_0.nif
3470 28 56 86 2.00000 2.00000 1.00000 1.00000 56 56 2 2 1 15.79379 1 0 0 0 0 1 0 54 2 30 0 0 1 0.90014 LOD\Architecture\Shacks\ShackWallFlat01_LOD_0.nif
3471 4 8 8 2.00000 2.00000 1.00000 1.00000 8 8 1 1 0 0.00000 0 1 0 0 0 0 0 8 0 8 0 0 0 1.00000 LOD\Architecture\Shacks\ShackWallFlat02_LOD_0.nif
3472 4 8 8 2.00000 2.00000 1.00000 1.00000 8 8 1 1 0 0.00000 0 1 0 0 0 0 0 8 0 8 0 0 0 1.00000 LOD\Architecture\Shacks\ShackWallFlat03_LOD_0.nif
3473 4 8 8 2.00000 2.00000 1.00000 1.00000 8 8 1 1 0 0.00000 0 1 0 0 0 0 0 8 0 8 0 0 0 1.00000 LOD\Architecture\Shacks\ShackWallFlatEnd01_LOD_0.nif
3474 4 8 8 2.00000 2.00000 1.00000 1.00000 8 8 1 1 0 0.00000 0 1 0 0 0 0 0 8 0 8 0 0 0 1.00000 LOD\Architecture\Shacks\ShackWallFlatEnd02_LOD_0.nif
3475 4 8 8 2.00000 2.00000 1.00000 1.00000 8 8 1 1 0 0.00000 0 1 0 0 0 0 0 8 0 8 1 0 0 1.00000 LOD\Architecture\Shacks\ShackWallHalfL01_LOD_0.nif
3476 4 8 8 2.00000 2.00000 1.00000 1.00000 8 8 1 1 0 0.00000 0 1 0 0 0 0 0 8 0 8 1 0 0 1.00000 LOD\Architecture\Shacks\ShackWallHalfR01_LOD_0.nif
3477 16 32 32 2.00000 2.00000 1.00000 1.00000 22 22 1 1 0 0.00000 0 0 0 0 0 0 0 20 12 22 0 0 1 1.00000 LOD\Architecture\Shacks\ShackWallOuter01A_LOD_0.nif
3478 20 40 40 2.00000 2.00000 1.00000 1.00000 22 22 1 2 0 0.00000 0 0 0 0 0 0 0 22 18 22 0 0 1 1.00000 LOD\Architecture\Shacks\ShackWallOuter01B_LOD_0.nif
3479 18 36 36 2.00000 2.00000 1.00000 1.00000 24 24 1 2 0 0.00000 0 0 0 0 0 0 0 22 14 24 0 0 1 1.00000 LOD\Architecture\Shacks\ShackWallOuter04A_LOD_0.nif
3480 18 36 36 2.00000 2.00000 1.00000 1.00000 24 24 1 2 0 0.00000 0 0 0 0 0 0 0 22 14 24 0 0 1 1.00000 LOD\Architecture\Shacks\ShackWallOuter04B_LOD_0.nif
3481 18 36 36 2.00000 2.00000 1.00000 1.00000 24 24 1 2 0 0.00000 0 0 0 0 0 0 0 22 14 24 0 0 1 1.00000 LOD\Architecture\Shacks\ShackWallOuter05A_LOD_0.nif
3482 20 40 40 2.00000 2.00000 1.00000 1.00000 28 28 1 2 0 0.00000 0 0 0 0 0 0 0 26 14 28 1 0 1 1.00000 LOD\Architecture\Shacks\ShackWallOuter05B_LOD_0.nif
3483 22 44 44 2.00000 2.00000 1.00000 1.00000 26 26 1 2 0 0.00000 0 0 0 0 0 0 0 26 18 26 0 0 1 1.00000 LOD\Architecture\Shacks\ShackWallOuterCap01_LOD_0.nif
3484 55 105 107 1.90909 1.90909 1.02857 1.02857 83 83 1 4 0 0.00000 0 0 0 0 0 0 0 77 26 83 1 0 1 1.00000 LOD\Architecture\Shacks\ShackWallOuterCap01B_LOD_0.nif
3485 26 56 56 2.15385 2.15385 1.00000 1.00000 38 38 1 2 0 0.00000 0 0 0 0 0 0 0 32 22 38 0 0 1 1.00000 LOD\Architecture\Shacks\ShackWallOuterCap01Door01_LOD_0.nif
3486 26 52 52 2.00000 2.00000 1.00000 1.00000 34 34 1 2 0 0.00000 0 0 0 0 0 0 0 28 24 34 0 0 1 1.00000 LOD\Architecture\Shacks\ShackWallOuterCap01Door02_LOD_0.nif
3487 24 48 48 2.00000 2.00000 1.00000 1.00000 32 32 1 2 0 0.00000 0 0 0 0 0 0 0 28 20 32 0 0 1 1.00000 LOD\Architecture\Shacks\ShackWallOuterCap01Door03_LOD_0.nif
3488 18 36 36 2.00000 2.00000 1.00000 1.00000 24 24 1 2 0 0.00000 0 0 0 0 0 0 0 22 14 24 0 0 1 1.00000 LOD\Architecture\Shacks\ShackWallOuterCap03_LOD_0.nif
3489 24 56 82 2.33333 2.33333 1.00000 1.00000 26 26 4 2 3 51.51643 3 1 0 0 0 3 0 26 24 6 0 0 0 0.90733 LOD\Architecture\Shacks\ShackWallOuterCrnInCap01_LOD_0.nif
3490 16 34 42 2.12500 2.12500 1.05882 1.05882 14 14 2 1 1 14.00002 1 0 0 0 0 1 0 16 17 6 0 0 1 0.88490 LOD\Architecture\Shacks\ShackWallOuterCrnOut01A_LOD_0.nif
3491 20 42 42 2.10000 2.10000 1.04762 1.04762 22 22 1 2 0 0.00000 0 0 0 0 0 0 0 23 18 22 0 0 1 1.00000 LOD\Architecture\Shacks\ShackWallOuterCrnOut01B_LOD_0.nif
3492 20 42 42 2.10000 2.10000 1.04762 1.04762 22 22 1 2 0 0.00000 0 0 0 0 0 0 0 23 18 22 1 0 1 1.00000 LOD\Architecture\Shacks\ShackWallOuterCrnOut01C_LOD_0.nif
3493 24 52 52 2.16667 2.16667 1.00000 1.00000 40 40 1 2 0 0.00000 0 0 0 0 0 0 0 38 11 40 0 0 1 1.00000 LOD\Architecture\Shacks\ShackWallOuterCrnOut01D_LOD_0.nif
3494 16 34 42 2.12500 2.12500 1.05882 1.05882 14 14 2 1 1 14.00002 1 0 0 0 0 1 0 16 17 6 0 0 1 0.88490 LOD\Architecture\Shacks\ShackWallOuterCrnOut02_LOD_0.nif
3495 12 26 26 2.16667 2.16667 1.07692 1.07692 12 12 1 1 0 0.00000 0 0 0 0 0 0 0 14 12 12 0 0 1 1.00000 LOD\Architecture\Shacks\ShackWallOuterCrnOut03A_LOD_0.nif
3496 20 42 57 2.10000 2.10000 1.04762 1.04762 26 26 2 2 1 14.00002 1 0 0 0 0 1 0 25 17 16 0 0 1 0.79716 LOD\Architecture\Shacks\ShackWallOuterCrnOut03B_LOD_0.nif
3497 24 50 67 2.08333 2.08333 1.04000 1.04000 26 26 2 2 1 15.39231 1 0 0 1 0 2 0 27 22 18 0 0 0 0.76299 LOD\Architecture\Shacks\ShackWallOuterCrnOut03C_LOD_0.nif
3498 24 48 69 2.00000 2.00000 1.00000 1.00000 34 34 2 2 1 14.00002 1 0 0 0 0 1 0 34 11 22 0 0 1 0.78369 LOD\Architecture\Shacks\ShackWallOuterCrnOut04_LOD_0.nif
3499 29 61 86 2.10345 2.10345 1.04918 1.04918 31 31 2 2 1 13.96783 1 0 0 0 0 1 0 34 20 20 1 0 1 0.70605 LOD\Architecture\Shacks\ShackWallOuterCrnOut05B_LOD_0.nif
3500 12 18 18 1.50000 1.50000 1.11111 1.11111 18 18 1 1 0 0.00000 0 0 0 0 0 0 0 18 0 18 2 0 1 1.00000 LOD\Architecture\Shacks\ShackWallOuterSupports01_LOD_0.nif
3501 104 152 159 1.46154 1.46154 1.00000 1.00000 15 15 1 7 0 0.00000 0 0 0 0 0 0 0 57 77 15 0 0 1 1.00000 LOD\Architecture\SkyBridge\HitSkyBridgeDmgEndAngle01_LOD_0.nif
3502 48 80 105 1.66667 1.66667 1.00000 1.00000 8 8 2 3 2 74.04883 1 0 0 0 0 1 0 31 49 8 0 0 1 0.73553 LOD\Architecture\SkyBridge\HitSkyBridgeDmgEndL01_LOD_0.nif
3503 48 80 105 1.66667 1.66667 1.00000 1.00000 8 8 2 3 2 74.05469 1 0 0 0 0 1 0 31 49 8 0 0 1 0.73553 LOD\Architecture\SkyBridge\HitSkyBridgeDmgEndR01_LOD_0.nif
3504 48 84 86 1.75000 1.75000 1.00000 1.00000 0 0 1 3 0 0.00000 0 0 0 0 0 0 0 19 50 0 0 0 1 1.00000 LOD\Architecture\SkyBridge\HitSkyBridgeEnd01_LOD_0.nif
3505 48 80 82 1.66667 1.66667 1.00000 1.00000 0 0 1 3 0 0.00000 0 0 0 0 0 0 0 20 46 0 0 0 1 1.00000 LOD\Architecture\SkyBridge\HitSkyBridgeMidHalf01_LOD_0.nif
3506 48 80 105 1.66667 1.66667 1.00000 1.00000 8 8 2 3 2 74.04883 1 0 0 0 0 1 0 31 49 8 0 0 1 0.73530 LOD\Architecture\SkyBridge\HitSkyBridgeMidL01_LOD_0.nif
3507 48 80 105 1.66667 1.66667 1.00000 1.00000 8 8 2 3 2 74.04883 1 0 0 0 0 1 0 31 49 8 0 0 1 0.73530 LOD\Architecture\SkyBridge\HitSkyBridgeMidR01_LOD_0.nif
3508 80 149 153 1.86250 1.86250 1.02013 1.02013 22 22 1 5 0 0.00000 0 0 0 0 0 0 0 55 91 22 0 0 1 1.00000 LOD\Architecture\Unique\Amphitheater_LOD_0.nif
3509 52 96 96 1.84615 1.84615 1.00000 1.00000 54 54 1 4 0 0.00000 0 0 0 0 0 0 0 50 39 54 0 0 1 1.00000 LOD\Architecture\Unique\BathHouse\BathHouseMain01LOD.nif
3510 12 24 29 2.00000 2.00000 1.00000 1.00000 0 0 2 1 1 31.75289 1 0 0 0 0 1 0 8 16 0 0 0 1 0.88651 LOD\Architecture\Unique\BathHouse\BathHouseMain02LOD.nif
3511 22 44 57 2.00000 2.00000 1.00000 1.00000 24 24 2 2 1 211.47450 1 0 0 0 0 1 0 24 20 13 0 0 1 0.83460 LOD\Architecture\Unique\BathHouse\BathHouseWing01LOD.nif
3512 18 36 51 2.00000 2.00000 1.00000 1.00000 24 24 2 2 1 142.97333 1 0 0 0 0 1 0 24 12 15 0 0 1 0.72059 LOD\Architecture\Unique\BathHouse\BathHouseWing02LOD.nif
3513 14 28 41 2.00000 2.00000 1.00000 1.00000 20 20 2 1 1 24.00000 1 0 0 0 0 1 0 20 8 13 0 0 1 1.00000 LOD\Architecture\Unique\BathHouse\BathHouseWing03LOD.nif
3514 50 90 145 1.80000 1.80000 1.02222 1.02222 30 30 3 4 3 154.89299 2 0 0 0 0 2 0 42 42 14 0 0 1 0.77215 LOD\Architecture\Unique\BathHouse\BathHouseWingEndLOD.nif
3515 96 225 229 2.34375 2.34375 1.01333 1.01333 0 0 1 6 0 0.00000 0 0 0 0 0 0 0 48 151 0 0 0 1 1.00000 LOD\Architecture\Unique\BathHouse\BathHouseWingSupport01LOD.nif
3516 291 586 896 2.01375 2.01375 1.00415 1.00415 35 35 4 19 18 766.03687 9 0 0 1 0 10 0 220 301 11 0 0 1 0.71500 LOD\Architecture\Unique\BostonCommons\BostonCommonsPond01_LOD_0.nif
3517 66 134 181 2.03030 2.03030 1.01493 1.01493 4 4 4 5 4 196.51686 3 0 0 0 0 3 0 36 90 4 0 0 1 0.81782 LOD\Architecture\Unique\BunkerHill\BunkerHillMonument01_LOD_0.nif
3518 362 1002 1407 2.76796 2.76796 1.00200 1.00200 118 118 4 23 23 880.29865 10 0 0 2 0 12 0 266 545 30 0 0 0 0.87615 LOD\Architecture\Unique\DorchesterHeights\SouthBostonMonument01_LOD.nif
3519 334 323 638 0.97305 0.97305 1.00310 1.00310 104 104 3 21 16 1728.00000 7 0 0 2 0 9 0 227 48 24 0 0 0 0.93350 LOD\Architecture\Unique\Lighthouse\Lighthouse01_LOD_0.nif
3520 106 135 211 1.27358 1.27358 1.00741 1.00741 64 64 2 7 4 378.31799 2 0 0 1 0 3 0 91 22 39 0 0 0 0.87660 LOD\Architecture\Unique\Lighthouse\Lighthouse01_LOD_1.nif
3521 22 28 37 1.27273 1.27273 1.00000 1.00000 8 8 2 2 1 99.70344 1 0 0 0 0 1 0 16 12 5 0 0 1 0.99967 LOD\Architecture\Unique\LynnWoodsMonument01_LOD.nif
3522 66 118 203 1.78788 1.78788 1.01695 1.01695 36 36 4 5 5 489.24307 3 0 0 0 0 3 0 54 36 12 0 0 1 0.94338 LOD\Architecture\Unique\TheCastle\CastleWallOutWedge01_LOD_0.nif
3523 18 52 62 2.88889 2.88889 1.00000 1.00000 12 12 2 2 1 489.24307 1 0 0 0 0 1 0 16 24 10 0 0 1 1.00000 LOD\Architecture\Unique\TheCastle\CastleWallOutWedge02_LOD_0.nif
3524 18 52 62 2.88889 2.88889 1.00000 1.00000 12 12 2 2 1 489.24307 1 0 0 0 0 1 0 16 24 10 0 0 1 1.00000 LOD\Architecture\Unique\TheCastle\CastleWallOutWedge03_LOD_0.nif
3525 46 120 158 2.60870 2.60870 1.00000 1.00000 16 16 3 3 3 411.30319 2 0 0 0 0 2 0 32 48 9 0 0 1 0.77127 LOD\Architecture\Unique\TheCastle\CastleWallOutWedge04_LOD_0.nif
3526 42 88 122 2.09524 2.09524 1.00000 1.00000 14 14 3 3 3 339.28799 2 0 0 0 0 2 0 29 42 10 0 0 1 0.80427 LOD\Architecture\Unique\TheCastle\CastleWallOutWedge05_LOD_0.nif
3527 2 4 4 2.00000 2.00000 1.00000 1.00000 4 4 1 1 0 0.00000 0 1 0 0 0 0 0 4 0 4 0 0 0 1.00000 LOD\Architecture\Unique\TrinityChurch\ChurchTrinMain1x2WinA01_LOD_0.nif
3528 4 8 8 2.00000 2.00000 1.00000 1.00000 6 6 1 1 0 0.00000 0 1 0 0 0 0 0 6 2 6 0 0 0 1.00000 LOD\Architecture\Unique\TrinityChurch\ChurchTrinMain1x2WinB01_LOD_0.nif
3529 4 8 8 2.00000 2.00000 1.00000 1.00000 6 6 1 1 0 0.00000 0 1 0 0 0 0 0 6 2 6 0 0 0 1.00000 LOD\Architecture\Unique\TrinityChurch\ChurchTrinMain1x2WinB02_LOD_0.nif
3530 2 4 4 2.00000 2.00000 1.00000 1.00000 4 4 1 1 0 0.00000 0 1 0 0 0 0 0 4 0 4 0 0 0 1.00000 LOD\Architecture\Unique\TrinityChurch\ChurchTrinMain2x2DoorDouble01_LOD_0.nif
3531 11 27 27 2.45455 2.45455 1.03704 1.03704 13 13 1 1 0 0.00000 0 0 0 0 0 0 0 14 11 13 0 0 1 1.00000 LOD\Architecture\Unique\TrinityChurch\ChurchTrinMain3x2WinA01_LOD_0.nif
3532 71 139 206 1.95775 1.95775 1.00719 1.00719 13 13 4 5 5 316.76474 3 0 0 0 0 3 0 43 83 6 0 0 1 0.77885 LOD\Architecture\Unique\TrinityChurch\ChurchTrinMain3x2WinB01_LOD_0.nif
3533 114 230 343 2.01754 2.01754 1.00870 1.00870 36 36 4 8 7 162.31128 4 0 0 0 0 4 0 81 137 7 0 0 1 0.85725 LOD\Architecture\Unique\TrinityChurch\ChurchTrinMainTowerA01_LOD_0.nif
3534 100 212 314 2.12000 2.12000 1.00000 1.00000 28 28 4 7 7 81.76457 4 0 0 0 0 4 0 69 136 4 0 0 1 0.91166 LOD\Architecture\Unique\TrinityChurch\ChurchTrinMainTowerB01_LOD_0.nif
3535 81 169 252 2.08642 2.08642 1.01775 1.01775 21 21 4 6 6 124.36289 4 0 0 0 0 4 0 52 109 7 0 0 1 0.89073 LOD\Architecture\Unique\TrinityChurch\ChurchTrinMainTowerC01_LOD_0.nif
3536 34 98 98 2.88235 2.88235 1.02041 1.02041 26 26 1 3 0 0.00000 0 0 0 0 0 0 0 32 41 26 0 0 1 1.00000 LOD\Architecture\Unique\TrinityChurch\ChurchTrinProm1x1CorCap01_LOD_0.nif
3537 37 69 101 1.86486 1.86486 1.04348 1.04348 17 17 3 3 3 58.24389 2 0 0 0 0 2 0 28 37 10 0 0 1 0.82903 LOD\Architecture\Unique\TrinityChurch\ChurchTrinProm1x2Arch01_LOD_0.nif
3538 26 70 89 2.69231 2.69231 1.02857 1.02857 34 34 2 2 1 33.00000 1 0 0 0 0 1 0 32 23 16 0 0 1 0.85884 LOD\Architecture\Unique\TrinityChurch\ChurchTrinProm1x2Wall01_LOD_0.nif
3539 65 133 179 2.04615 2.04615 1.02256 1.02256 49 49 2 5 2 59.66455 1 0 0 0 0 1 0 60 58 25 0 0 1 0.90884 LOD\Architecture\Unique\TrinityChurch\ChurchTrinProm2x2Arch01_LOD_0.nif
3540 2210 2689 4164 1.22579 1.21674 1.00112 1.00112 692 692 2 139 67 543.73438 31 0 0 0 1 31 0 1476 953 390 0 0 1 0.85992 LOD\Architecture\USSConstitution\Constitution01_LOD_0.nif
3541 496 746 1431 1.50403 1.50403 1.00268 1.00268 92 92 3 31 32 1058.32935 11 0 0 0 0 11 0 301 392 34 0 0 1 0.75327 LOD\Architecture\USSConstitution\Constitution01_LOD_1.nif
3542 2 6 6 3.00000 3.00000 1.33333 1.33333 4 4 1 1 0 0.00000 0 1 0 0 0 0 0 4 0 4 0 0 0 1.00000 LOD\Architecture\Warehouse\WrhsDoorMed01static_LOD.nif
3543 2 4 4 2.00000 2.00000 1.00000 1.00000 4 4 1 1 0 0.00000 0 1 0 0 0 0 0 4 0 4 0 0 0 1.00000 LOD\Architecture\Warehouse\WrhsDoorSmMetal01static_LOD.nif
3544 20 44 51 2.20000 2.20000 1.00000 1.00000 0 0 2 2 1 112.21109 1 0 0 0 0 1 0 12 31 0 0 0 1 0.75011 LOD\Architecture\Warehouse\WrhsFloor01_LOD.nif
3545 10 20 25 2.00000 2.00000 1.00000 1.00000 4 4 2 1 1 17.51980 1 0 0 1 0 2 0 8 12 3 0 0 0 0.87500 LOD\Architecture\Warehouse\WrhsFloor01Edge01_LOD.nif
3546 22 54 63 2.45455 2.45455 1.03704 1.03704 8 8 2 2 1 78.41436 1 0 0 0 0 1 0 16 37 6 0 0 1 0.70052 LOD\Architecture\Warehouse\WrhsFloor01Edge3Way01_LOD.nif
3547 24 56 65 2.33333 2.33333 1.00000 1.00000 8 8 2 2 1 76.31264 1 0 0 0 0 1 0 16 35 4 0 0 1 0.71604 LOD\Architecture\Warehouse\WrhsFloor01Edge4Way01_LOD.nif
3548 16 32 39 2.00000 2.00000 1.00000 1.00000 6 6 2 1 1 24.26436 1 0 0 0 0 1 0 12 20 4 0 0 1 0.90870 LOD\Architecture\Warehouse\WrhsFloor01EdgeCorIn01_LOD.nif
3549 20 42 49 2.10000 2.10000 1.04762 1.04762 0 0 2 2 1 89.37264 1 0 0 0 0 1 0 12 28 0 0 0 1 0.83005 LOD\Architecture\Warehouse\WrhsFloor01Half01_LOD.nif
3550 10 20 25 2.00000 2.00000 1.00000 1.00000 4 4 2 1 1 17.51980 1 0 0 1 0 2 0 8 12 3 0 0 0 0.87500 LOD\Architecture\Warehouse\WrhsFloor01Half01Edge01_LOD.nif
3551 16 32 39 2.00000 2.00000 1.00000 1.00000 6 6 2 1 1 24.26436 1 0 0 0 0 1 0 12 20 4 0 0 1 0.89872 LOD\Architecture\Warehouse\WrhsFloor01Half01EdgeCorInL01_LOD.nif
3552 16 32 39 2.00000 2.00000 1.00000 1.00000 6 6 2 1 1 24.26436 1 0 0 0 0 1 0 12 20 4 0 0 1 0.89872 LOD\Architecture\Warehouse\WrhsFloor01Half01EdgeCorInR01_LOD.nif
3553 20 46 53 2.30000 2.30000 1.04348 1.04348 0 0 2 2 1 116.30537 1 0 0 0 0 1 0 12 33 0 0 0 1 0.77615 LOD\Architecture\Warehouse\WrhsFloorAddtn01_LOD.nif
3554 10 20 20 2.00000 2.00000 1.00000 1.00000 4 4 1 1 0 0.00000 0 0 0 0 0 0 0 8 10 4 0 0 1 1.00000 LOD\Architecture\Warehouse\WrhsFloorAddtn01Edge01_LOD.nif
3555 22 50 59 2.27273 2.27273 1.04000 1.04000 8 8 2 2 1 78.41436 1 0 0 0 0 1 0 16 34 6 0 0 1 0.72808 LOD\Architecture\Warehouse\WrhsFloorAddtn01Edge3Way01_LOD.nif
3556 22 48 48 2.18182 2.18182 1.00000 1.00000 8 8 1 2 0 0.00000 0 0 0 0 0 0 0 16 30 8 0 0 1 1.00000 LOD\Architecture\Warehouse\WrhsFloorAddtn01Edge3Way02_LOD.nif
3557 24 52 61 2.16667 2.16667 1.00000 1.00000 8 8 2 2 1 76.78100 1 0 0 0 0 1 0 16 34 4 0 0 1 0.74230 LOD\Architecture\Warehouse\WrhsFloorAddtn01Edge4Way01_LOD.nif
3558 16 36 43 2.25000 2.25000 1.00000 1.00000 6 6 2 1 1 24.26436 1 0 0 0 0 1 0 12 24 4 0 0 1 0.92392 LOD\Architecture\Warehouse\WrhsFloorAddtn01EdgeCorInL01_LOD.nif
3559 16 36 43 2.25000 2.25000 1.00000 1.00000 6 6 2 1 1 24.26436 1 0 0 0 0 1 0 12 24 4 0 0 1 0.92392 LOD\Architecture\Warehouse\WrhsFloorAddtn01EdgeCorInR01_LOD.nif
3560 20 46 53 2.30000 2.30000 1.04348 1.04348 0 0 2 2 1 91.40030 1 0 0 1 0 2 0 12 32 0 0 0 0 0.85799 LOD\Architecture\Warehouse\WrhsFloorAddtn01Half01_LOD.nif
3561 16 38 45 2.37500 2.37500 1.05263 1.05263 6 6 2 1 1 24.26436 1 0 0 0 0 1 0 12 26 4 0 0 1 0.92787 LOD\Architecture\Warehouse\WrhsFloorAddtn01Half01EdgeCorInL01_LOD.nif
3562 16 38 45 2.37500 2.37500 1.05263 1.05263 6 6 2 1 1 24.26436 1 0 0 0 0 1 0 12 26 4 0 0 1 0.92787 LOD\Architecture\Warehouse\WrhsFloorAddtn01Half01EdgeCorInR01_LOD.nif
3563 10 24 24 2.40000 2.40000 1.00000 1.00000 4 4 1 1 0 0.00000 0 0 0 0 0 0 0 8 12 4 0 0 1 1.00000 LOD\Architecture\Warehouse\WrhsFloorOfficeEdge01_LOD.nif
3564 6 10 16 1.66667 1.66667 1.20000 1.20000 8 8 2 1 1 55.66695 1 1 0 0 0 1 0 8 0 6 0 0 0 0.82517 LOD\Architecture\Warehouse\WrhsMainDoorLarge01_LOD.nif
3565 6 10 16 1.66667 1.66667 1.20000 1.20000 8 8 2 1 1 55.66695 1 1 0 0 0 1 0 8 0 6 0 0 0 0.82517 LOD\Architecture\Warehouse\WrhsMainDoorLarge02_LOD.nif
3566 2 4 4 2.00000 2.00000 1.00000 1.00000 4 4 1 1 0 0.00000 0 1 0 0 0 0 0 4 0 4 0 0 0 1.00000 LOD\Architecture\Warehouse\WrhsMainDoorLarge03_LOD.nif
3567 20 40 47 2.00000 2.00000 1.00000 1.00000 0 0 2 2 1 13.24660 1 0 0 1 0 2 0 12 28 0 0 0 0 0.75315 LOD\Architecture\Warehouse\WrhsMainPost01_LOD.nif
3568 8 20 26 2.50000 2.50000 1.00000 1.00000 10 10 2 1 1 18.47858 1 1 0 0 0 1 0 10 8 6 0 0 0 0.97033 LOD\Architecture\Warehouse\WrhsMainRoof01_LOD.nif
3569 8 20 26 2.50000 2.50000 1.00000 1.00000 10 10 2 1 1 18.47858 1 1 0 0 0 1 0 10 8 6 0 0 0 0.97033 LOD\Architecture\Warehouse\WrhsMainRoofDam01_LOD.nif
3570 8 20 26 2.50000 2.50000 1.00000 1.00000 10 10 2 1 1 18.47858 1 1 0 0 0 1 0 10 8 6 0 0 0 0.97033 LOD\Architecture\Warehouse\WrhsMainRoofDam02_LOD.nif
3571 52 84 126 1.61538 1.61538 1.00000 1.00000 28 28 2 4 2 0.05415 1 0 0 1 0 2 0 41 42 21 0 0 0 1.00000 LOD\Architecture\Warehouse\WrhsMainWallFront01_LOD.nif
3572 52 84 126 1.61538 1.61538 1.00000 1.00000 28 28 2 4 2 0.05415 1 0 0 1 0 2 0 41 42 21 0 0 0 1.00000 LOD\Architecture\Warehouse\WrhsMainWallFront01Dam01_LOD.nif
3573 48 72 102 1.50000 1.50000 1.00000 1.00000 20 20 2 3 2 0.05415 1 0 0 1 0 2 0 35 36 12 0 0 0 1.00000 LOD\Architecture\Warehouse\WrhsMainWallFront02_LOD.nif
3574 4 8 8 2.00000 2.00000 1.00000 1.00000 6 6 1 1 0 0.00000 0 1 0 0 0 0 0 6 2 6 0 0 0 1.00000 LOD\Architecture\Warehouse\WrhsMainWallSideBottom01_LOD.nif
3575 4 8 8 2.00000 2.00000 1.00000 1.00000 6 6 1 1 0 0.00000 0 1 0 0 0 0 0 6 2 6 0 0 0 1.00000 LOD\Architecture\Warehouse\WrhsMainWallSideBottom02_LOD.nif
3576 4 8 8 2.00000 2.00000 1.00000 1.00000 6 6 1 1 0 0.00000 0 1 0 0 0 0 0 6 2 6 0 0 0 1.00000 LOD\Architecture\Warehouse\WrhsMainWallSideBottom03_LOD.nif
3577 4 8 8 2.00000 2.00000 1.00000 1.00000 6 6 1 1 0 0.00000 0 1 0 0 0 0 0 6 2 6 0 0 0 1.00000 LOD\Architecture\Warehouse\WrhsMainWallSideBottomDam01_LOD.nif
3578 4 8 8 2.00000 2.00000 1.00000 1.00000 6 6 1 1 0 0.00000 0 1 0 0 0 0 0 6 2 6 0 0 0 1.00000 LOD\Architecture\Warehouse\WrhsMainWallSideBottomDam02_LOD.nif
3579 4 8 8 2.00000 2.00000 1.00000 1.00000 6 6 1 1 0 0.00000 0 1 0 0 0 0 0 6 2 6 0 0 0 1.00000 LOD\Architecture\Warehouse\WrhsMainWallSideBottomDam03_LOD.nif
3580 4 8 8 2.00000 2.00000 1.00000 1.00000 6 6 1 1 0 0.00000 0 1 0 0 0 0 0 6 2 6 0 0 0 1.00000 LOD\Architecture\Warehouse\WrhsMainWallSideBottomDam04_LOD.nif
3581 4 8 8 2.00000 2.00000 1.00000 1.00000 8 8 1 1 0 0.00000 0 1 0 0 0 0 0 8 0 8 0 0 0 1.00000 LOD\Architecture\Warehouse\WrhsMainWallSideTop01_LOD.nif
3582 4 8 8 2.00000 2.00000 1.00000 1.00000 8 8 1 1 0 0.00000 0 1 0 0 0 0 0 8 0 8 0 0 0 1.00000 LOD\Architecture\Warehouse\WrhsMainWallSideTop02_LOD.nif
3583 4 8 8 2.00000 2.00000 1.00000 1.00000 8 8 1 1 0 0.00000 0 1 0 0 0 0 0 8 0 8 0 0 0 1.00000 LOD\Architecture\Warehouse\WrhsMainWallSideTop03_LOD.nif
3584 4 8 8 2.00000 2.00000 1.00000 1.00000 8 8 1 1 0 0.00000 0 1 0 0 0 0 0 8 0 8 0 0 0 1.00000 LOD\Architecture\Warehouse\WrhsMainWallSideTop04_LOD.nif
3585 4 8 8 2.00000 2.00000 1.00000 1.00000 8 8 1 1 0 0.00000 0 1 0 0 0 0 0 8 0 8 0 0 0 1.00000 LOD\Architecture\Warehouse\WrhsMainWallSideTopDam01_LOD.nif
3586 4 8 8 2.00000 2.00000 1.00000 1.00000 8 8 1 1 0 0.00000 0 1 0 0 0 0 0 8 0 8 0 0 0 1.00000 LOD\Architecture\Warehouse\WrhsMainWallSideTopDam02_LOD.nif
3587 4 8 8 2.00000 2.00000 1.00000 1.00000 8 8 1 1 0 0.00000 0 1 0 0 0 0 0 8 0 8 0 0 0 1.00000 LOD\Architecture\Warehouse\WrhsMainWallSideTopDam03_LOD.nif
3588 4 8 8 2.00000 2.00000 1.00000 1.00000 8 8 1 1 0 0.00000 0 1 0 0 0 0 0 8 0 8 0 0 0 1.00000 LOD\Architecture\Warehouse\WrhsMainWallSideTopDam04_LOD.nif
3589 4 8 8 2.00000 2.00000 1.00000 1.00000 8 8 1 1 0 0.00000 0 1 0 0 0 0 0 8 0 8 0 0 0 1.00000 LOD\Architecture\Warehouse\WrhsMainWallSideTopDam05_LOD.nif
3590 4 8 8 2.00000 2.00000 1.00000 1.00000 8 8 1 1 0 0.00000 0 1 0 0 0 0 0 8 0 8 0 0 0 1.00000 LOD\Architecture\Warehouse\WrhsMainWallSideTopDam06_LOD.nif
3591 2 4 4 2.00000 2.00000 1.00000 1.00000 4 4 1 1 0 0.00000 0 1 0 0 0 0 0 4 0 4 0 0 0 1.00000 LOD\Architecture\Warehouse\WrhsOfficeWall01_LOD.nif
3592 6 8 8 1.33333 1.33333 1.00000 1.00000 8 8 1 1 0 0.00000 0 0 0 0 0 0 0 8 0 8 0 0 1 1.00000 LOD\Architecture\Warehouse\WrhsOfficeWall01Door01_LOD.nif
3593 4 8 8 2.00000 2.00000 1.00000 1.00000 8 8 1 1 0 0.00000 0 1 0 0 0 0 0 8 0 8 0 0 0 1.00000 LOD\Architecture\Warehouse\WrhsOfficeWall01Window01_LOD.nif
3594 2 4 4 2.00000 2.00000 1.00000 1.00000 4 4 1 1 0 0.00000 0 1 0 0 0 0 0 4 0 4 0 0 0 1.00000 LOD\Architecture\Warehouse\WrhsPlatFloor01_LOD.nif
3595 4 10 10 2.50000 2.50000 1.20000 1.20000 6 6 1 1 0 0.00000 0 1 0 0 0 0 0 6 2 6 0 0 0 1.00000 LOD\Architecture\Warehouse\WrhsPlatLip01_LOD.nif
3596 34 72 88 2.11765 2.11765 1.00000 1.00000 16 16 2 3 2 0.00550 1 0 0 0 0 1 0 26 27 7 0 0 1 1.00000 LOD\Architecture\Warehouse\WrhsPlatStairs01_LOD.nif
3597 14 32 47 2.28571 2.28571 1.00000 1.00000 12 12 3 1 2 67.83987 2 1 0 0 0 2 0 14 16 6 0 0 0 0.84327 LOD\Architecture\Warehouse\WrhsPlatStairs02_LOD.nif
3598 40 94 126 2.35000 2.35000 1.02128 1.02128 14 14 3 3 3 56.34221 2 0 0 1 0 3 0 28 46 6 0 0 0 1.00000 LOD\Architecture\Warehouse\WrhsPlatStairs03_LOD.nif
3599 28 51 74 1.82143 1.82143 1.01961 1.01961 6 6 4 2 3 113.13708 3 1 0 0 0 3 0 18 31 4 0 0 0 0.78274 LOD\Architecture\Warehouse\WrhsPlatStairsDown01_LOD.nif
3600 10 26 35 2.60000 2.60000 1.07692 1.07692 14 14 2 1 1 16.00000 1 0 0 1 0 2 0 14 7 9 0 0 0 0.88235 LOD\Architecture\Warehouse\WrhsPlatSteps01_LOD.nif
3601 2 4 4 2.00000 2.00000 1.00000 1.00000 4 4 1 1 0 0.00000 0 1 0 0 0 0 0 4 0 4 0 0 0 1.00000 LOD\Architecture\Warehouse\WrhsPlatStepsFloor01_LOD.nif
3602 2 4 4 2.00000 2.00000 1.00000 1.00000 4 4 1 1 0 0.00000 0 1 0 0 0 0 0 4 0 4 0 0 0 1.00000 LOD\Architecture\Warehouse\WrhsPlatStepsFloor02_LOD.nif
3603 4 10 10 2.50000 2.50000 1.20000 1.20000 6 6 1 1 0 0.00000 0 1 0 0 0 0 0 6 3 6 0 0 0 1.00000 LOD\Architecture\Warehouse\WrhsPlatStepsLip01_LOD.nif
3604 4 8 8 2.00000 2.00000 1.00000 1.00000 6 6 1 1 0 0.00000 0 1 0 0 0 0 0 6 2 6 0 0 0 1.00000 LOD\Architecture\Warehouse\WrhsPlatStepsLip02_LOD.nif
3605 4 10 10 2.50000 2.50000 1.20000 1.20000 6 6 1 1 0 0.00000 0 1 0 0 0 0 0 6 3 6 0 0 0 1.00000 LOD\Architecture\Warehouse\WrhsWingAddtnRoof01_LOD.nif
3606 4 10 10 2.50000 2.50000 1.20000 1.20000 6 6 1 1 0 0.00000 0 1 0 0 0 0 0 6 3 6 0 0 0 1.00000 LOD\Architecture\Warehouse\WrhsWingAddtnRoofDam01_LOD.nif
3607 4 10 10 2.50000 2.50000 1.20000 1.20000 6 6 1 1 0 0.00000 0 1 0 0 0 0 0 6 3 6 0 0 0 1.00000 LOD\Architecture\Warehouse\WrhsWingAddtnRoofDam02_LOD.nif
3608 4 10 10 2.50000 2.50000 1.20000 1.20000 6 6 1 1 0 0.00000 0 1 0 0 0 0 0 6 3 6 0 0 0 1.00000 LOD\Architecture\Warehouse\WrhsWingAddtnRoofDam03_LOD.nif
3609 5 9 9 1.80000 1.80000 1.33333 1.33333 7 7 1 1 0 0.00000 0 0 0 1 0 1 0 7 2 7 0 0 0 1.00000 LOD\Architecture\Warehouse\WrhsWingAddtnWallFrontL01_LOD.nif
3610 5 9 9 1.80000 1.80000 1.33333 1.33333 7 7 1 1 0 0.00000 0 0 0 1 0 1 0 7 2 7 0 0 0 1.00000 LOD\Architecture\Warehouse\WrhsWingAddtnWallFrontLDam01_LOD.nif
3611 9 13 19 1.44444 1.44444 1.23077 1.23077 11 11 2 1 1 72.22884 1 1 0 0 0 1 0 11 2 6 0 0 0 1.00000 LOD\Architecture\Warehouse\WrhsWingAddtnWallFrontLDoor01_LOD.nif
3612 9 13 19 1.44444 1.44444 1.23077 1.23077 11 11 2 1 1 72.22884 1 1 0 0 0 1 0 11 2 6 0 0 0 1.00000 LOD\Architecture\Warehouse\WrhsWingAddtnWallFrontLDoorDam01_LOD.nif
3613 5 9 15 1.80000 1.80000 1.33333 1.33333 7 7 2 1 1 0.00002 1 1 0 0 0 1 0 7 2 6 0 0 0 1.00000 LOD\Architecture\Warehouse\WrhsWingAddtnWallFrontR01_LOD.nif
3614 5 9 15 1.80000 1.80000 1.33333 1.33333 7 7 2 1 1 0.00002 1 1 0 0 0 1 0 7 2 6 0 0 0 1.00000 LOD\Architecture\Warehouse\WrhsWingAddtnWallFrontRDam01_LOD.nif
3615 9 13 19 1.44444 1.44444 1.23077 1.23077 11 11 2 1 1 55.23804 1 1 0 0 0 1 0 11 2 6 0 0 0 1.00000 LOD\Architecture\Warehouse\WrhsWingAddtnWallFrontRDoor01_LOD.nif
3616 9 13 19 1.44444 1.44444 1.23077 1.23077 11 11 2 1 1 55.23804 1 1 0 0 0 1 0 11 2 6 0 0 0 1.00000 LOD\Architecture\Warehouse\WrhsWingAddtnWallFrontRDoorDam01_LOD.nif
3617 2 4 4 2.00000 2.00000 1.00000 1.00000 4 4 1 1 0 0.00000 0 1 0 0 0 0 0 4 0 4 0 0 0 1.00000 LOD\Architecture\Warehouse\WrhsWingAddtnWallSide01_LOD.nif
3618 2 4 4 2.00000 2.00000 1.00000 1.00000 4 4 1 1 0 0.00000 0 1 0 0 0 0 0 4 0 4 0 0 0 1.00000 LOD\Architecture\Warehouse\WrhsWingAddtnWallSide02_LOD.nif
3619 6 8 8 1.33333 1.33333 1.00000 1.00000 8 8 1 1 0 0.00000 0 0 0 0 0 0 0 8 0 8 0 0 1 1.00000 LOD\Architecture\Warehouse\WrhsWingAddtnWallSideDoor01_LOD.nif
3620 4 8 8 2.00000 2.00000 1.00000 1.00000 8 8 1 1 0 0.00000 0 1 0 0 0 0 0 8 0 8 0 0 0 1.00000 LOD\Architecture\Warehouse\WrhsWingAddtnWallSideWindow01_LOD.nif
3621 4 8 8 2.00000 2.00000 1.00000 1.00000 8 8 1 1 0 0.00000 0 1 0 0 0 0 0 8 0 8 0 0 0 1.00000 LOD\Architecture\Warehouse\WrhsWingAddtnWallSideWindow02_LOD.nif
3622 4 8 8 2.00000 2.00000 1.00000 1.00000 6 6 1 1 0 0.00000 0 1 0 0 0 0 0 6 2 6 0 0 0 1.00000 LOD\Architecture\Warehouse\WrhsWingAddtnWallTall01_LOD.nif
3623 4 8 8 2.00000 2.00000 1.00000 1.00000 6 6 1 1 0 0.00000 0 1 0 0 0 0 0 6 2 6 0 0 0 1.00000 LOD\Architecture\Warehouse\WrhsWingAddtnWallTallCorL01_LOD.nif
3624 4 8 8 2.00000 2.00000 1.00000 1.00000 6 6 1 1 0 0.00000 0 1 0 0 0 0 0 6 2 6 0 0 0 1.00000 LOD\Architecture\Warehouse\WrhsWingAddtnWallTallCorR01_LOD.nif
3625 2 4 4 2.00000 2.00000 1.00000 1.00000 4 4 1 1 0 0.00000 0 1 0 0 0 0 0 4 0 4 0 0 0 1.00000 LOD\Architecture\Warehouse\WrhsWingRoof01_LOD.nif
3626 2 4 4 2.00000 2.00000 1.00000 1.00000 4 4 1 1 0 0.00000 0 1 0 0 0 0 0 4 0 4 0 0 0 1.00000 LOD\Architecture\Warehouse\WrhsWingRoofDam01_LOD.nif
3627 2 4 4 2.00000 2.00000 1.00000 1.00000 4 4 1 1 0 0.00000 0 1 0 0 0 0 0 4 0 4 0 0 0 1.00000 LOD\Architecture\Warehouse\WrhsWingRoofDam02_LOD.nif
3628 2 4 4 2.00000 2.00000 1.00000 1.00000 4 4 1 1 0 0.00000 0 1 0 0 0 0 0 4 0 4 0 0 0 1.00000 LOD\Architecture\Warehouse\WrhsWingRoofDam03_LOD.nif
3629 10 20 31 2.00000 2.00000 1.00000 1.00000 8 8 3 1 2 0.00001 2 1 0 0 0 2 0 10 8 5 0 0 0 1.00000 LOD\Architecture\Warehouse\WrhsWingWallFrontDbl01_LOD.nif
3630 12 20 28 1.66667 1.66667 1.00000 1.00000 12 12 2 1 1 77.39058 1 0 0 0 0 1 0 13 6 8 0 0 1 0.84747 LOD\Architecture\Warehouse\WrhsWingWallFrontDblDoor01_LOD.nif
3631 5 9 9 1.80000 1.80000 1.33333 1.33333 7 7 1 1 0 0.00000 0 0 0 1 0 1 0 7 2 7 0 0 0 1.00000 LOD\Architecture\Warehouse\WrhsWingWallFrontL01_LOD.nif
3632 5 9 9 1.80000 1.80000 1.33333 1.33333 7 7 1 1 0 0.00000 0 0 0 1 0 1 0 7 2 7 0 0 0 1.00000 LOD\Architecture\Warehouse\WrhsWingWallFrontLDam01_LOD.nif
3633 9 13 19 1.44444 1.44444 1.23077 1.23077 11 11 2 1 1 72.22884 1 1 0 0 0 1 0 11 2 6 0 0 0 0.79422 LOD\Architecture\Warehouse\WrhsWingWallFrontLDoor01_LOD.nif
3634 9 13 19 1.44444 1.44444 1.23077 1.23077 11 11 2 1 1 72.22884 1 1 0 0 0 1 0 11 2 6 0 0 0 0.79422 LOD\Architecture\Warehouse\WrhsWingWallFrontLDoor01Dam01_LOD.nif
3635 5 9 9 1.80000 1.80000 1.33333 1.33333 7 7 1 1 0 0.00000 0 0 0 1 0 1 0 7 2 7 0 0 0 1.00000 LOD\Architecture\Warehouse\WrhsWingWallFrontR01_LOD.nif
3636 5 9 9 1.80000 1.80000 1.33333 1.33333 7 7 1 1 0 0.00000 0 0 0 1 0 1 0 7 2 7 0 0 0 1.00000 LOD\Architecture\Warehouse\WrhsWingWallFrontRDam01_LOD.nif
3637 9 13 19 1.44444 1.44444 1.23077 1.23077 11 11 2 1 1 72.22884 1 1 0 0 0 1 0 11 2 6 0 0 0 0.79422 LOD\Architecture\Warehouse\WrhsWingWallFrontRDoor01_LOD.nif
3638 9 13 19 1.44444 1.44444 1.23077 1.23077 11 11 2 1 1 72.22884 1 1 0 0 0 1 0 11 2 6 0 0 0 0.79422 LOD\Architecture\Warehouse\WrhsWingWallFrontRDoor01Dam01_LOD.nif
3639 11 13 18 1.18182 1.18182 1.23077 1.23077 11 11 2 1 1 0.00001 1 1 0 0 0 1 0 11 2 4 0 0 0 1.00000 LOD\Architecture\Warehouse\WrhsWingWallFrontRPlatDoor01_LOD.nif
3640 2 4 4 2.00000 2.00000 1.00000 1.00000 4 4 1 1 0 0.00000 0 1 0 0 0 0 0 4 0 4 0 0 0 1.00000 LOD\Architecture\Warehouse\WrhsWingWallSide01_LOD.nif
3641 2 4 4 2.00000 2.00000 1.00000 1.00000 4 4 1 1 0 0.00000 0 1 0 0 0 0 0 4 0 4 0 0 0 1.00000 LOD\Architecture\Warehouse\WrhsWingWallSide02_LOD.nif
3642 2 4 4 2.00000 2.00000 1.00000 1.00000 4 4 1 1 0 0.00000 0 1 0 0 0 0 0 4 0 4 0 0 0 1.00000 LOD\Architecture\Warehouse\WrhsWingWallSide03_LOD.nif
3643 6 8 14 1.33333 1.33333 1.00000 1.00000 8 8 2 1 1 72.27483 1 1 0 0 0 1 0 8 0 6 0 0 0 0.72798 LOD\Architecture\Warehouse\WrhsWingWallSideDoor01_LOD.nif
3644 8 8 13 1.00000 1.00000 1.00000 1.00000 8 8 2 1 1 0.00000 1 1 0 0 0 1 0 8 0 4 0 0 0 1.00000 LOD\Architecture\Warehouse\WrhsWingWallSidePlatDoor01_LOD.nif
3645 4 8 8 2.00000 2.00000 1.00000 1.00000 8 8 1 1 0 0.00000 0 1 0 0 0 0 0 8 0 8 0 0 0 1.00000 LOD\Architecture\Warehouse\WrhsWingWallSidePlatWindow01_LOD.nif
3646 4 8 8 2.00000 2.00000 1.00000 1.00000 8 8 1 1 0 0.00000 0 1 0 0 0 0 0 8 0 8 0 0 0 1.00000 LOD\Architecture\Warehouse\WrhsWingWallSidePlatWindow02_LOD.nif
3647 4 8 8 2.00000 2.00000 1.00000 1.00000 8 8 1 1 0 0.00000 0 1 0 0 0 0 0 8 0 8 0 0 0 1.00000 LOD\Architecture\Warehouse\WrhsWingWallSidePlatWindow03_LOD.nif
3648 4 8 8 2.00000 2.00000 1.00000 1.00000 8 8 1 1 0 0.00000 0 1 0 0 0 0 0 8 0 8 0 0 0 1.00000 LOD\Architecture\Warehouse\WrhsWingWallSideWindow01_LOD.nif
3649 4 8 8 2.00000 2.00000 1.00000 1.00000 8 8 1 1 0 0.00000 0 1 0 0 0 0 0 8 0 8 0 0 0 1.00000 LOD\Architecture\Warehouse\WrhsWingWallSideWindow02_LOD.nif
3650 4 8 8 2.00000 2.00000 1.00000 1.00000 8 8 1 1 0 0.00000 0 1 0 0 0 0 0 8 0 8 0 0 0 1.00000 LOD\Architecture\Warehouse\WrhsWingWallSideWindowDam01_LOD.nif
3651 4 8 8 2.00000 2.00000 1.00000 1.00000 8 8 1 1 0 0.00000 0 1 0 0 0 0 0 8 0 8 0 0 0 1.00000 LOD\Architecture\Warehouse\WrhsWingWallSideWindowDam02_LOD.nif
3652 12 24 33 2.00000 2.00000 1.00000 1.00000 0 0 3 1 2 130.81943 2 1 0 0 0 2 0 8 8 0 0 0 0 0.77083 LOD\Architecture\Warehouse\WrhsWingWallTall01_LOD.nif
3653 8 16 24 2.00000 2.00000 1.00000 1.00000 12 12 2 1 1 0.00002 1 1 0 0 0 1 0 12 4 8 0 0 0 1.00000 LOD\Architecture\Warehouse\WrhsWingWallTall01Window01_LOD.nif
3654 12 24 33 2.00000 2.00000 1.00000 1.00000 0 0 3 1 2 130.81943 2 1 0 0 0 2 0 8 8 0 0 0 0 0.77083 LOD\Architecture\Warehouse\WrhsWingWallTallCorL01_LOD.nif
3655 8 16 24 2.00000 2.00000 1.00000 1.00000 12 12 2 1 1 0.00002 1 1 0 0 0 1 0 12 4 8 0 0 0 1.00000 LOD\Architecture\Warehouse\WrhsWingWallTallCorL01Window01_LOD.nif
3656 12 24 33 2.00000 2.00000 1.00000 1.00000 0 0 3 1 2 130.81943 2 1 0 0 0 2 0 8 8 0 0 0 0 0.77083 LOD\Architecture\Warehouse\WrhsWingWallTallCorR01_LOD.nif
3657 12 20 30 1.66667 1.66667 1.00000 1.00000 16 16 2 1 1 72.06773 1 0 0 0 0 1 0 16 4 10 0 0 1 0.81924 LOD\Architecture\Warehouse\WrhsWingWallTallCorR01Door02_LOD.nif
3658 8 16 24 2.00000 2.00000 1.00000 1.00000 12 12 2 1 1 0.00002 1 1 0 0 0 1 0 12 4 8 0 0 0 1.00000 LOD\Architecture\Warehouse\WrhsWingWallTallCorR01Window01_LOD.nif
3659 10 30 30 3.00000 3.00000 1.06667 1.06667 4 4 1 1 0 0.00000 0 0 0 0 0 0 0 8 18 4 0 0 1 1.00000 LOD\Buildings\BldgBrick3Story1x1BackA_LOD.nif
3660 18 50 57 2.77778 2.77778 1.04000 1.04000 4 4 2 2 1 135.42258 1 0 0 0 0 1 0 12 33 4 0 0 1 0.77259 LOD\Buildings\BldgBrick3Story1x1ComA_LOD.nif
3661 16 46 53 2.87500 2.87500 1.04348 1.04348 4 4 2 1 1 168.47008 1 0 0 0 0 1 0 11 29 4 0 0 1 0.74745 LOD\Buildings\BldgBrick3Story1x1CornerComB_LOD.nif
3662 10 26 26 2.60000 2.60000 1.07692 1.07692 4 4 1 1 0 0.00000 0 0 0 0 0 0 0 8 16 4 0 0 1 1.00000 LOD\Buildings\BldgBrick3Story1x2ResA_LOD.nif
3663 16 40 47 2.50000 2.50000 1.00000 1.00000 6 6 2 1 1 221.04022 1 0 0 0 0 1 0 12 24 4 0 0 1 0.85046 LOD\Buildings\BldgBrick3Story1x2ResEntA_LOD.nif
3664 16 48 55 3.00000 3.00000 1.00000 1.00000 6 6 2 1 1 222.90666 1 0 0 0 0 1 0 12 31 4 0 0 1 0.83204 LOD\Buildings\BldgBrick3Story1x2ResEntB_LOD.nif
3665 22 60 68 2.72727 2.72727 1.00000 1.00000 6 6 2 2 1 0.00008 1 0 0 0 0 1 0 15 38 4 0 0 1 1.00000 LOD\Buildings\BldgBrick3Story2x1CornerComEntA_LOD.nif
3666 37 95 113 2.56757 2.56757 1.01053 1.01053 19 19 2 3 2 82.63115 1 0 0 0 0 1 0 28 57 10 0 0 1 0.96267 LOD\Buildings\BldgBrick3Story2x2Wedge60ComEntA_LOD.nif
3667 22 60 69 2.72727 2.72727 1.00000 1.00000 8 8 2 2 1 0.00002 1 0 0 0 0 1 0 16 36 5 0 0 1 1.00000 LOD\Buildings\BldgBrick3Story3x2ResEntA_LOD.nif
3668 64 162 217 2.53125 2.53125 1.01235 1.01235 32 32 3 4 3 297.53638 2 0 0 0 0 2 0 48 98 8 0 0 1 0.85081 LOD\Buildings\BldgBrick3Story6x2CornerComEntA_LOD.nif
3669 77 158 219 2.05195 2.05195 1.01266 1.01266 27 27 3 5 5 310.82864 2 0 0 1 0 3 0 53 87 10 0 0 0 0.86890 LOD\Buildings\BldgBrick3Story6x2ResCustomEntA_LOD.nif
3670 10 30 30 3.00000 3.00000 1.06667 1.06667 4 4 1 1 0 0.00000 0 0 0 0 0 0 0 8 19 4 0 0 1 1.00000 LOD\Buildings\BldgBrick4Story1x1BackResA_LOD.nif
3671 10 30 30 3.00000 3.00000 1.06667 1.06667 4 4 1 1 0 0.00000 0 0 0 0 0 0 0 8 19 4 0 0 1 1.00000 LOD\Buildings\BldgBrick4Story1x1BackResEntA_LOD.nif
3672 10 30 30 3.00000 3.00000 1.06667 1.06667 4 4 1 1 0 0.00000 0 0 0 0 0 0 0 8 19 4 0 0 1 1.00000 LOD\Buildings\BldgBrick4Story1x1BackResGarageA_LOD.nif
3673 10 30 30 3.00000 3.00000 1.06667 1.06667 8 8 1 1 0 0.00000 0 0 0 0 0 0 0 10 15 8 0 0 1 1.00000 LOD\Buildings\BldgBrick4Story1x1BlockA_LOD.nif
3674 22 62 72 2.81818 2.81818 1.03226 1.03226 4 4 2 2 1 67.88138 1 0 0 0 0 1 0 14 43 4 0 0 1 0.87012 LOD\Buildings\BldgBrick4Story1x1ComA_LOD.nif
3675 24 72 81 3.00000 3.00000 1.00000 1.00000 4 4 2 2 1 61.80714 1 0 0 0 0 1 0 15 47 4 0 0 1 0.88854 LOD\Buildings\BldgBrick4Story1x1CornerComA_LOD.nif
3676 28 84 97 3.00000 3.00000 1.00000 1.00000 8 8 2 2 1 168.25223 1 0 0 0 0 1 0 20 51 8 0 0 1 0.77498 LOD\Buildings\BldgBrick4Story1x1CornerResEntA_LOD.nif
3677 10 30 30 3.00000 3.00000 1.06667 1.06667 4 4 1 1 0 0.00000 0 0 0 0 0 0 0 8 19 4 0 0 1 1.00000 LOD\Buildings\BldgBrick4Story1x1CornerResEntB_LOD.nif
3678 22 66 74 3.00000 3.00000 1.03030 1.03030 4 4 2 2 1 232.18314 1 0 0 0 0 1 0 14 37 4 0 0 1 0.82797 LOD\Buildings\BldgBrick4Story1x2ComA_LOD.nif
3679 10 30 30 3.00000 3.00000 1.06667 1.06667 4 4 1 1 0 0.00000 0 0 0 0 0 0 0 8 19 4 0 0 1 1.00000 LOD\Buildings\BldgBrick4Story1x2ComB_LOD.nif
3680 10 30 30 3.00000 3.00000 1.06667 1.06667 4 4 1 1 0 0.00000 0 0 0 0 0 0 0 8 19 4 0 0 1 1.00000 LOD\Buildings\BldgBrick4Story1x2ResA_LOD.nif
3681 10 30 30 3.00000 3.00000 1.06667 1.06667 4 4 1 1 0 0.00000 0 0 0 0 0 0 0 8 19 4 0 0 1 1.00000 LOD\Buildings\BldgBrick4Story1x2ResEntA_LOD.nif
3682 10 30 30 3.00000 3.00000 1.06667 1.06667 4 4 1 1 0 0.00000 0 0 0 0 0 0 0 8 19 4 0 0 1 1.00000 LOD\Buildings\BldgBrick4Story1x2ResEntB_LOD.nif
3683 10 30 30 3.00000 3.00000 1.06667 1.06667 4 4 1 1 0 0.00000 0 0 0 0 0 0 0 8 19 4 0 0 1 1.00000 LOD\Buildings\BldgBrick4Story1x2ResEntC_LOD.nif
3684 10 30 30 3.00000 3.00000 1.06667 1.06667 4 4 1 1 0 0.00000 0 0 0 0 0 0 0 8 19 4 0 0 1 1.00000 LOD\Buildings\BldgBrick4Story1x2ResEntD_LOD.nif
3685 18 44 51 2.44444 2.44444 1.00000 1.00000 4 4 2 2 1 18.77024 1 0 0 0 0 1 0 12 28 4 0 0 1 1.00000 LOD\Buildings\BldgBrick4Story1x2Wedge30ResA_LOD.nif
3686 18 44 51 2.44444 2.44444 1.00000 1.00000 4 4 2 2 1 18.77024 1 0 0 0 0 1 0 12 28 4 0 0 1 1.00000 LOD\Buildings\BldgBrick4Story1x2Wedge30ResB_LOD.nif
3687 42 126 149 3.00000 3.00000 1.01587 1.01587 14 14 2 3 2 172.09628 1 0 0 0 0 1 0 28 62 9 0 0 1 0.85853 LOD\Buildings\BldgBrick4Story1x4EndResA_LOD.nif
3688 34 102 117 3.00000 3.00000 1.01961 1.01961 10 10 2 3 2 135.44080 1 0 0 0 0 1 0 22 66 5 0 0 1 0.90628 LOD\Buildings\BldgBrick4Story2x2CornerComA_LOD.nif
3689 22 66 74 3.00000 3.00000 1.03030 1.03030 6 6 2 2 1 0.06841 1 0 0 0 0 1 0 15 37 4 0 0 1 1.00000 LOD\Buildings\BldgBrick4Story2x2CornerResEntA_LOD.nif
3690 17 51 58 3.00000 3.00000 1.01961 1.01961 5 5 2 2 1 337.99371 1 0 0 0 0 1 0 12 28 4 0 0 1 0.75521 LOD\Buildings\BldgBrick4Story2x2ResEntA_LOD.nif
3691 54 152 197 2.81481 2.81481 1.00000 1.00000 10 10 4 4 4 256.72379 3 0 0 0 0 3 0 33 98 4 0 0 1 0.76776 LOD\Buildings\BldgBrick4Story4x1EndComA_LOD.nif
3692 40 94 126 2.35000 2.35000 1.02128 1.02128 18 18 3 3 3 355.49078 2 0 0 0 0 2 0 28 55 7 0 0 1 0.80637 LOD\Buildings\BldgBrick4Story6x2FreeComEntA_LOD.nif
3693 10 30 30 3.00000 3.00000 1.06667 1.06667 4 4 1 1 0 0.00000 0 0 0 0 0 0 0 8 19 4 0 0 1 1.00000 LOD\Buildings\BldgBrick5Story1x1backResA_LOD.nif
3694 10 20 20 2.00000 2.00000 1.00000 1.00000 4 4 1 1 0 0.00000 0 0 0 0 0 0 0 8 10 4 0 0 1 1.00000 LOD\Buildings\BldgBrick5Story1x1Block_LOD.nif
3695 18 54 54 3.00000 3.00000 1.03704 1.03704 4 4 1 2 0 0.00000 0 0 0 0 0 0 0 12 34 4 0 0 1 1.00000 LOD\Buildings\BldgBrick5story1x1CornerEntResA_LOD.nif
3696 10 30 30 3.00000 3.00000 1.06667 1.06667 4 4 1 1 0 0.00000 0 0 0 0 0 0 0 8 19 4 0 0 1 1.00000 LOD\Buildings\BldgBrick5Story1x1CornerRes01NB_LOD.nif
3697 23 37 47 1.60870 1.60870 1.08108 1.08108 5 5 2 2 1 55.95753 1 0 0 0 0 1 0 15 22 3 0 0 1 0.88397 LOD\Buildings\BldgBrick5story1x1CornerResA_LOD.nif
3698 18 50 57 2.77778 2.77778 1.04000 1.04000 4 4 2 2 1 148.31857 1 0 0 0 0 1 0 12 34 4 0 0 1 0.75453 LOD\Buildings\BldgBrick5Story1x1ResA_LOD.nif
3699 18 50 57 2.77778 2.77778 1.04000 1.04000 4 4 2 2 1 149.13911 1 0 0 0 0 1 0 12 34 4 0 0 1 0.76052 LOD\Buildings\BldgBrick5Story1x1ResB_LOD.nif
3700 13 39 39 3.00000 3.00000 1.02564 1.02564 3 3 1 1 0 0.00000 0 0 0 0 0 0 0 9 28 3 0 0 1 1.00000 LOD\Buildings\BldgBrick5Story1x1Wedge15_LOD.nif
3701 7 21 21 3.00000 3.00000 1.14286 1.14286 3 3 1 1 0 0.00000 0 0 0 0 0 0 0 6 12 3 0 0 1 1.00000 LOD\Buildings\BldgBrick5Story1x1Wedge15A_LOD.nif
3702 18 54 61 3.00000 3.00000 1.03704 1.03704 4 4 2 2 1 65.38364 1 0 0 0 0 1 0 12 36 3 0 0 1 0.84672 LOD\Buildings\BldgBrick5Story1x1Wedge15out_LOD.nif
3703 13 39 39 3.00000 3.00000 1.02564 1.02564 5 5 1 1 0 0.00000 0 0 0 0 0 0 0 10 18 5 0 0 1 1.00000 LOD\Buildings\BldgBrick5Story1x1Wedge15outA_LOD.nif
3704 22 66 74 3.00000 3.00000 1.03030 1.03030 4 4 2 2 1 132.98253 1 0 0 0 0 1 0 14 38 4 0 0 1 0.89074 LOD\Buildings\BldgBrick5Story1x2backResEntA_LOD.nif
3705 18 54 54 3.00000 3.00000 1.03704 1.03704 4 4 1 2 0 0.00000 0 0 0 0 0 0 0 12 36 4 0 0 1 1.00000 LOD\Buildings\BldgBrick5Story1x2ComA_LOD.nif
3706 14 26 26 1.85714 1.85714 1.07692 1.07692 4 4 1 1 0 0.00000 0 0 0 0 0 0 0 10 16 4 0 0 1 1.00000 LOD\Buildings\BldgBrick5Story1x3ComA_LOD.nif
3707 14 26 26 1.85714 1.85714 1.07692 1.07692 4 4 1 1 0 0.00000 0 0 0 0 0 0 0 10 16 4 0 0 1 1.00000 LOD\Buildings\BldgBrick5Story1x3ComB_LOD.nif
3708 14 26 26 1.85714 1.85714 1.07692 1.07692 4 4 1 1 0 0.00000 0 0 0 0 0 0 0 10 16 4 0 0 1 1.00000 LOD\Buildings\BldgBrick5Story1x3ComC_LOD.nif
3709 23 45 57 1.95652 1.95652 1.06667 1.06667 9 9 2 2 1 168.51659 1 0 0 0 0 1 0 18 27 4 0 0 1 0.80924 LOD\Buildings\BldgBrick5Story1x3ComD_LOD.nif
3710 23 45 57 1.95652 1.95652 1.06667 1.06667 9 9 2 2 1 168.51659 1 0 0 0 0 1 0 18 27 4 0 0 1 0.80924 LOD\Buildings\BldgBrick5Story1x3ComE_LOD.nif
3711 14 26 26 1.85714 1.85714 1.07692 1.07692 4 4 1 1 0 0.00000 0 0 0 0 0 0 0 10 16 4 0 0 1 1.00000 LOD\Buildings\BldgBrick5Story1x3ComF_LOD.nif
3712 22 48 56 2.18182 2.18182 1.00000 1.00000 8 8 2 2 1 215.52640 1 0 0 0 0 1 0 16 31 4 0 0 1 0.85968 LOD\Buildings\BldgBrick5Story1x3EndComA_LOD.nif
3713 62 182 219 2.93548 2.93548 1.01099 1.01099 10 10 3 4 3 172.44795 2 0 0 0 0 2 0 37 115 4 0 0 1 0.88199 LOD\Buildings\BldgBrick5Story1x4ComEntA_LOD.nif
3714 60 178 224 2.96667 2.96667 1.01124 1.01124 34 34 3 4 3 278.09811 2 0 0 0 0 2 0 47 102 14 0 0 1 0.77276 LOD\Buildings\BldgBrick5Story1x4ResEntA_LOD.nif
3715 18 50 57 2.77778 2.77778 1.04000 1.04000 4 4 2 2 1 349.27252 1 0 0 0 0 1 0 12 31 4 0 0 1 0.74957 LOD\Buildings\BldgBrick5story2x2CornerEntResA_LOD.nif
3716 34 66 86 1.94118 1.94118 1.03030 1.03030 8 8 3 3 2 438.82825 2 0 0 0 0 2 0 22 44 4 0 0 1 0.79943 LOD\Buildings\BldgBrick5StoryCustom01_LOD.nif
3717 30 84 94 2.80000 2.80000 1.00000 1.00000 6 6 2 2 1 88.93264 1 0 0 0 0 1 0 19 48 4 0 0 1 0.98651 LOD\Buildings\BldgBrick6Story1x1CornerWedge15A_LOD.nif
3718 10 30 30 3.00000 3.00000 1.06667 1.06667 4 4 1 1 0 0.00000 0 0 0 0 0 0 0 8 17 4 0 0 1 1.00000 LOD\Buildings\BldgBrick6Story1x2ResA_LOD.nif
3719 16 44 51 2.75000 2.75000 1.00000 1.00000 6 6 2 1 1 331.43069 1 0 0 0 0 1 0 12 26 4 0 0 1 0.76432 LOD\Buildings\BldgBrick6Story2x2CornerResEntA_LOD.nif
3720 26 68 80 2.61538 2.61538 1.00000 1.00000 10 10 2 2 1 247.00714 1 0 0 0 0 1 0 20 43 8 0 0 1 0.88843 LOD\Buildings\BldgBrick6Story2x2ResEntA_LOD.nif
3721 10 20 20 2.00000 2.00000 1.00000 1.00000 4 4 1 1 0 0.00000 0 0 0 0 0 0 0 8 12 4 0 0 1 1.00000 LOD\Buildings\BldgBrick6StoryHalfA_LOD.nif
3722 10 30 30 3.00000 3.00000 1.06667 1.06667 4 4 1 1 0 0.00000 0 0 0 0 0 0 0 8 19 4 0 0 1 1.00000 LOD\Buildings\BldgBrick7Story1x2ResEntA_LOD.nif
3723 19 57 65 3.00000 3.00000 1.05263 1.05263 9 9 2 2 1 615.51465 1 0 0 0 0 1 0 15 33 6 0 0 1 0.80829 LOD\Buildings\BldgBrick7Story3x5FreeComEntA_LOD.nif
3724 18 54 54 3.00000 3.00000 1.03704 1.03704 4 4 1 2 0 0.00000 0 0 0 0 0 0 0 12 34 4 0 0 1 1.00000 LOD\Buildings\BldgBrick8Story1x1CornerResEntA_LOD.nif
3725 18 50 57 2.77778 2.77778 1.04000 1.04000 4 4 2 2 1 137.49828 1 0 0 0 0 1 0 12 34 4 0 0 1 0.75653 LOD\Buildings\BldgBrick8Story1x2ResA_LOD.nif
3726 18 50 57 2.77778 2.77778 1.04000 1.04000 4 4 2 2 1 137.53787 1 0 0 0 0 1 0 12 34 4 0 0 1 0.75639 LOD\Buildings\BldgBrick8Story1x2ResB_LOD.nif
3727 19 57 65 3.00000 3.00000 1.05263 1.05263 7 7 2 2 1 213.08614 1 0 0 0 0 1 0 14 36 5 0 0 1 0.81235 LOD\Buildings\BldgBrickLgWht2Story2x2CornerComA_LOD.nif
3728 32 74 90 2.31250 2.31250 1.02703 1.02703 0 0 3 2 2 132.62096 2 0 0 0 0 2 0 18 56 0 0 0 1 0.78958 LOD\Buildings\BldgMetal1x1SideA_LOD.nif
3729 34 74 92 2.17647 2.17647 1.02703 1.02703 4 4 3 3 2 194.81590 2 0 0 0 0 2 0 20 54 4 0 0 1 0.77147 LOD\Buildings\BldgMetal2Story1x1ComA_LOD_0.nif
3730 34 74 92 2.17647 2.17647 1.02703 1.02703 4 4 3 3 2 194.81590 2 0 0 0 0 2 0 20 51 4 0 0 1 0.77147 LOD\Buildings\BldgMetal2Story1x1ComB_LOD_0.nif
3731 26 60 69 2.30769 2.30769 1.00000 1.00000 4 4 2 2 1 0.00001 1 0 0 0 0 1 0 16 41 4 0 0 1 1.00000 LOD\Buildings\BldgMetal2Story1x1ComC_LOD_0.nif
3732 42 102 130 2.42857 2.42857 1.01961 1.01961 4 4 3 3 3 49.16184 2 0 0 0 0 2 0 24 77 4 0 0 1 1.00000 LOD\Buildings\BldgMetal2Story1x1CornerComA_LOD_0.nif
3733 42 80 108 1.90476 1.90476 1.00000 1.00000 4 4 3 3 3 197.90678 2 0 0 0 0 2 0 24 55 4 0 0 1 0.76783 LOD\Buildings\BldgMetal3Story1x1ComA_LOD_0.nif
3734 42 82 110 1.95238 1.95238 1.02439 1.02439 4 4 3 3 3 197.90678 2 0 0 0 0 2 0 24 57 4 0 0 1 0.76783 LOD\Buildings\BldgMetal3Story1x1ComB_LOD_0.nif
3735 34 74 74 2.17647 2.17647 1.02703 1.02703 4 4 1 3 0 0.00000 0 0 0 1 0 1 0 20 50 4 0 0 0 1.00000 LOD\Buildings\BldgMetal3Story1x1ComC_LOD_0.nif
3736 50 112 143 2.24000 2.24000 1.00000 1.00000 4 4 3 4 3 46.49574 2 0 0 0 0 2 0 28 81 4 0 0 1 1.00000 LOD\Buildings\BldgMetal3Story1x1CornerComA_LOD_0.nif
3737 30 76 86 2.53333 2.53333 1.00000 1.00000 4 4 2 2 1 46.92970 1 0 0 0 0 1 0 18 38 4 0 0 1 0.98465 LOD\Buildings\BldgMetal3Story1x2IndA_LOD.nif
3738 50 110 146 2.20000 2.20000 1.01818 1.01818 0 0 3 4 3 119.89960 2 0 0 0 0 2 0 27 81 0 0 0 1 0.91979 LOD\Buildings\BldgMetal3x3RoofTopA_LOD.nif
3739 36 52 69 1.44444 1.44444 1.00000 1.00000 0 0 2 3 2 113.92808 1 0 0 0 0 1 0 20 32 0 0 0 1 0.93103 LOD\Buildings\BldgMetal3x3RoofTopB_LOD.nif
3740 23 45 56 1.95652 1.95652 1.06667 1.06667 5 5 2 2 1 56.35361 1 0 0 0 0 1 0 15 30 5 0 0 1 1.00000 LOD\Buildings\BldgMetal5Story1x1CornerIndA_LOD.nif
3741 18 52 59 2.88889 2.88889 1.00000 1.00000 4 4 2 2 1 173.06377 1 0 0 0 0 1 0 12 35 4 0 0 1 0.75347 LOD\Buildings\BldgMetal5Story1x1IndA_LOD.nif
3742 26 72 81 2.76923 2.76923 1.00000 1.00000 4 4 2 2 1 0.31425 1 0 0 0 0 1 0 16 45 4 0 0 1 1.00000 LOD\Buildings\BldgMetal6Story1x1CornerIndA_LOD.nif
3743 56 88 138 1.57143 1.57143 1.00000 1.00000 8 8 3 4 3 99.01349 2 0 0 0 0 2 0 33 50 6 0 0 1 0.89797 LOD\Buildings\BldgMetal6Story1x1CornerIndB_LOD.nif
3744 24 60 69 2.50000 2.50000 1.00000 1.00000 4 4 2 2 1 32.28822 1 0 0 0 0 1 0 15 39 4 0 0 1 0.93441 LOD\Buildings\BldgMetal6Story1x1CornerWedge15EntA_LOD.nif
3745 18 52 59 2.88889 2.88889 1.00000 1.00000 4 4 2 2 1 178.34630 1 0 0 0 0 1 0 12 35 4 0 0 1 0.76535 LOD\Buildings\BldgMetal6Story1x1IndA_LOD.nif
3746 26 78 87 3.00000 3.00000 1.02564 1.02564 4 4 2 2 1 46.27717 1 0 0 0 0 1 0 16 47 4 0 0 1 0.98865 LOD\Buildings\BldgMetal6Story1x1IndC_LOD.nif
3747 7 19 19 2.71429 2.71429 1.05263 1.05263 3 3 1 1 0 0.00000 0 0 0 0 0 0 0 6 5 3 0 0 1 1.00000 LOD\Buildings\BldgMetal6Story1x1Wedge15B_LOD.nif
3748 49 135 173 2.75510 2.75510 1.00741 1.00741 9 9 3 4 3 56.21240 2 0 0 0 0 2 0 30 78 5 0 0 1 0.94944 LOD\Buildings\BldgMetal6Story2x2IndA_LOD.nif
3749 19 57 64 3.00000 3.00000 1.05263 1.05263 5 5 2 2 1 67.88274 1 0 0 0 0 1 0 13 28 4 0 0 1 0.71745 LOD\Buildings\BldgMetal6Story2x2Wedge15IndA_LOD.nif
3750 31 91 108 2.93548 2.93548 1.01099 1.01099 5 5 3 2 2 52.48053 2 0 0 0 0 2 0 19 57 3 0 0 1 0.97345 LOD\Buildings\BldgMetal6Story2x2Wedge30IndA_LOD.nif
3751 41 75 107 1.82927 1.82927 1.01333 1.01333 5 5 3 3 3 90.03697 2 0 0 0 0 2 0 24 51 5 0 0 1 0.84520 LOD\Buildings\BldgMetal7Story1x1CornerIndA_LOD.nif
3752 26 74 83 2.84615 2.84615 1.02703 1.02703 4 4 2 2 1 0.42374 1 0 0 0 0 1 0 16 52 4 0 0 1 1.00000 LOD\Buildings\BldgMetal7Story1x1IndA_LOD.nif
3753 56 88 138 1.57143 1.57143 1.00000 1.00000 8 8 3 4 3 98.85217 2 0 0 0 0 2 0 33 50 6 0 0 1 0.94230 LOD\Buildings\BldgMetal9Story1x1CornerIndB_LOD.nif
3754 220 610 768 2.77273 2.77273 1.00328 1.00328 132 132 2 14 8 236.15904 3 0 0 0 0 3 0 186 311 90 0 0 1 0.77241 LOD\Buildings\Bridge01Drawbridge01_LOD.nif
3755 220 610 768 2.77273 2.77273 1.00328 1.00328 132 132 2 14 8 236.15904 3 0 0 0 0 3 0 186 311 90 0 0 1 0.77241 LOD\Buildings\Bridge01Drawbridge01RR_LOD.nif
3756 104 286 354 2.75000 2.75000 1.00699 1.00699 62 62 2 7 4 160.04611 2 0 0 0 0 2 0 84 119 38 0 0 1 0.84541 LOD\Buildings\Bridge01End01_LOD.nif
3757 134 336 474 2.50746 2.50746 1.00000 1.00000 40 40 3 9 8 146.78008 3 0 0 0 0 3 0 86 169 23 0 0 1 0.93226 LOD\Buildings\Bridge01Mid01_LOD.nif
3758 134 336 474 2.50746 2.50746 1.00000 1.00000 40 40 3 9 8 146.78008 3 0 0 0 0 3 0 86 169 23 0 0 1 0.93226 LOD\Buildings\Bridge01Mid01RR_LOD.nif
3759 2 4 4 2.00000 2.00000 1.00000 1.00000 4 4 1 1 0 0.00000 0 1 0 0 0 0 0 4 0 4 0 0 0 1.00000 LOD\Buildings\Church\ChurchMainA1x1EndCap01Full01_LOD_0.nif
3760 2 4 4 2.00000 2.00000 1.00000 1.00000 4 4 1 1 0 0.00000 0 1 0 0 0 0 0 4 0 4 0 0 0 1.00000 LOD\Buildings\Church\ChurchMainA1x1EndCap01Full02_LOD_0.nif
3761 2 4 4 2.00000 2.00000 1.00000 1.00000 4 4 1 1 0 0.00000 0 1 0 0 0 0 0 4 0 4 0 0 0 1.00000 LOD\Buildings\Church\ChurchMainA1x2DoorSingle01Full01_LOD_0.nif
3762 2 4 4 2.00000 2.00000 1.00000 1.00000 4 4 1 1 0 0.00000 0 1 0 0 0 0 0 4 0 4 0 0 0 1.00000 LOD\Buildings\Church\ChurchMainA1x2Wall01_LOD_0.nif
3763 2 4 4 2.00000 2.00000 1.00000 1.00000 4 4 1 1 0 0.00000 0 1 0 0 0 0 0 4 0 4 0 0 0 1.00000 LOD\Buildings\Church\ChurchMainA1x2Wall01Full01_LOD_0.nif
3764 2 4 4 2.00000 2.00000 1.00000 1.00000 4 4 1 1 0 0.00000 0 1 0 0 0 0 0 4 0 4 0 0 0 1.00000 LOD\Buildings\Church\ChurchMainA1x2WallHalf01Full01_LOD_0.nif
3765 2 4 4 2.00000 2.00000 1.00000 1.00000 4 4 1 1 0 0.00000 0 1 0 0 0 0 0 4 0 4 0 0 0 1.00000 LOD\Buildings\Church\ChurchMainA1x2WinA01_LOD_0.nif
3766 2 4 4 2.00000 2.00000 1.00000 1.00000 4 4 1 1 0 0.00000 0 1 0 0 0 0 0 4 0 4 0 0 0 1.00000 LOD\Buildings\Church\ChurchMainA1x2WinA01Full01_LOD_0.nif
3767 2 4 4 2.00000 2.00000 1.00000 1.00000 4 4 1 1 0 0.00000 0 1 0 0 0 0 0 4 0 4 0 0 0 1.00000 LOD\Buildings\Church\ChurchMainA2x2DoorDouble01Full01_LOD_0.nif
3768 44 74 114 1.68182 1.68182 1.02703 1.02703 14 14 3 3 3 114.03532 2 0 0 0 0 2 0 30 40 9 0 0 1 0.93381 LOD\Buildings\Church\ChurchMainAAdd01_LOD_0.nif
3769 44 74 114 1.68182 1.68182 1.02703 1.02703 14 14 3 3 3 114.03532 2 0 0 0 0 2 0 30 40 9 0 0 1 0.93381 LOD\Buildings\Church\ChurchMainAAdd01Full01_LOD_0.nif
3770 6 14 20 2.33333 2.33333 1.14286 1.14286 8 8 2 1 1 30.23277 1 1 0 0 0 1 0 8 4 6 0 0 0 0.77389 LOD\Buildings\Church\ChurchMainAAdd01Roof01Full01_LOD_0.nif
3771 8 18 18 2.25000 2.25000 1.11111 1.11111 8 8 1 1 0 0.00000 0 0 0 0 0 0 0 8 9 8 0 0 1 1.00000 LOD\Buildings\Church\ChurchMainATowerBase01_LOD_0.nif
3772 8 18 18 2.25000 2.25000 1.11111 1.11111 8 8 1 1 0 0.00000 0 0 0 0 0 0 0 8 9 8 0 0 1 1.00000 LOD\Buildings\Church\ChurchMainATowerBase01Full01_LOD_0.nif
3773 106 212 309 2.00000 2.00000 1.00000 1.00000 36 36 3 7 6 104.55995 3 0 0 0 0 3 0 77 124 18 0 0 1 0.85947 LOD\Buildings\Church\ChurchMainATowerMid01_LOD_0.nif
3774 2 4 4 2.00000 2.00000 1.00000 1.00000 4 4 1 1 0 0.00000 0 1 0 0 0 0 0 4 0 4 0 0 0 1.00000 LOD\Buildings\Church\ChurchRoofA1x1Str01_LOD_0.nif
3775 2 4 4 2.00000 2.00000 1.00000 1.00000 4 4 1 1 0 0.00000 0 1 0 0 0 0 0 4 0 4 0 0 0 1.00000 LOD\Buildings\Church\ChurchRoofA1x1Str01Full01_LOD_0.nif
3776 2 4 4 2.00000 2.00000 1.00000 1.00000 4 4 1 1 0 0.00000 0 1 0 0 0 0 0 4 0 4 0 0 0 1.00000 LOD\Buildings\Church\ChurchRoofA1x1Str01Full02_LOD_0.nif
3777 2 4 4 2.00000 2.00000 1.00000 1.00000 4 4 1 1 0 0.00000 0 1 0 0 0 0 0 4 0 4 0 0 0 1.00000 LOD\Buildings\Church\ChurchRoofA1x1Str01Full03_LOD_0.nif
3778 2 4 4 2.00000 2.00000 1.00000 1.00000 4 4 1 1 0 0.00000 0 1 0 0 0 0 0 4 0 4 0 0 0 1.00000 LOD\Buildings\Church\ChurchRoofA1x1Str01Full04_LOD_0.nif
3779 2 6 6 3.00000 3.00000 1.33333 1.33333 4 4 1 1 0 0.00000 0 1 0 0 0 0 0 4 0 4 0 0 0 1.00000 LOD\Buildings\Church\ChurchRoofA1x1Str2Way01Full01_LOD_0.nif
3780 4 12 12 3.00000 3.00000 1.00000 1.00000 8 8 1 1 0 0.00000 0 1 0 0 0 0 0 8 0 8 0 0 0 1.00000 LOD\Buildings\Church\ChurchRoofA1x1Str3Way01Full01_LOD_0.nif
3781 6 12 12 2.00000 2.00000 1.00000 1.00000 4 4 1 1 0 0.00000 0 0 0 0 0 0 0 6 6 4 0 0 1 1.00000 LOD\Buildings\Church\ChurchRoofCapA1x1Str01_LOD_0.nif
3782 116 272 397 2.34483 2.34483 1.00000 1.00000 8 8 4 8 7 165.91560 4 0 0 0 0 4 0 63 171 4 0 0 1 0.79970 LOD\Buildings\CovenantSettlement\CovenantHouse01_LOD_0.nif
3783 34 100 122 2.94118 2.94118 1.00000 1.00000 12 12 3 3 2 64.53905 2 0 0 0 0 2 0 24 52 7 0 0 1 0.95226 LOD\Buildings\CovenantSettlement\CovenantHouse01AddonBayWin01_LOD_0.nif
3784 90 270 323 3.00000 3.00000 1.00741 1.00741 52 52 2 6 3 11.12984 2 0 0 0 0 2 0 76 134 35 0 0 1 0.81755 LOD\Buildings\CovenantSettlement\CovenantHouse01AddonDeck01_LOD_0.nif
3785 134 301 408 2.24627 2.24627 1.00997 1.00997 30 30 3 9 7 362.68921 4 0 0 2 0 6 0 84 183 15 0 0 0 0.82313 LOD\Buildings\CovenantSettlement\CovenantHouse02_LOD_0.nif
3786 134 301 408 2.24627 2.24627 1.00997 1.00997 30 30 3 9 7 362.68921 4 0 0 2 0 6 0 84 183 15 0 0 0 0.82313 LOD\Buildings\CovenantSettlement\CovenantHouse02yellow_LOD_0.nif
3787 312 823 1197 2.63782 2.63782 1.00122 1.00122 90 90 6 20 20 665.29175 11 1 0 1 0 12 0 206 439 8 0 0 0 0.91710 LOD\Buildings\CovenantSettlement\CovenantHouse03_LOD_0.nif
3788 40 72 97 1.80000 1.80000 1.00000 1.00000 6 6 3 3 3 137.74907 2 0 0 0 0 2 0 24 41 4 0 0 1 0.73131 LOD\Buildings\CovenantSettlement\CovWall01_LOD_0.nif
3789 26 44 55 1.69231 1.69231 1.00000 1.00000 4 4 2 2 1 13.22575 1 0 0 0 0 1 0 16 25 4 0 0 1 0.89181 LOD\Buildings\CovenantSettlement\CovWall02_LOD_0.nif
3790 26 44 55 1.69231 1.69231 1.00000 1.00000 4 4 2 2 1 13.24098 1 0 0 0 0 1 0 16 25 4 0 0 1 0.75474 LOD\Buildings\CovenantSettlement\CovWall03_LOD_0.nif
3791 26 36 47 1.38462 1.38462 1.00000 1.00000 4 4 2 2 1 15.29706 1 0 0 0 0 1 0 16 20 4 0 0 1 0.70913 LOD\Buildings\CovenantSettlement\CovWallEndcap01_LOD_0.nif
3792 42 60 64 1.42857 1.42857 1.00000 1.00000 8 8 1 3 0 0.00000 0 0 0 0 0 0 0 24 36 8 0 0 1 1.00000 LOD\Buildings\CovenantSettlement\CovWallEndcap02_LOD_0.nif
3793 26 36 47 1.38462 1.38462 1.00000 1.00000 4 4 2 2 1 15.29706 1 0 0 0 0 1 0 16 20 4 0 0 1 0.70913 LOD\Buildings\CovenantSettlement\CovWallEndcapThin01_LOD_0.nif
3794 42 104 132 2.47619 2.47619 1.00000 1.00000 18 18 2 3 2 18.81364 1 0 0 0 0 1 0 32 48 14 0 0 1 0.78549 LOD\Buildings\CovenantSettlement\CovWallExLrg01_LOD_0.nif
3795 104 304 362 2.92308 2.92308 1.00000 1.00000 16 16 2 7 4 245.49548 2 0 0 1 0 3 0 62 176 12 0 0 0 0.90791 LOD\Buildings\CustomeHouse_LOD.nif
3796 12 14 28 1.16667 1.16667 1.14286 1.14286 14 14 3 1 2 19.77506 2 1 0 0 0 2 0 14 0 6 0 0 0 1.00000 LOD\Buildings\DecoKit\DecoLobbyA1x1Cor01_LOD_0.nif
3797 12 14 28 1.16667 1.16667 1.14286 1.14286 14 14 3 1 2 38.17344 2 1 0 0 0 2 0 14 0 6 0 0 0 0.94286 LOD\Buildings\DecoKit\DecoLobbyA1x1Cor01Full01_LOD_0.nif
3798 12 14 28 1.16667 1.16667 1.14286 1.14286 14 14 3 1 2 44.82451 2 1 0 0 0 2 0 14 0 6 0 0 0 0.91176 LOD\Buildings\DecoKit\DecoLobbyA1x1Cor03_LOD_0.nif
3799 12 14 28 1.16667 1.16667 1.14286 1.14286 14 14 3 1 2 44.82451 2 1 0 0 0 2 0 14 0 6 0 0 0 0.91176 LOD\Buildings\DecoKit\DecoLobbyA1x1Cor03Dam01_LOD_0.nif
3800 12 14 28 1.16667 1.16667 1.14286 1.14286 14 14 3 1 2 38.17344 2 1 0 0 0 2 0 14 0 6 0 0 0 0.94286 LOD\Buildings\DecoKit\DecoLobbyA1x1Cor03Full01_LOD_0.nif
3801 28 32 50 1.14286 1.14286 1.00000 1.00000 30 30 2 2 1 7.09628 1 0 0 0 0 1 0 30 2 16 0 0 1 1.00000 LOD\Buildings\DecoKit\DecoLobbyA1x1CorOpenFull01_LOD_0.nif
3802 2 4 4 2.00000 2.00000 1.00000 1.00000 4 4 1 1 0 0.00000 0 1 0 0 0 0 0 4 0 4 0 0 0 1.00000 LOD\Buildings\DecoKit\DecoLobbyA1x1DoorSingle01_LOD_0.nif
3803 2 4 4 2.00000 2.00000 1.00000 1.00000 4 4 1 1 0 0.00000 0 1 0 0 0 0 0 4 0 4 0 0 0 1.00000 LOD\Buildings\DecoKit\DecoLobbyA1x1DoorSingle01Full01_LOD_0.nif
3804 8 10 16 1.25000 1.25000 1.20000 1.20000 10 10 2 1 1 43.02941 1 1 0 0 0 1 0 10 0 6 0 0 0 0.76649 LOD\Buildings\DecoKit\DecoLobbyA1x1OpenFull01_LOD_0.nif
3805 2 4 4 2.00000 2.00000 1.00000 1.00000 4 4 1 1 0 0.00000 0 1 0 0 0 0 0 4 0 4 0 0 0 1.00000 LOD\Buildings\DecoKit\DecoLobbyA1x1Wall01_LOD_0.nif
3806 2 4 4 2.00000 2.00000 1.00000 1.00000 4 4 1 1 0 0.00000 0 1 0 0 0 0 0 4 0 4 0 0 0 1.00000 LOD\Buildings\DecoKit\DecoLobbyA1x1Wall02_LOD_0.nif
3807 2 4 4 2.00000 2.00000 1.00000 1.00000 4 4 1 1 0 0.00000 0 1 0 0 0 0 0 4 0 4 0 0 0 1.00000 LOD\Buildings\DecoKit\DecoLobbyA1x1Wall02Dam01_LOD_0.nif
3808 2 4 4 2.00000 2.00000 1.00000 1.00000 4 4 1 1 0 0.00000 0 1 0 0 0 0 0 4 0 4 0 0 0 1.00000 LOD\Buildings\DecoKit\DecoLobbyA1x1Wall02Dam02_LOD_0.nif
3809 2 4 4 2.00000 2.00000 1.00000 1.00000 4 4 1 1 0 0.00000 0 1 0 0 0 0 0 4 0 4 0 0 0 1.00000 LOD\Buildings\DecoKit\DecoLobbyA1x1Wall02Full01_LOD_0.nif
3810 2 4 4 2.00000 2.00000 1.00000 1.00000 4 4 1 1 0 0.00000 0 1 0 0 0 0 0 4 0 4 0 0 0 1.00000 LOD\Buildings\DecoKit\DecoLobbyA1x1Win01_LOD_0.nif
3811 2 4 4 2.00000 2.00000 1.00000 1.00000 4 4 1 1 0 0.00000 0 1 0 0 0 0 0 4 0 4 0 0 0 1.00000 LOD\Buildings\DecoKit\DecoLobbyA1x1Win01Full01_LOD_0.nif
3812 2 4 4 2.00000 2.00000 1.00000 1.00000 4 4 1 1 0 0.00000 0 1 0 0 0 0 0 4 0 4 0 0 0 1.00000 LOD\Buildings\DecoKit\DecoLobbyA1x1Win01Full01a_LOD_0.nif
3813 2 4 4 2.00000 2.00000 1.00000 1.00000 4 4 1 1 0 0.00000 0 1 0 0 0 0 0 4 0 4 0 0 0 1.00000 LOD\Buildings\DecoKit\DecoLobbyA1x1Win01Full02_LOD_0.nif
3814 2 4 4 2.00000 2.00000 1.00000 1.00000 4 4 1 1 0 0.00000 0 1 0 0 0 0 0 4 0 4 0 0 0 1.00000 LOD\Buildings\DecoKit\DecoLobbyA1x1Win02_LOD_0.nif
3815 8 10 16 1.25000 1.25000 1.20000 1.20000 10 10 2 1 1 42.47599 1 1 0 0 0 1 0 10 0 6 0 0 0 0.81852 LOD\Buildings\DecoKit\DecoLobbyA1x2OpenFull01_LOD_0.nif
3816 2 4 4 2.00000 2.00000 1.00000 1.00000 4 4 1 1 0 0.00000 0 1 0 0 0 0 0 4 0 4 0 0 0 1.00000 LOD\Buildings\DecoKit\DecoLobbyA1x2Wall01_LOD_0.nif
3817 16 20 36 1.25000 1.25000 1.00000 1.00000 18 18 3 1 2 44.21389 2 1 0 0 0 2 0 18 2 6 0 0 0 0.91176 LOD\Buildings\DecoKit\DecoLobbyB1x1CorWin01_LOD_0.nif
3818 2 4 4 2.00000 2.00000 1.00000 1.00000 4 4 1 1 0 0.00000 0 1 0 0 0 0 0 4 0 4 0 0 0 1.00000 LOD\Buildings\DecoKit\DecoLobbyB1x1Door01_LOD_0.nif
3819 2 4 4 2.00000 2.00000 1.00000 1.00000 4 4 1 1 0 0.00000 0 1 0 0 0 0 0 4 0 4 0 0 0 1.00000 LOD\Buildings\DecoKit\DecoLobbyB1x1DoorSingle01_LOD_0.nif
3820 2 4 4 2.00000 2.00000 1.00000 1.00000 4 4 1 1 0 0.00000 0 1 0 0 0 0 0 4 0 4 0 0 0 1.00000 LOD\Buildings\DecoKit\DecoLobbyB1x1DoorSingle01Full01_LOD_0.nif
3821 8 10 16 1.25000 1.25000 1.20000 1.20000 10 10 2 1 1 43.02941 1 1 0 0 0 1 0 10 0 6 0 0 0 0.76649 LOD\Buildings\DecoKit\DecoLobbyB1x1OpenFull01_LOD_0.nif
3822 2 4 4 2.00000 2.00000 1.00000 1.00000 4 4 1 1 0 0.00000 0 1 0 0 0 0 0 4 0 4 0 0 0 1.00000 LOD\Buildings\DecoKit\DecoLobbyB1x1Wall02_LOD_0.nif
3823 2 4 4 2.00000 2.00000 1.00000 1.00000 4 4 1 1 0 0.00000 0 1 0 0 0 0 0 4 0 4 0 0 0 1.00000 LOD\Buildings\DecoKit\DecoLobbyB1x1Wall02Dam01_LOD_0.nif
3824 2 4 4 2.00000 2.00000 1.00000 1.00000 4 4 1 1 0 0.00000 0 1 0 0 0 0 0 4 0 4 0 0 0 1.00000 LOD\Buildings\DecoKit\DecoLobbyB1x1Wall03_LOD_0.nif
3825 2 4 4 2.00000 2.00000 1.00000 1.00000 4 4 1 1 0 0.00000 0 1 0 0 0 0 0 4 0 4 0 0 0 1.00000 LOD\Buildings\DecoKit\DecoLobbyB1x1Win01_LOD_0.nif
3826 2 4 4 2.00000 2.00000 1.00000 1.00000 4 4 1 1 0 0.00000 0 1 0 0 0 0 0 4 0 4 0 0 0 1.00000 LOD\Buildings\DecoKit\DecoLobbyB1x1Win01Full01_LOD_0.nif
3827 2 4 4 2.00000 2.00000 1.00000 1.00000 4 4 1 1 0 0.00000 0 1 0 0 0 0 0 4 0 4 0 0 0 1.00000 LOD\Buildings\DecoKit\DecoLobbyB1x1Win02_LOD_0.nif
3828 2 4 4 2.00000 2.00000 1.00000 1.00000 4 4 1 1 0 0.00000 0 1 0 0 0 0 0 4 0 4 0 0 0 1.00000 LOD\Buildings\DecoKit\DecoLobbyB1x1Win02Dam01_LOD_0.nif
3829 2 4 4 2.00000 2.00000 1.00000 1.00000 4 4 1 1 0 0.00000 0 1 0 0 0 0 0 4 0 4 0 0 0 1.00000 LOD\Buildings\DecoKit\DecoLobbyB1x1Win02Full01_LOD_0.nif
3830 2 4 4 2.00000 2.00000 1.00000 1.00000 4 4 1 1 0 0.00000 0 1 0 0 0 0 0 4 0 4 0 0 0 1.00000 LOD\Buildings\DecoKit\DecoLobbyB1x1Win02Full01Dam01_LOD_0.nif
3831 6 9 15 1.50000 1.50000 1.33333 1.33333 8 8 2 1 1 79.99770 1 1 0 0 0 1 0 8 0 6 0 0 0 0.73458 LOD\Buildings\DecoKit\DecoLobbyB1x2Garage01Full01_LOD_0.nif
3832 12 14 28 1.16667 1.16667 1.14286 1.14286 14 14 3 1 2 44.79611 2 1 0 0 0 2 0 14 0 6 0 0 0 0.91176 LOD\Buildings\DecoKit\DecoLobbyC1x1CorDoorSingle01_LOD_0.nif
3833 12 14 28 1.16667 1.16667 1.14286 1.14286 14 14 3 1 2 44.79611 2 1 0 0 0 2 0 14 0 6 0 0 0 0.91176 LOD\Buildings\DecoKit\DecoLobbyC1x1CorDoorSingle01Full01_LOD_0.nif
3834 2 4 4 2.00000 2.00000 1.00000 1.00000 4 4 1 1 0 0.00000 0 1 0 0 0 0 0 4 0 4 0 0 0 1.00000 LOD\Buildings\DecoKit\DecoLobbyC1x1DoorSingle01_LOD_0.nif
3835 2 4 4 2.00000 2.00000 1.00000 1.00000 4 4 1 1 0 0.00000 0 1 0 0 0 0 0 4 0 4 0 0 0 1.00000 LOD\Buildings\DecoKit\DecoLobbyC1x1WinA01_LOD_0.nif
3836 2 4 4 2.00000 2.00000 1.00000 1.00000 4 4 1 1 0 0.00000 0 1 0 0 0 0 0 4 0 4 0 0 0 1.00000 LOD\Buildings\DecoKit\DecoLobbyC1x1WinB01_LOD_0.nif
3837 2 4 4 2.00000 2.00000 1.00000 1.00000 4 4 1 1 0 0.00000 0 1 0 0 0 0 0 4 0 4 0 0 0 1.00000 LOD\Buildings\DecoKit\DecoLobbyC1x1WinB01Full01_LOD_0.nif
3838 2 4 4 2.00000 2.00000 1.00000 1.00000 4 4 1 1 0 0.00000 0 1 0 0 0 0 0 4 0 4 0 0 0 1.00000 LOD\Buildings\DecoKit\DecoLobbyC1x1WinB01Full02_LOD_0.nif
3839 2 4 4 2.00000 2.00000 1.00000 1.00000 4 4 1 1 0 0.00000 0 1 0 0 0 0 0 4 0 4 0 0 0 1.00000 LOD\Buildings\DecoKit\DecoLobbyC1x1WinB01Full03_LOD_0.nif
3840 2 4 4 2.00000 2.00000 1.00000 1.00000 4 4 1 1 0 0.00000 0 1 0 0 0 0 0 4 0 4 0 0 0 1.00000 LOD\Buildings\DecoKit\DecoLobbyC1x2DoorSingle01_LOD_0.nif
3841 2 4 4 2.00000 2.00000 1.00000 1.00000 4 4 1 1 0 0.00000 0 1 0 0 0 0 0 4 0 4 0 0 0 1.00000 LOD\Buildings\DecoKit\DecoLobbyC1x2DoorSingle01Full01_LOD_0.nif
3842 10 24 24 2.40000 2.40000 1.00000 1.00000 8 8 1 1 0 0.00000 0 0 0 0 0 0 0 10 4 8 0 0 1 1.00000 LOD\Buildings\DecoKit\DecoMainA1x1AngleBDoorDouble01Full_LOD_0.nif
3843 2 4 4 2.00000 2.00000 1.00000 1.00000 4 4 1 1 0 0.00000 0 1 0 0 0 0 0 4 0 4 0 0 0 1.00000 LOD\Buildings\DecoKit\DecoMainA1x1AngleBWall01_LOD_0.nif
3844 2 4 4 2.00000 2.00000 1.00000 1.00000 4 4 1 1 0 0.00000 0 1 0 0 0 0 0 4 0 4 0 0 0 1.00000 LOD\Buildings\DecoKit\DecoMainA1x1AngleBWall01Full_LOD_0.nif
3845 2 4 4 2.00000 2.00000 1.00000 1.00000 4 4 1 1 0 0.00000 0 1 0 0 0 0 0 4 0 4 0 0 0 1.00000 LOD\Buildings\DecoKit\DecoMainA1x1AngleBWall01Half01_LOD.nif
3846 6 8 14 1.33333 1.33333 1.00000 1.00000 8 8 2 1 1 55.86800 1 1 0 0 0 1 0 8 0 6 0 0 0 1.00000 LOD\Buildings\DecoKit\DecoMainA1x1Cor01_LOD_0.nif
3847 6 8 14 1.33333 1.33333 1.00000 1.00000 8 8 2 1 1 52.25924 1 1 0 0 0 1 0 8 0 6 0 0 0 1.00000 LOD\Buildings\DecoKit\DecoMainA1x1Cor01Half01_LOD_0.nif
3848 6 12 18 2.00000 2.00000 1.00000 1.00000 8 8 2 1 1 55.86800 1 1 0 0 0 1 0 8 4 6 0 0 0 1.00000 LOD\Buildings\DecoKit\DecoMainA1x1CorDoorSingle01_LOD_0.nif
3849 6 12 18 2.00000 2.00000 1.00000 1.00000 8 8 2 1 1 55.86800 1 1 0 0 0 1 0 8 4 6 0 0 0 1.00000 LOD\Buildings\DecoKit\DecoMainA1x1CorDoorSingle01Full_LOD_0.nif
3850 14 24 38 1.71429 1.71429 1.00000 1.00000 8 8 3 1 2 57.23429 2 1 0 0 0 2 0 12 12 6 0 0 0 1.00000 LOD\Buildings\DecoKit\DecoMainA1x1CorWin01_LOD_0.nif
3851 14 24 38 1.71429 1.71429 1.00000 1.00000 8 8 3 1 2 57.23429 2 1 0 0 0 2 0 12 12 6 0 0 0 1.00000 LOD\Buildings\DecoKit\DecoMainA1x1CorWin01Full01_LOD_0.nif
3852 14 24 38 1.71429 1.71429 1.00000 1.00000 8 8 3 1 2 57.23429 2 1 0 0 0 2 0 12 12 6 0 0 0 1.00000 LOD\Buildings\DecoKit\DecoMainA1x1CorWin01Full02_LOD_0.nif
3853 6 12 18 2.00000 2.00000 1.00000 1.00000 8 8 2 1 1 55.86800 1 1 0 0 0 1 0 8 4 6 0 0 0 1.00000 LOD\Buildings\DecoKit\DecoMainA1x1CorWin02_LOD_0.nif
3854 2 4 4 2.00000 2.00000 1.00000 1.00000 4 4 1 1 0 0.00000 0 1 0 0 0 0 0 4 0 4 0 0 0 1.00000 LOD\Buildings\DecoKit\DecoMainA1x1DoorDouble01_LOD_0.nif
3855 2 4 4 2.00000 2.00000 1.00000 1.00000 4 4 1 1 0 0.00000 0 1 0 0 0 0 0 4 0 4 0 0 0 1.00000 LOD\Buildings\DecoKit\DecoMainA1x1DoorSingle01_LOD_0.nif
3856 2 4 4 2.00000 2.00000 1.00000 1.00000 4 4 1 1 0 0.00000 0 1 0 0 0 0 0 4 0 4 0 0 0 1.00000 LOD\Buildings\DecoKit\DecoMainA1x1DoorSingle02_LOD_0.nif
3857 2 4 4 2.00000 2.00000 1.00000 1.00000 4 4 1 1 0 0.00000 0 1 0 0 0 0 0 4 0 4 0 0 0 1.00000 LOD\Buildings\DecoKit\DecoMainA1x1DoorSingle02Full01_LOD_0.nif
3858 2 4 4 2.00000 2.00000 1.00000 1.00000 4 4 1 1 0 0.00000 0 1 0 0 0 0 0 4 0 4 0 0 0 1.00000 LOD\Buildings\DecoKit\DecoMainA1x1Wall01_LOD_0.nif
3859 2 4 4 2.00000 2.00000 1.00000 1.00000 4 4 1 1 0 0.00000 0 1 0 0 0 0 0 4 0 4 0 0 0 1.00000 LOD\Buildings\DecoKit\DecoMainA1x1Wall01Full01_LOD_0.nif
3860 2 4 4 2.00000 2.00000 1.00000 1.00000 4 4 1 1 0 0.00000 0 1 0 0 0 0 0 4 0 4 0 0 0 1.00000 LOD\Buildings\DecoKit\DecoMainA1x1Wall01Half01_LOD_0.nif
3861 2 4 4 2.00000 2.00000 1.00000 1.00000 4 4 1 1 0 0.00000 0 1 0 0 0 0 0 4 0 4 0 0 0 1.00000 LOD\Buildings\DecoKit\DecoMainA1x1Wall01Half01Full01_LOD_0.nif
3862 2 4 4 2.00000 2.00000 1.00000 1.00000 4 4 1 1 0 0.00000 0 1 0 0 0 0 0 4 0 4 0 0 0 1.00000 LOD\Buildings\DecoKit\DecoMainA1x1Wall01Vent01_LOD_0.nif
3863 1 3 3 3.00000 3.00000 1.33333 1.33333 3 3 1 1 0 0.00000 0 1 0 0 0 0 0 3 0 3 0 0 0 1.00000 LOD\Buildings\DecoKit\DecoMainA1x1WallPeakL01Full01_LOD_0.nif
3864 1 3 3 3.00000 3.00000 1.33333 1.33333 3 3 1 1 0 0.00000 0 1 0 0 0 0 0 3 0 3 0 0 0 1.00000 LOD\Buildings\DecoKit\DecoMainA1x1WallPeakR01Full01_LOD_0.nif
3865 2 4 4 2.00000 2.00000 1.00000 1.00000 4 4 1 1 0 0.00000 0 1 0 0 0 0 0 4 0 4 0 0 0 1.00000 LOD\Buildings\DecoKit\DecoMainA1x1Win01_LOD_0.nif
3866 2 4 4 2.00000 2.00000 1.00000 1.00000 4 4 1 1 0 0.00000 0 1 0 0 0 0 0 4 0 4 0 0 0 1.00000 LOD\Buildings\DecoKit\DecoMainA1x1Win02_LOD_0.nif
3867 2 4 4 2.00000 2.00000 1.00000 1.00000 4 4 1 1 0 0.00000 0 1 0 0 0 0 0 4 0 4 0 0 0 1.00000 LOD\Buildings\DecoKit\DecoMainA1x1Win03_LOD_0.nif
3868 4 8 8 2.00000 2.00000 1.00000 1.00000 6 6 1 1 0 0.00000 0 1 0 0 0 0 0 6 2 6 0 0 0 1.00000 LOD\Buildings\DecoKit\DecoMainA1x1Win04_LOD_0.nif
3869 2 4 4 2.00000 2.00000 1.00000 1.00000 4 4 1 1 0 0.00000 0 1 0 0 0 0 0 4 0 4 0 0 0 1.00000 LOD\Buildings\DecoKit\DecoMainA1x1Win05_LOD_0.nif
3870 2 4 4 2.00000 2.00000 1.00000 1.00000 4 4 1 1 0 0.00000 0 1 0 0 0 0 0 4 0 4 0 0 0 1.00000 LOD\Buildings\DecoKit\DecoMainA1x1Win05Full01_LOD_0.nif
3871 2 4 4 2.00000 2.00000 1.00000 1.00000 4 4 1 1 0 0.00000 0 1 0 0 0 0 0 4 0 4 0 0 0 1.00000 LOD\Buildings\DecoKit\DecoMainA1x1Win06_LOD_0.nif
3872 2 4 4 2.00000 2.00000 1.00000 1.00000 4 4 1 1 0 0.00000 0 1 0 0 0 0 0 4 0 4 0 0 0 1.00000 LOD\Buildings\DecoKit\DecoMainA1x1Win06Full01_LOD_0.nif
3873 2 4 4 2.00000 2.00000 1.00000 1.00000 4 4 1 1 0 0.00000 0 1 0 0 0 0 0 4 0 4 0 0 0 1.00000 LOD\Buildings\DecoKit\DecoMainA1x1Win07_LOD_0.nif
3874 2 4 4 2.00000 2.00000 1.00000 1.00000 4 4 1 1 0 0.00000 0 1 0 0 0 0 0 4 0 4 0 0 0 1.00000 LOD\Buildings\DecoKit\DecoMainA1x1Win07Full01_LOD_0.nif
3875 2 4 4 2.00000 2.00000 1.00000 1.00000 4 4 1 1 0 0.00000 0 1 0 0 0 0 0 4 0 4 0 0 0 1.00000 LOD\Buildings\DecoKit\DecoMainA1x1Win07Full02_LOD_0.nif
3876 2 4 4 2.00000 2.00000 1.00000 1.00000 4 4 1 1 0 0.00000 0 1 0 0 0 0 0 4 0 4 0 0 0 1.00000 LOD\Buildings\DecoKit\DecoMainA1x1WinB01_LOD_0.nif
3877 2 4 4 2.00000 2.00000 1.00000 1.00000 4 4 1 1 0 0.00000 0 1 0 0 0 0 0 4 0 4 0 0 0 1.00000 LOD\Buildings\DecoKit\DecoMainA1x1WinB01Full01_LOD_0.nif
3878 2 4 4 2.00000 2.00000 1.00000 1.00000 4 4 1 1 0 0.00000 0 1 0 0 0 0 0 4 0 4 0 0 0 1.00000 LOD\Buildings\DecoKit\DecoMainA1x1WinB01Full02_LOD_0.nif
3879 2 4 4 2.00000 2.00000 1.00000 1.00000 4 4 1 1 0 0.00000 0 1 0 0 0 0 0 4 0 4 0 0 0 1.00000 LOD\Buildings\DecoKit\DecoMainA1x1WinC01_LOD_0.nif
3880 2 4 4 2.00000 2.00000 1.00000 1.00000 4 4 1 1 0 0.00000 0 1 0 0 0 0 0 4 0 4 0 0 0 1.00000 LOD\Buildings\DecoKit\DecoMainA1x1WinC01Full01_LOD_0.nif
3881 2 4 4 2.00000 2.00000 1.00000 1.00000 4 4 1 1 0 0.00000 0 1 0 0 0 0 0 4 0 4 0 0 0 1.00000 LOD\Buildings\DecoKit\DecoMainA1x1WinC01Full02_LOD_0.nif
3882 6 12 12 2.00000 2.00000 1.00000 1.00000 8 8 1 1 0 0.00000 0 0 0 1 0 1 0 8 4 8 0 0 0 1.00000 LOD\Buildings\DecoKit\DecoMainA1x1WinC02_LOD_0.nif
3883 6 12 12 2.00000 2.00000 1.00000 1.00000 8 8 1 1 0 0.00000 0 0 0 1 0 1 0 8 4 8 0 0 0 1.00000 LOD\Buildings\DecoKit\DecoMainA1x1WinC02Full02_LOD_0.nif
3884 6 12 12 2.00000 2.00000 1.00000 1.00000 8 8 1 1 0 0.00000 0 0 0 1 0 1 0 8 4 8 0 0 0 1.00000 LOD\Buildings\DecoKit\DecoMainA1x1WinC02Full_LOD_0.nif
3885 2 4 4 2.00000 2.00000 1.00000 1.00000 4 4 1 1 0 0.00000 0 1 0 0 0 0 0 4 0 4 0 0 0 1.00000 LOD\Buildings\DecoKit\DecoMainA1x1WinD01_LOD_0.nif
3886 2 4 4 2.00000 2.00000 1.00000 1.00000 4 4 1 1 0 0.00000 0 1 0 0 0 0 0 4 0 4 0 0 0 1.00000 LOD\Buildings\DecoKit\DecoMainA1x1WinD01Full01_LOD_0.nif
3887 6 12 18 2.00000 2.00000 1.00000 1.00000 8 8 2 1 1 54.70640 1 1 0 0 0 1 0 8 4 6 0 0 0 0.76885 LOD\Buildings\DecoKit\DecoMainA1x1WinDBayMid01_LOD_0.nif
3888 6 12 18 2.00000 2.00000 1.00000 1.00000 8 8 2 1 1 54.70640 1 1 0 0 0 1 0 8 4 6 0 0 0 0.76885 LOD\Buildings\DecoKit\DecoMainA1x1WinDBayMid01Full01_LOD_0.nif
3889 6 12 18 2.00000 2.00000 1.00000 1.00000 8 8 2 1 1 54.70640 1 1 0 0 0 1 0 8 4 6 0 0 0 0.76885 LOD\Buildings\DecoKit\DecoMainA1x1WinDBayMid02_LOD_0.nif
3890 6 12 18 2.00000 2.00000 1.00000 1.00000 8 8 2 1 1 54.70640 1 1 0 0 0 1 0 8 4 6 0 0 0 0.76885 LOD\Buildings\DecoKit\DecoMainA1x1WinDBayMid03_LOD_0.nif
3891 5 11 11 2.20000 2.20000 1.09091 1.09091 5 5 1 1 0 0.00000 0 0 0 0 0 0 0 6 5 5 0 0 1 1.00000 LOD\Buildings\DecoKit\DecoMainA1x1WinDBayRoofEnd01_LOD_0.nif
3892 4 8 8 2.00000 2.00000 1.00000 1.00000 6 6 1 1 0 0.00000 0 1 0 0 0 0 0 6 1 6 0 0 0 1.00000 LOD\Buildings\DecoKit\DecoMainA1x1WinDBayRoofEndL01Full01_LOD_0.nif
3893 4 8 8 2.00000 2.00000 1.00000 1.00000 6 6 1 1 0 0.00000 0 1 0 0 0 0 0 6 2 6 0 0 0 1.00000 LOD\Buildings\DecoKit\DecoMainA1x1WinDBayRoofStr01_LOD_0.nif
3894 4 8 8 2.00000 2.00000 1.00000 1.00000 6 6 1 1 0 0.00000 0 1 0 0 0 0 0 6 2 6 0 0 0 1.00000 LOD\Buildings\DecoKit\DecoMainA1x1WinDBayRoofStr01Full01_LOD_0.nif
3895 11 23 23 2.09091 2.09091 1.04348 1.04348 7 7 1 1 0 0.00000 0 0 0 0 0 0 0 10 13 7 0 0 1 1.00000 LOD\Buildings\DecoKit\DecoMainA1x1WinDBayTop01_LOD_0.nif
3896 11 23 23 2.09091 2.09091 1.04348 1.04348 7 7 1 1 0 0.00000 0 0 0 0 0 0 0 10 13 7 0 0 1 1.00000 LOD\Buildings\DecoKit\DecoMainA1x1WinDBayTop01Full01_LOD_0.nif
3897 11 23 23 2.09091 2.09091 1.04348 1.04348 7 7 1 1 0 0.00000 0 0 0 0 0 0 0 10 13 7 0 0 1 1.00000 LOD\Buildings\DecoKit\DecoMainA1x1WinDBayTop02_LOD_0.nif
3898 1 3 3 3.00000 3.00000 1.33333 1.33333 3 3 1 1 0 0.00000 0 1 0 0 0 0 0 3 0 3 0 0 0 1.00000 LOD\Buildings\DecoKit\DecoMainA1x1WinDRoofEnd01_LOD.nif
3899 6 16 22 2.66667 2.66667 1.00000 1.00000 8 8 2 1 1 0.32184 1 1 0 0 0 1 0 8 5 6 0 0 0 1.00000 LOD\Buildings\DecoKit\DecoMainA1x2AngleAArch01_LOD.nif
3900 14 40 40 2.85714 2.85714 1.00000 1.00000 16 16 1 1 0 0.00000 0 0 0 0 0 0 0 16 7 16 0 0 1 1.00000 LOD\Buildings\DecoKit\DecoMainA1x2AngleAArch01Full01_LOD_0.nif
3901 4 8 8 2.00000 2.00000 1.00000 1.00000 6 6 1 1 0 0.00000 0 1 0 0 0 0 0 6 2 6 0 0 0 1.00000 LOD\Buildings\DecoKit\DecoMainA1x2AngleAWall01_LOD_0.nif
3902 6 16 22 2.66667 2.66667 1.00000 1.00000 8 8 2 1 1 0.00001 1 1 0 0 0 1 0 8 6 6 0 0 0 1.00000 LOD\Buildings\DecoKit\DecoMainA1x2AngleAWall01Greeb01_LOD_0.nif
3903 4 8 8 2.00000 2.00000 1.00000 1.00000 6 6 1 1 0 0.00000 0 1 0 0 0 0 0 6 2 6 0 0 0 1.00000 LOD\Buildings\DecoKit\DecoMainA1x2AngleAWall01Half01_LOD_0.nif
3904 4 8 8 2.00000 2.00000 1.00000 1.00000 6 6 1 1 0 0.00000 0 1 0 0 0 0 0 6 2 6 0 0 0 1.00000 LOD\Buildings\DecoKit\DecoMainA1x2AngleAWin01_LOD_0.nif
3905 4 8 8 2.00000 2.00000 1.00000 1.00000 6 6 1 1 0 0.00000 0 1 0 0 0 0 0 6 2 6 0 0 0 1.00000 LOD\Buildings\DecoKit\DecoMainA1x2AngleAWin02_LOD_0.nif
3906 4 8 8 2.00000 2.00000 1.00000 1.00000 6 6 1 1 0 0.00000 0 1 0 0 0 0 0 6 2 6 0 0 0 1.00000 LOD\Buildings\DecoKit\DecoMainA1x2AngleAWin02Full01_LOD_0.nif
3907 10 24 24 2.40000 2.40000 1.00000 1.00000 12 12 1 1 0 0.00000 0 0 0 0 0 0 0 12 12 12 0 0 1 1.00000 LOD\Buildings\DecoKit\DecoMainA1x2AngleBDoorDouble01_LOD_0.nif
3908 6 12 12 2.00000 2.00000 1.00000 1.00000 8 8 1 1 0 0.00000 0 0 0 0 0 0 0 8 4 8 0 0 1 1.00000 LOD\Buildings\DecoKit\DecoMainA1x2AngleBWall01_LOD_0.nif
3909 6 12 12 2.00000 2.00000 1.00000 1.00000 8 8 1 1 0 0.00000 0 0 0 0 0 0 0 8 4 8 0 0 1 1.00000 LOD\Buildings\DecoKit\DecoMainA1x2AngleBWall01Full_LOD_0.nif
3910 6 12 18 2.00000 2.00000 1.00000 1.00000 8 8 2 1 1 0.08836 1 1 0 0 0 1 0 8 4 6 0 0 0 1.00000 LOD\Buildings\DecoKit\DecoMainA1x2AngleBWall01Half01_LOD_0.nif
3911 6 12 18 2.00000 2.00000 1.00000 1.00000 8 8 2 1 1 0.08836 1 1 0 0 0 1 0 8 4 6 0 0 0 1.00000 LOD\Buildings\DecoKit\DecoMainA1x2AngleBWall01Half01Full01_LOD_0.nif
3912 6 12 12 2.00000 2.00000 1.00000 1.00000 8 8 1 1 0 0.00000 0 0 0 0 0 0 0 8 4 8 0 0 1 1.00000 LOD\Buildings\DecoKit\DecoMainA1x2AngleBWin01_LOD_0.nif
3913 6 12 12 2.00000 2.00000 1.00000 1.00000 8 8 1 1 0 0.00000 0 0 0 0 0 0 0 8 4 8 0 0 1 1.00000 LOD\Buildings\DecoKit\DecoMainA1x2AngleBWin02_LOD_0.nif
3914 6 12 12 2.00000 2.00000 1.00000 1.00000 8 8 1 1 0 0.00000 0 0 0 0 0 0 0 8 4 8 0 0 1 1.00000 LOD\Buildings\DecoKit\DecoMainA1x2AngleBWin02Full01_LOD_0.nif
3915 6 12 12 2.00000 2.00000 1.00000 1.00000 8 8 1 1 0 0.00000 0 0 0 0 0 0 0 8 4 8 0 0 1 1.00000 LOD\Buildings\DecoKit\DecoMainA1x2AngleBWinB01_LOD_0.nif
3916 2 4 4 2.00000 2.00000 1.00000 1.00000 4 4 1 1 0 0.00000 0 1 0 0 0 0 0 4 0 4 0 0 0 1.00000 LOD\Buildings\DecoKit\DecoMainA1x2Balcony01_LOD_0.nif
3917 6 12 12 2.00000 2.00000 1.00000 1.00000 8 8 1 1 0 0.00000 0 0 0 1 0 1 0 8 4 8 0 0 0 1.00000 LOD\Buildings\DecoKit\DecoMainA1x2DoorDouble01_LOD_0.nif
3918 6 12 12 2.00000 2.00000 1.00000 1.00000 8 8 1 1 0 0.00000 0 0 0 1 0 1 0 8 4 8 0 0 0 1.00000 LOD\Buildings\DecoKit\DecoMainA1x2DoorDouble01Full01_LOD_0.nif
3919 2 4 4 2.00000 2.00000 1.00000 1.00000 4 4 1 1 0 0.00000 0 1 0 0 0 0 0 4 0 4 0 0 0 1.00000 LOD\Buildings\DecoKit\DecoMainA1x2Wall01_LOD_0.nif
3920 2 4 4 2.00000 2.00000 1.00000 1.00000 4 4 1 1 0 0.00000 0 1 0 0 0 0 0 4 0 4 0 0 0 1.00000 LOD\Buildings\DecoKit\DecoMainA1x2Wall01Full01_LOD_0.nif
3921 2 4 4 2.00000 2.00000 1.00000 1.00000 4 4 1 1 0 0.00000 0 1 0 0 0 0 0 4 0 4 0 0 0 1.00000 LOD\Buildings\DecoKit\DecoMainA1x2Wall01Half01_LOD_0.nif
3922 2 4 4 2.00000 2.00000 1.00000 1.00000 4 4 1 1 0 0.00000 0 1 0 0 0 0 0 4 0 4 0 0 0 1.00000 LOD\Buildings\DecoKit\DecoMainA1x2Wall02_LOD_0.nif
3923 2 4 4 2.00000 2.00000 1.00000 1.00000 4 4 1 1 0 0.00000 0 1 0 0 0 0 0 4 0 4 0 0 0 1.00000 LOD\Buildings\DecoKit\DecoMainA1x2Win01_LOD_0.nif
3924 2 4 4 2.00000 2.00000 1.00000 1.00000 4 4 1 1 0 0.00000 0 1 0 0 0 0 0 4 0 4 0 0 0 1.00000 LOD\Buildings\DecoKit\DecoMainA1x2Win01Full01_LOD_0.nif
3925 2 4 4 2.00000 2.00000 1.00000 1.00000 4 4 1 1 0 0.00000 0 1 0 0 0 0 0 4 0 4 0 0 0 1.00000 LOD\Buildings\DecoKit\DecoMainA1x2Win02_LOD_0.nif
3926 2 4 4 2.00000 2.00000 1.00000 1.00000 4 4 1 1 0 0.00000 0 1 0 0 0 0 0 4 0 4 0 0 0 1.00000 LOD\Buildings\DecoKit\DecoMainA1x2Win02Full01_LOD_0.nif
3927 2 4 4 2.00000 2.00000 1.00000 1.00000 4 4 1 1 0 0.00000 0 1 0 0 0 0 0 4 0 4 0 0 0 1.00000 LOD\Buildings\DecoKit\DecoMainA1x2WinB01_LOD_0.nif
3928 2 4 4 2.00000 2.00000 1.00000 1.00000 4 4 1 1 0 0.00000 0 1 0 0 0 0 0 4 0 4 0 0 0 1.00000 LOD\Buildings\DecoKit\DecoMainA1x2WinB01Full01_LOD_0.nif
3929 4 8 8 2.00000 2.00000 1.00000 1.00000 6 6 1 1 0 0.00000 0 1 0 0 0 0 0 6 2 6 0 0 0 1.00000 LOD\Buildings\DecoKit\DecoMainA1x2WinB02_LOD_0.nif
3930 10 19 19 1.90000 1.90000 1.05263 1.05263 8 8 1 1 0 0.00000 0 0 0 1 0 1 0 10 4 8 0 0 0 1.00000 LOD\Buildings\DecoKit\DecoMainA2x1ArchDoorSingle01_LOD_0.nif
3931 9 14 20 1.55556 1.55556 1.14286 1.14286 11 11 2 1 1 36.37994 1 1 0 0 0 1 0 11 0 6 0 0 0 0.83211 LOD\Buildings\DecoKit\DecoMainA2x1ArchFull01_LOD_0.nif
3932 5 10 16 2.00000 2.00000 1.20000 1.20000 7 7 2 1 1 7.27255 1 1 0 0 0 1 0 7 0 6 0 0 0 0.98958 LOD\Buildings\DecoKit\DecoMainA2x1ArchFull01Wall01_LOD_0.nif
3933 3 5 5 1.66667 1.66667 1.60000 1.60000 5 5 1 1 0 0.00000 0 1 0 0 0 0 0 5 0 5 0 0 0 1.00000 LOD\Buildings\DecoKit\DecoMainA2x1ArchFull01Win01_LOD_0.nif
3934 3 5 5 1.66667 1.66667 1.60000 1.60000 5 5 1 1 0 0.00000 0 1 0 0 0 0 0 5 0 5 0 0 0 1.00000 LOD\Buildings\DecoKit\DecoMainA2x1ArchFull01Win02_LOD_0.nif
3935 3 5 5 1.66667 1.66667 1.60000 1.60000 5 5 1 1 0 0.00000 0 1 0 0 0 0 0 5 0 5 0 0 0 1.00000 LOD\Buildings\DecoKit\DecoMainA2x1ArchFull01Win03_LOD_0.nif
3936 4 8 8 2.00000 2.00000 1.00000 1.00000 6 6 1 1 0 0.00000 0 1 0 0 0 0 0 6 2 6 0 0 0 1.00000 LOD\Buildings\DecoKit\DecoMainA2x1ArchWall01_LOD_0.nif
3937 12 16 22 1.33333 1.33333 1.00000 1.00000 8 8 2 1 1 0.00003 1 0 0 1 0 2 0 11 5 4 0 0 0 1.00000 LOD\Buildings\DecoKit\DecoMainA2x1ArchWall02_LOD_0.nif
3938 2 4 4 2.00000 2.00000 1.00000 1.00000 4 4 1 1 0 0.00000 0 1 0 0 0 0 0 4 0 4 0 0 0 1.00000 LOD\Buildings\DecoKit\DecoMainA2x1ArchWin01_LOD_0.nif
3939 2 4 4 2.00000 2.00000 1.00000 1.00000 4 4 1 1 0 0.00000 0 1 0 0 0 0 0 4 0 4 0 0 0 1.00000 LOD\Buildings\DecoKit\DecoMainA2x1ArchWin02_LOD_0.nif
3940 4 8 8 2.00000 2.00000 1.00000 1.00000 6 6 1 1 0 0.00000 0 1 0 0 0 0 0 6 2 6 0 0 0 1.00000 LOD\Buildings\DecoKit\DecoMainA2x1Wall01_LOD_0.nif
3941 4 8 8 2.00000 2.00000 1.00000 1.00000 6 6 1 1 0 0.00000 0 1 0 0 0 0 0 6 2 6 0 0 0 1.00000 LOD\Buildings\DecoKit\DecoMainA2x1Wall01Full_LOD_0.nif
3942 2 4 4 2.00000 2.00000 1.00000 1.00000 4 4 1 1 0 0.00000 0 1 0 0 0 0 0 4 0 4 0 0 0 1.00000 LOD\Buildings\DecoKit\DecoMainA2x1Wall01Greeb01_LOD_0.nif
3943 8 16 22 2.00000 2.00000 1.00000 1.00000 10 10 2 1 1 0.04419 1 1 0 0 0 1 0 10 6 6 0 0 0 1.00000 LOD\Buildings\DecoKit\DecoMainA2x2AngleBArch01_LOD_0.nif
3944 12 30 44 2.50000 2.50000 1.06667 1.06667 14 14 3 1 2 119.47295 2 1 0 0 0 2 0 14 6 6 0 0 0 1.00000 LOD\Buildings\DecoKit\DecoMainA2x2AngleBArch01Full01_LOD_0.nif
3945 22 56 78 2.54545 2.54545 1.00000 1.00000 24 24 3 2 2 263.14304 2 0 0 1 0 3 0 24 10 7 0 0 0 0.98814 LOD\Buildings\DecoKit\DecoMainA2x2AngleBArch01Full02_LOD_0.nif
3946 13 25 36 1.92308 1.92308 1.12000 1.12000 9 9 3 1 2 0.00003 2 1 0 0 0 2 0 12 7 4 0 0 0 1.00000 LOD\Buildings\DecoKit\DecoMainA2x2ArchDoorDouble01_LOD_0.nif
3947 4 8 8 2.00000 2.00000 1.00000 1.00000 6 6 1 1 0 0.00000 0 1 0 0 0 0 0 6 2 6 0 0 0 1.00000 LOD\Buildings\DecoKit\DecoMainA2x2Win01_LOD_0.nif
3948 13 39 47 3.00000 3.00000 1.02564 1.02564 15 15 2 1 1 56.54497 1 0 0 0 0 1 0 15 3 8 0 0 1 0.91765 LOD\Buildings\DecoKit\DecoMainADam1x1CorA01Dam01_LOD_0.nif
3949 9 19 25 2.11111 2.11111 1.05263 1.05263 11 11 2 1 1 41.30306 1 1 0 0 0 1 0 11 2 6 0 0 0 0.89327 LOD\Buildings\DecoKit\DecoMainADam1x1CorA01Dam02_LOD_0.nif
3950 18 22 24 1.22222 1.22222 1.09091 1.09091 0 0 1 2 0 0.00000 0 0 0 0 0 0 0 11 0 0 0 0 1 1.00000 LOD\Buildings\DecoKit\DecoMainADam1x1CorWinTrim01_LOD_0.nif
3951 24 33 42 1.37500 1.37500 1.09091 1.09091 0 0 2 2 1 69.88454 1 0 1 0 0 1 0 12 0 0 0 0 0 0.73032 LOD\Buildings\DecoKit\DecoMainADam1x1WallHole01_LOD_0.nif
3952 20 36 49 1.80000 1.80000 1.00000 1.00000 0 0 3 2 2 95.98057 2 1 0 0 0 2 0 12 0 0 0 0 0 1.00000 LOD\Buildings\DecoKit\DecoMainADam1x1WallHole02_LOD_0.nif
3953 3 5 5 1.66667 1.66667 1.60000 1.60000 5 5 1 1 0 0.00000 0 1 0 0 0 0 0 5 0 5 0 0 0 1.00000 LOD\Buildings\DecoKit\DecoMainADam1x1WallTrim01_LOD_0.nif
3954 8 16 20 2.00000 2.00000 1.00000 1.00000 0 0 2 1 1 32.26284 1 1 0 0 0 1 0 6 0 0 0 0 0 1.00000 LOD\Buildings\DecoKit\DecoMainADam1x1WallTrim01L_LOD_0.nif
3955 10 14 18 1.40000 1.40000 1.14286 1.14286 0 0 2 1 1 12.92744 1 1 0 0 0 1 0 7 0 0 0 0 0 1.00000 LOD\Buildings\DecoKit\DecoMainADam1x1WallTrim02_LOD_0.nif
3956 10 20 20 2.00000 2.00000 1.00000 1.00000 0 0 1 1 0 0.00000 0 0 0 0 0 0 0 7 0 0 0 0 1 1.00000 LOD\Buildings\DecoKit\DecoMainADam1x1WallTrim02L_LOD_0.nif
3957 14 24 24 1.71429 1.71429 1.00000 1.00000 0 0 1 1 0 0.00000 0 0 0 0 0 0 0 9 0 0 0 0 1 1.00000 LOD\Buildings\DecoKit\DecoMainADam1x1WallTrim03_LOD_0.nif
3958 10 14 18 1.40000 1.40000 1.14286 1.14286 0 0 2 1 1 25.94900 1 1 0 0 0 1 0 7 0 0 0 0 0 0.90471 LOD\Buildings\DecoKit\DecoMainADam1x1WallTrim03L_LOD_0.nif
3959 12 22 27 1.83333 1.83333 1.09091 1.09091 0 0 2 1 1 20.07779 1 0 0 1 0 2 0 8 0 0 0 0 0 0.72185 LOD\Buildings\DecoKit\DecoMainADam1x1WallTrimBtm01_LOD_0.nif
3960 10 14 14 1.40000 1.40000 1.14286 1.14286 0 0 1 1 0 0.00000 0 0 0 0 0 0 0 7 0 0 0 0 1 1.00000 LOD\Buildings\DecoKit\DecoMainADam1x1WallTrimBtm02_LOD_0.nif
3961 16 26 26 1.62500 1.62500 1.07692 1.07692 0 0 1 1 0 0.00000 0 0 0 0 0 0 0 10 0 0 0 0 1 1.00000 LOD\Buildings\DecoKit\DecoMainADam1x1WallTrimHalf01_LOD_0.nif
3962 18 28 40 1.55556 1.55556 1.00000 1.00000 0 0 3 2 2 100.69888 2 1 0 0 0 2 0 11 0 0 0 0 0 0.79224 LOD\Buildings\DecoKit\DecoMainADam1x1WallTrimHalf01L_LOD_0.nif
3963 12 20 29 1.66667 1.66667 1.00000 1.00000 0 0 3 1 2 30.88515 2 1 0 0 0 2 0 8 0 0 0 0 0 0.72496 LOD\Buildings\DecoKit\DecoMainADam1x1WallTrimHalf02_LOD_0.nif
3964 14 18 27 1.28571 1.28571 1.11111 1.11111 0 0 3 1 2 18.49219 2 1 0 0 0 2 0 9 0 0 0 0 0 0.83601 LOD\Buildings\DecoKit\DecoMainADam1x1WallTrimHalf02L_LOD_0.nif
3965 10 14 18 1.40000 1.40000 1.14286 1.14286 0 0 2 1 1 38.01007 1 1 0 0 0 1 0 7 0 0 0 0 0 0.83369 LOD\Buildings\DecoKit\DecoMainADam1x1WallTrimHalf03_LOD_0.nif
3966 8 16 20 2.00000 2.00000 1.00000 1.00000 0 0 2 1 1 14.04325 1 1 0 0 0 1 0 6 0 0 0 0 0 0.82273 LOD\Buildings\DecoKit\DecoMainADam1x1WallTrimHalf03L_LOD_0.nif
3967 10 20 20 2.00000 2.00000 1.00000 1.00000 0 0 1 1 0 0.00000 0 0 0 0 0 0 0 7 0 0 0 0 1 1.00000 LOD\Buildings\DecoKit\DecoMainADam1x1WallTrimHalf04_LOD_0.nif
3968 8 12 16 1.50000 1.50000 1.00000 1.00000 0 0 2 1 1 15.08237 1 1 0 0 0 1 0 6 0 0 0 0 0 0.80711 LOD\Buildings\DecoKit\DecoMainADam1x1WallTrimHalf04L_LOD_0.nif
3969 8 12 16 1.50000 1.50000 1.00000 1.00000 0 0 2 1 1 17.70322 1 1 0 0 0 1 0 6 0 0 0 0 0 0.82496 LOD\Buildings\DecoKit\DecoMainADam1x1WallTrimHalf05_LOD_0.nif
3970 8 20 24 2.50000 2.50000 1.00000 1.00000 0 0 2 1 1 15.75429 1 1 0 0 0 1 0 6 0 0 0 0 0 0.79252 LOD\Buildings\DecoKit\DecoMainADam1x1WallTrimHalf05L_LOD_0.nif
3971 8 12 12 1.50000 1.50000 1.00000 1.00000 0 0 1 1 0 0.00000 0 0 0 0 0 0 0 6 0 0 0 0 1 1.00000 LOD\Buildings\DecoKit\DecoMainADam1x1WallTrimTop01_LOD_0.nif
3972 30 76 76 2.53333 2.53333 1.00000 1.00000 0 0 1 2 0 0.00000 0 0 0 0 0 0 0 17 6 0 0 0 1 1.00000 LOD\Buildings\DecoKit\DecoMainADam1x2AngleAWin02_LOD_0.nif
3973 64 164 164 2.56250 2.56250 1.00000 1.00000 0 0 1 4 0 0.00000 0 0 0 0 0 0 0 32 26 0 0 0 1 1.00000 LOD\Buildings\DecoKit\DecoMainADam2x1CorA01Dam01_LOD_0.nif
3974 76 208 259 2.73684 2.73684 1.00000 1.00000 0 0 2 5 3 94.04387 1 0 0 0 0 1 0 38 36 0 0 0 1 0.83427 LOD\Buildings\DecoKit\DecoMainADam3x1 CorA01Dam01_LOD_0.nif
3975 26 78 86 3.00000 3.00000 1.02564 1.02564 0 0 2 2 1 56.54497 1 0 0 0 0 1 0 15 6 0 0 0 1 0.91765 LOD\Buildings\DecoKit\DecoMainBDam1x1CorA01Dam01_LOD_0.nif
3976 18 38 46 2.11111 2.11111 1.05263 1.05263 0 0 2 2 1 48.11177 1 0 0 0 0 1 0 11 4 0 0 0 1 0.86754 LOD\Buildings\DecoKit\DecoMainBDam1x1CorA01Dam02_LOD_0.nif
3977 15 19 31 1.26667 1.26667 1.05263 1.05263 15 15 3 1 2 147.80240 2 1 0 0 0 2 0 15 4 5 0 0 0 0.78022 LOD\Buildings\DecoKit\DecoMainBDam1x1CorA01Dam03_LOD.nif
3978 18 22 24 1.22222 1.22222 1.09091 1.09091 0 0 1 2 0 0.00000 0 0 0 0 0 0 0 11 0 0 0 0 1 1.00000 LOD\Buildings\DecoKit\DecoMainBDam1x1CorWinTrim01_LOD_0.nif
3979 24 33 42 1.37500 1.37500 1.09091 1.09091 0 0 2 2 1 69.88454 1 0 1 0 0 1 0 12 0 0 0 0 0 0.73032 LOD\Buildings\DecoKit\DecoMainBDam1x1WallHole01_LOD_0.nif
3980 6 10 10 1.66667 1.66667 1.20000 1.20000 0 0 1 1 0 0.00000 0 0 0 0 0 0 0 5 0 0 0 0 1 1.00000 LOD\Buildings\DecoKit\DecoMainBDam1x1WallTrim01_LOD_0.nif
3981 8 16 20 2.00000 2.00000 1.00000 1.00000 0 0 2 1 1 32.26284 1 1 0 0 0 1 0 6 0 0 0 0 0 1.00000 LOD\Buildings\DecoKit\DecoMainBDam1x1WallTrim01L_LOD_0.nif
3982 10 14 18 1.40000 1.40000 1.14286 1.14286 0 0 2 1 1 12.92744 1 1 0 0 0 1 0 7 0 0 0 0 0 1.00000 LOD\Buildings\DecoKit\DecoMainBDam1x1WallTrim02_LOD_0.nif
3983 10 20 20 2.00000 2.00000 1.00000 1.00000 0 0 1 1 0 0.00000 0 0 0 0 0 0 0 7 0 0 0 0 1 1.00000 LOD\Buildings\DecoKit\DecoMainBDam1x1WallTrim02L_LOD_0.nif
3984 14 24 24 1.71429 1.71429 1.00000 1.00000 0 0 1 1 0 0.00000 0 0 0 0 0 0 0 9 0 0 0 0 1 1.00000 LOD\Buildings\DecoKit\DecoMainBDam1x1WallTrim03_LOD_0.nif
3985 10 14 18 1.40000 1.40000 1.14286 1.14286 0 0 2 1 1 25.94900 1 1 0 0 0 1 0 7 0 0 0 0 0 0.90471 LOD\Buildings\DecoKit\DecoMainBDam1x1WallTrim03L_LOD_0.nif
3986 12 22 27 1.83333 1.83333 1.09091 1.09091 0 0 2 1 1 20.07779 1 0 0 1 0 2 0 8 0 0 0 0 0 0.72185 LOD\Buildings\DecoKit\DecoMainBDam1x1WallTrimBtm01_LOD_0.nif
3987 10 14 14 1.40000 1.40000 1.14286 1.14286 0 0 1 1 0 0.00000 0 0 0 0 0 0 0 7 0 0 0 0 1 1.00000 LOD\Buildings\DecoKit\DecoMainBDam1x1WallTrimBtm02_LOD_0.nif
3988 16 26 26 1.62500 1.62500 1.07692 1.07692 0 0 1 1 0 0.00000 0 0 0 0 0 0 0 10 0 0 0 0 1 1.00000 LOD\Buildings\DecoKit\DecoMainBDam1x1WallTrimHalf01_LOD_0.nif
3989 18 28 40 1.55556 1.55556 1.00000 1.00000 0 0 3 2 2 100.69888 2 1 0 0 0 2 0 11 0 0 0 0 0 0.79224 LOD\Buildings\DecoKit\DecoMainBDam1x1WallTrimHalf01L_LOD_0.nif
3990 12 20 29 1.66667 1.66667 1.00000 1.00000 0 0 3 1 2 30.88515 2 1 0 0 0 2 0 8 0 0 0 0 0 0.72496 LOD\Buildings\DecoKit\DecoMainBDam1x1WallTrimHalf02_LOD_0.nif
3991 14 18 27 1.28571 1.28571 1.11111 1.11111 0 0 3 1 2 18.49219 2 1 0 0 0 2 0 9 0 0 0 0 0 0.83601 LOD\Buildings\DecoKit\DecoMainBDam1x1WallTrimHalf02L_LOD_0.nif
3992 10 14 18 1.40000 1.40000 1.14286 1.14286 0 0 2 1 1 38.01007 1 1 0 0 0 1 0 7 0 0 0 0 0 0.83369 LOD\Buildings\DecoKit\DecoMainBDam1x1WallTrimHalf03_LOD_0.nif
3993 8 16 20 2.00000 2.00000 1.00000 1.00000 0 0 2 1 1 14.04325 1 1 0 0 0 1 0 6 0 0 0 0 0 0.82273 LOD\Buildings\DecoKit\DecoMainBDam1x1WallTrimHalf03L_LOD_0.nif
3994 8 18 22 2.25000 2.25000 1.11111 1.11111 0 0 2 1 1 16.54747 1 1 0 0 0 1 0 6 0 0 0 0 0 0.95215 LOD\Buildings\DecoKit\DecoMainBDam1x1WallTrimHalf04_LOD_0.nif
3995 8 12 16 1.50000 1.50000 1.00000 1.00000 0 0 2 1 1 15.08237 1 1 0 0 0 1 0 6 0 0 0 0 0 0.80711 LOD\Buildings\DecoKit\DecoMainBDam1x1WallTrimHalf04L_LOD_0.nif
3996 8 12 16 1.50000 1.50000 1.00000 1.00000 0 0 2 1 1 17.70322 1 1 0 0 0 1 0 6 0 0 0 0 0 0.82496 LOD\Buildings\DecoKit\DecoMainBDam1x1WallTrimHalf05_LOD_0.nif
3997 8 20 24 2.50000 2.50000 1.00000 1.00000 0 0 2 1 1 15.75429 1 1 0 0 0 1 0 6 0 0 0 0 0 0.79252 LOD\Buildings\DecoKit\DecoMainBDam1x1WallTrimHalf05L_LOD_0.nif
3998 8 12 12 1.50000 1.50000 1.00000 1.00000 0 0 1 1 0 0.00000 0 0 0 0 0 0 0 6 0 0 0 0 1 1.00000 LOD\Buildings\DecoKit\DecoMainBDam1x1WallTrimTop01_LOD_0.nif
3999 30 76 76 2.53333 2.53333 1.00000 1.00000 0 0 1 2 0 0.00000 0 0 0 0 0 0 0 17 6 0 0 0 1 1.00000 LOD\Buildings\DecoKit\DecoMainBDam1x2AngleAWin02_LOD_0.nif
4000 11 33 42 3.00000 3.00000 1.09091 1.09091 15 15 2 1 1 34.35983 1 0 0 1 0 2 0 15 0 9 0 0 0 0.95830 LOD\Buildings\DecoKit\DecoMainBDam1x2AngleBWallHole01_LOD_0.nif
4001 16 16 24 1.00000 1.00000 1.00000 1.00000 16 16 2 1 1 68.50671 1 0 0 0 0 1 0 16 0 8 0 0 1 1.00000 LOD\Buildings\DecoKit\DecoMainBDam2x1Cor01_LOD.nif
4002 10 20 20 2.00000 2.00000 1.00000 1.00000 4 4 1 1 0 0.00000 0 0 0 0 0 0 0 8 12 4 0 0 1 1.00000 LOD\Buildings\DecoKit\DecoMainC1x1BumpOut01_LOD_0.nif
4003 10 20 20 2.00000 2.00000 1.00000 1.00000 4 4 1 1 0 0.00000 0 0 0 0 0 0 0 8 12 4 0 0 1 1.00000 LOD\Buildings\DecoKit\DecoMainC1x1BumpOut01Full01_LOD_0.nif
4004 2 4 4 2.00000 2.00000 1.00000 1.00000 4 4 1 1 0 0.00000 0 1 0 0 0 0 0 4 0 4 0 0 0 1.00000 LOD\Buildings\DecoKit\DecoMainC1x1DoorSingle01_LOD_0.nif
4005 2 4 4 2.00000 2.00000 1.00000 1.00000 4 4 1 1 0 0.00000 0 1 0 0 0 0 0 4 0 4 0 0 0 1.00000 LOD\Buildings\DecoKit\DecoMainC1x1DoorSingle01Full01_LOD_0.nif
4006 2 4 4 2.00000 2.00000 1.00000 1.00000 4 4 1 1 0 0.00000 0 1 0 0 0 0 0 4 0 4 0 0 0 1.00000 LOD\Buildings\DecoKit\DecoMainC1x1DoorSingle02_LOD_0.nif
4007 12 24 24 2.00000 2.00000 1.00000 1.00000 6 6 1 1 0 0.00000 0 0 0 0 0 0 0 10 14 6 0 0 1 1.00000 LOD\Buildings\DecoKit\DecoMainC1x1DoorSingle03_LOD_0.nif
4008 2 4 4 2.00000 2.00000 1.00000 1.00000 4 4 1 1 0 0.00000 0 1 0 0 0 0 0 4 0 4 0 0 0 1.00000 LOD\Buildings\DecoKit\DecoMainC1x1RoofWall01_LOD_0.nif
4009 2 4 4 2.00000 2.00000 1.00000 1.00000 4 4 1 1 0 0.00000 0 1 0 0 0 0 0 4 0 4 0 0 0 1.00000 LOD\Buildings\DecoKit\DecoMainC1x1RoofWall01Full01_LOD_0.nif
4010 2 4 4 2.00000 2.00000 1.00000 1.00000 4 4 1 1 0 0.00000 0 1 0 0 0 0 0 4 0 4 0 0 0 1.00000 LOD\Buildings\DecoKit\DecoMainC1x1RoofWinA01_LOD_0.nif
4011 2 4 4 2.00000 2.00000 1.00000 1.00000 4 4 1 1 0 0.00000 0 1 0 0 0 0 0 4 0 4 0 0 0 1.00000 LOD\Buildings\DecoKit\DecoMainC1x1RoofWinA01Full01_LOD_0.nif
4012 2 4 4 2.00000 2.00000 1.00000 1.00000 4 4 1 1 0 0.00000 0 1 0 0 0 0 0 4 0 4 0 0 0 1.00000 LOD\Buildings\DecoKit\DecoMainc1x1Wall01_LOD_0.nif
4013 2 4 4 2.00000 2.00000 1.00000 1.00000 4 4 1 1 0 0.00000 0 1 0 0 0 0 0 4 0 4 0 0 0 1.00000 LOD\Buildings\DecoKit\DecoMainC1x1Wall01Full01_LOD_0.nif
4014 1 3 3 3.00000 3.00000 1.33333 1.33333 3 3 1 1 0 0.00000 0 1 0 0 0 0 0 3 0 3 0 0 0 1.00000 LOD\Buildings\DecoKit\DecoMainC1x1WallPeak01LFull01_LOD_0.nif
4015 1 3 3 3.00000 3.00000 1.33333 1.33333 3 3 1 1 0 0.00000 0 1 0 0 0 0 0 3 0 3 0 0 0 1.00000 LOD\Buildings\DecoKit\DecoMainC1x1WallPeak01LFull02_LOD_0.nif
4016 1 3 3 3.00000 3.00000 1.33333 1.33333 3 3 1 1 0 0.00000 0 1 0 0 0 0 0 3 0 3 0 0 0 1.00000 LOD\Buildings\DecoKit\DecoMainC1x1WallPeak01RFull01_LOD_0.nif
4017 1 3 3 3.00000 3.00000 1.33333 1.33333 3 3 1 1 0 0.00000 0 1 0 0 0 0 0 3 0 3 0 0 0 1.00000 LOD\Buildings\DecoKit\DecoMainC1x1WallPeak01RFull02_LOD_0.nif
4018 2 4 4 2.00000 2.00000 1.00000 1.00000 4 4 1 1 0 0.00000 0 1 0 0 0 0 0 4 0 4 0 0 0 1.00000 LOD\Buildings\DecoKit\DecoMainC1x1WinA01_LOD_0.nif
4019 2 4 4 2.00000 2.00000 1.00000 1.00000 4 4 1 1 0 0.00000 0 1 0 0 0 0 0 4 0 4 0 0 0 1.00000 LOD\Buildings\DecoKit\DecoMainC1x1WinA01Full01_LOD_0.nif
4020 2 4 4 2.00000 2.00000 1.00000 1.00000 4 4 1 1 0 0.00000 0 1 0 0 0 0 0 4 0 4 0 0 0 1.00000 LOD\Buildings\DecoKit\DecoMainC1x1WinA02_LOD_0.nif
4021 2 4 4 2.00000 2.00000 1.00000 1.00000 4 4 1 1 0 0.00000 0 1 0 0 0 0 0 4 0 4 0 0 0 1.00000 LOD\Buildings\DecoKit\DecoMainC1x1WinA02Full01_LOD_0.nif
4022 2 4 4 2.00000 2.00000 1.00000 1.00000 4 4 1 1 0 0.00000 0 1 0 0 0 0 0 4 0 4 0 0 0 1.00000 LOD\Buildings\DecoKit\DecoMainC1x1WinA03_LOD_0.nif
4023 2 4 4 2.00000 2.00000 1.00000 1.00000 4 4 1 1 0 0.00000 0 1 0 0 0 0 0 4 0 4 0 0 0 1.00000 LOD\Buildings\DecoKit\DecoMainC1x1WinA03Full01_LOD_0.nif
4024 10 20 20 2.00000 2.00000 1.00000 1.00000 4 4 1 1 0 0.00000 0 0 0 0 0 0 0 8 8 4 0 0 1 1.00000 LOD\Buildings\DecoKit\DecoMainC1x1WinBayA01_LOD_0.nif
4025 10 20 20 2.00000 2.00000 1.00000 1.00000 4 4 1 1 0 0.00000 0 0 0 0 0 0 0 8 8 4 0 0 1 1.00000 LOD\Buildings\DecoKit\DecoMainC1x1WinBayA01Full01_LOD_0.nif
4026 10 20 20 2.00000 2.00000 1.00000 1.00000 4 4 1 1 0 0.00000 0 0 0 0 0 0 0 8 8 4 0 0 1 1.00000 LOD\Buildings\DecoKit\DecoMainC1x1WinBayA01Full02_LOD_0.nif
4027 10 20 20 2.00000 2.00000 1.00000 1.00000 4 4 1 1 0 0.00000 0 0 0 0 0 0 0 8 8 4 0 0 1 1.00000 LOD\Buildings\DecoKit\DecoMainC1x1WinBayA02_LOD_0.nif
4028 11 13 13 1.18182 1.18182 1.23077 1.23077 13 13 1 1 0 0.00000 0 0 0 0 0 0 0 13 0 13 0 0 1 1.00000 LOD\Buildings\DecoKit\DecoMainCDam1x1WallHole01_LOD_0.nif
4029 5 7 7 1.40000 1.40000 1.14286 1.14286 7 7 1 1 0 0.00000 0 0 0 0 0 0 0 7 0 7 0 0 1 1.00000 LOD\Buildings\DecoKit\DecoMainCDam1x1WallTrim02_LOD_0.nif
4030 5 7 13 1.40000 1.40000 1.14286 1.14286 7 7 2 1 1 36.26492 1 1 0 0 0 1 0 7 0 6 0 0 0 0.95652 LOD\Buildings\DecoKit\DecoMainCDam1x1WallTrim02L_LOD_0.nif
4031 8 10 10 1.25000 1.25000 1.20000 1.20000 10 10 1 1 0 0.00000 0 0 0 0 0 0 0 10 0 10 0 0 1 1.00000 LOD\Buildings\DecoKit\DecoMainCDam1x1WallTrim03_LOD_0.nif
4032 6 8 14 1.33333 1.33333 1.00000 1.00000 8 8 2 1 1 0.00002 1 1 0 0 0 1 0 8 0 6 0 0 0 0.90909 LOD\Buildings\DecoKit\DecoMainCDam1x1WallTrim03L_LOD_0.nif
4033 2 4 4 2.00000 2.00000 1.00000 1.00000 4 4 1 1 0 0.00000 0 1 0 0 0 0 0 4 0 4 0 0 0 1.00000 LOD\Buildings\DecoKit\DecoMainCDam1x1WallTrimBtm01_LOD_0.nif
4034 4 6 6 1.50000 1.50000 1.33333 1.33333 6 6 1 1 0 0.00000 0 1 0 0 0 0 0 6 0 6 0 0 0 1.00000 LOD\Buildings\DecoKit\DecoMainCDam1x1WallTrimBtm02_LOD_0.nif
4035 5 7 13 1.40000 1.40000 1.14286 1.14286 7 7 2 1 1 0.00000 1 1 0 0 0 1 0 7 0 6 0 0 0 1.00000 LOD\Buildings\DecoKit\DecoMainCDam1x1WallTrimHalf01_LOD_0.nif
4036 5 7 13 1.40000 1.40000 1.14286 1.14286 7 7 2 1 1 0.00001 1 1 0 0 0 1 0 7 0 6 0 0 0 1.00000 LOD\Buildings\DecoKit\DecoMainCDam1x1WallTrimHalf01L_LOD_0.nif
4037 3 5 5 1.66667 1.66667 1.60000 1.60000 5 5 1 1 0 0.00000 0 1 0 0 0 0 0 5 0 5 0 0 0 1.00000 LOD\Buildings\DecoKit\DecoMainCDam1x1WallTrimHalf02_LOD_0.nif
4038 4 6 6 1.50000 1.50000 1.33333 1.33333 6 6 1 1 0 0.00000 0 1 0 0 0 0 0 6 0 6 0 0 0 1.00000 LOD\Buildings\DecoKit\DecoMainCDam1x1WallTrimHalf02L_LOD_0.nif
4039 4 6 6 1.50000 1.50000 1.33333 1.33333 6 6 1 1 0 0.00000 0 1 0 0 0 0 0 6 0 6 0 0 0 1.00000 LOD\Buildings\DecoKit\DecoMainCDam1x1WallTrimHalf03_LOD_0.nif
4040 5 7 13 1.40000 1.40000 1.14286 1.14286 7 7 2 1 1 0.00000 1 1 0 0 0 1 0 7 0 6 0 0 0 1.00000 LOD\Buildings\DecoKit\DecoMainCDam1x1WallTrimHalf03L_LOD_0.nif
4041 5 7 13 1.40000 1.40000 1.14286 1.14286 7 7 2 1 1 9.86353 1 1 0 0 0 1 0 7 0 6 0 0 0 0.96368 LOD\Buildings\DecoKit\DecoMainCDam1x1WallTrimHalf04_LOD_0.nif
4042 3 5 5 1.66667 1.66667 1.60000 1.60000 5 5 1 1 0 0.00000 0 1 0 0 0 0 0 5 0 5 0 0 0 1.00000 LOD\Buildings\DecoKit\DecoMainCDam1x1WallTrimHalf04L_LOD_0.nif
4043 4 6 6 1.50000 1.50000 1.33333 1.33333 6 6 1 1 0 0.00000 0 1 0 0 0 0 0 6 0 6 0 0 0 1.00000 LOD\Buildings\DecoKit\DecoMainCDam1x1WallTrimHalf05_LOD_0.nif
4044 4 6 6 1.50000 1.50000 1.33333 1.33333 6 6 1 1 0 0.00000 0 1 0 0 0 0 0 6 0 6 0 0 0 1.00000 LOD\Buildings\DecoKit\DecoMainCDam1x1WallTrimHalf05L_LOD_0.nif
4045 6 8 8 1.33333 1.33333 1.00000 1.00000 8 8 1 1 0 0.00000 0 0 0 0 0 0 0 8 0 8 0 0 1 1.00000 LOD\Buildings\DecoKit\DecoMainCDam1x1WallTrimTop01_LOD_0.nif
4046 1 3 3 3.00000 3.00000 1.33333 1.33333 3 3 1 1 0 0.00000 0 1 0 0 0 0 0 3 0 3 0 0 0 1.00000 LOD\Buildings\DecoKit\DecoRoof1x1AngleB01_LOD.nif
4047 6 8 14 1.33333 1.33333 1.00000 1.00000 8 8 2 1 1 7.04196 1 1 0 0 0 1 0 8 0 6 0 0 0 1.00000 LOD\Buildings\DecoKit\DecoRoof1x1Cor01_LOD_0.nif
4048 6 8 14 1.33333 1.33333 1.00000 1.00000 8 8 2 1 1 7.04196 1 1 0 0 0 1 0 8 0 6 0 0 0 1.00000 LOD\Buildings\DecoKit\DecoRoof1x1Cor01Full01_LOD_0.nif
4049 2 4 4 2.00000 2.00000 1.00000 1.00000 4 4 1 1 0 0.00000 0 1 0 0 0 0 0 4 0 4 0 0 0 1.00000 LOD\Buildings\DecoKit\DecoRoof1x1Str01_LOD_0.nif
4050 2 4 4 2.00000 2.00000 1.00000 1.00000 4 4 1 1 0 0.00000 0 1 0 0 0 0 0 4 0 4 0 0 0 1.00000 LOD\Buildings\DecoKit\DecoRoof1x1Str01Full01_LOD_0.nif
4051 6 14 14 2.33333 2.33333 1.14286 1.14286 8 8 1 1 0 0.00000 0 0 0 1 0 1 0 8 6 8 0 0 0 1.00000 LOD\Buildings\DecoKit\DecoRoof1x1Str01Stairs01_LOD_0.nif
4052 14 18 24 1.28571 1.28571 1.11111 1.11111 4 4 2 1 1 0.00001 1 0 0 1 0 2 0 10 8 4 0 0 0 1.00000 LOD\Buildings\DecoKit\DecoRoof1x1StrSky01_LOD_0.nif
4053 14 18 24 1.28571 1.28571 1.11111 1.11111 4 4 2 1 1 0.00001 1 0 0 1 0 2 0 10 8 4 0 0 0 1.00000 LOD\Buildings\DecoKit\DecoRoof1x1StrSky01Full01_LOD_0.nif
4054 2 4 4 2.00000 2.00000 1.00000 1.00000 4 4 1 1 0 0.00000 0 1 0 0 0 0 0 4 0 4 0 0 0 1.00000 LOD\Buildings\DecoKit\DecoRoof1x2AngleA01_LOD_0.nif
4055 2 4 4 2.00000 2.00000 1.00000 1.00000 4 4 1 1 0 0.00000 0 1 0 0 0 0 0 4 0 4 0 0 0 1.00000 LOD\Buildings\DecoKit\DecoRoof1x2AngleA01Full01_LOD_0.nif
4056 14 42 49 3.00000 3.00000 1.04762 1.04762 8 8 2 1 1 14.22255 1 0 0 0 0 1 0 12 6 5 0 0 1 0.97792 LOD\Buildings\DecoKit\DecoRoof1x2SkyLightEndL01_LOD_0.nif
4057 14 42 49 3.00000 3.00000 1.04762 1.04762 8 8 2 1 1 14.22255 1 0 0 0 0 1 0 12 6 5 0 0 1 0.98383 LOD\Buildings\DecoKit\DecoRoof1x2SkyLightEndR01_LOD_0.nif
4058 8 24 30 3.00000 3.00000 1.00000 1.00000 10 10 2 1 1 5.70315 1 1 0 0 0 1 0 10 6 6 0 0 0 0.99377 LOD\Buildings\DecoKit\DecoRoof1x2SkyLightMid01_LOD_0.nif
4059 1 3 3 3.00000 3.00000 1.33333 1.33333 3 3 1 1 0 0.00000 0 1 0 0 0 0 0 3 0 3 0 0 0 1.00000 LOD\Buildings\DecoKit\DecoRoof2x2AngleB01_LOD_0.nif
4060 1 3 3 3.00000 3.00000 1.33333 1.33333 3 3 1 1 0 0.00000 0 1 0 0 0 0 0 3 0 3 0 0 0 1.00000 LOD\Buildings\DecoKit\DecoRoof2x2AngleB01Full01_LOD_0.nif
4061 16 23 35 1.43750 1.43750 1.04348 1.04348 6 6 3 1 2 0.00241 2 1 0 0 0 2 0 12 11 4 0 0 0 1.00000 LOD\Buildings\DecoKit\DecoRoof2x2AngleBSky01Full01_LOD_0.nif
4062 28 84 100 3.00000 3.00000 1.00000 1.00000 8 8 3 2 2 27.35138 2 0 0 0 0 2 0 19 12 4 0 0 1 0.93328 LOD\Buildings\DecoKit\DecoRoof2x2SkyLight01_LOD_0.nif
4063 28 84 100 3.00000 3.00000 1.00000 1.00000 8 8 3 2 2 27.35138 2 0 0 0 0 2 0 19 12 4 0 0 1 0.93328 LOD\Buildings\DecoKit\DecoRoof2x2SkyLight01Full01_LOD_0.nif
4064 2 4 4 2.00000 2.00000 1.00000 1.00000 4 4 1 1 0 0.00000 0 1 0 0 0 0 0 4 0 4 0 0 0 1.00000 LOD\Buildings\DecoKit\DecoRoof2x2Str01_LOD_0.nif
4065 14 32 32 2.28571 2.28571 1.00000 1.00000 10 10 1 1 0 0.00000 0 0 0 0 0 0 0 13 11 10 0 0 1 1.00000 LOD\Buildings\DecoKit\DecoRoofAddA1x1Cor01_LOD_0.nif
4066 16 32 41 2.00000 2.00000 1.00000 1.00000 12 12 2 1 1 25.24786 1 0 0 0 0 1 0 15 10 8 0 0 1 1.00000 LOD\Buildings\DecoKit\DecoRoofAddA1x1CorIn01_LOD_0.nif
4067 8 14 20 1.75000 1.75000 1.14286 1.14286 10 10 2 1 1 44.69950 1 1 0 0 0 1 0 10 4 6 0 0 0 0.74306 LOD\Buildings\DecoKit\DecoRoofAddA1x1Str01_LOD_0.nif
4068 8 14 20 1.75000 1.75000 1.14286 1.14286 10 10 2 1 1 44.69950 1 1 0 0 0 1 0 10 4 6 0 0 0 0.74302 LOD\Buildings\DecoKit\DecoRoofAddA1x1Str01Half01_LOD_0.nif
4069 8 14 20 1.75000 1.75000 1.14286 1.14286 10 10 2 1 1 44.69950 1 1 0 0 0 1 0 10 4 6 0 0 0 0.80000 LOD\Buildings\DecoKit\DecoRoofAddA1x2Str01_LOD_0.nif
4070 17 30 30 1.76471 1.76471 1.06667 1.06667 11 11 1 2 0 0.00000 0 0 0 1 0 1 0 15 10 11 0 0 0 1.00000 LOD\Buildings\DecoKit\DecoRoofAddA1x2Str02_LOD_0.nif
4071 6 12 18 2.00000 2.00000 1.00000 1.00000 8 8 2 1 1 40.70392 1 1 0 0 0 1 0 8 4 6 0 0 0 0.90852 LOD\Buildings\DecoKit\DecoRoofARW1x1Stairs01_LOD_0.nif
4072 12 26 26 2.16667 2.16667 1.07692 1.07692 10 10 1 1 0 0.00000 0 0 0 0 0 0 0 12 14 10 0 0 1 1.00000 LOD\Buildings\DecoKit\DecoRoofATrimB1x1Cor01_LOD_0.nif
4073 12 32 32 2.66667 2.66667 1.00000 1.00000 10 10 1 1 0 0.00000 0 0 0 0 0 0 0 12 10 10 0 0 1 1.00000 LOD\Buildings\DecoKit\DecoRoofATrimB1x1Cor02_LOD_0.nif
4074 8 20 25 2.50000 2.50000 1.00000 1.00000 6 6 2 1 1 11.43078 1 1 0 0 0 1 0 8 9 4 0 0 0 0.81582 LOD\Buildings\DecoKit\DecoRoofATrimB1x1Cor03_LOD_0.nif
4075 6 12 18 2.00000 2.00000 1.00000 1.00000 8 8 2 1 1 36.00000 1 1 0 0 0 1 0 8 4 6 0 0 0 0.85294 LOD\Buildings\DecoKit\DecoRoofATrimB1x1Str01_LOD_0.nif
4076 12 32 32 2.66667 2.66667 1.00000 1.00000 10 10 1 1 0 0.00000 0 0 0 0 0 0 0 12 15 10 0 0 1 1.00000 LOD\Buildings\DecoKit\DecoRoofATrimB1x2AngleA01_LOD_0.nif
4077 10 28 35 2.80000 2.80000 1.00000 1.00000 8 8 2 1 1 40.59454 1 0 0 0 0 1 0 10 14 7 0 0 1 0.96625 LOD\Buildings\DecoKit\DecoRoofATrimB1x2AngleB01_LOD_0.nif
4078 6 12 18 2.00000 2.00000 1.00000 1.00000 8 8 2 1 1 36.00000 1 1 0 0 0 1 0 8 4 6 0 0 0 0.72781 LOD\Buildings\DecoKit\DecoRoofATrimB1x2Str01_LOD_0.nif
4079 6 12 18 2.00000 2.00000 1.00000 1.00000 8 8 2 1 1 36.00000 1 1 0 0 0 1 0 8 4 6 0 0 0 0.72781 LOD\Buildings\DecoKit\DecoRoofATrimB1x2Str02_LOD_0.nif
4080 16 32 42 2.00000 2.00000 1.00000 1.00000 12 12 2 1 1 68.90221 1 0 0 0 0 1 0 15 17 10 0 0 1 0.71325 LOD\Buildings\DecoKit\DecoRoofBTrimB1x1Cor01_LOD_0.nif
4081 8 24 24 3.00000 3.00000 1.00000 1.00000 8 8 1 1 0 0.00000 0 0 0 0 0 0 0 9 6 8 0 0 1 1.00000 LOD\Buildings\DecoKit\DecoRoofBTrimB1x1Cor02_LOD_0.nif
4082 4 12 12 3.00000 3.00000 1.00000 1.00000 4 4 1 1 0 0.00000 0 1 0 0 0 0 0 5 4 4 0 0 0 1.00000 LOD\Buildings\DecoKit\DecoRoofBTrimB1x1Cor03_LOD_0.nif
4083 4 8 8 2.00000 2.00000 1.00000 1.00000 6 6 1 1 0 0.00000 0 1 0 0 0 0 0 6 2 6 0 0 0 1.00000 LOD\Buildings\DecoKit\DecoRoofBTrimB1x1Str01_LOD_0.nif
4084 8 24 24 3.00000 3.00000 1.00000 1.00000 8 8 1 1 0 0.00000 0 0 0 0 0 0 0 9 11 8 0 0 1 1.00000 LOD\Buildings\DecoKit\DecoRoofBTrimB1x2AngleA01_LOD_0.nif
4085 20 60 70 3.00000 3.00000 1.00000 1.00000 14 14 2 2 1 9.89825 1 0 0 0 0 1 0 18 33 8 0 0 1 0.74539 LOD\Buildings\DecoKit\DecoRoofBTrimB1x2AngleB01_LOD_0.nif
4086 4 8 8 2.00000 2.00000 1.00000 1.00000 6 6 1 1 0 0.00000 0 1 0 0 0 0 0 6 2 6 0 0 0 1.00000 LOD\Buildings\DecoKit\DecoRoofBTrimB1x2Str01_LOD_0.nif
4087 18 30 30 1.66667 1.66667 1.06667 1.06667 12 12 1 2 0 0.00000 0 0 0 0 0 0 0 16 14 12 0 0 1 1.00000 LOD\Buildings\DecoKit\DecoRoofBTrimC1x1Cor01Win01_LOD_0.nif
4088 20 52 63 2.60000 2.60000 1.00000 1.00000 10 10 2 2 1 45.95650 1 0 0 0 0 1 0 16 21 10 0 0 1 0.82679 LOD\Buildings\DecoKit\DecoRoofBTrimC1x1Cor02_LOD_0.nif
4089 8 24 24 3.00000 3.00000 1.00000 1.00000 6 6 1 1 0 0.00000 0 0 0 0 0 0 0 8 8 6 0 0 1 1.00000 LOD\Buildings\DecoKit\DecoRoofBTrimC1x1Cor03_LOD_0.nif
4090 12 32 40 2.66667 2.66667 1.00000 1.00000 10 10 2 1 1 43.08132 1 0 0 1 0 2 0 12 10 8 0 0 0 0.81200 LOD\Buildings\DecoKit\DecoRoofBTrimC1x1CorIn01_LOD_0.nif
4091 12 32 40 2.66667 2.66667 1.00000 1.00000 10 10 2 1 1 43.08132 1 0 0 1 0 2 0 12 10 8 0 0 0 0.81200 LOD\Buildings\DecoKit\DecoRoofBTrimC1x1CorIn01Full01_LOD_0.nif
4092 6 12 12 2.00000 2.00000 1.00000 1.00000 8 8 1 1 0 0.00000 0 0 0 0 0 0 0 8 4 8 0 0 1 1.00000 LOD\Buildings\DecoKit\DecoRoofBTrimC1x1EndCapL01Full01_LOD_0.nif
4093 6 16 16 2.66667 2.66667 1.00000 1.00000 8 8 1 1 0 0.00000 0 0 0 0 0 0 0 8 5 8 0 0 1 1.00000 LOD\Buildings\DecoKit\DecoRoofBTrimC1x1EndCapR01Full01_LOD_0.nif
4094 6 12 12 2.00000 2.00000 1.00000 1.00000 8 8 1 1 0 0.00000 0 0 0 0 0 0 0 8 4 8 0 0 1 1.00000 LOD\Buildings\DecoKit\DecoRoofBTrimC1x1Str01_LOD_0.nif
4095 6 12 12 2.00000 2.00000 1.00000 1.00000 8 8 1 1 0 0.00000 0 0 0 0 0 0 0 8 4 8 0 0 1 1.00000 LOD\Buildings\DecoKit\DecoRoofBTrimC1x1Str01Full01_LOD_0.nif
4096 6 12 12 2.00000 2.00000 1.00000 1.00000 8 8 1 1 0 0.00000 0 0 0 0 0 0 0 8 4 8 0 0 1 1.00000 LOD\Buildings\DecoKit\DecoRoofBTrimC1x1Str01Win01_LOD_0.nif
4097 6 12 12 2.00000 2.00000 1.00000 1.00000 8 8 1 1 0 0.00000 0 0 0 0 0 0 0 8 4 8 0 0 1 1.00000 LOD\Buildings\DecoKit\DecoRoofBTrimC1x1Str01Win01Full01_LOD_0.nif
4098 24 66 85 2.75000 2.75000 1.03030 1.03030 14 14 3 2 2 55.41523 2 0 0 1 0 3 0 20 32 7 0 0 0 0.70031 LOD\Buildings\DecoKit\DecoRoofBTrimC1x2AngleA01Win01_LOD_0.nif
4099 13 39 39 3.00000 3.00000 1.02564 1.02564 9 9 1 1 0 0.00000 0 0 0 0 0 0 0 12 20 9 0 0 1 1.00000 LOD\Buildings\DecoKit\DecoRoofDTrimA1x1Cor01_LOD_0.nif
4100 24 52 64 2.16667 2.16667 1.00000 1.00000 14 14 2 2 1 15.87647 1 0 0 0 0 1 0 20 27 10 0 0 1 0.97184 LOD\Buildings\DecoKit\DecoRoofDTrimA1x1Cor02_LOD_0.nif
4101 8 16 22 2.00000 2.00000 1.00000 1.00000 10 10 2 1 1 15.99999 1 1 0 0 0 1 0 10 6 6 0 0 0 0.96532 LOD\Buildings\DecoKit\DecoRoofDTrimA1x1Str01_LOD_0.nif
4102 60 116 144 1.93333 1.93333 1.00000 1.00000 0 0 2 4 2 73.12585 1 0 0 0 0 1 0 20 60 0 0 0 1 0.84865 LOD\Buildings\DecoKit\DecoSkyWalk1x2Str01_LOD_0.nif
4103 10 26 26 2.60000 2.60000 1.07692 1.07692 4 4 1 1 0 0.00000 0 0 0 0 0 0 0 8 17 4 0 0 1 1.00000 LOD\Buildings\MetalKit\MetalAddGoog1x1Mid01_LOD_0.nif
4104 10 24 24 2.40000 2.40000 1.00000 1.00000 4 4 1 1 0 0.00000 0 0 0 0 0 0 0 8 15 4 0 0 1 1.00000 LOD\Buildings\MetalKit\MetalAddGoog1x1Mid02_LOD_0.nif
4105 10 26 26 2.60000 2.60000 1.07692 1.07692 4 4 1 1 0 0.00000 0 0 0 0 0 0 0 8 17 4 0 0 1 1.00000 LOD\Buildings\MetalKit\MetalAddGoog1x1Slant01_LOD_0.nif
4106 10 26 26 2.60000 2.60000 1.07692 1.07692 4 4 1 1 0 0.00000 0 0 0 0 0 0 0 8 17 4 0 0 1 1.00000 LOD\Buildings\MetalKit\MetalAddGoog1x1Slant02_LOD_0.nif
4107 58 92 136 1.58621 1.58621 1.00000 1.00000 12 12 3 4 3 11.09268 2 0 0 0 0 2 0 36 42 4 0 0 1 1.00000 LOD\Buildings\MetalKit\MetalAddWall1x3Mid01_LOD_0.nif
4108 4 6 6 1.50000 1.50000 1.33333 1.33333 6 6 1 1 0 0.00000 0 1 0 0 0 0 0 6 0 6 0 0 0 1.00000 LOD\Buildings\MetalKit\MetalBaseA1x1DoorSingle01_LOD_0.nif
4109 4 6 6 1.50000 1.50000 1.33333 1.33333 6 6 1 1 0 0.00000 0 1 0 0 0 0 0 6 0 6 0 0 0 1.00000 LOD\Buildings\MetalKit\MetalBaseA1x1DoorSingle01Full01_LOD_0.nif
4110 4 8 8 2.00000 2.00000 1.00000 1.00000 6 6 1 1 0 0.00000 0 1 0 0 0 0 0 6 2 6 0 0 0 1.00000 LOD\Buildings\MetalKit\MetalBaseA1x1Garage01_LOD_0.nif
4111 4 8 8 2.00000 2.00000 1.00000 1.00000 6 6 1 1 0 0.00000 0 1 0 0 0 0 0 6 2 6 0 0 0 1.00000 LOD\Buildings\MetalKit\MetalBaseA1x1Garage01Full01_LOD_0.nif
4112 4 8 8 2.00000 2.00000 1.00000 1.00000 6 6 1 1 0 0.00000 0 1 0 0 0 0 0 6 2 6 0 0 0 1.00000 LOD\Buildings\MetalKit\MetalBaseA1x1Wall01_LOD_0.nif
4113 4 8 8 2.00000 2.00000 1.00000 1.00000 6 6 1 1 0 0.00000 0 1 0 0 0 0 0 6 2 6 0 0 0 1.00000 LOD\Buildings\MetalKit\MetalBaseA1x1Wall01Full01_LOD_0.nif
4114 4 8 8 2.00000 2.00000 1.00000 1.00000 6 6 1 1 0 0.00000 0 1 0 0 0 0 0 6 2 6 0 0 0 1.00000 LOD\Buildings\MetalKit\MetalBaseA1x1WinA01_LOD_0.nif
4115 4 8 8 2.00000 2.00000 1.00000 1.00000 6 6 1 1 0 0.00000 0 1 0 0 0 0 0 6 2 6 0 0 0 1.00000 LOD\Buildings\MetalKit\MetalBaseA1x1WinA01Full01_LOD_0.nif
4116 4 8 8 2.00000 2.00000 1.00000 1.00000 6 6 1 1 0 0.00000 0 1 0 0 0 0 0 6 2 6 0 0 0 1.00000 LOD\Buildings\MetalKit\MetalBaseA1x1WinA02_LOD_0.nif
4117 4 8 8 2.00000 2.00000 1.00000 1.00000 6 6 1 1 0 0.00000 0 1 0 0 0 0 0 6 2 6 0 0 0 1.00000 LOD\Buildings\MetalKit\MetalBaseA1x1WinA02Full01_LOD_0.nif
4118 8 14 20 1.75000 1.75000 1.14286 1.14286 10 10 2 1 1 22.61419 1 1 0 0 0 1 0 10 4 6 0 0 0 0.98551 LOD\Buildings\MetalKit\MetalBaseB1x1CorDoor01_LOD_0.nif
4119 8 14 20 1.75000 1.75000 1.14286 1.14286 10 10 2 1 1 22.61419 1 1 0 0 0 1 0 10 4 6 0 0 0 0.98551 LOD\Buildings\MetalKit\MetalBaseB1x1CorDoor01Full01_LOD_0.nif
4120 2 4 4 2.00000 2.00000 1.00000 1.00000 4 4 1 1 0 0.00000 0 1 0 0 0 0 0 4 0 4 0 0 0 1.00000 LOD\Buildings\MetalKit\MetalBaseB1x1DoorSingle01_LOD_0.nif
4121 2 4 4 2.00000 2.00000 1.00000 1.00000 4 4 1 1 0 0.00000 0 1 0 0 0 0 0 4 0 4 0 0 0 1.00000 LOD\Buildings\MetalKit\MetalBaseB1x1DoorSingle01Full01_LOD_0.nif
4122 2 4 4 2.00000 2.00000 1.00000 1.00000 4 4 1 1 0 0.00000 0 1 0 0 0 0 0 4 0 4 0 0 0 1.00000 LOD\Buildings\MetalKit\MetalBaseB1x1Wall01_LOD_0.nif
4123 2 4 4 2.00000 2.00000 1.00000 1.00000 4 4 1 1 0 0.00000 0 1 0 0 0 0 0 4 0 4 0 0 0 1.00000 LOD\Buildings\MetalKit\MetalBaseB1x1Wall01Full01_LOD_0.nif
4124 2 4 4 2.00000 2.00000 1.00000 1.00000 4 4 1 1 0 0.00000 0 1 0 0 0 0 0 4 0 4 0 0 0 1.00000 LOD\Buildings\MetalKit\MetalBaseB1x1WinA01_LOD_0.nif
4125 2 4 4 2.00000 2.00000 1.00000 1.00000 4 4 1 1 0 0.00000 0 1 0 0 0 0 0 4 0 4 0 0 0 1.00000 LOD\Buildings\MetalKit\MetalBaseB1x1WinA01Full01_LOD_0.nif
4126 1 3 3 3.00000 3.00000 1.33333 1.33333 3 3 1 1 0 0.00000 0 1 0 0 0 0 0 3 0 3 0 0 0 1.00000 LOD\Buildings\MetalKit\MetalIntCeilingA1x1AngleA01_LOD_0.nif
4127 11 13 20 1.18182 1.18182 1.23077 1.23077 11 11 2 1 1 39.98049 1 0 0 1 0 2 0 12 0 7 0 0 0 0.75459 LOD\Buildings\MetalKit\MetalIntCeilingA1x1Chunk02_LOD_0.nif
4128 3 5 5 1.66667 1.66667 1.60000 1.60000 5 5 1 1 0 0.00000 0 1 0 0 0 0 0 5 0 5 0 0 0 1.00000 LOD\Buildings\MetalKit\MetalIntCeilingA1x1Cor01_LOD_0.nif
4129 1 3 3 3.00000 3.00000 1.33333 1.33333 3 3 1 1 0 0.00000 0 1 0 0 0 0 0 3 0 3 0 0 0 1.00000 LOD\Buildings\MetalKit\MetalIntCeilingA1x1CorDamL01_LOD_0.nif
4130 6 12 18 2.00000 2.00000 1.00000 1.00000 8 8 2 1 1 11.25735 1 1 0 0 0 1 0 8 0 6 0 0 0 0.99696 LOD\Buildings\MetalKit\MetalIntCeilingA1x1CorDamL02_LOD_0.nif
4131 1 3 3 3.00000 3.00000 1.33333 1.33333 3 3 1 1 0 0.00000 0 1 0 0 0 0 0 3 0 3 0 0 0 1.00000 LOD\Buildings\MetalKit\MetalIntCeilingA1x1CorDamR01_LOD_0.nif
4132 5 11 17 2.20000 2.20000 1.09091 1.09091 7 7 2 1 1 0.00001 1 1 0 0 0 1 0 7 4 6 0 0 0 1.00000 LOD\Buildings\MetalKit\MetalIntCeilingA1x1CorDamR02_LOD_0.nif
4133 2 4 4 2.00000 2.00000 1.00000 1.00000 4 4 1 1 0 0.00000 0 1 0 0 0 0 0 4 0 4 0 0 0 1.00000 LOD\Buildings\MetalKit\MetalIntCeilingA1x1EndDamL01_LOD_0.nif
4134 2 4 4 2.00000 2.00000 1.00000 1.00000 4 4 1 1 0 0.00000 0 1 0 0 0 0 0 4 0 4 0 0 0 1.00000 LOD\Buildings\MetalKit\MetalIntCeilingA1x1EndDamL02_LOD_0.nif
4135 2 4 4 2.00000 2.00000 1.00000 1.00000 4 4 1 1 0 0.00000 0 1 0 0 0 0 0 4 0 4 0 0 0 1.00000 LOD\Buildings\MetalKit\MetalIntCeilingA1x1Mid01_LOD_0.nif
4136 2 4 4 2.00000 2.00000 1.00000 1.00000 4 4 1 1 0 0.00000 0 1 0 0 0 0 0 4 0 4 0 0 0 1.00000 LOD\Buildings\MetalKit\MetalIntCeilingA1x1Mid01Dam01_LOD_0.nif
4137 2 4 4 2.00000 2.00000 1.00000 1.00000 4 4 1 1 0 0.00000 0 1 0 0 0 0 0 4 0 4 0 0 0 1.00000 LOD\Buildings\MetalKit\MetalIntCeilingA1x1Mid02_LOD_0.nif
4138 2 4 4 2.00000 2.00000 1.00000 1.00000 4 4 1 1 0 0.00000 0 1 0 0 0 0 0 4 0 4 0 0 0 1.00000 LOD\Buildings\MetalKit\MetalIntCeilingA1x2AngleA01_LOD_0.nif
4139 3 7 7 2.33333 2.33333 1.14286 1.14286 5 5 1 1 0 0.00000 0 1 0 0 0 0 0 5 2 5 0 0 0 1.00000 LOD\Buildings\MetalKit\MetalIntCeilingA1x2CorDamL01_LOD_0.nif
4140 3 7 7 2.33333 2.33333 1.14286 1.14286 5 5 1 1 0 0.00000 0 1 0 0 0 0 0 5 2 5 0 0 0 1.00000 LOD\Buildings\MetalKit\MetalIntCeilingA1x2CorDamR01_LOD_0.nif
4141 6 10 16 1.66667 1.66667 1.20000 1.20000 8 8 2 1 1 18.30769 1 1 0 0 0 1 0 8 2 6 0 0 0 1.00000 LOD\Buildings\MetalKit\MetalIntCeilingA2x2StrDam01_LOD_0.nif
4142 6 14 20 2.33333 2.33333 1.14286 1.14286 8 8 2 1 1 0.00002 1 1 0 0 0 1 0 8 6 6 0 0 0 1.00000 LOD\Buildings\MetalKit\MetalIntCeilingA3x2EndCap01_LOD_0.nif
4143 8 12 12 1.50000 1.50000 1.00000 1.00000 10 10 1 1 0 0.00000 0 0 0 0 0 0 0 10 2 10 0 0 1 1.00000 LOD\Buildings\MetalKit\MetalRoofC1x1EndHalfRound01_LOD_0.nif
4144 8 12 12 1.50000 1.50000 1.00000 1.00000 10 10 1 1 0 0.00000 0 0 0 0 0 0 0 10 2 10 0 0 1 1.00000 LOD\Buildings\MetalKit\MetalRoofC1x1EndHalfRound01Full01_LOD_0.nif
4145 2 4 4 2.00000 2.00000 1.00000 1.00000 4 4 1 1 0 0.00000 0 1 0 0 0 0 0 4 0 4 0 0 0 1.00000 LOD\Buildings\MetalKit\MetalRoofC1x1EndL01_LOD_0.nif
4146 2 4 4 2.00000 2.00000 1.00000 1.00000 4 4 1 1 0 0.00000 0 1 0 0 0 0 0 4 0 4 0 0 0 1.00000 LOD\Buildings\MetalKit\MetalRoofC1x1EndL01Full01_LOD_0.nif
4147 2 4 4 2.00000 2.00000 1.00000 1.00000 4 4 1 1 0 0.00000 0 1 0 0 0 0 0 4 0 4 0 0 0 1.00000 LOD\Buildings\MetalKit\MetalRoofC1x1EndR01_LOD_0.nif
4148 2 4 4 2.00000 2.00000 1.00000 1.00000 4 4 1 1 0 0.00000 0 1 0 0 0 0 0 4 0 4 0 0 0 1.00000 LOD\Buildings\MetalKit\MetalRoofC1x1EndR01Full01_LOD_0.nif
4149 20 44 52 2.20000 2.20000 1.00000 1.00000 10 10 2 2 1 15.56490 1 0 0 0 0 1 0 16 22 4 0 0 1 0.86198 LOD\Buildings\MetalKit\MetalRoofC1x2Mid01_LOD_0.nif
4150 4 8 8 2.00000 2.00000 1.00000 1.00000 6 6 1 1 0 0.00000 0 1 0 0 0 0 0 6 2 6 0 0 0 1.00000 LOD\Buildings\MetalKit\MetalRoofC1x2WallCover01_LOD_0.nif
4151 4 8 8 2.00000 2.00000 1.00000 1.00000 6 6 1 1 0 0.00000 0 1 0 0 0 0 0 6 2 6 0 0 0 1.00000 LOD\Buildings\MetalKit\MetalRoofC1x2WallCover01Full01_LOD_0.nif
4152 12 24 24 2.00000 2.00000 1.00000 1.00000 8 8 1 1 0 0.00000 0 0 0 0 0 0 0 11 4 8 0 0 1 1.00000 LOD\Buildings\MetalKit\MetalRoofD1x1CorCap01_LOD_0.nif
4153 16 32 47 2.00000 2.00000 1.00000 1.00000 12 12 3 1 2 58.24040 2 1 0 0 0 2 0 15 4 6 0 0 0 1.00000 LOD\Buildings\MetalKit\MetalRoofD1x1CorIn01_LOD_0.nif
4154 8 14 14 1.75000 1.75000 1.14286 1.14286 10 10 1 1 0 0.00000 0 0 0 0 0 0 0 10 2 10 0 0 1 1.00000 LOD\Buildings\MetalKit\MetalRoofD1x1Mid01_LOD_0.nif
4155 8 18 18 2.25000 2.25000 1.11111 1.11111 9 9 1 1 0 0.00000 0 0 0 0 0 0 0 9 7 9 0 0 1 1.00000 LOD\Buildings\MetalKit\MetalTopA1x1CorL01_LOD_0.nif
4156 8 18 18 2.25000 2.25000 1.11111 1.11111 9 9 1 1 0 0.00000 0 0 0 0 0 0 0 9 7 9 0 0 1 1.00000 LOD\Buildings\MetalKit\MetalTopA1x1CorR01_LOD_0.nif
4157 4 8 8 2.00000 2.00000 1.00000 1.00000 6 6 1 1 0 0.00000 0 1 0 0 0 0 0 6 2 6 0 0 0 1.00000 LOD\Buildings\MetalKit\MetalTopA1x1Mid01_LOD_0.nif
4158 12 24 24 2.00000 2.00000 1.00000 1.00000 6 6 1 1 0 0.00000 0 0 0 0 0 0 0 10 14 6 0 0 1 1.00000 LOD\Buildings\MetalKit\MetalTopA1x2Mid01_LOD_0.nif
4159 4 8 8 2.00000 2.00000 1.00000 1.00000 0 0 1 1 0 0.00000 0 1 0 0 0 0 0 4 0 0 0 0 0 1.00000 LOD\Buildings\MetalKit\MetalTopC1x1WinA01_LOD_0.nif
4160 4 8 8 2.00000 2.00000 1.00000 1.00000 0 0 1 1 0 0.00000 0 1 0 0 0 0 0 4 0 0 0 0 0 1.00000 LOD\Buildings\MetalKit\MetalTopC1x1WinA01Dam01_LOD_0.nif
4161 8 16 16 2.00000 2.00000 1.00000 1.00000 0 0 1 1 0 0.00000 0 0 0 0 0 0 0 6 4 0 0 0 1 1.00000 LOD\Buildings\MetalKit\MetalTopC1x2Wall01_LOD_0.nif
4162 4 8 8 2.00000 2.00000 1.00000 1.00000 0 0 1 1 0 0.00000 0 1 0 0 0 0 0 4 0 0 0 0 0 1.00000 LOD\Buildings\MetalKit\MetalTopC1x2Wall01Dam01_LOD_0.nif
4163 4 8 8 2.00000 2.00000 1.00000 1.00000 0 0 1 1 0 0.00000 0 1 0 0 0 0 0 4 0 0 0 0 0 1.00000 LOD\Buildings\MetalKit\MetalTopC1x2Wall01Dam02_LOD_0.nif
4164 4 8 8 2.00000 2.00000 1.00000 1.00000 0 0 1 1 0 0.00000 0 1 0 0 0 0 0 4 0 0 0 0 0 1.00000 LOD\Buildings\MetalKit\MetalTopC1x2Wall01Dam03_LOD_0.nif
4165 4 8 8 2.00000 2.00000 1.00000 1.00000 0 0 1 1 0 0.00000 0 1 0 0 0 0 0 4 0 0 0 0 0 1.00000 LOD\Buildings\MetalKit\MetalTopC1x2WinA01_LOD_0.nif
4166 4 8 8 2.00000 2.00000 1.00000 1.00000 0 0 1 1 0 0.00000 0 1 0 0 0 0 0 4 0 0 0 0 0 1.00000 LOD\Buildings\MetalKit\MetalTopC1x2WinA01Full01_LOD_0.nif
4167 8 16 16 2.00000 2.00000 1.00000 1.00000 0 0 1 1 0 0.00000 0 0 0 0 0 0 0 6 4 0 0 0 1 1.00000 LOD\Buildings\MetalKit\MetalTopC1x2WinA02_LOD_0.nif
4168 4 10 10 2.50000 2.50000 1.20000 1.20000 6 6 1 1 0 0.00000 0 1 0 0 0 0 0 6 0 6 0 0 0 1.00000 LOD\Buildings\MetalKit\MetalTopD1x1CorWin01_LOD_0.nif
4169 4 10 10 2.50000 2.50000 1.20000 1.20000 6 6 1 1 0 0.00000 0 1 0 0 0 0 0 6 0 6 0 0 0 1.00000 LOD\Buildings\MetalKit\MetalTopD1x1CorWin01Full01_LOD_0.nif
4170 10 20 20 2.00000 2.00000 1.00000 1.00000 4 4 1 1 0 0.00000 0 0 0 0 0 0 0 8 12 4 0 0 1 1.00000 LOD\Buildings\MetalKit\MetalTopD2x1WinA01_LOD_0.nif
4171 10 20 20 2.00000 2.00000 1.00000 1.00000 4 4 1 1 0 0.00000 0 0 0 0 0 0 0 8 12 4 0 0 1 1.00000 LOD\Buildings\MetalKit\MetalTopD2x1WinA01Full01_LOD_0.nif
4172 10 20 20 2.00000 2.00000 1.00000 1.00000 4 4 1 1 0 0.00000 0 0 0 0 0 0 0 8 12 4 0 0 1 1.00000 LOD\Buildings\MetalKit\MetalTopD2x1WinA01Full02_LOD_0.nif
4173 8 16 16 2.00000 2.00000 1.00000 1.00000 6 6 1 1 0 0.00000 0 0 0 0 0 0 0 8 8 6 0 0 1 1.00000 LOD\Buildings\MetalKit\MetalTopD2x1WinB01_LOD_0.nif
4174 8 16 16 2.00000 2.00000 1.00000 1.00000 6 6 1 1 0 0.00000 0 0 0 0 0 0 0 8 8 6 0 0 1 1.00000 LOD\Buildings\MetalKit\MetalTopD2x1WinB01Full01_LOD_0.nif
4175 12 18 32 1.50000 1.50000 1.11111 1.11111 14 14 3 1 2 23.46499 2 1 0 0 0 2 0 14 2 6 0 0 0 1.00000 LOD\Buildings\MetalKit\MetalTopE1x1CorWin01_LOD_0.nif
4176 12 18 32 1.50000 1.50000 1.11111 1.11111 14 14 3 1 2 23.46499 2 1 0 0 0 2 0 14 2 6 0 0 0 1.00000 LOD\Buildings\MetalKit\MetalTopE1x1CorWin01Full01_LOD_0.nif
4177 2 4 4 2.00000 2.00000 1.00000 1.00000 4 4 1 1 0 0.00000 0 1 0 0 0 0 0 4 0 4 0 0 0 1.00000 LOD\Buildings\MetalKit\MetalTopE1x1DoorSingle01_LOD_0.nif
4178 2 4 4 2.00000 2.00000 1.00000 1.00000 4 4 1 1 0 0.00000 0 1 0 0 0 0 0 4 0 4 0 0 0 1.00000 LOD\Buildings\MetalKit\MetalTopE1x1DoorSingle01Full01_LOD_0.nif
4179 2 4 4 2.00000 2.00000 1.00000 1.00000 4 4 1 1 0 0.00000 0 1 0 0 0 0 0 4 0 4 0 0 0 1.00000 LOD\Buildings\MetalKit\MetalTopE1x1Wall01_LOD_0.nif
4180 2 4 4 2.00000 2.00000 1.00000 1.00000 4 4 1 1 0 0.00000 0 1 0 0 0 0 0 4 0 4 0 0 0 1.00000 LOD\Buildings\MetalKit\MetalTopE1x1Wall01Full01_LOD_0.nif
4181 2 4 4 2.00000 2.00000 1.00000 1.00000 4 4 1 1 0 0.00000 0 1 0 0 0 0 0 4 0 4 0 0 0 1.00000 LOD\Buildings\MetalKit\MetalTopE1x1WinA01_LOD_0.nif
4182 2 4 4 2.00000 2.00000 1.00000 1.00000 4 4 1 1 0 0.00000 0 1 0 0 0 0 0 4 0 4 0 0 0 1.00000 LOD\Buildings\MetalKit\MetalTopE1x1WinA01Full01_LOD_0.nif
4183 6 8 14 1.33333 1.33333 1.00000 1.00000 8 8 2 1 1 39.37016 1 1 0 0 0 1 0 8 0 6 0 0 0 1.00000 LOD\Buildings\MetalKit\MetalTopE1x1WinA01Full01Dam01_LOD_0.nif
4184 3 5 5 1.66667 1.66667 1.60000 1.60000 5 5 1 1 0 0.00000 0 1 0 0 0 0 0 5 0 5 0 0 0 1.00000 LOD\Buildings\MetalKit\MetalTopE1x1WinA01Full01Dam02_LOD_0.nif
4185 6 8 14 1.33333 1.33333 1.00000 1.00000 8 8 2 1 1 38.37033 1 1 0 0 0 1 0 8 0 6 0 0 0 0.88305 LOD\Buildings\MetalKit\MetalTopE1x1WinA01Full01Dam03_LOD_0.nif
4186 4 12 12 3.00000 3.00000 1.00000 1.00000 6 6 1 1 0 0.00000 0 1 0 0 0 0 0 6 0 6 0 0 0 1.00000 LOD\Buildings\NeoClassical\NCA1x1BaseCorner01_LOD.nif
4187 2 6 6 3.00000 3.00000 1.33333 1.33333 4 4 1 1 0 0.00000 0 1 0 0 0 0 0 4 0 4 0 0 0 1.00000 LOD\Buildings\NeoClassical\NCA1x1BaseWall01_LOD.nif
4188 2 6 6 3.00000 3.00000 1.33333 1.33333 4 4 1 1 0 0.00000 0 1 0 0 0 0 0 4 0 4 0 0 0 1.00000 LOD\Buildings\NeoClassical\NCA1x1Half_LOD.nif
4189 4 12 12 3.00000 3.00000 1.00000 1.00000 6 6 1 1 0 0.00000 0 1 0 0 0 0 0 6 3 6 0 0 0 1.00000 LOD\Buildings\NeoClassical\NCA1x1HalfCorner01_LOD.nif
4190 6 14 20 2.33333 2.33333 1.14286 1.14286 8 8 2 1 1 61.84709 1 1 0 0 0 1 0 8 2 6 0 0 0 0.75532 LOD\Buildings\NeoClassical\NCA1x1ParapetA01_LOD.nif
4191 12 32 32 2.66667 2.66667 1.00000 1.00000 10 10 1 1 0 0.00000 0 0 0 0 0 0 0 12 10 10 0 0 1 1.00000 LOD\Buildings\NeoClassical\NCA1x1ParapetACorner01_LOD.nif
4192 4 12 12 3.00000 3.00000 1.00000 1.00000 4 4 1 1 0 0.00000 0 1 0 0 0 0 0 5 0 4 0 0 0 1.00000 LOD\Buildings\NeoClassical\NCA1x1ParapetACorner02_LOD.nif
4193 12 32 32 2.66667 2.66667 1.00000 1.00000 10 10 1 1 0 0.00000 0 0 0 0 0 0 0 12 8 10 0 0 1 1.00000 LOD\Buildings\NeoClassical\NCA1x1ParapetACornerIn01_LOD.nif
4194 6 14 20 2.33333 2.33333 1.14286 1.14286 8 8 2 1 1 28.54250 1 1 0 0 0 1 0 8 4 6 0 0 0 0.77439 LOD\Buildings\NeoClassical\NCA1x1ParapetB01_LOD.nif
4195 12 36 36 3.00000 3.00000 1.00000 1.00000 10 10 1 1 0 0.00000 0 0 0 0 0 0 0 12 12 10 0 0 1 1.00000 LOD\Buildings\NeoClassical\NCA1x1ParapetBCorner01_LOD.nif
4196 6 18 23 3.00000 3.00000 1.11111 1.11111 6 6 2 1 1 12.30767 1 1 0 0 0 1 0 7 7 4 0 0 0 1.00000 LOD\Buildings\NeoClassical\NCA1x1ParapetBCorner02_LOD.nif
4197 12 36 36 3.00000 3.00000 1.00000 1.00000 10 10 1 1 0 0.00000 0 0 0 0 0 0 0 12 15 10 0 0 1 1.00000 LOD\Buildings\NeoClassical\NCA1x1ParapetBCornerIn01_LOD.nif
4198 12 36 36 3.00000 3.00000 1.00000 1.00000 10 10 1 1 0 0.00000 0 0 0 0 0 0 0 12 17 10 0 0 1 1.00000 LOD\Buildings\NeoClassical\NCA1x1ParapetBCornerIn02_LOD.nif
4199 2 4 4 2.00000 2.00000 1.00000 1.00000 4 4 1 1 0 0.00000 0 1 0 0 0 0 0 4 0 4 0 0 0 1.00000 LOD\Buildings\NeoClassical\NCA1x1Roof01_LOD.nif
4200 4 8 8 2.00000 2.00000 1.00000 1.00000 6 6 1 1 0 0.00000 0 1 0 0 0 0 0 6 0 6 0 0 0 1.00000 LOD\Buildings\NeoClassical\NCA1x1RoofAFrame01_LOD.nif
4201 1 3 3 3.00000 3.00000 1.33333 1.33333 3 3 1 1 0 0.00000 0 1 0 0 0 0 0 3 0 3 0 0 0 1.00000 LOD\Buildings\NeoClassical\NCA1x1RoofAFrameWall01_LOD.nif
4202 2 6 6 3.00000 3.00000 1.33333 1.33333 4 4 1 1 0 0.00000 0 1 0 0 0 0 0 4 2 4 0 0 0 1.00000 LOD\Buildings\NeoClassical\NCA1x1RoofCorner01_LOD.nif
4203 2 6 6 3.00000 3.00000 1.33333 1.33333 4 4 1 1 0 0.00000 0 1 0 0 0 0 0 4 0 4 0 0 0 1.00000 LOD\Buildings\NeoClassical\NCA1x1RoofFlat01_LOD.nif
4204 2 6 6 3.00000 3.00000 1.33333 1.33333 4 4 1 1 0 0.00000 0 1 0 0 0 0 0 4 0 4 0 0 0 1.00000 LOD\Buildings\NeoClassical\NCA1x1Wall01_LOD.nif
4205 2 4 4 2.00000 2.00000 1.00000 1.00000 4 4 1 1 0 0.00000 0 1 0 0 0 0 0 4 0 4 0 0 0 1.00000 LOD\Buildings\NeoClassical\NCA1x1Win01_LOD.nif
4206 2 4 4 2.00000 2.00000 1.00000 1.00000 4 4 1 1 0 0.00000 0 1 0 0 0 0 0 4 0 4 0 0 0 1.00000 LOD\Buildings\NeoClassical\NCA1x1Win02_LOD.nif
4207 2 4 4 2.00000 2.00000 1.00000 1.00000 4 4 1 1 0 0.00000 0 1 0 0 0 0 0 4 0 4 0 0 0 1.00000 LOD\Buildings\NeoClassical\NCA1x1Win03_LOD.nif
4208 2 4 4 2.00000 2.00000 1.00000 1.00000 4 4 1 1 0 0.00000 0 1 0 0 0 0 0 4 0 4 0 0 0 1.00000 LOD\Buildings\NeoClassical\NCA1x1Win04_LOD.nif
4209 4 12 12 3.00000 3.00000 1.00000 1.00000 6 6 1 1 0 0.00000 0 1 0 0 0 0 0 6 0 6 0 0 0 1.00000 LOD\Buildings\NeoClassical\NCA1x1XCorner01_LOD.nif
4210 4 12 12 3.00000 3.00000 1.00000 1.00000 6 6 1 1 0 0.00000 0 1 0 0 0 0 0 6 0 6 0 0 0 1.00000 LOD\Buildings\NeoClassical\NCA1x1XCornerIn01_LOD.nif
4211 2 4 4 2.00000 2.00000 1.00000 1.00000 4 4 1 1 0 0.00000 0 1 0 0 0 0 0 4 0 4 0 0 0 1.00000 LOD\Buildings\NeoClassical\NCA2x1Arch01_LOD.nif
4212 2 4 4 2.00000 2.00000 1.00000 1.00000 4 4 1 1 0 0.00000 0 1 0 0 0 0 0 4 0 4 0 0 0 1.00000 LOD\Buildings\NeoClassical\NCA2x1Door02_LOD.nif
4213 2 4 4 2.00000 2.00000 1.00000 1.00000 4 4 1 1 0 0.00000 0 1 0 0 0 0 0 4 0 4 0 0 0 1.00000 LOD\Buildings\NeoClassical\NCA2x1DoorMetro01_LOD.nif
4214 2 4 4 2.00000 2.00000 1.00000 1.00000 4 4 1 1 0 0.00000 0 1 0 0 0 0 0 4 0 4 0 0 0 1.00000 LOD\Buildings\NeoClassical\NCA2x1StoreFront01_LOD.nif
4215 2 4 4 2.00000 2.00000 1.00000 1.00000 4 4 1 1 0 0.00000 0 1 0 0 0 0 0 4 0 4 0 0 0 1.00000 LOD\Buildings\NeoClassical\NCA2x1StoreFront02_LOD.nif
4216 2 4 4 2.00000 2.00000 1.00000 1.00000 4 4 1 1 0 0.00000 0 1 0 0 0 0 0 4 0 4 0 0 0 1.00000 LOD\Buildings\NeoClassical\NCA2x1StoreFront03_LOD.nif
4217 2 4 4 2.00000 2.00000 1.00000 1.00000 4 4 1 1 0 0.00000 0 1 0 0 0 0 0 4 0 4 0 0 0 1.00000 LOD\Buildings\NeoClassical\NCA2x1StoreFront04_LOD.nif
4218 2 6 6 3.00000 3.00000 1.33333 1.33333 4 4 1 1 0 0.00000 0 1 0 0 0 0 0 4 0 4 0 0 0 1.00000 LOD\Buildings\NeoClassical\NCA2x1Wall01_LOD.nif
4219 2 4 4 2.00000 2.00000 1.00000 1.00000 4 4 1 1 0 0.00000 0 1 0 0 0 0 0 4 0 4 0 0 0 1.00000 LOD\Buildings\NeoClassical\NCA2x1Win01_LOD.nif
4220 2 4 4 2.00000 2.00000 1.00000 1.00000 4 4 1 1 0 0.00000 0 1 0 0 0 0 0 4 0 4 0 0 0 1.00000 LOD\Buildings\NeoClassical\NCA2x1Win02_LOD.nif
4221 2 4 4 2.00000 2.00000 1.00000 1.00000 4 4 1 1 0 0.00000 0 1 0 0 0 0 0 4 0 4 0 0 0 1.00000 LOD\Buildings\NeoClassical\NCA2x1Win03_LOD.nif
4222 2 4 4 2.00000 2.00000 1.00000 1.00000 4 4 1 1 0 0.00000 0 1 0 0 0 0 0 4 0 4 0 0 0 1.00000 LOD\Buildings\NeoClassical\NCA2x1Win04_LOD.nif
4223 2 4 4 2.00000 2.00000 1.00000 1.00000 4 4 1 1 0 0.00000 0 1 0 0 0 0 0 4 0 4 0 0 0 1.00000 LOD\Buildings\NeoClassical\NCA2x1Win05_LOD.nif
4224 2 4 4 2.00000 2.00000 1.00000 1.00000 4 4 1 1 0 0.00000 0 1 0 0 0 0 0 4 0 4 0 0 0 1.00000 LOD\Buildings\NeoClassical\NCA2x1Win06_LOD.nif
4225 4 12 12 3.00000 3.00000 1.00000 1.00000 6 6 1 1 0 0.00000 0 1 0 0 0 0 0 6 0 6 0 0 0 1.00000 LOD\Buildings\NeoClassical\NCA2x1XCorner01_LOD.nif
4226 4 12 12 3.00000 3.00000 1.00000 1.00000 6 6 1 1 0 0.00000 0 1 0 0 0 0 0 6 0 6 0 0 0 1.00000 LOD\Buildings\NeoClassical\NCA2x1XCornerIn01_LOD.nif
4227 2 4 4 2.00000 2.00000 1.00000 1.00000 4 4 1 1 0 0.00000 0 1 0 0 0 0 0 4 0 4 0 0 0 1.00000 LOD\Buildings\NeoClassical\NCA2x2StoreFront01_LOD.nif
4228 2 4 4 2.00000 2.00000 1.00000 1.00000 4 4 1 1 0 0.00000 0 1 0 0 0 0 0 4 0 4 0 0 0 1.00000 LOD\Buildings\NeoClassical\NCA2x2StoreFront02_LOD.nif
4229 2 4 4 2.00000 2.00000 1.00000 1.00000 4 4 1 1 0 0.00000 0 1 0 0 0 0 0 4 0 4 0 0 0 1.00000 LOD\Buildings\NeoClassical\NCAAddOnWin01_LOD.nif
4230 2 4 4 2.00000 2.00000 1.00000 1.00000 4 4 1 1 0 0.00000 0 1 0 0 0 0 0 4 0 4 0 0 0 1.00000 LOD\Buildings\NeoClassical\NCAAddOnWin02_LOD.nif
4231 2 4 4 2.00000 2.00000 1.00000 1.00000 4 4 1 1 0 0.00000 0 1 0 0 0 0 0 4 0 4 0 0 0 1.00000 LOD\Buildings\NeoClassical\NCAAddOnWin03_LOD.nif
4232 2 4 4 2.00000 2.00000 1.00000 1.00000 4 4 1 1 0 0.00000 0 1 0 0 0 0 0 4 0 4 0 0 0 1.00000 LOD\Buildings\NeoClassical\NCAAddOnWin04_LOD.nif
4233 2 4 4 2.00000 2.00000 1.00000 1.00000 4 4 1 1 0 0.00000 0 1 0 0 0 0 0 4 0 4 0 0 0 1.00000 LOD\Buildings\NeoClassical\NCAAddOnWin05_LOD.nif
4234 2 4 4 2.00000 2.00000 1.00000 1.00000 4 4 1 1 0 0.00000 0 1 0 0 0 0 0 4 0 4 0 0 0 1.00000 LOD\Buildings\NeoClassical\NCAAddOnWin06_LOD.nif
4235 2 4 4 2.00000 2.00000 1.00000 1.00000 4 4 1 1 0 0.00000 0 1 0 0 0 0 0 4 0 4 0 0 0 1.00000 LOD\Buildings\NeoClassical\NCAAddOnWin07_LOD.nif
4236 249 635 885 2.55020 2.55020 1.00157 1.00157 39 39 3 16 12 765.65845 5 0 0 1 1 6 0 159 343 24 0 0 0 0.93287 LOD\Buildings\OldNorthChurch_LOD.nif
4237 26 35 46 1.34615 1.34615 1.02857 1.02857 4 4 2 2 1 229.97864 1 0 0 0 0 1 0 16 13 4 0 0 1 0.91808 LOD\Buildings\Res01Modern01RRB_LOD.nif
4238 22 32 42 1.45455 1.45455 1.00000 1.00000 4 4 2 2 1 230.19589 1 0 0 0 0 1 0 14 9 4 0 0 1 0.83778 LOD\Buildings\Res01Modern02RR_LOD.nif
4239 22 32 42 1.45455 1.45455 1.00000 1.00000 4 4 2 2 1 230.19589 1 0 0 0 0 1 0 14 9 4 0 0 1 0.83778 LOD\Buildings\Res01Modern02RRB_LOD.nif
4240 22 32 42 1.45455 1.45455 1.00000 1.00000 4 4 2 2 1 241.79288 1 0 0 0 0 1 0 14 9 4 0 0 1 0.82558 LOD\Buildings\Res01Modern03RR_LOD.nif
4241 22 32 42 1.45455 1.45455 1.00000 1.00000 4 4 2 2 1 241.79288 1 0 0 0 0 1 0 14 9 4 0 0 1 0.82558 LOD\Buildings\Res01Modern03RRB_LOD.nif
4242 22 32 42 1.45455 1.45455 1.00000 1.00000 4 4 2 2 1 241.79288 1 0 0 0 0 1 0 14 9 4 0 0 1 0.82558 LOD\Buildings\Res01Modern04RR_LOD.nif
4243 44 69 103 1.56818 1.56818 1.04348 1.04348 6 6 3 3 3 265.40463 2 0 0 0 0 2 0 26 43 4 0 0 1 0.80344 LOD\Buildings\Res01Modern05RR_LOD.nif
4244 18 36 46 2.00000 2.00000 1.00000 1.00000 10 10 2 2 1 147.30194 1 0 0 0 0 1 0 16 20 5 0 0 1 0.74908 LOD\Buildings\Res01ModernCarport01RR_LOD.nif
4245 18 36 46 2.00000 2.00000 1.00000 1.00000 10 10 2 2 1 147.30194 1 0 0 0 0 1 0 16 20 5 0 0 1 0.72843 LOD\Buildings\Res01ModernCarport03RR_LOD.nif
4246 28 56 56 2.00000 2.00000 1.00000 1.00000 24 24 1 2 0 0.00000 0 0 0 0 0 0 0 29 27 24 0 0 1 1.00000 LOD\Buildings\Res01ModernCarportGarage01RR_LOD.nif
4247 28 56 56 2.00000 2.00000 1.00000 1.00000 24 24 1 2 0 0.00000 0 0 0 0 0 0 0 29 27 24 0 0 1 1.00000 LOD\Buildings\Res01ModernCarportGarage01RRB_LOD.nif
4248 14 24 24 1.71429 1.71429 1.00000 1.00000 4 4 1 1 0 0.00000 0 0 0 0 0 0 0 10 14 4 0 0 1 1.00000 LOD\Buildings\Res01ModernDormer02RR_LOD.nif
4249 17 25 35 1.47059 1.47059 1.12000 1.12000 9 9 2 2 1 213.44197 1 0 0 0 0 1 0 14 5 7 0 0 1 0.85917 LOD\Buildings\Res01ModernEndLeft01RR_LOD.nif
4250 14 24 24 1.71429 1.71429 1.00000 1.00000 4 4 1 1 0 0.00000 0 0 0 0 0 0 0 10 14 4 0 0 1 1.00000 LOD\Buildings\Res01ModernRubble01_LOD.nif
4251 10 20 20 2.00000 2.00000 1.00000 1.00000 4 4 1 1 0 0.00000 0 0 0 0 0 0 0 8 12 4 0 0 1 1.00000 LOD\Buildings\Res01ModernRubbleMed01_LOD.nif
4252 44 69 103 1.56818 1.56818 1.04348 1.04348 6 6 3 3 3 361.04282 2 0 0 0 0 2 0 26 43 4 0 0 1 0.80532 LOD\Buildings\Res01PlayerHouseRR_LOD.nif
4253 4 8 8 2.00000 2.00000 1.00000 1.00000 0 0 1 1 0 0.00000 0 1 0 0 0 0 0 4 0 0 0 0 0 1.00000 LOD\Buildings\Shell\BldgShellBrickAnlge45Wall04flat_LOD.nif
4254 4 8 8 2.00000 2.00000 1.00000 1.00000 0 0 1 1 0 0.00000 0 1 0 0 0 0 0 4 0 0 0 0 0 1.00000 LOD\Buildings\Shell\BldgShellBrickAnlge45Win01Flat_LOD.nif
4255 12 16 21 1.33333 1.33333 1.00000 1.00000 0 0 2 1 1 89.07835 1 0 0 1 0 2 0 8 0 0 0 0 0 0.70386 LOD\Buildings\Shell\BldgShellBrickAnlge45WinDam02_LOD.nif
4256 9 13 13 1.44444 1.44444 1.23077 1.23077 11 11 1 1 0 0.00000 0 0 0 0 0 0 0 11 2 11 0 0 1 1.00000 LOD\Buildings\Shell\BldgShellBrickCornerDam01_LOD.nif
4257 6 10 16 1.66667 1.66667 1.20000 1.20000 8 8 2 1 1 10.96416 1 1 0 0 0 1 0 8 2 6 0 0 0 0.96013 LOD\Buildings\Shell\BldgShellBrickCornerDam02_LOD.nif
4258 5 9 15 1.80000 1.80000 1.33333 1.33333 7 7 2 1 1 0.00131 1 1 0 0 0 1 0 7 0 6 0 0 0 1.00000 LOD\Buildings\Shell\BldgShellBrickCornerDam03_LOD.nif
4259 4 8 8 2.00000 2.00000 1.00000 1.00000 6 6 1 1 0 0.00000 0 1 0 0 0 0 0 6 2 6 0 0 0 1.00000 LOD\Buildings\Shell\BldgShellBrickCornerWall01_LOD.nif
4260 4 8 8 2.00000 2.00000 1.00000 1.00000 6 6 1 1 0 0.00000 0 1 0 0 0 0 0 6 2 6 0 0 0 1.00000 LOD\Buildings\Shell\BldgShellBrickCornerWin02_LOD.nif
4261 4 8 8 2.00000 2.00000 1.00000 1.00000 6 6 1 1 0 0.00000 0 1 0 0 0 0 0 6 2 6 0 0 0 1.00000 LOD\Buildings\Shell\BldgShellBrickCornerWin03_LOD.nif
4262 4 8 8 2.00000 2.00000 1.00000 1.00000 6 6 1 1 0 0.00000 0 1 0 0 0 0 0 6 2 6 0 0 0 1.00000 LOD\Buildings\Shell\BldgShellBrickCornerWin03L_LOD.nif
4263 9 13 19 1.44444 1.44444 1.23077 1.23077 11 11 2 1 1 158.79706 1 1 0 0 0 1 0 11 2 6 0 0 0 0.78454 LOD\Buildings\Shell\BldgShellBrickCornerWinDam01_LOD.nif
4264 14 18 25 1.28571 1.28571 1.11111 1.11111 14 14 2 1 1 122.40228 1 0 0 0 0 1 0 14 4 5 0 0 1 0.84131 LOD\Buildings\Shell\BldgShellBrickCornerWinDam02_LOD.nif
4265 4 8 8 2.00000 2.00000 1.00000 1.00000 0 0 1 1 0 0.00000 0 1 0 0 0 0 0 4 0 0 0 0 0 1.00000 LOD\Buildings\Shell\BldgShellBrickDoor01_LOD.nif
4266 4 8 8 2.00000 2.00000 1.00000 1.00000 0 0 1 1 0 0.00000 0 1 0 0 0 0 0 4 0 0 0 0 0 1.00000 LOD\Buildings\Shell\BldgShellBrickDoor01B_LOD.nif
4267 4 8 8 2.00000 2.00000 1.00000 1.00000 0 0 1 1 0 0.00000 0 1 0 0 0 0 0 4 0 0 0 0 0 1.00000 LOD\Buildings\Shell\BldgShellBrickDoor02_LOD.nif
4268 4 8 8 2.00000 2.00000 1.00000 1.00000 0 0 1 1 0 0.00000 0 1 0 0 0 0 0 4 0 0 0 0 0 1.00000 LOD\Buildings\Shell\BldgShellBrickDoorDouble01_LOD.nif
4269 4 8 8 2.00000 2.00000 1.00000 1.00000 0 0 1 1 0 0.00000 0 1 0 0 0 0 0 4 0 0 0 0 0 1.00000 LOD\Buildings\Shell\BldgShellBrickDoorDouble01b_LOD.nif
4270 4 8 8 2.00000 2.00000 1.00000 1.00000 0 0 1 1 0 0.00000 0 1 0 0 0 0 0 4 0 0 0 0 0 1.00000 LOD\Buildings\Shell\BldgShellBrickWall01_LOD.nif
4271 4 8 8 2.00000 2.00000 1.00000 1.00000 0 0 1 1 0 0.00000 0 1 0 0 0 0 0 4 0 0 0 0 0 1.00000 LOD\Buildings\Shell\BldgShellBrickWall01Flat_LOD.nif
4272 4 8 8 2.00000 2.00000 1.00000 1.00000 0 0 1 1 0 0.00000 0 1 0 0 0 0 0 4 0 0 0 0 0 1.00000 LOD\Buildings\Shell\BldgShellBrickWall02_LOD.nif
4273 24 33 42 1.37500 1.37500 1.09091 1.09091 0 0 2 2 1 69.88454 1 0 1 0 0 1 0 12 0 0 0 0 0 0.73032 LOD\Buildings\Shell\BldgShellBrickWallHole01_LOD.nif
4274 6 10 10 1.66667 1.66667 1.20000 1.20000 0 0 1 1 0 0.00000 0 0 0 0 0 0 0 5 0 0 0 0 1 1.00000 LOD\Buildings\Shell\BldgShellBrickWallTrim01_LOD.nif
4275 8 16 20 2.00000 2.00000 1.00000 1.00000 0 0 2 1 1 32.26284 1 1 0 0 0 1 0 6 0 0 0 0 0 1.00000 LOD\Buildings\Shell\BldgShellBrickWallTrim01L_LOD.nif
4276 10 14 18 1.40000 1.40000 1.14286 1.14286 0 0 2 1 1 12.92744 1 1 0 0 0 1 0 7 0 0 0 0 0 1.00000 LOD\Buildings\Shell\BldgShellBrickWallTrim02_LOD.nif
4277 10 20 20 2.00000 2.00000 1.00000 1.00000 0 0 1 1 0 0.00000 0 0 0 0 0 0 0 7 0 0 0 0 1 1.00000 LOD\Buildings\Shell\BldgShellBrickWallTrim02L_LOD.nif
4278 14 24 24 1.71429 1.71429 1.00000 1.00000 0 0 1 1 0 0.00000 0 0 0 0 0 0 0 9 0 0 0 0 1 1.00000 LOD\Buildings\Shell\BldgShellBrickWallTrim03_LOD.nif
4279 10 14 18 1.40000 1.40000 1.14286 1.14286 0 0 2 1 1 25.94900 1 1 0 0 0 1 0 7 0 0 0 0 0 0.90471 LOD\Buildings\Shell\BldgShellBrickWallTrim03L_LOD.nif
4280 12 22 27 1.83333 1.83333 1.09091 1.09091 0 0 2 1 1 20.07779 1 0 0 1 0 2 0 8 0 0 0 0 0 0.72185 LOD\Buildings\Shell\BldgShellBrickWallTrimBtm01_LOD.nif
4281 10 14 14 1.40000 1.40000 1.14286 1.14286 0 0 1 1 0 0.00000 0 0 0 0 0 0 0 7 0 0 0 0 1 1.00000 LOD\Buildings\Shell\BldgShellBrickWallTrimBtm02_LOD.nif
4282 16 26 26 1.62500 1.62500 1.07692 1.07692 0 0 1 1 0 0.00000 0 0 0 0 0 0 0 10 0 0 0 0 1 1.00000 LOD\Buildings\Shell\BldgShellBrickWallTrimHalf01_LOD.nif
4283 18 28 40 1.55556 1.55556 1.00000 1.00000 0 0 3 2 2 100.69888 2 1 0 0 0 2 0 11 0 0 0 0 0 0.79224 LOD\Buildings\Shell\BldgShellBrickWallTrimHalf01L_LOD.nif
4284 12 20 29 1.66667 1.66667 1.00000 1.00000 0 0 3 1 2 30.88515 2 1 0 0 0 2 0 8 0 0 0 0 0 0.72496 LOD\Buildings\Shell\BldgShellBrickWallTrimHalf02_LOD.nif
4285 14 18 27 1.28571 1.28571 1.11111 1.11111 0 0 3 1 2 18.49219 2 1 0 0 0 2 0 9 0 0 0 0 0 0.83601 LOD\Buildings\Shell\BldgShellBrickWallTrimHalf02L_LOD.nif
4286 10 14 18 1.40000 1.40000 1.14286 1.14286 0 0 2 1 1 38.01007 1 1 0 0 0 1 0 7 0 0 0 0 0 0.83369 LOD\Buildings\Shell\BldgShellBrickWallTrimHalf03_LOD.nif
4287 8 16 20 2.00000 2.00000 1.00000 1.00000 0 0 2 1 1 14.04325 1 1 0 0 0 1 0 6 0 0 0 0 0 0.82273 LOD\Buildings\Shell\BldgShellBrickWallTrimHalf03L_LOD.nif
4288 8 18 22 2.25000 2.25000 1.11111 1.11111 0 0 2 1 1 16.54747 1 1 0 0 0 1 0 6 0 0 0 0 0 0.95215 LOD\Buildings\Shell\BldgShellBrickWallTrimHalf04_LOD.nif
4289 8 12 16 1.50000 1.50000 1.00000 1.00000 0 0 2 1 1 15.08237 1 1 0 0 0 1 0 6 0 0 0 0 0 0.80711 LOD\Buildings\Shell\BldgShellBrickWallTrimHalf04L_LOD.nif
4290 8 12 16 1.50000 1.50000 1.00000 1.00000 0 0 2 1 1 17.70322 1 1 0 0 0 1 0 6 0 0 0 0 0 0.82496 LOD\Buildings\Shell\BldgShellBrickWallTrimHalf05_LOD.nif
4291 8 20 24 2.50000 2.50000 1.00000 1.00000 0 0 2 1 1 15.75429 1 1 0 0 0 1 0 6 0 0 0 0 0 0.79252 LOD\Buildings\Shell\BldgShellBrickWallTrimHalf05L_LOD.nif
4292 8 24 24 3.00000 3.00000 1.00000 1.00000 12 12 1 1 0 0.00000 0 0 0 0 0 0 0 12 0 12 0 0 1 1.00000 LOD\Buildings\Shell\BldgShellBrickWallTrimTop01_LOD.nif
4293 4 8 8 2.00000 2.00000 1.00000 1.00000 0 0 1 1 0 0.00000 0 1 0 0 0 0 0 4 0 0 0 0 0 1.00000 LOD\Buildings\Shell\BldgShellBrickWin01BFlat_LOD.nif
4294 4 8 8 2.00000 2.00000 1.00000 1.00000 0 0 1 1 0 0.00000 0 1 0 0 0 0 0 4 0 0 0 0 0 1.00000 LOD\Buildings\Shell\BldgShellBrickWin01Flat_LOD.nif
4295 4 8 8 2.00000 2.00000 1.00000 1.00000 0 0 1 1 0 0.00000 0 1 0 0 0 0 0 4 0 0 0 0 0 1.00000 LOD\Buildings\Shell\BldgShellBrickWin01NB_LOD.nif
4296 4 8 8 2.00000 2.00000 1.00000 1.00000 0 0 1 1 0 0.00000 0 1 0 0 0 0 0 4 0 0 0 0 0 1.00000 LOD\Buildings\Shell\BldgShellBrickWin02_LOD.nif
4297 4 8 8 2.00000 2.00000 1.00000 1.00000 0 0 1 1 0 0.00000 0 1 0 0 0 0 0 4 0 0 0 0 0 1.00000 LOD\Buildings\Shell\BldgShellBrickWin02BFlat_LOD.nif
4298 4 8 8 2.00000 2.00000 1.00000 1.00000 0 0 1 1 0 0.00000 0 1 0 0 0 0 0 4 0 0 0 0 0 1.00000 LOD\Buildings\Shell\BldgShellBrickWin02Flat_LOD.nif
4299 21 63 63 3.00000 3.00000 1.01587 1.01587 1 1 1 2 0 0.00000 0 0 0 0 0 0 0 13 0 1 0 0 1 1.00000 LOD\Buildings\Shell\BldgShellBrickWinDam01_LOD.nif
4300 11 25 25 2.27273 2.27273 1.12000 1.12000 9 9 1 1 0 0.00000 0 0 0 0 0 0 0 10 11 9 0 0 1 1.00000 LOD\Buildings\Shell\BldgShellBrickWinOut01_LOD.nif
4301 13 19 33 1.46154 1.46154 1.05263 1.05263 15 15 3 1 2 60.37207 2 1 0 0 0 2 0 15 4 6 0 0 0 0.72492 LOD\Buildings\Shell\BldgShellBrickWinOutDam01_LOD.nif
4302 6 18 24 3.00000 3.00000 1.11111 1.11111 8 8 2 1 1 39.31824 1 1 0 0 0 1 0 8 6 6 0 0 0 0.99954 LOD\Buildings\Shell\BldgShellMetalRoof01_LOD.nif
4303 10 28 28 2.80000 2.80000 1.00000 1.00000 4 4 1 1 0 0.00000 0 0 0 0 0 0 0 8 15 4 0 0 1 1.00000 LOD\Buildings\Shell\BldgShellMetalRoof02Solid_LOD.nif
4304 16 48 55 3.00000 3.00000 1.00000 1.00000 4 4 2 1 1 106.17047 1 0 0 0 0 1 0 11 29 4 0 0 1 0.73689 LOD\Buildings\Shell\BldgShellMetalRoofCorne01Solid_LOD.nif
4305 10 30 35 3.00000 3.00000 1.06667 1.06667 4 4 2 1 1 56.72543 1 1 0 0 0 1 0 8 18 4 0 0 0 0.80492 LOD\Buildings\Shell\BldgShellMetalRoofCorne02Solid_LOD.nif
4306 16 46 53 2.87500 2.87500 1.04348 1.04348 4 4 2 1 1 133.90863 1 0 0 0 0 1 0 11 25 4 0 0 1 0.72014 LOD\Buildings\Shell\BldgShellMetalRoofCorne03_LOD.nif
4307 16 48 55 3.00000 3.00000 1.00000 1.00000 4 4 2 1 1 106.17047 1 0 0 0 0 1 0 11 26 4 0 0 1 0.73689 LOD\Buildings\Shell\BldgShellMetalRoofCorner01_LOD.nif
4308 16 46 53 2.87500 2.87500 1.04348 1.04348 4 4 2 1 1 106.17047 1 0 0 0 0 1 0 11 26 4 0 0 1 0.73689 LOD\Buildings\Shell\BldgShellMetalRoofCornerDam01_LOD.nif
4309 16 48 55 3.00000 3.00000 1.00000 1.00000 4 4 2 1 1 106.17047 1 0 0 0 0 1 0 11 26 4 0 0 1 0.73689 LOD\Buildings\Shell\BldgShellMetalRoofCornerDam02_LOD.nif
4310 18 54 61 3.00000 3.00000 1.03704 1.03704 4 4 2 2 1 106.17046 1 0 0 0 0 1 0 11 33 4 0 0 1 0.78850 LOD\Buildings\Shell\BldgShellMetalRoofCornerIn01_LOD.nif
4311 18 54 61 3.00000 3.00000 1.03704 1.03704 4 4 2 2 1 130.23827 1 0 0 0 0 1 0 11 33 4 0 0 1 0.82813 LOD\Buildings\Shell\BldgShellMetalRoofCornerIn01Solid_LOD.nif
4312 18 48 57 2.66667 2.66667 1.00000 1.00000 4 4 2 2 1 128.32430 1 0 0 0 0 1 0 12 31 4 0 0 1 0.70538 LOD\Buildings\Shell\BldgShellMetalRoofCornerU03_LOD.nif
4313 16 48 55 3.00000 3.00000 1.00000 1.00000 4 4 2 1 1 106.17047 1 0 0 0 0 1 0 11 23 4 0 0 1 0.73689 LOD\Buildings\Shell\BldgShellMetalRoofCornerWin01_LOD.nif
4314 16 48 55 3.00000 3.00000 1.00000 1.00000 4 4 2 1 1 106.17047 1 0 0 0 0 1 0 11 29 4 0 0 1 0.73689 LOD\Buildings\Shell\BldgShellMetalRoofCornerWin01Solid_LOD.nif
4315 6 18 24 3.00000 3.00000 1.11111 1.11111 8 8 2 1 1 39.31824 1 1 0 0 0 1 0 8 6 6 0 0 0 0.99954 LOD\Buildings\Shell\BldgShellMetalRoofDam01_LOD.nif
4316 9 27 27 3.00000 3.00000 1.03704 1.03704 7 7 1 1 0 0.00000 0 0 0 0 0 0 0 9 13 7 0 0 1 1.00000 LOD\Buildings\Shell\BldgShellMetalRoofendL01_LOD.nif
4317 9 27 27 3.00000 3.00000 1.03704 1.03704 7 7 1 1 0 0.00000 0 0 0 0 0 0 0 9 14 7 0 0 1 1.00000 LOD\Buildings\Shell\BldgShellMetalRoofendR01_LOD.nif
4318 2 4 4 2.00000 2.00000 1.00000 1.00000 4 4 1 1 0 0.00000 0 1 0 0 0 0 0 4 0 4 0 0 0 1.00000 LOD\Buildings\Shell\BldgShellMetalRoofMid01_LOD.nif
4319 2 4 4 2.00000 2.00000 1.00000 1.00000 4 4 1 1 0 0.00000 0 1 0 0 0 0 0 4 0 4 0 0 0 1.00000 LOD\Buildings\Shell\BldgShellMetalRoofMid01Flat01_LOD.nif
4320 10 26 26 2.60000 2.60000 1.07692 1.07692 4 4 1 1 0 0.00000 0 0 0 0 0 0 0 8 9 4 0 0 1 1.00000 LOD\Buildings\Shell\BldgShellMetalRoofMid01Solid_LOD.nif
4321 2 4 4 2.00000 2.00000 1.00000 1.00000 4 4 1 1 0 0.00000 0 1 0 0 0 0 0 4 0 4 0 0 0 1.00000 LOD\Buildings\Shell\BldgShellMetalRoofMidDam01_LOD.nif
4322 4 8 8 2.00000 2.00000 1.00000 1.00000 6 6 1 1 0 0.00000 0 1 0 0 0 0 0 6 2 6 0 0 0 1.00000 LOD\Buildings\Shell\BldgShellMetalRoofStaright01_LOD.nif
4323 4 8 8 2.00000 2.00000 1.00000 1.00000 6 6 1 1 0 0.00000 0 1 0 0 0 0 0 6 2 6 0 0 0 1.00000 LOD\Buildings\Shell\BldgShellMetalRoofStarightEnrance01_LOD.nif
4324 2 6 6 3.00000 3.00000 1.33333 1.33333 4 4 1 1 0 0.00000 0 1 0 0 0 0 0 4 0 4 0 0 0 1.00000 LOD\Buildings\Shell\BldgShellMetalRoofWall01_LOD.nif
4325 6 18 24 3.00000 3.00000 1.11111 1.11111 8 8 2 1 1 39.31824 1 1 0 0 0 1 0 8 6 6 0 0 0 0.99954 LOD\Buildings\Shell\BldgShellMetalRoofWin01_LOD.nif
4326 48 100 132 2.08333 2.08333 1.00000 1.00000 14 14 3 3 3 126.04101 2 0 0 0 0 2 0 34 65 4 0 0 1 0.95172 LOD\Buildings\SmallTown\Bld01FreeBrickARes01_LOD.nif
4327 134 301 408 2.24627 2.24627 1.00997 1.00997 30 30 3 9 7 362.68921 4 0 0 2 0 6 0 84 183 15 0 0 0 0.82313 LOD\Buildings\SmallTown\Bld01FreeSidingARes01_LOD.nif
4328 30 54 66 1.80000 1.80000 1.03704 1.03704 4 4 2 2 1 3.21346 1 0 0 0 0 1 0 18 34 4 0 0 1 1.00000 LOD\Buildings\SmallTown\Bld01FrontSidingACom01_LOD.nif
4329 102 292 350 2.86275 2.86275 1.00000 1.00000 62 62 2 7 4 174.24812 2 0 0 1 0 3 0 104 90 38 0 0 0 0.74659 LOD\Buildings\SmallTown\Bld02AddBalcony01_LOD.nif
4330 68 170 237 2.50000 2.50000 1.01176 1.01176 26 26 4 5 6 105.51451 3 0 0 0 0 3 0 50 95 12 0 0 1 0.71214 LOD\Buildings\SmallTown\Bld02AddBayWin01_LOD.nif
4331 68 170 237 2.50000 2.50000 1.01176 1.01176 26 26 4 5 6 105.51451 3 0 0 0 0 3 0 50 95 12 0 0 1 0.71214 LOD\Buildings\SmallTown\Bld02AddBayWin02_LOD.nif
4332 92 222 287 2.41304 2.41304 1.00901 1.00901 14 14 2 6 3 282.04413 2 0 0 1 0 3 0 64 97 6 0 0 0 0.78525 LOD\Buildings\SmallTown\Bld02AddPorchSidingA01_LOD.nif
4333 77 223 310 2.89610 2.89610 1.00448 1.00448 29 29 4 5 6 132.60558 3 0 0 0 0 3 0 60 118 5 0 0 1 0.98429 LOD\Buildings\SmallTown\Bld02Angle45BrickACom01_LOD.nif
4334 89 257 320 2.88764 2.88764 1.01167 1.01167 41 41 2 6 3 379.51392 2 0 0 1 0 3 0 75 131 16 0 0 0 1.00000 LOD\Buildings\SmallTown\Bld02CornerBrickACom01_LOD.nif
4335 205 590 782 2.87805 2.87805 1.00339 1.00339 21 21 3 13 11 501.77655 5 0 0 1 0 6 0 120 301 0 0 0 0 0.95923 LOD\Buildings\SmallTown\Bld02CornerBrickACom01RR_LOD.nif
4336 50 128 168 2.56000 2.56000 1.00000 1.00000 16 16 3 4 3 48.18014 2 0 0 0 0 2 0 36 82 10 0 0 1 0.96238 LOD\Buildings\SmallTown\Bld02FrontBrickACom01_LOD.nif
4337 50 130 170 2.60000 2.60000 1.01538 1.01538 16 16 3 4 3 48.18014 2 0 0 0 0 2 0 36 83 10 0 0 1 0.96216 LOD\Buildings\SmallTown\Bld02FrontBrickACom01R_LOD.nif
4338 50 128 168 2.56000 2.56000 1.00000 1.00000 16 16 3 4 3 48.18014 2 0 0 0 0 2 0 36 82 10 0 0 1 0.96238 LOD\Buildings\SmallTown\Bld02FrontBrickBCom01_LOD.nif
4339 22 42 52 1.90909 1.90909 1.04762 1.04762 4 4 2 2 1 7.03239 1 0 0 0 0 1 0 14 26 4 0 0 1 0.99379 LOD\Buildings\SmallTown\Bld02FrontSidingACom01_LOD.nif
4340 110 246 340 2.23636 2.23636 1.00813 1.00813 40 40 4 7 7 169.78644 4 0 0 0 0 4 0 76 141 4 0 0 1 0.91190 LOD\Buildings\SmallTown\Bld02FrontSidingACom02R_LOD.nif
4341 54 100 136 1.85185 1.85185 1.00000 1.00000 4 4 3 4 3 35.75000 2 0 0 0 0 2 0 30 64 4 0 0 1 1.00000 LOD\Buildings\SmallTown\Bld02FrontSidingACom03_LOD.nif
4342 22 42 52 1.90909 1.90909 1.04762 1.04762 4 4 2 2 1 118.00000 1 0 0 0 0 1 0 14 28 4 0 0 1 0.87301 LOD\Buildings\SmallTown\Bld02FrontSidingACom04_LOD.nif
4343 42 98 138 2.33333 2.33333 1.02041 1.02041 12 12 4 3 4 156.58136 3 0 0 1 0 4 0 28 55 7 0 0 0 0.87775 LOD\Buildings\SmallTown\Bld03AddPorchCorSidingA01_LOD.nif
4344 83 190 272 2.28916 2.28916 1.01053 1.01053 43 43 3 6 6 255.75500 3 0 0 0 0 3 0 65 106 15 0 0 1 0.88914 LOD\Buildings\SmallTown\Bld03AddPorchSidingA01_LOD.nif
4345 188 564 706 3.00000 3.00000 1.00000 1.00000 76 76 2 12 8 186.15953 4 0 0 0 0 4 0 138 304 60 0 0 1 0.74858 LOD\Buildings\SmallTown\Bld03AddPorchSidingA02_LOD.nif
4346 220 646 871 2.93636 2.93636 1.00310 1.00310 91 91 3 14 12 230.21002 6 0 0 1 0 7 0 161 351 41 0 0 0 0.77362 LOD\Buildings\SmallTown\Bld03AddStairs01_LOD.nif
4347 142 322 423 2.26761 2.26761 1.00621 1.00621 14 14 2 9 5 64.72628 2 0 0 1 0 3 0 79 184 10 0 0 0 0.99201 LOD\Buildings\SmallTown\Bld03Angle45tBrickACom01_LOD.nif
4348 87 247 300 2.83908 2.83908 1.00405 1.00405 11 11 2 6 4 372.79745 2 0 0 1 0 3 0 51 154 7 0 0 0 0.87273 LOD\Buildings\SmallTown\Bld03CornerBrickACom01_LOD.nif
4349 144 394 546 2.73611 2.73611 1.00508 1.00508 30 30 4 9 10 187.38034 4 0 0 0 0 4 0 89 254 9 0 0 1 0.86877 LOD\Buildings\SmallTown\Bld03CornerSidingACom01_LOD.nif
4350 163 377 391 2.31288 2.31288 1.00796 1.00796 69 69 1 11 0 0.00000 0 0 0 0 0 0 0 118 192 69 0 0 1 1.00000 LOD\Buildings\SmallTown\Bld03FreeSidingARes01_LOD.nif
4351 594 1613 2309 2.72054 2.71549 1.00186 1.00186 200 200 3 38 34 649.24207 13 0 0 0 0 13 0 407 897 77 0 0 1 0.72981 LOD\Buildings\SmallTown\Bld03FreeSidingARes02_LOD.nif
4352 331 867 1237 2.61934 2.61934 1.00115 1.00115 91 91 3 21 20 458.91028 9 0 0 2 0 11 0 223 486 33 0 0 0 0.82458 LOD\Buildings\SmallTown\Bld03FreeSidingARes03_LOD.nif
4353 511 1417 1903 2.77299 2.77299 1.00212 1.00212 240 240 3 32 25 542.25403 11 0 0 3 0 14 0 401 794 121 0 0 0 0.88324 LOD\Buildings\SmallTown\Bld03FreeSidingARes04_LOD.nif
4354 391 1065 1509 2.72379 2.72379 1.00282 1.00282 141 141 5 25 24 502.71625 11 0 0 2 0 13 0 279 609 12 0 0 0 0.92105 LOD\Buildings\SmallTown\Bld03FreeSidingARes05_LOD.nif
4355 387 1011 1382 2.61240 2.61240 1.00099 1.00099 87 87 3 25 17 361.04309 8 0 0 2 0 10 0 248 544 50 0 0 0 0.88390 LOD\Buildings\SmallTown\Bld03FreeSidingBRes03_LOD.nif
4356 177 427 651 2.41243 2.41243 1.00234 1.00234 61 61 5 12 12 327.79987 7 0 0 0 0 7 0 123 233 4 0 0 1 0.88926 LOD\Buildings\SmallTown\Bld03FreeSidingCRes01RR_LOD.nif
4357 80 214 289 2.67500 2.67500 1.00935 1.00935 22 22 4 5 6 493.79639 3 0 0 0 0 3 0 49 124 4 0 0 1 0.78394 LOD\Buildings\SmallTown\Bld03FrontBrickACom01_LOD.nif
4358 80 214 289 2.67500 2.67500 1.00935 1.00935 22 22 4 5 6 493.79639 3 0 0 0 0 3 0 49 124 4 0 0 1 0.78394 LOD\Buildings\SmallTown\Bld03FrontBrickBCom01_LOD.nif
4359 32 72 92 2.25000 2.25000 1.00000 1.00000 4 4 3 2 2 295.31317 2 0 0 0 0 2 0 19 49 4 0 0 1 0.71700 LOD\Buildings\SmallTown\Bld03FrontSidingACom01_LOD.nif
4360 86 228 290 2.65116 2.65116 1.00000 1.00000 4 4 3 6 5 234.86055 3 0 0 0 0 3 0 48 152 4 0 0 1 0.80428 LOD\Buildings\SmallTown\Bld03FrontSidingACom01R_LOD.nif
4361 65 115 172 1.76923 1.76923 1.00870 1.00870 7 7 4 5 4 284.60587 3 0 0 0 0 3 0 36 78 4 0 0 1 0.85101 LOD\Buildings\SmallTown\Bld03FrontSidingACom02_LOD.nif
4362 71 157 220 2.21127 2.21127 1.01911 1.01911 19 19 4 5 5 251.90848 3 0 0 0 0 3 0 49 86 4 0 0 1 0.76160 LOD\Buildings\SmallTown\Bld03FrontSidingACom03_LOD.nif
4363 134 332 451 2.47761 2.47761 1.00000 1.00000 14 14 4 9 8 355.19269 4 0 0 0 0 4 0 77 207 4 0 0 1 0.74177 LOD\Buildings\SmallTown\Bld03FrontSidingACom03R_LOD.nif
4364 114 278 355 2.43860 2.43860 1.00719 1.00719 32 32 2 8 4 325.98398 2 0 0 1 0 3 0 79 161 17 0 0 0 0.99292 LOD\Buildings\SmallTown\Bld03LShapeSidingACom01_LOD.nif
4365 116 341 416 2.93966 2.93966 1.00880 1.00880 24 24 2 8 4 180.71617 2 0 0 1 0 3 0 65 183 5 0 0 0 0.97459 LOD\Buildings\SmallTown\Bld04Angle45BrickACom01_LOD.nif
4366 116 341 416 2.93966 2.93966 1.00880 1.00880 24 24 2 8 4 180.71617 2 0 0 1 0 3 0 65 183 5 0 0 0 0.97459 LOD\Buildings\SmallTown\Bld04Angle45BrickBCom01_LOD.nif
4367 66 173 220 2.62121 2.62121 1.01734 1.01734 16 16 3 5 3 74.20482 2 0 0 0 0 2 0 38 110 4 0 0 1 0.98938 LOD\Buildings\SmallTown\Bld04FrontBrickACom01_LOD.nif
4368 22 36 47 1.63636 1.63636 1.00000 1.00000 18 18 2 2 1 198.89391 1 0 0 0 0 1 0 22 12 8 0 0 1 0.80050 LOD\Interiors\Building\Concrete\Custom\BldSentinelBunkerExhaust01_LOD_0.nif
4369 10 20 20 2.00000 2.00000 1.00000 1.00000 4 4 1 1 0 0.00000 0 0 0 0 0 0 0 8 12 4 0 0 1 1.00000 LOD\Interiors\Building\Concrete\Custom\BldSentinelBunkerExhaust02_LOD_0.nif
4370 22 30 48 1.36364 1.36364 1.06667 1.06667 8 8 3 2 2 324.89230 2 1 0 0 0 2 0 16 0 4 0 0 0 0.87487 LOD\Interiors\Building\Concrete\Custom\BldSentinelBunkerMain01_LOD_0.nif
4371 74 96 176 1.29730 1.29730 1.00000 1.00000 12 12 4 5 6 364.49982 3 0 0 0 0 3 0 44 40 4 0 0 1 0.76491 LOD\Interiors\Building\Concrete\Custom\BldSentinelBunkerTower01_LOD_0.nif
4372 264 289 572 1.09470 1.09470 1.01002 1.01002 18 18 4 18 14 556.55939 7 0 0 2 0 9 0 173 77 14 0 0 1 0.87867 LOD\Interiors\CaveEntrCliff01_LOD.nif
4373 40 70 70 1.75000 1.75000 1.02857 1.02857 40 40 1 3 0 0.00000 0 0 0 0 0 0 0 40 30 40 0 0 1 1.00000 LOD\Interiors\Industrial\BgPipeCluster\IndBgPipeCluster1Way01_LOD.nif
4374 40 70 70 1.75000 1.75000 1.02857 1.02857 40 40 1 3 0 0.00000 0 0 0 0 0 0 0 40 30 40 0 0 1 1.00000 LOD\Interiors\Industrial\BgPipeCluster\IndBgPipeCluster1Way03_LOD.nif
4375 80 105 145 1.31250 1.31250 1.02857 1.02857 40 40 2 5 3 33.04579 1 0 0 0 0 1 0 60 45 40 0 0 1 0.97973 LOD\Interiors\Industrial\BgPipeCluster\IndBgPipeCluster1Way45Turn01_LOD.nif
4376 80 140 186 1.75000 1.75000 1.00000 1.00000 40 40 2 5 3 0.00000 1 0 0 0 0 1 0 60 80 40 0 0 1 1.00000 LOD\Interiors\Industrial\BgPipeCluster\IndBgPipeCluster1WayLong01_LOD.nif
4377 120 210 312 1.75000 1.75000 1.00952 1.00952 40 40 3 8 7 51.35252 3 0 0 0 0 3 0 80 130 28 0 0 1 0.82126 LOD\Interiors\Industrial\BgPipeCluster\IndBgPipeCluster1WayLonger01_LOD.nif
4378 160 280 420 1.75000 1.75000 1.00000 1.00000 40 40 3 10 9 101.71451 4 0 0 1 0 5 0 100 180 40 0 0 0 1.00000 LOD\Interiors\Industrial\BgPipeCluster\IndBgPipeCluster1WayLongest01_LOD.nif
4379 160 210 312 1.31250 1.31250 1.00952 1.00952 40 40 2 10 6 46.01003 2 0 0 0 0 2 0 100 100 34 0 0 1 0.73243 LOD\Interiors\Industrial\BgPipeCluster\IndBgPipeCluster1WayShift01_LOD.nif
4380 160 210 282 1.31250 1.31250 1.00952 1.00952 40 40 2 10 5 48.32897 3 0 0 0 0 3 0 100 110 21 0 0 1 0.72301 LOD\Interiors\Industrial\BgPipeCluster\IndBgPipeCluster1WayUTurn01_LOD.nif
4381 80 105 105 1.31250 1.31250 1.02857 1.02857 40 40 1 5 0 0.00000 0 0 0 0 0 0 0 60 45 40 0 0 1 1.00000 LOD\Interiors\Industrial\BgPipeCluster\IndBgPipeCluster2Way01_LOD.nif
4382 160 210 282 1.31250 1.31250 1.00952 1.00952 40 40 2 10 5 52.05983 3 0 0 0 0 3 0 100 110 40 0 0 1 0.84808 LOD\Interiors\Industrial\BgPipeCluster\IndBgPipeCluster2WayLarge01_LOD.nif
4383 16 22 30 1.37500 1.37500 1.09091 1.09091 16 16 2 1 1 25.55692 1 0 0 0 0 1 0 16 6 8 0 0 1 0.85318 LOD\Interiors\Industrial\BgPipeIn\IndBgPipe1Way01_LOD.nif
4384 16 22 30 1.37500 1.37500 1.09091 1.09091 16 16 2 1 1 25.55692 1 0 0 0 0 1 0 16 6 8 0 0 1 0.85318 LOD\Interiors\Industrial\BgPipeIn\IndBgPipe1Way02_LOD.nif
4385 16 22 30 1.37500 1.37500 1.09091 1.09091 16 16 2 1 1 25.55692 1 0 0 0 0 1 0 16 6 8 0 0 1 0.85318 LOD\Interiors\Industrial\BgPipeIn\IndBgPipe1Way03_LOD.nif
4386 32 33 59 1.03125 1.03125 1.09091 1.09091 16 16 3 2 2 50.22173 2 0 0 0 0 2 0 24 9 8 0 0 1 0.84814 LOD\Interiors\Industrial\BgPipeIn\IndBgPipe1Way45Turn01_LOD.nif
4387 16 22 30 1.37500 1.37500 1.09091 1.09091 16 16 2 1 1 24.38304 1 0 0 0 0 1 0 16 6 8 0 0 1 0.90526 LOD\Interiors\Industrial\BgPipeIn\IndBgPipe1WayBroken01_LOD.nif
4388 16 22 30 1.37500 1.37500 1.09091 1.09091 16 16 2 1 1 24.24730 1 0 0 0 0 1 0 16 6 8 0 0 1 0.90697 LOD\Interiors\Industrial\BgPipeIn\IndBgPipe1WayBroken02_LOD.nif
4389 16 22 30 1.37500 1.37500 1.09091 1.09091 16 16 2 1 1 25.55692 1 0 0 0 0 1 0 16 6 8 0 0 1 0.85318 LOD\Interiors\Industrial\BgPipeIn\IndBgPipe1WayHole01_LOD.nif
4390 16 22 30 1.37500 1.37500 1.09091 1.09091 16 16 2 1 1 25.55692 1 0 0 0 0 1 0 16 6 8 0 0 1 0.85318 LOD\Interiors\Industrial\BgPipeIn\IndBgPipe1WayHole02_LOD.nif
4391 32 44 68 1.37500 1.37500 1.00000 1.00000 16 16 3 2 2 25.65297 2 0 0 0 0 2 0 24 20 8 0 0 1 0.88093 LOD\Interiors\Industrial\BgPipeIn\IndBgPipe1WayLong01_LOD.nif
4392 48 66 114 1.37500 1.37500 1.03030 1.03030 16 16 4 3 4 87.05630 3 0 0 0 0 3 0 32 34 6 0 0 1 0.78323 LOD\Interiors\Industrial\BgPipeIn\IndBgPipe1WayLonger01_LOD.nif
4393 64 88 120 1.37500 1.37500 1.00000 1.00000 16 16 2 4 2 0.00002 1 0 0 1 0 2 0 40 48 16 0 0 0 1.00000 LOD\Interiors\Industrial\BgPipeIn\IndBgPipe1WayLongest01_LOD.nif
4394 82 90 143 1.09756 1.09756 1.02222 1.02222 8 8 2 6 3 35.67384 2 0 0 0 0 2 0 48 42 4 0 0 1 0.86700 LOD\Interiors\Industrial\BgPipeIn\IndBgPipe1WayShift01_LOD.nif
4395 64 66 100 1.03125 1.03125 1.03030 1.03030 16 16 2 4 2 26.59529 1 0 0 0 0 1 0 40 26 14 0 0 1 0.92895 LOD\Interiors\Industrial\BgPipeIn\IndBgPipe1WayUTurn01_LOD.nif
4396 32 33 36 1.03125 1.03125 1.09091 1.09091 16 16 1 2 0 0.00000 0 0 0 0 0 0 0 24 9 16 0 0 1 1.00000 LOD\Interiors\Industrial\BgPipeIn\IndBgPipe2Way01_LOD.nif
4397 64 66 113 1.03125 1.03125 1.03030 1.03030 16 16 3 4 3 64.35545 2 0 0 0 0 2 0 40 26 7 0 0 1 0.81512 LOD\Interiors\Industrial\BgPipeIn\IndBgPipe2WayLarge01_LOD.nif
4398 68 90 155 1.32353 1.32353 1.02222 1.02222 16 16 4 5 6 64.62733 3 0 0 0 0 3 0 42 40 6 0 0 1 0.74327 LOD\Interiors\Industrial\BgPipeIn\IndBgPipe3Way01_LOD.nif
4399 32 44 60 1.37500 1.37500 1.00000 1.00000 32 32 2 2 1 25.61113 1 0 0 0 0 1 0 32 12 16 0 0 1 0.88705 LOD\Interiors\Industrial\BgPipeIn\IndBgPipe4Way01_LOD.nif
4400 54 84 113 1.55556 1.55556 1.00000 1.00000 40 40 2 4 2 26.97211 1 0 0 0 0 1 0 48 36 21 0 0 1 0.88896 LOD\Interiors\Industrial\BgPipeIn\IndBgPipe5Way01_LOD.nif
4401 16 22 30 1.37500 1.37500 1.09091 1.09091 16 16 2 1 1 25.55692 1 0 0 0 0 1 0 16 6 8 0 0 1 0.85318 LOD\Interiors\Industrial\BgPipeNoIn\IndBgPipeNoInside1Way01_LOD.nif
4402 16 22 30 1.37500 1.37500 1.09091 1.09091 16 16 2 1 1 25.55692 1 0 0 0 0 1 0 16 6 8 0 0 1 0.85318 LOD\Interiors\Industrial\BgPipeNoIn\IndBgPipeNoInside1Way02_LOD.nif
4403 16 22 30 1.37500 1.37500 1.09091 1.09091 16 16 2 1 1 25.55692 1 0 0 0 0 1 0 16 6 8 0 0 1 0.85318 LOD\Interiors\Industrial\BgPipeNoIn\IndBgPipeNoInside1Way03_LOD.nif
4404 32 33 59 1.03125 1.03125 1.09091 1.09091 16 16 3 2 2 50.22173 2 0 0 0 0 2 0 24 9 8 0 0 1 0.84814 LOD\Interiors\Industrial\BgPipeNoIn\IndBgPipeNoInside1Way45Turn01_LOD.nif
4405 32 44 68 1.37500 1.37500 1.00000 1.00000 16 16 3 2 2 25.65297 2 0 0 0 0 2 0 24 20 8 0 0 1 0.88093 LOD\Interiors\Industrial\BgPipeNoIn\IndBgPipeNoInside1WayLong01_LOD.nif
4406 48 66 114 1.37500 1.37500 1.03030 1.03030 16 16 4 3 4 87.05630 3 0 0 0 0 3 0 32 34 6 0 0 1 0.78323 LOD\Interiors\Industrial\BgPipeNoIn\IndBgPipeNoInside1WayLonger01_LOD.nif
4407 64 88 120 1.37500 1.37500 1.00000 1.00000 16 16 2 4 2 0.00002 1 0 0 1 0 2 0 40 48 16 0 0 0 1.00000 LOD\Interiors\Industrial\BgPipeNoIn\IndBgPipeNoInside1WayLongest01_LOD.nif
4408 82 90 143 1.09756 1.09756 1.02222 1.02222 8 8 2 6 3 35.67384 2 0 0 0 0 2 0 48 42 4 0 0 1 0.86700 LOD\Interiors\Industrial\BgPipeNoIn\IndBgPipeNoInside1WayShift01_LOD.nif
4409 64 66 100 1.03125 1.03125 1.03030 1.03030 16 16 2 4 2 26.59529 1 0 0 0 0 1 0 40 26 14 0 0 1 0.92895 LOD\Interiors\Industrial\BgPipeNoIn\IndBgPipeNoInside1WayUTurn01_LOD.nif
4410 32 33 36 1.03125 1.03125 1.09091 1.09091 16 16 1 2 0 0.00000 0 0 0 0 0 0 0 24 9 16 0 0 1 1.00000 LOD\Interiors\Industrial\BgPipeNoIn\IndBgPipeNoInside2Way01_LOD.nif
4411 68 90 155 1.32353 1.32353 1.02222 1.02222 16 16 4 5 6 64.62733 3 0 0 0 0 3 0 42 40 6 0 0 1 0.74327 LOD\Interiors\Industrial\BgPipeNoIn\IndBgPipeNoInside3Way01_LOD.nif
4412 32 44 60 1.37500 1.37500 1.00000 1.00000 32 32 2 2 1 25.61113 1 0 0 0 0 1 0 32 12 16 0 0 1 0.88705 LOD\Interiors\Industrial\BgPipeNoIn\IndBgPipeNoInside4Way01_LOD.nif
4413 48 66 90 1.37500 1.37500 1.03030 1.03030 48 48 2 3 2 25.61113 1 0 0 0 0 1 0 48 18 24 0 0 1 0.92375 LOD\Interiors\Industrial\BgPipeNoIn\IndBgPipeNoInside6Way01_LOD.nif
4414 26 52 64 2.00000 2.00000 1.00000 1.00000 16 16 2 2 1 19.65923 1 0 0 1 0 2 0 22 27 10 0 0 0 0.99598 LOD\Interiors\Industrial\BldShellOut\IndBldShellOutCorner01_LOD.nif
4415 6 12 12 2.00000 2.00000 1.00000 1.00000 6 6 1 1 0 0.00000 0 0 0 0 0 0 0 7 5 6 0 0 1 1.00000 LOD\Interiors\Industrial\BldShellOut\IndBldShellOutCorner01_LOD_1.nif
4416 26 52 64 2.00000 2.00000 1.00000 1.00000 16 16 2 2 1 19.65923 1 0 0 1 0 2 0 22 27 10 0 0 0 0.99598 LOD\Interiors\Industrial\BldShellOut\IndBldShellOutCornerAlcove01_LOD.nif
4417 6 12 12 2.00000 2.00000 1.00000 1.00000 6 6 1 1 0 0.00000 0 0 0 0 0 0 0 7 5 6 0 0 1 1.00000 LOD\Interiors\Industrial\BldShellOut\IndBldShellOutCornerAlcove01_LOD_1.nif
4418 26 52 64 2.00000 2.00000 1.00000 1.00000 16 16 2 2 1 19.65923 1 0 0 1 0 2 0 22 27 10 0 0 0 0.99598 LOD\Interiors\Industrial\BldShellOut\IndBldShellOutCornerAlcove02_LOD.nif
4419 6 12 12 2.00000 2.00000 1.00000 1.00000 6 6 1 1 0 0.00000 0 0 0 0 0 0 0 7 5 6 0 0 1 1.00000 LOD\Interiors\Industrial\BldShellOut\IndBldShellOutCornerAlcove02_LOD_1.nif
4420 26 52 64 2.00000 2.00000 1.00000 1.00000 16 16 2 2 1 19.65923 1 0 0 1 0 2 0 22 27 10 0 0 0 0.99598 LOD\Interiors\Industrial\BldShellOut\IndBldShellOutCornerDbDoorTopB01_LOD.nif
4421 6 12 12 2.00000 2.00000 1.00000 1.00000 6 6 1 1 0 0.00000 0 0 0 0 0 0 0 7 5 6 0 0 1 1.00000 LOD\Interiors\Industrial\BldShellOut\IndBldShellOutCornerDbDoorTopB01_LOD_1.nif
4422 26 52 64 2.00000 2.00000 1.00000 1.00000 16 16 2 2 1 19.65923 1 0 0 1 0 2 0 22 27 10 0 0 0 0.99598 LOD\Interiors\Industrial\BldShellOut\IndBldShellOutCornerDbDoorTopL01_LOD.nif
4423 6 12 12 2.00000 2.00000 1.00000 1.00000 6 6 1 1 0 0.00000 0 0 0 0 0 0 0 7 5 6 0 0 1 1.00000 LOD\Interiors\Industrial\BldShellOut\IndBldShellOutCornerDbDoorTopL01_LOD_1.nif
4424 26 52 64 2.00000 2.00000 1.00000 1.00000 16 16 2 2 1 19.65923 1 0 0 1 0 2 0 22 27 10 0 0 0 0.99598 LOD\Interiors\Industrial\BldShellOut\IndBldShellOutCornerDoorBotB01_LOD.nif
4425 6 12 12 2.00000 2.00000 1.00000 1.00000 6 6 1 1 0 0.00000 0 0 0 0 0 0 0 7 5 6 0 0 1 1.00000 LOD\Interiors\Industrial\BldShellOut\IndBldShellOutCornerDoorBotB01_LOD_1.nif
4426 26 52 64 2.00000 2.00000 1.00000 1.00000 16 16 2 2 1 19.65923 1 0 0 1 0 2 0 22 27 10 0 0 0 0.99598 LOD\Interiors\Industrial\BldShellOut\IndBldShellOutCornerDoorBotR01_LOD.nif
4427 6 12 12 2.00000 2.00000 1.00000 1.00000 6 6 1 1 0 0.00000 0 0 0 0 0 0 0 7 5 6 0 0 1 1.00000 LOD\Interiors\Industrial\BldShellOut\IndBldShellOutCornerDoorBotR01_LOD_1.nif
4428 26 52 64 2.00000 2.00000 1.00000 1.00000 16 16 2 2 1 19.65923 1 0 0 1 0 2 0 22 27 10 1 0 0 0.99598 LOD\Interiors\Industrial\BldShellOut\IndBldShellOutCornerDoorTopL01_LOD.nif
4429 6 12 12 2.00000 2.00000 1.00000 1.00000 6 6 1 1 0 0.00000 0 0 0 0 0 0 0 7 5 6 1 0 1 1.00000 LOD\Interiors\Industrial\BldShellOut\IndBldShellOutCornerDoorTopL01_LOD_1.nif
4430 26 52 64 2.00000 2.00000 1.00000 1.00000 16 16 2 2 1 19.65923 1 0 0 1 0 2 0 22 27 10 0 0 0 0.99598 LOD\Interiors\Industrial\BldShellOut\IndBldShellOutCornerDoorTopR01_LOD.nif
4431 6 12 12 2.00000 2.00000 1.00000 1.00000 6 6 1 1 0 0.00000 0 0 0 0 0 0 0 7 5 6 0 0 1 1.00000 LOD\Interiors\Industrial\BldShellOut\IndBldShellOutCornerDoorTopR01_LOD_1.nif
4432 26 52 64 2.00000 2.00000 1.00000 1.00000 16 16 2 2 1 19.65923 1 0 0 1 0 2 0 22 27 10 1 0 0 0.99598 LOD\Interiors\Industrial\BldShellOut\IndBldShellOutCornerWindowB01_LOD.nif
4433 6 12 12 2.00000 2.00000 1.00000 1.00000 6 6 1 1 0 0.00000 0 0 0 0 0 0 0 7 5 6 1 0 1 1.00000 LOD\Interiors\Industrial\BldShellOut\IndBldShellOutCornerWindowB01_LOD_1.nif
4434 26 52 64 2.00000 2.00000 1.00000 1.00000 16 16 2 2 1 19.65923 1 0 0 1 0 2 0 22 27 10 0 0 0 0.99598 LOD\Interiors\Industrial\BldShellOut\IndBldShellOutCornerWindowL01_LOD.nif
4435 6 12 12 2.00000 2.00000 1.00000 1.00000 6 6 1 1 0 0.00000 0 0 0 0 0 0 0 7 5 6 0 0 1 1.00000 LOD\Interiors\Industrial\BldShellOut\IndBldShellOutCornerWindowL01_LOD_1.nif
4436 26 52 64 2.00000 2.00000 1.00000 1.00000 16 16 2 2 1 19.65923 1 0 0 1 0 2 0 22 27 10 0 0 0 0.99598 LOD\Interiors\Industrial\BldShellOut\IndBldShellOutCornerWindowR01_LOD.nif
4437 6 12 12 2.00000 2.00000 1.00000 1.00000 6 6 1 1 0 0.00000 0 0 0 0 0 0 0 7 5 6 0 0 1 1.00000 LOD\Interiors\Industrial\BldShellOut\IndBldShellOutCornerWindowR01_LOD_1.nif
4438 6 12 12 2.00000 2.00000 1.00000 1.00000 8 8 1 1 0 0.00000 0 0 0 0 0 0 0 8 2 8 0 0 1 1.00000 LOD\Interiors\Industrial\BldShellOut\IndBldShellOutCutDbDoor01_LOD.nif
4439 2 4 4 2.00000 2.00000 1.00000 1.00000 4 4 1 1 0 0.00000 0 1 0 0 0 0 0 4 0 4 0 0 0 1.00000 LOD\Interiors\Industrial\BldShellOut\IndBldShellOutCutDbDoor01_LOD_1.nif
4440 2 4 4 2.00000 2.00000 1.00000 1.00000 4 4 1 1 0 0.00000 0 1 0 0 0 0 0 4 0 4 0 0 0 1.00000 LOD\Interiors\Industrial\BldShellOut\IndBldShellOutCutDbDoor02_LOD.nif
4441 2 4 4 2.00000 2.00000 1.00000 1.00000 4 4 1 1 0 0.00000 0 1 0 0 0 0 0 4 0 4 0 0 0 1.00000 LOD\Interiors\Industrial\BldShellOut\IndBldShellOutCutDbDoor02_LOD_1.nif
4442 2 4 4 2.00000 2.00000 1.00000 1.00000 4 4 1 1 0 0.00000 0 1 0 0 0 0 0 4 0 4 0 0 0 1.00000 LOD\Interiors\Industrial\BldShellOut\IndBldShellOutCutDbDoor03_LOD.nif
4443 2 4 4 2.00000 2.00000 1.00000 1.00000 4 4 1 1 0 0.00000 0 1 0 0 0 0 0 4 0 4 0 0 0 1.00000 LOD\Interiors\Industrial\BldShellOut\IndBldShellOutCutDbDoor03_LOD_1.nif
4444 4 8 8 2.00000 2.00000 1.00000 1.00000 6 6 1 1 0 0.00000 0 1 0 0 0 0 0 6 2 6 0 0 0 1.00000 LOD\Interiors\Industrial\BldShellOut\IndBldShellOutCutDbDoor04_LOD.nif
4445 4 8 8 2.00000 2.00000 1.00000 1.00000 6 6 1 1 0 0.00000 0 1 0 0 0 0 0 6 2 6 0 0 0 1.00000 LOD\Interiors\Industrial\BldShellOut\IndBldShellOutCutDbDoor04_LOD_1.nif
4446 6 12 12 2.00000 2.00000 1.00000 1.00000 8 8 1 1 0 0.00000 0 0 0 0 0 0 0 8 2 8 0 0 1 1.00000 LOD\Interiors\Industrial\BldShellOut\IndBldShellOutCutDoor01_LOD.nif
4447 2 4 4 2.00000 2.00000 1.00000 1.00000 4 4 1 1 0 0.00000 0 1 0 0 0 0 0 4 0 4 0 0 0 1.00000 LOD\Interiors\Industrial\BldShellOut\IndBldShellOutCutDoor01_LOD_1.nif
4448 2 4 4 2.00000 2.00000 1.00000 1.00000 4 4 1 1 0 0.00000 0 1 0 0 0 0 0 4 0 4 0 0 0 1.00000 LOD\Interiors\Industrial\BldShellOut\IndBldShellOutCutDoor03_LOD.nif
4449 2 4 4 2.00000 2.00000 1.00000 1.00000 4 4 1 1 0 0.00000 0 1 0 0 0 0 0 4 0 4 0 0 0 1.00000 LOD\Interiors\Industrial\BldShellOut\IndBldShellOutCutDoor03_LOD_1.nif
4450 4 8 8 2.00000 2.00000 1.00000 1.00000 6 6 1 1 0 0.00000 0 1 0 0 0 0 0 6 2 6 0 0 0 1.00000 LOD\Interiors\Industrial\BldShellOut\IndBldShellOutCutDoor04_LOD.nif
4451 4 8 8 2.00000 2.00000 1.00000 1.00000 6 6 1 1 0 0.00000 0 1 0 0 0 0 0 6 2 6 0 0 0 1.00000 LOD\Interiors\Industrial\BldShellOut\IndBldShellOutCutDoor04_LOD_1.nif
4452 2 4 4 2.00000 2.00000 1.00000 1.00000 4 4 1 1 0 0.00000 0 1 0 0 0 0 0 4 0 4 0 0 0 1.00000 LOD\Interiors\Industrial\BldShellOut\IndBldShellOutCutScktD03_LOD.nif
4453 2 4 4 2.00000 2.00000 1.00000 1.00000 4 4 1 1 0 0.00000 0 1 0 0 0 0 0 4 0 4 0 0 0 1.00000 LOD\Interiors\Industrial\BldShellOut\IndBldShellOutCutScktD03_LOD_1.nif
4454 4 8 8 2.00000 2.00000 1.00000 1.00000 6 6 1 1 0 0.00000 0 1 0 0 0 0 0 6 2 6 0 0 0 1.00000 LOD\Interiors\Industrial\BldShellOut\IndBldShellOutCutScktD04_LOD.nif
4455 4 8 8 2.00000 2.00000 1.00000 1.00000 6 6 1 1 0 0.00000 0 1 0 0 0 0 0 6 2 6 0 0 0 1.00000 LOD\Interiors\Industrial\BldShellOut\IndBldShellOutCutScktD04_LOD_1.nif
4456 6 12 12 2.00000 2.00000 1.00000 1.00000 8 8 1 1 0 0.00000 0 0 0 0 0 0 0 8 2 8 0 0 1 1.00000 LOD\Interiors\Industrial\BldShellOut\IndBldShellOutCutWall01_LOD.nif
4457 2 4 4 2.00000 2.00000 1.00000 1.00000 4 4 1 1 0 0.00000 0 1 0 0 0 0 0 4 0 4 0 0 0 1.00000 LOD\Interiors\Industrial\BldShellOut\IndBldShellOutCutWall01_LOD_1.nif
4458 2 4 4 2.00000 2.00000 1.00000 1.00000 4 4 1 1 0 0.00000 0 1 0 0 0 0 0 4 0 4 0 0 0 1.00000 LOD\Interiors\Industrial\BldShellOut\IndBldShellOutCutWall02_LOD.nif
4459 2 4 4 2.00000 2.00000 1.00000 1.00000 4 4 1 1 0 0.00000 0 1 0 0 0 0 0 4 0 4 0 0 0 1.00000 LOD\Interiors\Industrial\BldShellOut\IndBldShellOutCutWall02_LOD_1.nif
4460 2 4 4 2.00000 2.00000 1.00000 1.00000 4 4 1 1 0 0.00000 0 1 0 0 0 0 0 4 0 4 0 0 0 1.00000 LOD\Interiors\Industrial\BldShellOut\IndBldShellOutCutWall03_LOD.nif
4461 2 4 4 2.00000 2.00000 1.00000 1.00000 4 4 1 1 0 0.00000 0 1 0 0 0 0 0 4 0 4 0 0 0 1.00000 LOD\Interiors\Industrial\BldShellOut\IndBldShellOutCutWall03_LOD_1.nif
4462 4 8 8 2.00000 2.00000 1.00000 1.00000 6 6 1 1 0 0.00000 0 1 0 0 0 0 0 6 2 6 0 0 0 1.00000 LOD\Interiors\Industrial\BldShellOut\IndBldShellOutCutWall04_LOD.nif
4463 4 8 8 2.00000 2.00000 1.00000 1.00000 6 6 1 1 0 0.00000 0 1 0 0 0 0 0 6 2 6 0 0 0 1.00000 LOD\Interiors\Industrial\BldShellOut\IndBldShellOutCutWall04_LOD_1.nif
4464 4 8 8 2.00000 2.00000 1.00000 1.00000 6 6 1 1 0 0.00000 0 1 0 0 0 0 0 6 2 6 0 0 0 1.00000 LOD\Interiors\Industrial\BldShellOut\IndBldShellOutCutWindow04_LOD.nif
4465 4 8 8 2.00000 2.00000 1.00000 1.00000 6 6 1 1 0 0.00000 0 1 0 0 0 0 0 6 2 6 0 0 0 1.00000 LOD\Interiors\Industrial\BldShellOut\IndBldShellOutCutWindow04_LOD_1.nif
4466 30 52 70 1.73333 1.73333 1.00000 1.00000 24 24 2 2 1 15.04339 1 0 0 0 0 1 0 28 24 15 0 0 1 0.96561 LOD\Interiors\Industrial\BldShellOut\IndBldShellOutInCorner01_LOD.nif
4467 10 16 23 1.60000 1.60000 1.00000 1.00000 10 10 2 1 1 114.25385 1 0 0 0 0 1 0 11 4 7 0 0 1 1.00000 LOD\Interiors\Industrial\BldShellOut\IndBldShellOutInCorner01_LOD_1.nif
4468 2 4 4 2.00000 2.00000 1.00000 1.00000 4 4 1 1 0 0.00000 0 1 0 0 0 0 0 4 0 4 0 0 0 1.00000 LOD\Interiors\Industrial\BldShellOut\IndBldShellOutMid01_LOD.nif
4469 2 4 4 2.00000 2.00000 1.00000 1.00000 4 4 1 1 0 0.00000 0 1 0 0 0 0 0 4 0 4 0 0 0 1.00000 LOD\Interiors\Industrial\BldShellOut\IndBldShellOutMid01_LOD_1.nif
4470 8 9 9 1.12500 1.12500 1.33333 1.33333 8 8 1 1 0 0.00000 0 0 0 1 0 1 0 9 0 8 0 0 0 1.00000 LOD\Interiors\Industrial\BldShellOut\IndBldShellOutMidBg01_LOD.nif
4471 8 9 9 1.12500 1.12500 1.33333 1.33333 8 8 1 1 0 0.00000 0 0 0 1 0 1 0 9 0 8 0 0 0 1.00000 LOD\Interiors\Industrial\BldShellOut\IndBldShellOutMidBg01_LOD_1.nif
4472 26 52 69 2.00000 2.00000 1.00000 1.00000 12 12 3 2 2 40.35195 2 0 0 0 0 2 0 20 32 5 0 0 1 0.75313 LOD\Interiors\Industrial\BldShellOut\IndBldShellOutRib_Left01_LOD.nif
4473 8 16 16 2.00000 2.00000 1.00000 1.00000 6 6 1 1 0 0.00000 0 0 0 0 0 0 0 8 8 6 0 0 1 1.00000 LOD\Interiors\Industrial\BldShellOut\IndBldShellOutRib_Left01_LOD_1.nif
4474 26 52 69 2.00000 2.00000 1.00000 1.00000 12 12 3 2 2 40.34754 2 0 0 0 0 2 0 20 32 5 0 0 1 0.75313 LOD\Interiors\Industrial\BldShellOut\IndBldShellOutRib_Mid01_LOD.nif
4475 8 16 16 2.00000 2.00000 1.00000 1.00000 6 6 1 1 0 0.00000 0 0 0 0 0 0 0 8 8 6 0 0 1 1.00000 LOD\Interiors\Industrial\BldShellOut\IndBldShellOutRib_Mid01_LOD_1.nif
4476 26 52 69 2.00000 2.00000 1.00000 1.00000 12 12 3 2 2 40.33958 2 0 0 0 0 2 0 20 32 5 0 0 1 0.75313 LOD\Interiors\Industrial\BldShellOut\IndBldShellOutRib_Right01_LOD.nif
4477 8 16 16 2.00000 2.00000 1.00000 1.00000 6 6 1 1 0 0.00000 0 0 0 0 0 0 0 8 8 6 0 0 1 1.00000 LOD\Interiors\Industrial\BldShellOut\IndBldShellOutRib_Right01_LOD_1.nif
4478 8 16 22 2.00000 2.00000 1.00000 1.00000 10 10 2 1 1 0.07139 1 1 0 0 0 1 0 10 6 6 0 0 0 0.99977 LOD\Interiors\Industrial\BldShellOut\IndBldShellOutRibFill_Left01_LOD.nif
4479 2 4 4 2.00000 2.00000 1.00000 1.00000 4 4 1 1 0 0.00000 0 1 0 0 0 0 0 4 0 4 0 0 0 1.00000 LOD\Interiors\Industrial\BldShellOut\IndBldShellOutRibFill_Left01_LOD_1.nif
4480 8 16 22 2.00000 2.00000 1.00000 1.00000 10 10 2 1 1 0.07139 1 1 0 0 0 1 0 10 6 6 0 0 0 1.00000 LOD\Interiors\Industrial\BldShellOut\IndBldShellOutRibFill_Mid01_LOD.nif
4481 2 4 4 2.00000 2.00000 1.00000 1.00000 4 4 1 1 0 0.00000 0 1 0 0 0 0 0 4 0 4 0 0 0 1.00000 LOD\Interiors\Industrial\BldShellOut\IndBldShellOutRibFill_Mid01_LOD_1.nif
4482 8 16 22 2.00000 2.00000 1.00000 1.00000 10 10 2 1 1 0.07139 1 1 0 0 0 1 0 10 6 6 0 0 0 0.99977 LOD\Interiors\Industrial\BldShellOut\IndBldShellOutRibFill_Right01_LOD.nif
4483 2 4 4 2.00000 2.00000 1.00000 1.00000 4 4 1 1 0 0.00000 0 1 0 0 0 0 0 4 0 4 0 0 0 1.00000 LOD\Interiors\Industrial\BldShellOut\IndBldShellOutRibFill_Right01_LOD_1.nif
4484 14 28 37 2.00000 2.00000 1.00000 1.00000 16 16 2 1 1 15.01410 1 0 0 1 0 2 0 16 9 9 0 0 0 0.99357 LOD\Interiors\Industrial\BldShellOut\IndBldShellOutWall01_LOD.nif
4485 4 8 8 2.00000 2.00000 1.00000 1.00000 6 6 1 1 0 0.00000 0 1 0 0 0 0 0 6 2 6 0 0 0 1.00000 LOD\Interiors\Industrial\BldShellOut\IndBldShellOutWall01_LOD_1.nif
4486 14 28 37 2.00000 2.00000 1.00000 1.00000 16 16 2 1 1 15.01410 1 0 0 1 0 2 0 16 9 9 0 0 0 0.99357 LOD\Interiors\Industrial\BldShellOut\IndBldShellOutWall02_LOD.nif
4487 4 8 8 2.00000 2.00000 1.00000 1.00000 6 6 1 1 0 0.00000 0 1 0 0 0 0 0 6 2 6 0 0 0 1.00000 LOD\Interiors\Industrial\BldShellOut\IndBldShellOutWall02_LOD_1.nif
4488 14 28 37 2.00000 2.00000 1.00000 1.00000 16 16 2 1 1 15.01410 1 0 0 1 0 2 0 16 9 9 0 0 0 0.99357 LOD\Interiors\Industrial\BldShellOut\IndBldShellOutWall03_LOD.nif
4489 4 8 8 2.00000 2.00000 1.00000 1.00000 6 6 1 1 0 0.00000 0 1 0 0 0 0 0 6 2 6 0 0 0 1.00000 LOD\Interiors\Industrial\BldShellOut\IndBldShellOutWall03_LOD_1.nif
4490 28 42 42 1.50000 1.50000 1.04762 1.04762 18 18 1 2 0 0.00000 0 0 0 1 0 1 0 24 14 18 0 0 0 1.00000 LOD\Interiors\Industrial\BldShellOut\IndBldShellOutWall04_LOD.nif
4491 4 8 8 2.00000 2.00000 1.00000 1.00000 6 6 1 1 0 0.00000 0 1 0 0 0 0 0 6 2 6 0 0 0 1.00000 LOD\Interiors\Industrial\BldShellOut\IndBldShellOutWall04_LOD_1.nif
4492 14 28 37 2.00000 2.00000 1.00000 1.00000 16 16 2 1 1 15.01410 1 0 0 1 0 2 0 16 9 9 0 0 0 0.99357 LOD\Interiors\Industrial\BldShellOut\IndBldShellOutWallAlcove01_LOD.nif
4493 4 8 8 2.00000 2.00000 1.00000 1.00000 6 6 1 1 0 0.00000 0 1 0 0 0 0 0 6 1 6 0 0 0 1.00000 LOD\Interiors\Industrial\BldShellOut\IndBldShellOutWallAlcove01_LOD_1.nif
4494 28 42 42 1.50000 1.50000 1.04762 1.04762 18 18 1 2 0 0.00000 0 0 0 1 0 1 0 24 14 18 0 0 0 1.00000 LOD\Interiors\Industrial\BldShellOut\IndBldShellOutWallDoorHuge01_LOD.nif
4495 4 8 8 2.00000 2.00000 1.00000 1.00000 6 6 1 1 0 0.00000 0 1 0 0 0 0 0 6 2 6 0 0 0 1.00000 LOD\Interiors\Industrial\BldShellOut\IndBldShellOutWallDoorHuge01_LOD_1.nif
4496 28 42 42 1.50000 1.50000 1.04762 1.04762 18 18 1 2 0 0.00000 0 0 0 1 0 1 0 24 14 18 0 0 0 1.00000 LOD\Interiors\Industrial\BldShellOut\IndBldShellOutWallWindow01_LOD.nif
4497 4 8 8 2.00000 2.00000 1.00000 1.00000 6 6 1 1 0 0.00000 0 1 0 0 0 0 0 6 2 6 0 0 0 1.00000 LOD\Interiors\Industrial\BldShellOut\IndBldShellOutWallWindow01_LOD_1.nif
4498 4 8 8 2.00000 2.00000 1.00000 1.00000 0 0 1 1 0 0.00000 0 1 0 0 0 0 0 4 0 0 0 0 0 1.00000 LOD\Interiors\Industrial\Catwalks\IndCat1EndCap01_LOD.nif
4499 4 8 8 2.00000 2.00000 1.00000 1.00000 0 0 1 1 0 0.00000 0 1 0 0 0 0 0 4 0 0 0 0 0 1.00000 LOD\Interiors\Industrial\Catwalks\IndCat1EndCapShort01_LOD.nif
4500 4 8 8 2.00000 2.00000 1.00000 1.00000 0 0 1 1 0 0.00000 0 1 0 0 0 0 0 4 0 0 0 0 0 1.00000 LOD\Interiors\Industrial\Catwalks\IndCat1Way01_LOD.nif
4501 4 8 8 2.00000 2.00000 1.00000 1.00000 0 0 1 1 0 0.00000 0 1 0 0 0 0 0 4 0 0 0 0 0 1.00000 LOD\Interiors\Industrial\Catwalks\IndCat1Way02_LOD.nif
4502 4 8 8 2.00000 2.00000 1.00000 1.00000 0 0 1 1 0 0.00000 0 1 0 0 0 0 0 4 0 0 0 0 0 1.00000 LOD\Interiors\Industrial\Catwalks\IndCat1Way03_LOD.nif
4503 4 8 8 2.00000 2.00000 1.00000 1.00000 6 6 1 1 0 0.00000 0 1 0 0 0 0 0 6 0 6 0 0 0 1.00000 LOD\Interiors\Industrial\Catwalks\IndCat1WayBrokenCap01_LOD.nif
4504 4 8 8 2.00000 2.00000 1.00000 1.00000 6 6 1 1 0 0.00000 0 1 0 0 0 0 0 6 0 6 0 0 0 1.00000 LOD\Interiors\Industrial\Catwalks\IndCat1WayBrokenCap02_LOD.nif
4505 4 8 8 2.00000 2.00000 1.00000 1.00000 0 0 1 1 0 0.00000 0 1 0 0 0 0 0 4 0 0 0 0 0 1.00000 LOD\Interiors\Industrial\Catwalks\IndCat1WayHalf01_LOD.nif
4506 8 16 19 2.00000 2.00000 1.00000 1.00000 0 0 2 1 1 310.66379 1 1 0 0 0 1 0 6 4 0 0 0 0 1.00000 LOD\Interiors\Industrial\Catwalks\IndCat1WayLong01_LOD.nif
4507 4 8 8 2.00000 2.00000 1.00000 1.00000 0 0 1 1 0 0.00000 0 1 0 0 0 0 0 4 0 0 0 0 0 1.00000 LOD\Interiors\Industrial\Catwalks\IndCat1WaySide01_LOD.nif
4508 4 12 12 3.00000 3.00000 1.00000 1.00000 0 0 1 1 0 0.00000 0 1 0 0 0 0 0 4 0 0 0 0 0 1.00000 LOD\Interiors\Industrial\Catwalks\IndCat1WaySide02_LOD.nif
4509 4 8 8 2.00000 2.00000 1.00000 1.00000 0 0 1 1 0 0.00000 0 1 0 0 0 0 0 4 1 0 0 0 0 1.00000 LOD\Interiors\Industrial\Catwalks\IndCat2Way01_LOD.nif
4510 8 18 22 2.25000 2.25000 1.11111 1.11111 0 0 2 1 1 39.33128 1 1 0 0 0 1 0 6 0 0 0 0 0 1.00000 LOD\Interiors\Industrial\Catwalks\IndCat2WaySide01_LOD.nif
4511 8 18 22 2.25000 2.25000 1.11111 1.11111 0 0 2 1 1 39.33128 1 1 0 0 0 1 0 6 0 0 0 0 0 1.00000 LOD\Interiors\Industrial\Catwalks\IndCat2WaySide02_LOD.nif
4512 4 11 11 2.75000 2.75000 1.09091 1.09091 0 0 1 1 0 0.00000 0 1 0 0 0 0 0 4 2 0 0 0 0 1.00000 LOD\Interiors\Industrial\Catwalks\IndCat2WaySideL01_LOD.nif
4513 4 8 8 2.00000 2.00000 1.00000 1.00000 0 0 1 1 0 0.00000 0 1 0 0 0 0 0 4 1 0 0 0 0 1.00000 LOD\Interiors\Industrial\Catwalks\IndCat2WaySideR01_LOD.nif
4514 4 8 8 2.00000 2.00000 1.00000 1.00000 0 0 1 1 0 0.00000 0 1 0 0 0 0 0 4 0 0 0 0 0 1.00000 LOD\Interiors\Industrial\Catwalks\IndCat3Way01_LOD.nif
4515 4 8 8 2.00000 2.00000 1.00000 1.00000 0 0 1 1 0 0.00000 0 1 0 0 0 0 0 4 2 0 0 0 0 1.00000 LOD\Interiors\Industrial\Catwalks\IndCat3WaySide01_LOD.nif
4516 4 8 8 2.00000 2.00000 1.00000 1.00000 0 0 1 1 0 0.00000 0 1 0 0 0 0 0 4 4 0 0 0 0 1.00000 LOD\Interiors\Industrial\Catwalks\IndCat4Way01_LOD.nif
4517 16 48 48 3.00000 3.00000 1.00000 1.00000 18 18 1 1 0 0.00000 0 0 0 0 0 0 0 18 6 18 0 0 1 1.00000 LOD\Interiors\Industrial\Catwalks\IndCatCircle128Main01_LOD.nif
4518 16 48 48 3.00000 3.00000 1.00000 1.00000 18 18 1 1 0 0.00000 0 0 0 0 0 0 0 18 6 18 0 0 1 1.00000 LOD\Interiors\Industrial\Catwalks\IndCatCircle128Side01_LOD.nif
4519 16 46 46 2.87500 2.87500 1.04348 1.04348 18 18 1 1 0 0.00000 0 0 0 0 0 0 0 17 6 18 0 0 1 1.00000 LOD\Interiors\Industrial\Catwalks\IndCatCircle256Main01_LOD.nif
4520 28 84 100 3.00000 3.00000 1.00000 1.00000 30 30 2 2 1 153.75729 1 0 0 1 0 2 0 30 19 16 0 0 0 0.84676 LOD\Interiors\Industrial\Catwalks\IndCatCircle512Main01_LOD.nif
4521 8 24 24 3.00000 3.00000 1.00000 1.00000 6 6 1 1 0 0.00000 0 0 0 0 0 0 0 8 0 6 0 0 1 1.00000 LOD\Interiors\Industrial\Catwalks\IndCatCircle64Main01_LOD.nif
4522 8 24 24 3.00000 3.00000 1.00000 1.00000 6 6 1 1 0 0.00000 0 0 0 0 0 0 0 8 0 6 0 0 1 1.00000 LOD\Interiors\Industrial\Catwalks\IndCatCircle64Side01_LOD.nif
4523 8 24 24 3.00000 3.00000 1.00000 1.00000 6 6 1 1 0 0.00000 0 0 0 0 0 0 0 8 0 6 0 0 1 1.00000 LOD\Interiors\Industrial\Catwalks\IndCatCircle64Side02_LOD.nif
4524 4 8 8 2.00000 2.00000 1.00000 1.00000 0 0 1 1 0 0.00000 0 1 0 0 0 0 0 4 0 0 0 0 0 1.00000 LOD\Interiors\Industrial\Catwalks\IndCatMid01_LOD.nif
4525 8 24 24 3.00000 3.00000 1.00000 1.00000 0 0 1 1 0 0.00000 0 0 0 1 0 1 0 6 9 0 0 0 0 1.00000 LOD\Interiors\Industrial\Catwalks\IndCatRampFull01_LOD.nif
4526 8 22 22 2.75000 2.75000 1.09091 1.09091 0 0 1 1 0 0.00000 0 0 0 0 0 0 0 6 5 0 0 0 1 1.00000 LOD\Interiors\Industrial\Catwalks\IndCatRampFullEndGround01_LOD.nif
4527 4 10 10 2.50000 2.50000 1.20000 1.20000 0 0 1 1 0 0.00000 0 1 0 0 0 0 0 4 0 0 0 0 0 1.00000 LOD\Interiors\Industrial\Catwalks\IndCatRampHalf01_LOD.nif
4528 4 10 10 2.50000 2.50000 1.20000 1.20000 0 0 1 1 0 0.00000 0 1 0 0 0 0 0 4 0 0 0 0 0 1.00000 LOD\Interiors\Industrial\Catwalks\IndCatRampHalfEndGround01_LOD.nif
4529 4 10 10 2.50000 2.50000 1.20000 1.20000 0 0 1 1 0 0.00000 0 1 0 0 0 0 0 4 0 0 0 0 0 1.00000 LOD\Interiors\Industrial\Catwalks\IndCatRampHalfRSide01_LOD.nif
4530 4 12 12 3.00000 3.00000 1.00000 1.00000 0 0 1 1 0 0.00000 0 1 0 0 0 0 0 4 0 0 0 0 0 1.00000 LOD\Interiors\Industrial\Catwalks\IndCatRampShort01_LOD.nif
4531 8 20 20 2.50000 2.50000 1.00000 1.00000 0 0 1 1 0 0.00000 0 0 0 1 0 1 0 6 13 0 0 0 0 1.00000 LOD\Interiors\Industrial\Catwalks\IndCatStairsFull01_LOD.nif
4532 8 22 22 2.75000 2.75000 1.09091 1.09091 0 0 1 1 0 0.00000 0 0 0 0 0 0 0 6 5 0 0 0 1 1.00000 LOD\Interiors\Industrial\Catwalks\IndCatStairsFullEndGround01_LOD.nif
4533 8 22 22 2.75000 2.75000 1.09091 1.09091 0 0 1 1 0 0.00000 0 0 0 0 0 0 0 6 6 0 0 0 1 1.00000 LOD\Interiors\Industrial\Catwalks\IndCatStairsFullRSide01_LOD.nif
4534 4 10 10 2.50000 2.50000 1.20000 1.20000 0 0 1 1 0 0.00000 0 1 0 0 0 0 0 4 0 0 0 0 0 1.00000 LOD\Interiors\Industrial\Catwalks\IndCatStairsHalf01_LOD.nif
4535 4 8 8 2.00000 2.00000 1.00000 1.00000 0 0 1 1 0 0.00000 0 1 0 0 0 0 0 4 0 0 0 0 0 1.00000 LOD\Interiors\Industrial\Catwalks\IndCatStairsHalfEndGround01_LOD.nif
4536 4 10 10 2.50000 2.50000 1.20000 1.20000 0 0 1 1 0 0.00000 0 1 0 0 0 0 0 4 0 0 0 0 0 1.00000 LOD\Interiors\Industrial\Catwalks\IndCatStairsHalfLSide01_LOD.nif
4537 4 10 10 2.50000 2.50000 1.20000 1.20000 0 0 1 1 0 0.00000 0 1 0 0 0 0 0 4 0 0 0 0 0 1.00000 LOD\Interiors\Industrial\Catwalks\IndCatStairsHalfRSide01_LOD.nif
4538 24 62 62 2.58333 2.58333 1.03226 1.03226 0 0 1 2 0 0.00000 0 0 0 0 0 0 0 14 16 0 0 0 1 1.00000 LOD\Interiors\Industrial\Catwalks\IndCatStairsTurnLFull01_LOD.nif
4539 24 58 58 2.41667 2.41667 1.03448 1.03448 0 0 1 2 0 0.00000 0 0 0 0 0 0 0 14 15 0 0 0 1 1.00000 LOD\Interiors\Industrial\Catwalks\IndCatStairsTurnLFullSide01_LOD.nif
4540 12 32 32 2.66667 2.66667 1.00000 1.00000 0 0 1 1 0 0.00000 0 0 0 0 0 0 0 8 6 0 0 0 1 1.00000 LOD\Interiors\Industrial\Catwalks\IndCatStairsTurnLHalf01_LOD.nif
4541 12 28 28 2.33333 2.33333 1.00000 1.00000 0 0 1 1 0 0.00000 0 0 0 0 0 0 0 8 5 0 0 0 1 1.00000 LOD\Interiors\Industrial\Catwalks\IndCatStairsTurnLHalfSide01_LOD.nif
4542 24 62 62 2.58333 2.58333 1.03226 1.03226 0 0 1 2 0 0.00000 0 0 0 0 0 0 0 14 17 0 0 0 1 1.00000 LOD\Interiors\Industrial\Catwalks\IndCatStairsTurnRFull01_LOD.nif
4543 12 34 34 2.83333 2.83333 1.05882 1.05882 0 0 1 1 0 0.00000 0 0 0 0 0 0 0 8 6 0 0 0 1 1.00000 LOD\Interiors\Industrial\Catwalks\IndCatStairsTurnRHalf01_LOD.nif
4544 12 28 28 2.33333 2.33333 1.00000 1.00000 0 0 1 1 0 0.00000 0 0 0 0 0 0 0 8 4 0 0 0 1 1.00000 LOD\Interiors\Industrial\Catwalks\IndCatStairsTurnRHalfSide01_LOD.nif
4545 276 400 688 1.46377 1.46377 1.00000 1.00000 0 0 3 18 15 76.35147 6 0 0 1 0 7 0 140 241 0 0 0 0 0.78296 LOD\Interiors\Industrial\Domes\IndDome128Full01_LOD.nif
4546 96 180 252 1.87500 1.87500 1.00000 1.00000 0 0 3 6 6 39.76977 3 0 0 0 0 3 0 50 117 0 0 0 1 0.78266 LOD\Interiors\Industrial\Domes\IndDome128Full01_LOD_1.nif
4547 156 220 381 1.42308 1.42308 1.00000 1.00000 0 0 3 10 10 86.02763 5 0 0 1 0 6 0 80 140 0 0 0 0 0.71529 LOD\Interiors\Industrial\Domes\IndDome128Top01_LOD.nif
4548 56 100 135 1.78571 1.78571 1.00000 1.00000 0 0 3 4 3 43.26905 2 0 0 0 0 2 0 30 66 0 0 0 1 0.73755 LOD\Interiors\Industrial\Domes\IndDome128Top01_LOD_1.nif
4549 276 520 861 1.88406 1.88406 1.00000 1.00000 0 0 3 18 20 220.28133 8 0 1 1 0 9 0 140 361 0 0 0 0 0.90514 LOD\Interiors\Industrial\Domes\IndDome256Full01_LOD.nif
4550 96 180 251 1.87500 1.87500 1.00000 1.00000 0 0 3 6 6 74.62991 3 0 0 0 0 3 0 50 121 0 0 0 1 0.81992 LOD\Interiors\Industrial\Domes\IndDome256Full01_LOD_1.nif
4551 156 280 418 1.79487 1.79487 1.00000 1.00000 0 0 3 10 9 153.89407 4 0 0 1 0 5 0 80 200 0 0 0 0 0.85728 LOD\Interiors\Industrial\Domes\IndDome256Top01_LOD.nif
4552 56 100 135 1.78571 1.78571 1.00000 1.00000 0 0 3 4 3 61.85047 2 0 0 0 0 2 0 30 70 0 0 0 1 0.75782 LOD\Interiors\Industrial\Domes\IndDome256Top01_LOD_1.nif
4553 280 522 937 1.87143 1.87143 1.00383 1.00383 0 0 4 18 25 279.22629 9 0 0 1 0 10 0 142 361 0 0 0 0 0.75869 LOD\Interiors\Industrial\Domes\IndDome512Full01_LOD.nif
4554 100 182 268 1.82000 1.82000 1.01099 1.01099 0 0 3 7 6 173.74556 3 0 0 0 0 3 0 52 121 0 0 0 1 0.72395 LOD\Interiors\Industrial\Domes\IndDome512Full01_LOD_1.nif
4555 158 281 438 1.78481 1.78481 1.01068 1.01068 0 0 3 10 10 305.96725 4 0 0 1 0 5 0 81 200 0 0 0 0 0.80462 LOD\Interiors\Industrial\Domes\IndDome512Top01_LOD.nif
4556 58 101 138 1.74138 1.74138 1.02970 1.02970 0 0 3 4 3 128.30687 2 0 0 0 0 2 0 31 70 0 0 0 1 0.75442 LOD\Interiors\Industrial\Domes\IndDome512Top01_LOD_1.nif
4557 116 200 304 1.72414 1.72414 1.00000 1.00000 0 0 4 8 7 13.36368 4 0 0 0 0 4 0 60 140 0 0 0 1 0.80765 LOD\Interiors\Industrial\Domes\IndDome64Top01_LOD.nif
4558 36 60 84 1.66667 1.66667 1.00000 1.00000 0 0 3 3 3 32.46297 2 0 0 0 0 2 0 20 40 0 0 0 1 0.73455 LOD\Interiors\Industrial\Domes\IndDome64Top01_LOD_1.nif
4559 4 8 8 2.00000 2.00000 1.00000 1.00000 0 0 1 1 0 0.00000 0 1 0 0 0 0 0 4 4 0 0 0 0 1.00000 LOD\Interiors\Industrial\Frame\IndFrame1024Straight01_LOD.nif
4560 28 56 56 2.00000 2.00000 1.00000 1.00000 0 0 1 2 0 0.00000 0 0 0 0 0 0 0 28 28 0 0 0 1 1.00000 LOD\Interiors\Industrial\Frame\IndFrame1024x1024AShape01_LOD.nif
4561 18 36 36 2.00000 2.00000 1.00000 1.00000 4 4 1 2 0 0.00000 0 0 0 0 0 0 0 20 16 4 0 0 1 1.00000 LOD\Interiors\Industrial\Frame\IndFrame1024x1024AShapeEdge01_LOD.nif
4562 12 24 24 2.00000 2.00000 1.00000 1.00000 0 0 1 1 0 0.00000 0 0 0 0 0 0 0 12 12 0 0 0 1 1.00000 LOD\Interiors\Industrial\Frame\IndFrame1024x1024EmptyShapeEdge01_LOD.nif
4563 20 40 40 2.00000 2.00000 1.00000 1.00000 8 8 1 2 0 0.00000 0 0 0 0 0 0 0 24 16 8 0 0 1 1.00000 LOD\Interiors\Industrial\Frame\IndFrame1024x1024VShapeEdge01_LOD.nif
4564 20 40 40 2.00000 2.00000 1.00000 1.00000 0 0 1 2 0 0.00000 0 0 0 0 0 0 0 20 20 0 0 0 1 1.00000 LOD\Interiors\Industrial\Frame\IndFrame1024x512AShapeEdge01_LOD.nif
4565 20 40 40 2.00000 2.00000 1.00000 1.00000 0 0 1 2 0 0.00000 0 0 0 0 0 0 0 20 20 0 0 0 1 1.00000 LOD\Interiors\Industrial\Frame\IndFrame1024x512AShapeEdge02_LOD.nif
4566 12 24 24 2.00000 2.00000 1.00000 1.00000 0 0 1 1 0 0.00000 0 0 0 0 0 0 0 12 12 0 0 0 1 1.00000 LOD\Interiors\Industrial\Frame\IndFrame1024x512EmptyShapeEdge01_LOD.nif
4567 28 56 56 2.00000 2.00000 1.00000 1.00000 0 0 1 2 0 0.00000 0 0 0 0 0 0 0 28 28 0 0 0 1 1.00000 LOD\Interiors\Industrial\Frame\IndFrame1024x512VShape01_LOD.nif
4568 28 56 71 2.00000 2.00000 1.00000 1.00000 0 0 2 2 1 26.75000 1 0 0 0 0 1 0 28 28 0 0 0 1 0.76231 LOD\Interiors\Industrial\Frame\IndFrame1024x768AShape01_LOD.nif
4569 20 40 40 2.00000 2.00000 1.00000 1.00000 0 0 1 2 0 0.00000 0 0 0 0 0 0 0 20 20 0 0 0 1 1.00000 LOD\Interiors\Industrial\Frame\IndFrame1024x768EmptyShape01_LOD.nif
4570 4 8 8 2.00000 2.00000 1.00000 1.00000 0 0 1 1 0 0.00000 0 1 0 0 0 0 0 4 4 0 0 0 0 1.00000 LOD\Interiors\Industrial\Frame\IndFrame256Straight01_LOD.nif
4571 26 52 52 2.00000 2.00000 1.00000 1.00000 8 8 1 2 0 0.00000 0 0 0 0 0 0 0 29 23 8 0 0 1 1.00000 LOD\Interiors\Industrial\Frame\IndFrame256x256AShape01_LOD.nif
4572 20 40 40 2.00000 2.00000 1.00000 1.00000 0 0 1 2 0 0.00000 0 0 0 0 0 0 0 20 20 0 0 0 1 1.00000 LOD\Interiors\Industrial\Frame\IndFrame256x256AShapeEdge01_LOD.nif
4573 20 40 40 2.00000 2.00000 1.00000 1.00000 0 0 1 2 0 0.00000 0 0 0 0 0 0 0 20 20 0 0 0 1 1.00000 LOD\Interiors\Industrial\Frame\IndFrame256x256AShapeEdge02_LOD.nif
4574 20 40 40 2.00000 2.00000 1.00000 1.00000 0 0 1 2 0 0.00000 0 0 0 0 0 0 0 20 20 0 0 0 1 1.00000 LOD\Interiors\Industrial\Frame\IndFrame256x256EmptyShape01_LOD.nif
4575 12 24 24 2.00000 2.00000 1.00000 1.00000 0 0 1 1 0 0.00000 0 0 0 0 0 0 0 12 12 0 0 0 1 1.00000 LOD\Interiors\Industrial\Frame\IndFrame256x256EmptyShapeEdge01_LOD.nif
4576 12 24 24 2.00000 2.00000 1.00000 1.00000 0 0 1 1 0 0.00000 0 0 0 0 0 0 0 12 12 0 0 0 1 1.00000 LOD\Interiors\Industrial\Frame\IndFrame256x256EmptyShapeEdge02_LOD.nif
4577 28 56 56 2.00000 2.00000 1.00000 1.00000 4 4 1 2 0 0.00000 0 0 0 0 0 0 0 29 27 4 0 0 1 1.00000 LOD\Interiors\Industrial\Frame\IndFrame256x256VShape01_LOD.nif
4578 20 40 40 2.00000 2.00000 1.00000 1.00000 0 0 1 2 0 0.00000 0 0 0 0 0 0 0 20 20 0 0 0 1 1.00000 LOD\Interiors\Industrial\Frame\IndFrame256x256VShapeEdge01_LOD.nif
4579 20 40 40 2.00000 2.00000 1.00000 1.00000 0 0 1 2 0 0.00000 0 0 0 0 0 0 0 20 20 0 0 0 1 1.00000 LOD\Interiors\Industrial\Frame\IndFrame256x256VShapeEdge02_LOD.nif
4580 28 56 71 2.00000 2.00000 1.00000 1.00000 0 0 2 2 1 24.00001 1 0 0 0 0 1 0 28 28 0 0 0 1 0.70762 LOD\Interiors\Industrial\Frame\IndFrame256x256XShape01_LOD.nif
4581 20 40 40 2.00000 2.00000 1.00000 1.00000 0 0 1 2 0 0.00000 0 0 0 0 0 0 0 20 20 0 0 0 1 1.00000 LOD\Interiors\Industrial\Frame\IndFrame256x256XShapeEdge01_LOD.nif
4582 20 40 40 2.00000 2.00000 1.00000 1.00000 0 0 1 2 0 0.00000 0 0 0 0 0 0 0 20 20 0 0 0 1 1.00000 LOD\Interiors\Industrial\Frame\IndFrame256x256XShapeEdge02_LOD.nif
4583 4 8 8 2.00000 2.00000 1.00000 1.00000 0 0 1 1 0 0.00000 0 1 0 0 0 0 0 4 4 0 0 0 0 1.00000 LOD\Interiors\Industrial\Frame\IndFrame512Straight01_LOD.nif
4584 30 58 58 1.93333 1.93333 1.03448 1.03448 0 0 1 2 0 0.00000 0 0 0 0 0 0 0 29 29 0 0 0 1 1.00000 LOD\Interiors\Industrial\Frame\IndFrame512x256AShape01_LOD.nif
4585 20 40 40 2.00000 2.00000 1.00000 1.00000 0 0 1 2 0 0.00000 0 0 0 0 0 0 0 20 20 0 0 0 1 1.00000 LOD\Interiors\Industrial\Frame\IndFrame512x256AShapeEdge01_LOD.nif
4586 20 40 40 2.00000 2.00000 1.00000 1.00000 0 0 1 2 0 0.00000 0 0 0 0 0 0 0 20 20 0 0 0 1 1.00000 LOD\Interiors\Industrial\Frame\IndFrame512x256AShapeEdge02_LOD.nif
4587 20 40 40 2.00000 2.00000 1.00000 1.00000 0 0 1 2 0 0.00000 0 0 0 0 0 0 0 20 20 0 0 0 1 1.00000 LOD\Interiors\Industrial\Frame\IndFrame512x256EmptyShape01_LOD.nif
4588 12 24 24 2.00000 2.00000 1.00000 1.00000 0 0 1 1 0 0.00000 0 0 0 0 0 0 0 12 12 0 0 0 1 1.00000 LOD\Interiors\Industrial\Frame\IndFrame512x256EmptyShapeEdge01_LOD.nif
4589 12 24 24 2.00000 2.00000 1.00000 1.00000 0 0 1 1 0 0.00000 0 0 0 0 0 0 0 12 12 0 0 0 1 1.00000 LOD\Interiors\Industrial\Frame\IndFrame512x256EmptyShapeEdge02_LOD.nif
4590 30 58 58 1.93333 1.93333 1.03448 1.03448 0 0 1 2 0 0.00000 0 0 0 0 0 0 0 29 29 0 0 0 1 1.00000 LOD\Interiors\Industrial\Frame\IndFrame512x256VShape01_LOD.nif
4591 20 40 40 2.00000 2.00000 1.00000 1.00000 0 0 1 2 0 0.00000 0 0 0 0 0 0 0 20 20 0 0 0 1 1.00000 LOD\Interiors\Industrial\Frame\IndFrame512x256VShapeEdge01_LOD.nif
4592 20 40 40 2.00000 2.00000 1.00000 1.00000 0 0 1 2 0 0.00000 0 0 0 0 0 0 0 20 20 0 0 0 1 1.00000 LOD\Interiors\Industrial\Frame\IndFrame512x256VShapeEdge02_LOD.nif
4593 30 58 58 1.93333 1.93333 1.03448 1.03448 0 0 1 2 0 0.00000 0 0 0 0 0 0 0 29 29 0 0 0 1 1.00000 LOD\Interiors\Industrial\Frame\IndFrame512x256XShape01_LOD.nif
4594 20 40 40 2.00000 2.00000 1.00000 1.00000 0 0 1 2 0 0.00000 0 0 0 0 0 0 0 20 20 0 0 0 1 1.00000 LOD\Interiors\Industrial\Frame\IndFrame512x256XShapeEdge01_LOD.nif
4595 20 40 40 2.00000 2.00000 1.00000 1.00000 0 0 1 2 0 0.00000 0 0 0 0 0 0 0 20 20 0 0 0 1 1.00000 LOD\Interiors\Industrial\Frame\IndFrame512x256XShapeEdge02_LOD.nif
4596 28 56 56 2.00000 2.00000 1.00000 1.00000 0 0 1 2 0 0.00000 0 0 0 0 0 0 0 28 28 0 0 0 1 1.00000 LOD\Interiors\Industrial\Frame\IndFrame512x384AShape01_LOD.nif
4597 20 40 40 2.00000 2.00000 1.00000 1.00000 16 16 1 2 0 0.00000 0 0 0 0 0 0 0 28 12 16 0 0 1 1.00000 LOD\Interiors\Industrial\Frame\IndFrame512x384AShapeEdge01_LOD.nif
4598 20 40 40 2.00000 2.00000 1.00000 1.00000 0 0 1 2 0 0.00000 0 0 0 0 0 0 0 20 20 0 0 0 1 1.00000 LOD\Interiors\Industrial\Frame\IndFrame512x384AShapeEdge02_LOD.nif
4599 20 40 40 2.00000 2.00000 1.00000 1.00000 0 0 1 2 0 0.00000 0 0 0 0 0 0 0 20 20 0 0 0 1 1.00000 LOD\Interiors\Industrial\Frame\IndFrame512x384EmptyShape01_LOD.nif
4600 12 24 24 2.00000 2.00000 1.00000 1.00000 0 0 1 1 0 0.00000 0 0 0 0 0 0 0 12 12 0 0 0 1 1.00000 LOD\Interiors\Industrial\Frame\IndFrame512x384EmptyShapeEdge01_LOD.nif
4601 28 56 56 2.00000 2.00000 1.00000 1.00000 0 0 1 2 0 0.00000 0 0 0 0 0 0 0 28 28 0 0 0 1 1.00000 LOD\Interiors\Industrial\Frame\IndFrame512x384VShape01_LOD.nif
4602 20 40 40 2.00000 2.00000 1.00000 1.00000 0 0 1 2 0 0.00000 0 0 0 0 0 0 0 20 20 0 0 0 1 1.00000 LOD\Interiors\Industrial\Frame\IndFrame512x384VShapeEdge01_LOD.nif
4603 28 56 56 2.00000 2.00000 1.00000 1.00000 0 0 1 2 0 0.00000 0 0 0 0 0 0 0 28 28 0 0 0 1 1.00000 LOD\Interiors\Industrial\Frame\IndFrame512x384XShape01_LOD.nif
4604 28 56 56 2.00000 2.00000 1.00000 1.00000 0 0 1 2 0 0.00000 0 0 0 0 0 0 0 28 28 0 0 0 1 1.00000 LOD\Interiors\Industrial\Frame\IndFrame512x512AShape01_LOD.nif
4605 20 40 40 2.00000 2.00000 1.00000 1.00000 0 0 1 2 0 0.00000 0 0 0 0 0 0 0 20 20 0 0 0 1 1.00000 LOD\Interiors\Industrial\Frame\IndFrame512x512AShapeEdge01_LOD.nif
4606 20 40 40 2.00000 2.00000 1.00000 1.00000 0 0 1 2 0 0.00000 0 0 0 0 0 0 0 20 20 0 0 0 1 1.00000 LOD\Interiors\Industrial\Frame\IndFrame512x512AShapeEdge02_LOD.nif
4607 20 40 40 2.00000 2.00000 1.00000 1.00000 0 0 1 2 0 0.00000 0 0 0 0 0 0 0 20 20 0 0 0 1 1.00000 LOD\Interiors\Industrial\Frame\IndFrame512x512EmptyShape01_LOD.nif
4608 12 24 24 2.00000 2.00000 1.00000 1.00000 0 0 1 1 0 0.00000 0 0 0 0 0 0 0 12 12 0 0 0 1 1.00000 LOD\Interiors\Industrial\Frame\IndFrame512x512EmptyShapeEdge01_LOD.nif
4609 12 24 24 2.00000 2.00000 1.00000 1.00000 0 0 1 1 0 0.00000 0 0 0 0 0 0 0 12 12 0 0 0 1 1.00000 LOD\Interiors\Industrial\Frame\IndFrame512x512EmptyShapeEdge02_LOD.nif
4610 28 56 56 2.00000 2.00000 1.00000 1.00000 0 0 1 2 0 0.00000 0 0 0 0 0 0 0 28 28 0 0 0 1 1.00000 LOD\Interiors\Industrial\Frame\IndFrame512x512VShape01_LOD.nif
4611 20 40 40 2.00000 2.00000 1.00000 1.00000 0 0 1 2 0 0.00000 0 0 0 0 0 0 0 20 20 0 0 0 1 1.00000 LOD\Interiors\Industrial\Frame\IndFrame512x512VShapeEdge01_LOD.nif
4612 20 40 40 2.00000 2.00000 1.00000 1.00000 0 0 1 2 0 0.00000 0 0 0 0 0 0 0 20 20 0 0 0 1 1.00000 LOD\Interiors\Industrial\Frame\IndFrame512x512VShapeEdge02_LOD.nif
4613 28 56 56 2.00000 2.00000 1.00000 1.00000 0 0 1 2 0 0.00000 0 0 0 0 0 0 0 28 28 0 0 0 1 1.00000 LOD\Interiors\Industrial\Frame\IndFrame512x512XShape01_LOD.nif
4614 20 40 40 2.00000 2.00000 1.00000 1.00000 0 0 1 2 0 0.00000 0 0 0 0 0 0 0 20 20 0 0 0 1 1.00000 LOD\Interiors\Industrial\Frame\IndFrame512x512XShapeEdge01_LOD.nif
4615 20 40 40 2.00000 2.00000 1.00000 1.00000 0 0 1 2 0 0.00000 0 0 0 0 0 0 0 20 20 0 0 0 1 1.00000 LOD\Interiors\Industrial\Frame\IndFrame512x512XShapeEdge02_LOD.nif
4616 4 8 8 2.00000 2.00000 1.00000 1.00000 0 0 1 1 0 0.00000 0 1 0 0 0 0 0 4 4 0 0 0 0 1.00000 LOD\Interiors\Industrial\Frame\IndFrame768Straight01_LOD.nif
4617 20 40 40 2.00000 2.00000 1.00000 1.00000 0 0 1 2 0 0.00000 0 0 0 0 0 0 0 20 20 0 0 0 1 1.00000 LOD\Interiors\Industrial\Frame\IndFrame768x512AShapeEdge01_LOD.nif
4618 20 40 40 2.00000 2.00000 1.00000 1.00000 0 0 1 2 0 0.00000 0 0 0 0 0 0 0 20 20 0 0 0 1 1.00000 LOD\Interiors\Industrial\Frame\IndFrame768x512AShapeEdge02_LOD.nif
4619 20 40 40 2.00000 2.00000 1.00000 1.00000 0 0 1 2 0 0.00000 0 0 0 0 0 0 0 20 20 0 0 0 1 1.00000 LOD\Interiors\Industrial\Frame\IndFrame768x512EmptyShape01_LOD.nif
4620 12 24 24 2.00000 2.00000 1.00000 1.00000 0 0 1 1 0 0.00000 0 0 0 0 0 0 0 12 12 0 0 0 1 1.00000 LOD\Interiors\Industrial\Frame\IndFrame768x512EmptyShapeEdge01_LOD.nif
4621 20 40 40 2.00000 2.00000 1.00000 1.00000 0 0 1 2 0 0.00000 0 0 0 0 0 0 0 20 20 0 0 0 1 1.00000 LOD\Interiors\Industrial\Frame\IndFrame768x768AShapeEdge01_LOD.nif
4622 12 24 24 2.00000 2.00000 1.00000 1.00000 0 0 1 1 0 0.00000 0 0 0 0 0 0 0 12 12 0 0 0 1 1.00000 LOD\Interiors\Industrial\Frame\IndFrame768x768EmptyShapeEdge01_LOD.nif
4623 12 24 24 2.00000 2.00000 1.00000 1.00000 0 0 1 1 0 0.00000 0 0 0 0 0 0 0 12 12 0 0 0 1 1.00000 LOD\Interiors\Industrial\Frame\IndFrame768x768EmptyShapeEdge02_LOD.nif
4624 20 40 40 2.00000 2.00000 1.00000 1.00000 0 0 1 2 0 0.00000 0 0 0 0 0 0 0 20 20 0 0 0 1 1.00000 LOD\Interiors\Industrial\Frame\IndFrame768x768VShapeEdge01_LOD.nif
4625 4 8 8 2.00000 2.00000 1.00000 1.00000 0 0 1 1 0 0.00000 0 1 0 0 0 0 0 4 4 0 0 0 0 1.00000 LOD\Interiors\Industrial\FrameCat\IndFrameCat256Straight01_LOD.nif
4626 28 56 56 2.00000 2.00000 1.00000 1.00000 0 0 1 2 0 0.00000 0 0 0 0 0 0 0 28 28 0 0 0 1 1.00000 LOD\Interiors\Industrial\FrameCat\IndFrameCat256x256AShape01_LOD.nif
4627 20 40 40 2.00000 2.00000 1.00000 1.00000 0 0 1 2 0 0.00000 0 0 0 0 0 0 0 20 20 0 0 0 1 1.00000 LOD\Interiors\Industrial\FrameCat\IndFrameCat256x256EmptyShape01_LOD.nif
4628 20 40 40 2.00000 2.00000 1.00000 1.00000 0 0 1 2 0 0.00000 0 0 0 0 0 0 0 20 20 0 0 0 1 1.00000 LOD\Interiors\Industrial\FrameCat\IndFrameCat256x256EmptyShape02_LOD.nif
4629 28 56 56 2.00000 2.00000 1.00000 1.00000 0 0 1 2 0 0.00000 0 0 0 0 0 0 0 28 28 0 0 0 1 1.00000 LOD\Interiors\Industrial\FrameCat\IndFrameCat256x256VShape01_LOD.nif
4630 28 56 56 2.00000 2.00000 1.00000 1.00000 0 0 1 2 0 0.00000 0 0 0 0 0 0 0 28 28 0 0 0 1 1.00000 LOD\Interiors\Industrial\FrameCat\IndFrameCat256x256XShape01_LOD.nif
4631 32 60 60 1.87500 1.87500 1.00000 1.00000 24 24 1 2 0 0.00000 0 0 0 0 0 0 0 28 28 24 0 0 1 1.00000 LOD\Interiors\Industrial\FreeRooms\IndFreeHall1Way01_LOD.nif
4632 36 68 68 1.88889 1.88889 1.00000 1.00000 40 40 1 3 0 0.00000 0 0 0 0 0 0 0 36 28 40 0 0 1 1.00000 LOD\Interiors\Industrial\FreeRooms\IndFreeHall1WayDbDoorL01_LOD.nif
4633 36 68 68 1.88889 1.88889 1.00000 1.00000 40 40 1 3 0 0.00000 0 0 0 0 0 0 0 36 28 40 0 0 1 1.00000 LOD\Interiors\Industrial\FreeRooms\IndFreeHall1WayDbDoorR01_LOD.nif
4634 32 60 60 1.87500 1.87500 1.00000 1.00000 24 24 1 2 0 0.00000 0 0 0 0 0 0 0 28 28 24 0 0 1 1.00000 LOD\Interiors\Industrial\FreeRooms\IndFreeHall1WayHalf01_LOD.nif
4635 56 76 117 1.35714 1.35714 1.00000 1.00000 40 40 3 4 3 23.18820 2 0 0 0 0 2 0 44 28 12 0 0 1 1.00000 LOD\Interiors\Industrial\FreeRooms\IndFreeHall1WayWinB01_LOD.nif
4636 46 70 98 1.52174 1.52174 1.02857 1.02857 38 38 2 3 2 46.75933 1 0 0 0 0 1 0 39 27 13 0 0 1 0.99840 LOD\Interiors\Industrial\FreeRooms\IndFreeHall1WayWinL01_LOD.nif
4637 44 68 94 1.54545 1.54545 1.00000 1.00000 32 32 2 3 2 17.28102 1 0 0 0 0 1 0 36 28 14 0 0 1 0.92708 LOD\Interiors\Industrial\FreeRooms\IndFreeHall1WayWinR01_LOD.nif
4638 60 102 166 1.70000 1.70000 1.01961 1.01961 24 24 4 4 4 194.55554 3 0 0 0 0 3 0 42 50 7 0 0 1 0.71048 LOD\Interiors\Industrial\FreeRooms\IndFreeHall2Way01_LOD.nif
4639 64 110 172 1.71875 1.71875 1.01818 1.01818 40 40 3 4 3 126.43462 2 0 0 0 0 2 0 50 50 16 0 0 1 0.88166 LOD\Interiors\Industrial\FreeRooms\IndFreeHall2WayDbDoorL01_LOD.nif
4640 84 118 186 1.40476 1.40476 1.01695 1.01695 40 40 2 6 3 127.74281 2 0 0 1 0 3 0 58 50 6 0 0 0 0.81423 LOD\Interiors\Industrial\FreeRooms\IndFreeHall2WayWinB01_LOD.nif
4641 72 110 161 1.52778 1.52778 1.01818 1.01818 32 32 2 5 3 23.66221 1 0 0 0 0 1 0 50 50 24 0 0 1 0.91392 LOD\Interiors\Industrial\FreeRooms\IndFreeHall2WayWinL01_LOD.nif
4642 72 110 161 1.52778 1.52778 1.01818 1.01818 32 32 2 5 3 21.30709 1 0 0 0 0 1 0 50 50 24 0 0 1 0.92052 LOD\Interiors\Industrial\FreeRooms\IndFreeHall2WayWinR01_LOD.nif
4643 80 132 213 1.65000 1.65000 1.00000 1.00000 36 36 3 5 5 22.20939 2 0 0 0 0 2 0 56 64 10 0 0 1 0.91071 LOD\Interiors\Industrial\FreeRooms\IndFreeHall3Way01_LOD.nif
4644 88 144 217 1.63636 1.63636 1.00000 1.00000 56 56 2 6 4 21.30709 2 0 0 1 0 3 0 68 64 36 0 0 0 0.90902 LOD\Interiors\Industrial\FreeRooms\IndFreeHall3WayDbDoor01_LOD.nif
4645 92 140 207 1.52174 1.52174 1.00000 1.00000 44 44 2 6 4 31.65142 2 0 0 1 0 3 0 64 64 20 0 0 0 1.00000 LOD\Interiors\Industrial\FreeRooms\IndFreeHall3WayWin01_LOD.nif
4646 40 72 107 1.80000 1.80000 1.00000 1.00000 12 12 3 3 3 88.52274 2 0 0 0 0 2 0 28 36 8 0 0 1 0.74562 LOD\Interiors\Industrial\FreeRooms\IndFreeHallEnd01_LOD.nif
4647 45 81 121 1.80000 1.80000 1.03704 1.03704 27 27 3 3 3 90.22243 2 0 0 0 0 2 0 36 37 7 0 0 1 0.79100 LOD\Interiors\Industrial\FreeRooms\IndFreeHallEndDbDoor01_LOD.nif
4648 52 80 119 1.53846 1.53846 1.00000 1.00000 20 20 2 4 2 31.41661 1 0 0 0 0 1 0 36 36 16 0 0 1 0.90038 LOD\Interiors\Industrial\FreeRooms\IndFreeHallEndWin01_LOD.nif
4649 32 59 84 1.84375 1.84375 1.01695 1.01695 16 16 3 2 2 134.74284 2 0 0 0 0 2 0 25 29 10 0 0 1 0.80051 LOD\Interiors\Industrial\FreeRooms\IndFreeRoomCorIn01_LOD.nif
4650 38 69 110 1.81579 1.81579 1.04348 1.04348 34 34 3 3 3 137.12654 2 0 0 0 0 2 0 35 29 13 0 0 1 0.77518 LOD\Interiors\Industrial\FreeRooms\IndFreeRoomCorInDbDoorL01_LOD.nif
4651 38 69 107 1.81579 1.81579 1.04348 1.04348 30 30 3 3 3 126.43462 2 0 0 0 0 2 0 33 31 11 0 0 1 0.73916 LOD\Interiors\Industrial\FreeRooms\IndFreeRoomCorInDbDoorR01_LOD.nif
4652 56 75 130 1.33929 1.33929 1.01333 1.01333 32 32 5 4 5 244.76945 4 1 0 0 0 4 0 41 29 8 0 0 0 1.00000 LOD\Interiors\Industrial\FreeRooms\IndFreeRoomCorInWinB01_LOD.nif
4653 44 67 95 1.52273 1.52273 1.01493 1.01493 24 24 2 3 2 37.60627 1 0 0 0 0 1 0 33 29 20 0 0 1 0.84069 LOD\Interiors\Industrial\FreeRooms\IndFreeRoomCorInWinL01_LOD.nif
4654 44 67 110 1.52273 1.52273 1.01493 1.01493 24 24 3 3 3 104.55634 2 0 0 0 0 2 0 33 29 8 0 0 1 0.80671 LOD\Interiors\Industrial\FreeRooms\IndFreeRoomCorInWinR01_LOD.nif
4655 44 78 121 1.77273 1.77273 1.02564 1.02564 20 20 3 3 3 175.29546 2 0 0 0 0 2 0 33 40 11 0 0 1 0.86377 LOD\Interiors\Industrial\FreeRooms\IndFreeRoomICorner01_LOD.nif
4656 16 32 32 2.00000 2.00000 1.00000 1.00000 8 8 1 1 0 0.00000 0 0 0 0 0 0 0 16 15 8 0 0 1 1.00000 LOD\Interiors\Industrial\FreeRooms\IndFreeRoomMid01_LOD.nif
4657 72 113 168 1.56944 1.56944 1.02655 1.02655 38 38 2 5 3 15.93475 1 0 0 0 0 1 0 56 51 29 0 0 1 1.00000 LOD\Interiors\Industrial\FreeRooms\IndFreeRoomToHall01_LOD.nif
4658 24 46 46 1.91667 1.91667 1.04348 1.04348 18 18 1 2 0 0.00000 0 0 0 0 0 0 0 22 22 18 0 0 1 1.00000 LOD\Interiors\Industrial\FreeRooms\IndFreeRoomWall01_LOD.nif
4659 33 59 63 1.78788 1.78788 1.01695 1.01695 29 29 1 3 0 0.00000 0 0 0 0 0 0 0 30 27 29 0 0 1 1.00000 LOD\Interiors\Industrial\FreeRooms\IndFreeRoomWallDbDoor01_LOD.nif
4660 36 54 58 1.50000 1.50000 1.03704 1.03704 26 26 1 3 0 0.00000 0 0 0 0 0 0 0 30 22 26 0 0 1 1.00000 LOD\Interiors\Industrial\FreeRooms\IndFreeRoomWin01_LOD.nif
4661 24 36 54 1.50000 1.50000 1.00000 1.00000 12 12 3 2 2 88.21832 2 0 0 0 0 2 0 18 18 6 0 0 1 0.76336 LOD\Interiors\Industrial\Silos\IndSilo128Bot01_LOD.nif
4662 24 36 36 1.50000 1.50000 1.00000 1.00000 12 12 1 2 0 0.00000 0 0 0 1 0 1 0 18 18 12 0 0 0 1.00000 LOD\Interiors\Industrial\Silos\IndSilo128Mid01_LOD.nif
4663 24 36 36 1.50000 1.50000 1.00000 1.00000 12 12 1 2 0 0.00000 0 0 0 1 0 1 0 18 18 12 0 0 0 1.00000 LOD\Interiors\Industrial\Silos\IndSilo128Mid02_LOD.nif
4664 48 72 72 1.50000 1.50000 1.00000 1.00000 12 12 1 3 0 0.00000 0 0 0 1 0 1 0 30 42 12 0 0 0 1.00000 LOD\Interiors\Industrial\Silos\IndSilo128MidBg01_LOD.nif
4665 24 28 42 1.16667 1.16667 1.00000 1.00000 24 24 2 2 1 14.56250 1 0 0 0 0 1 0 24 4 12 0 0 1 0.92628 LOD\Interiors\Industrial\Silos\IndSilo128Shrink01_LOD.nif
4666 28 48 65 1.71429 1.71429 1.00000 1.00000 6 6 3 2 2 88.24281 2 0 0 0 0 2 0 18 30 3 0 0 1 0.75862 LOD\Interiors\Industrial\Silos\IndSilo128Top01_LOD.nif
4667 28 44 67 1.57143 1.57143 1.00000 1.00000 14 14 3 2 2 153.77206 2 0 0 0 0 2 0 21 23 7 0 0 1 0.76594 LOD\Interiors\Industrial\Silos\IndSilo256Bot01_LOD.nif
4668 152 212 385 1.39474 1.39474 1.00000 1.00000 42 42 4 10 12 145.90485 5 0 0 0 0 5 0 93 119 10 0 0 1 0.76831 LOD\Interiors\Industrial\Silos\IndSilo256Corvega01_LOD.nif
4669 28 48 48 1.71429 1.71429 1.00000 1.00000 14 14 1 2 0 0.00000 0 0 0 1 0 1 0 21 24 14 0 0 0 1.00000 LOD\Interiors\Industrial\Silos\IndSilo256Mid01_LOD.nif
4670 56 96 98 1.71429 1.71429 1.00000 1.00000 14 14 1 4 0 0.00000 0 0 0 1 0 1 0 35 56 14 0 0 0 1.00000 LOD\Interiors\Industrial\Silos\IndSilo256MidBg01_LOD.nif
4671 14 22 29 1.57143 1.57143 1.09091 1.09091 14 14 2 1 1 86.95284 1 0 0 0 0 1 0 14 8 7 0 0 1 0.79861 LOD\Interiors\Industrial\Silos\IndSilo256Shrink01_LOD.nif
4672 84 108 171 1.28571 1.28571 1.00000 1.00000 28 28 2 6 4 37.03400 2 0 0 1 0 3 0 56 52 26 0 0 0 0.98868 LOD\Interiors\Industrial\Silos\IndSilo256Taper01_LOD.nif
4673 68 104 165 1.52941 1.52941 1.00000 1.00000 14 14 4 5 5 128.14256 3 0 0 0 0 3 0 42 62 4 0 0 1 0.82329 LOD\Interiors\Industrial\Silos\IndSilo256TaperTop01_LOD.nif
4674 33 63 77 1.90909 1.90909 1.01587 1.01587 7 7 2 3 1 86.58424 1 0 0 0 0 1 0 21 39 7 0 0 1 0.90751 LOD\Interiors\Industrial\Silos\IndSilo256Top01_LOD.nif
4675 32 64 88 2.00000 2.00000 1.00000 1.00000 16 16 3 2 2 231.25816 2 0 0 0 0 2 0 24 40 8 0 0 1 0.81358 LOD\Interiors\Industrial\Silos\IndSilo512Bot01_LOD.nif
4676 64 128 161 2.00000 2.00000 1.00000 1.00000 16 16 2 4 2 0.20784 1 0 0 1 0 2 0 40 88 16 0 0 0 1.00000 LOD\Interiors\Industrial\Silos\IndSilo512MidBg01_LOD.nif
4677 16 24 32 1.50000 1.50000 1.00000 1.00000 16 16 2 1 1 142.92209 1 0 0 0 0 1 0 16 8 8 0 0 1 0.89791 LOD\Interiors\Industrial\Silos\IndSilo512Shrink01_LOD.nif
4678 38 72 98 1.89474 1.89474 1.00000 1.00000 8 8 3 3 3 394.25919 2 0 0 0 0 2 0 24 48 4 0 0 1 0.76961 LOD\Interiors\Industrial\Silos\IndSilo512Top01_LOD.nif
4679 20 24 36 1.20000 1.20000 1.00000 1.00000 10 10 2 2 1 0.01781 1 0 0 0 0 1 0 15 9 10 0 0 1 0.99951 LOD\Interiors\Industrial\Silos\IndSilo64Bot01_LOD.nif
4680 20 24 26 1.20000 1.20000 1.00000 1.00000 10 10 1 2 0 0.00000 0 0 0 1 0 1 0 15 9 10 0 0 0 1.00000 LOD\Interiors\Industrial\Silos\IndSilo64Mid01_LOD.nif
4681 40 48 52 1.20000 1.20000 1.00000 1.00000 10 10 1 3 0 0.00000 0 0 0 1 0 1 0 25 23 10 0 0 0 1.00000 LOD\Interiors\Industrial\Silos\IndSilo64MidBg01_LOD.nif
4682 23 33 44 1.43478 1.43478 1.09091 1.09091 5 5 2 2 1 30.92883 1 0 0 0 0 1 0 15 14 5 0 0 1 0.91776 LOD\Interiors\Industrial\Silos\IndSilo64Top01_LOD.nif
4683 8 14 14 1.75000 1.75000 1.14286 1.14286 8 8 1 1 0 0.00000 0 0 0 0 0 0 0 8 6 8 0 0 1 1.00000 LOD\Interiors\Industrial\SmPipe\IndSmPipe1Way01_LOD.nif
4684 16 21 29 1.31250 1.31250 1.14286 1.14286 8 8 2 1 1 25.09933 1 0 0 0 0 1 0 12 9 8 0 0 1 1.00000 LOD\Interiors\Industrial\SmPipe\IndSmPipe1Way45Turn01_LOD.nif
4685 8 14 14 1.75000 1.75000 1.14286 1.14286 8 8 1 1 0 0.00000 0 0 0 0 0 0 0 8 6 8 0 0 1 1.00000 LOD\Interiors\Industrial\SmPipe\IndSmPipe1WayHalf01_LOD.nif
4686 16 28 28 1.75000 1.75000 1.00000 1.00000 8 8 1 1 0 0.00000 0 0 0 1 0 1 0 12 16 8 0 0 0 1.00000 LOD\Interiors\Industrial\SmPipe\IndSmPipe1WayLong01_LOD.nif
4687 24 42 42 1.75000 1.75000 1.04762 1.04762 8 8 1 2 0 0.00000 0 0 0 1 0 1 0 16 26 8 0 0 0 1.00000 LOD\Interiors\Industrial\SmPipe\IndSmPipe1WayLonger01_LOD.nif
4688 32 56 56 1.75000 1.75000 1.00000 1.00000 8 8 1 2 0 0.00000 0 0 0 1 0 1 0 20 36 8 0 0 0 1.00000 LOD\Interiors\Industrial\SmPipe\IndSmPipe1WayLongest01_LOD.nif
4689 32 42 42 1.31250 1.31250 1.04762 1.04762 16 16 1 2 0 0.00000 0 0 0 0 0 0 0 24 18 16 0 0 1 1.00000 LOD\Interiors\Industrial\SmPipe\IndSmPipe1WayShift01_LOD.nif
4690 32 42 54 1.31250 1.31250 1.04762 1.04762 8 8 2 2 1 45.14771 1 0 0 0 0 1 0 20 22 8 0 0 1 0.79593 LOD\Interiors\Industrial\SmPipe\IndSmPipe1WayUTurn01_LOD.nif
4691 16 21 21 1.31250 1.31250 1.14286 1.14286 8 8 1 1 0 0.00000 0 0 0 0 0 0 0 12 9 8 0 0 1 1.00000 LOD\Interiors\Industrial\SmPipe\IndSmPipe2Way01_LOD.nif
4692 32 42 54 1.31250 1.31250 1.04762 1.04762 8 8 2 2 1 11.87490 1 0 0 0 0 1 0 20 22 8 0 0 1 1.00000 LOD\Interiors\Industrial\SmPipe\IndSmPipe2WayLarge01_LOD.nif
4693 16 28 28 1.75000 1.75000 1.00000 1.00000 16 16 1 1 0 0.00000 0 0 0 0 0 0 0 16 12 16 0 0 1 1.00000 LOD\Interiors\Industrial\SmPipe\IndSmPipe3Way01_LOD.nif
4694 16 28 36 1.75000 1.75000 1.00000 1.00000 16 16 2 1 1 38.60732 1 0 0 0 0 1 0 16 12 0 0 0 1 0.71049 LOD\Interiors\Industrial\SmPipe\IndSmPipe4Way01_LOD.nif
4695 26 48 48 1.84615 1.84615 1.00000 1.00000 20 20 1 2 0 0.00000 0 0 0 0 0 0 0 24 24 20 0 0 1 1.00000 LOD\Interiors\Industrial\SmPipe\IndSmPipe5Way01_LOD.nif
4696 24 42 42 1.75000 1.75000 1.04762 1.04762 24 24 1 2 0 0.00000 0 0 0 0 0 0 0 24 18 24 0 0 1 1.00000 LOD\Interiors\Industrial\SmPipe\IndSmPipe6Way01_LOD.nif
4697 390 577 656 1.47949 1.47949 1.00530 1.00530 40 40 3 25 6 383.65408 3 0 0 0 0 3 0 216 357 8 0 0 2 0.72289 LOD\Interiors\Industrial\Unique\BlastFurnace01_LOD.nif
4698 294 498 574 1.69388 1.69388 1.00391 1.00391 40 40 3 19 6 383.65408 3 0 0 0 0 3 0 168 324 8 0 0 2 0.72289 LOD\Interiors\Industrial\Unique\BlastFurnace01_LOD_1.nif
4699 70 104 146 1.48571 1.48571 1.00000 1.00000 8 8 2 5 3 63.50296 1 0 0 0 0 1 0 40 64 8 0 0 1 1.00000 LOD\Interiors\Industrial\Unique\BlastFurnace01_LOD_2.nif
4700 978 877 2246 0.94888 0.94888 1.00342 1.00342 126 126 7 62 61 2266.10352 28 1 0 4 0 32 0 551 231 6 0 0 0 0.79331 LOD\Interiors\Prydwen\PrydwenExt01_LOD.nif
4701 1740 2184 4244 1.26667 1.26379 1.00000 1.00000 92 92 5 109 105 991.19574 44 0 1 7 0 51 0 918 1067 31 0 0 1 0.71033 LOD\Interiors\Prydwen\PrydwenExt02_LOD.nif
4702 210 293 555 1.39524 1.39524 1.01024 1.01024 142 142 4 14 13 680.04706 7 0 0 0 0 7 0 174 88 15 0 0 1 0.81206 LOD\Interiors\Prydwen\PrydwenExt03_LOD.nif
4703 126 172 294 1.36508 1.36508 1.00000 1.00000 102 102 3 8 7 122.32100 3 0 0 0 0 3 0 108 54 27 0 0 1 0.97207 LOD\Interiors\Prydwen\PrydwenExt04_LOD.nif
4704 128 227 236 1.77344 1.77344 1.00441 1.00441 30 30 1 8 0 0.00000 0 0 0 0 0 0 0 85 106 30 0 0 1 1.00000 LOD\Interiors\Prydwen\PrydwenExt05_LOD.nif
4705 266 341 697 1.28195 1.28195 1.00880 1.00880 98 98 5 17 18 805.22546 8 0 0 1 0 9 0 182 50 8 0 0 0 0.72495 LOD\Interiors\Prydwen\PrydwenExt06_LOD.nif
4706 114 152 271 1.33333 1.33333 1.00000 1.00000 98 98 3 8 7 539.11414 3 0 0 0 0 3 0 100 44 20 0 0 1 0.88532 LOD\Interiors\Prydwen\PrydwenExt08_LOD.nif
4707 1732 1592 4003 0.96651 0.96363 1.00000 1.00000 164 164 7 109 124 2070.42334 48 0 1 6 2 54 0 877 416 7 0 0 0 0.72110 LOD\Interiors\Prydwen\PrydwenExt09_LOD.nif
4708 346 307 682 0.97110 0.95087 1.00326 1.00326 0 0 2 22 15 134.60912 5 0 0 0 0 5 0 159 64 0 0 0 1 0.83834 LOD\Interiors\Prydwen\PrydwenExtRamp01_LOD.nif
4709 516 666 1330 1.32558 1.31395 1.00300 1.00300 248 248 6 33 31 2161.31494 13 1 0 2 0 15 0 395 257 6 0 0 0 0.72321 LOD\Interiors\RedRocket\RedRExtAll01_LOD.nif
4710 4 8 8 2.00000 2.00000 1.00000 1.00000 6 6 1 1 0 0.00000 0 1 0 0 0 0 0 6 2 6 0 0 0 1.00000 LOD\Landscape\Pier\ParkPierStr01_LOD_0.nif
4711 4 8 8 2.00000 2.00000 1.00000 1.00000 6 6 1 1 0 0.00000 0 1 0 0 0 0 0 6 2 6 0 0 0 1.00000 LOD\Landscape\Pier\ParkPierStr01_NoPosts_LOD_0.nif
4712 41 77 106 1.87805 1.87805 1.03896 1.03896 33 33 2 3 2 0.09429 1 0 0 0 0 1 0 39 38 22 0 0 1 1.00000 LOD\Landscape\Pier\PierAngle02_LOD_0.nif
4713 10 18 18 1.80000 1.80000 1.11111 1.11111 10 10 1 1 0 0.00000 0 0 0 0 0 0 0 11 5 10 0 0 1 1.00000 LOD\Landscape\Pier\PierBeachCrnInL01_LOD_0.nif
4714 10 18 18 1.80000 1.80000 1.11111 1.11111 10 10 1 1 0 0.00000 0 0 0 0 0 0 0 11 5 10 0 0 1 1.00000 LOD\Landscape\Pier\PierBeachCrnInL01_NoSupports_LOD_0.nif
4715 10 18 18 1.80000 1.80000 1.11111 1.11111 10 10 1 1 0 0.00000 0 0 0 0 0 0 0 11 5 10 0 0 1 1.00000 LOD\Landscape\Pier\PierBeachCrnInR01_LOD_0.nif
4716 10 18 18 1.80000 1.80000 1.11111 1.11111 10 10 1 1 0 0.00000 0 0 0 0 0 0 0 11 5 10 0 0 1 1.00000 LOD\Landscape\Pier\PierBeachCrnInR01_NoSupports_LOD_0.nif
4717 10 18 18 1.80000 1.80000 1.11111 1.11111 10 10 1 1 0 0.00000 0 0 0 0 0 0 0 11 5 10 0 0 1 1.00000 LOD\Landscape\Pier\PierBeachCrnInRNoSand01_LOD_0.nif
4718 12 22 29 1.83333 1.83333 1.09091 1.09091 8 8 2 1 1 0.00001 1 0 0 0 0 1 0 11 9 6 0 0 1 1.00000 LOD\Landscape\Pier\PierBeachEndL01_LOD_0.nif
4719 12 22 29 1.83333 1.83333 1.09091 1.09091 8 8 2 1 1 0.00001 1 0 0 0 0 1 0 11 9 6 0 0 1 1.00000 LOD\Landscape\Pier\PierBeachEndL01_NoSupports_LOD_0.nif
4720 12 22 29 1.83333 1.83333 1.09091 1.09091 8 8 2 1 1 0.00003 1 0 0 0 0 1 0 11 9 6 0 0 1 0.99088 LOD\Landscape\Pier\PierBeachEndR01_LOD_0.nif
4721 12 22 29 1.83333 1.83333 1.09091 1.09091 8 8 2 1 1 0.00003 1 0 0 0 0 1 0 11 9 6 0 0 1 0.99088 LOD\Landscape\Pier\PierBeachEndR01_NoSupports_LOD_0.nif
4722 2 4 4 2.00000 2.00000 1.00000 1.00000 4 4 1 1 0 0.00000 0 1 0 0 0 0 0 4 0 4 0 0 0 1.00000 LOD\Landscape\Pier\PierBeachMid01_LOD_0.nif
4723 8 14 20 1.75000 1.75000 1.14286 1.14286 8 8 2 1 1 0.00000 1 1 0 0 0 1 0 9 5 6 0 0 0 1.00000 LOD\Landscape\Pier\PierBeachStr01_LOD_0.nif
4724 8 14 20 1.75000 1.75000 1.14286 1.14286 8 8 2 1 1 0.00000 1 1 0 0 0 1 0 9 5 6 0 0 0 1.00000 LOD\Landscape\Pier\PierBeachStr01_NoSupports_LOD_0.nif
4725 8 16 22 2.00000 2.00000 1.00000 1.00000 8 8 2 1 1 28.00731 1 1 0 0 0 1 0 9 4 6 0 0 0 0.96278 LOD\Landscape\Pier\PierBeachWedge01_LOD_0.nif
4726 8 20 20 2.50000 2.50000 1.00000 1.00000 8 8 1 1 0 0.00000 0 0 0 0 0 0 0 9 8 8 0 0 1 1.00000 LOD\Landscape\Pier\PierCrnOut01_LOD_0.nif
4727 8 20 20 2.50000 2.50000 1.00000 1.00000 8 8 1 1 0 0.00000 0 0 0 0 0 0 0 9 8 8 0 0 1 1.00000 LOD\Landscape\Pier\PierCrnOut01_NoSupports_LOD_0.nif
4728 2 4 4 2.00000 2.00000 1.00000 1.00000 4 4 1 1 0 0.00000 0 1 0 0 0 0 0 4 0 4 0 0 0 1.00000 LOD\Landscape\Pier\PierMid01_LOD_0.nif
4729 4 8 8 2.00000 2.00000 1.00000 1.00000 6 6 1 1 0 0.00000 0 1 0 0 0 0 0 6 2 6 0 0 0 1.00000 LOD\Landscape\Pier\PierMid02_LOD_0.nif
4730 4 8 8 2.00000 2.00000 1.00000 1.00000 6 6 1 1 0 0.00000 0 1 0 0 0 0 0 6 2 6 0 0 0 1.00000 LOD\Landscape\Pier\PierStr01_LOD_0.nif
4731 4 8 8 2.00000 2.00000 1.00000 1.00000 6 6 1 1 0 0.00000 0 1 0 0 0 0 0 6 2 6 0 0 0 1.00000 LOD\Landscape\Pier\PierStr01_NoSupports_LOD_0.nif
4732 8 16 16 2.00000 2.00000 1.00000 1.00000 10 10 1 1 0 0.00000 0 0 0 0 0 0 0 10 6 10 0 0 1 1.00000 LOD\Landscape\Pier\PierStr02_LOD_0.nif
4733 8 16 16 2.00000 2.00000 1.00000 1.00000 10 10 1 1 0 0.00000 0 0 0 0 0 0 0 10 6 10 0 0 1 1.00000 LOD\Landscape\Pier\PierStr02_NoSupports_LOD_0.nif
4734 20 48 55 2.40000 2.40000 1.00000 1.00000 0 0 2 2 1 23.62311 1 0 0 0 0 1 0 12 22 0 0 0 1 0.83974 LOD\Landscape\Pier\PierWoodMid01_LOD_0.nif
4735 20 46 53 2.30000 2.30000 1.04348 1.04348 0 0 2 2 1 23.62311 1 0 0 1 0 2 0 12 21 0 0 0 0 0.83985 LOD\Landscape\Pier\PierWoodMid02_LOD_0.nif
4736 32 66 76 2.06250 2.06250 1.03030 1.03030 0 0 2 2 1 3.43916 1 0 0 0 0 1 0 18 36 0 0 0 1 1.00000 LOD\Landscape\Pier\PierWoodMid03_LOD_0.nif
4737 33 91 120 2.75758 2.75758 1.01099 1.01099 27 27 3 3 2 103.52430 2 0 0 0 0 2 0 31 42 10 0 0 1 0.80095 LOD\Landscape\RetainingWall\River\Bridge01TranRWStairsL_LOD.nif
4738 26 72 98 2.76923 2.76923 1.00000 1.00000 18 18 3 2 2 92.09570 2 0 0 1 0 3 0 24 35 10 0 0 0 0.72895 LOD\Landscape\RetainingWall\River\Bridge01TranRWStairsLB_LOD.nif
4739 33 95 124 2.87879 2.87879 1.01053 1.01053 27 27 3 3 2 103.52431 2 0 0 0 0 2 0 31 42 10 0 0 1 0.80095 LOD\Landscape\RetainingWall\River\Bridge01TranRWStairsR_LOD.nif
4740 116 260 366 2.24138 2.24138 1.00000 1.00000 56 56 3 8 6 59.31950 3 0 0 0 0 3 0 96 126 17 0 0 1 0.78528 LOD\Landscape\RetainingWall\River\RWBridgeRive01_L0_LOD.nif
4741 180 364 505 2.03333 2.02222 1.00000 1.00000 72 72 4 12 9 62.15355 5 1 0 1 0 6 0 136 160 0 0 0 0 0.96176 LOD\Landscape\RetainingWall\River\RWBridgeRive01_L1_LOD.nif
4742 49 115 167 2.34694 2.34694 1.00870 1.00870 27 27 4 4 4 83.62212 3 0 0 1 0 4 0 40 66 10 0 0 0 0.99701 LOD\Landscape\RetainingWall\River\RWRivACurveOut512TransHalfL_LOD.nif
4743 10 24 41 2.40000 2.40000 1.00000 1.00000 14 14 3 1 2 58.27765 2 1 0 0 0 2 0 14 8 8 0 0 0 1.00000 LOD\Landscape\RetainingWall\River\RWRivAStr01_LOD.nif
4744 11 23 32 2.09091 2.09091 1.04348 1.04348 13 13 2 1 1 43.12252 1 0 0 1 0 2 0 14 8 9 0 0 0 1.00000 LOD\Landscape\RetainingWall\River\RWRivAStr01Half_LOD.nif
4745 21 51 65 2.42857 2.42857 1.01961 1.01961 19 19 2 2 1 76.11459 1 0 0 0 0 1 0 24 16 14 0 0 1 0.73832 LOD\Landscape\RetainingWall\River\RWRivAStr01HalfStairsL_LOD.nif
4746 40 112 147 2.80000 2.80000 1.00000 1.00000 32 32 3 3 3 183.88095 2 0 0 0 0 2 0 37 57 10 0 0 1 0.81380 LOD\Landscape\RetainingWall\River\RWRivAStr01StairTransRivSRNoRailA_LOD.nif
4747 92 184 275 2.00000 2.00000 1.00000 1.00000 100 100 3 6 5 147.94637 3 0 0 0 0 3 0 100 84 31 0 0 1 0.77849 LOD\Landscape\RetainingWall\River\RWRiverPieceRailCircleCustom01_LOD.nif
4748 8 16 16 2.00000 2.00000 1.00000 1.00000 12 12 1 1 0 0.00000 0 0 0 0 0 0 0 12 0 12 0 0 1 1.00000 LOD\Landscape\RetainingWall\River\RWRiverPieceRailCor01_LOD.nif
4749 12 28 46 2.33333 2.33333 1.00000 1.00000 16 16 3 1 2 55.09966 2 1 0 0 0 2 0 16 8 8 0 0 0 1.00000 LOD\Landscape\RetainingWall\River\RWRiverPieceRailCurveL01_LOD.nif
4750 12 24 34 2.00000 2.00000 1.00000 1.00000 16 16 2 1 1 52.51444 1 0 0 1 0 2 0 16 8 10 0 0 0 1.00000 LOD\Landscape\RetainingWall\River\RWRiverPieceRailCurveR01_LOD.nif
4751 20 44 56 2.20000 2.20000 1.00000 1.00000 22 22 2 2 1 46.37093 1 0 0 0 0 1 0 22 16 12 0 0 1 0.97619 LOD\Landscape\RetainingWall\River\RWRiverPieceRailHalfCircle01_LOD.nif
4752 48 104 142 2.16667 2.16667 1.00000 1.00000 52 52 2 3 2 50.40716 1 0 0 0 0 1 0 52 35 28 0 0 1 0.96699 LOD\Landscape\RetainingWall\River\RWRiverPieceRailHalfCircle02_LOD.nif
4753 38 84 114 2.21053 2.21053 1.00000 1.00000 42 42 2 3 2 36.98616 1 0 0 0 0 1 0 42 25 23 0 0 1 0.93127 LOD\Landscape\RetainingWall\River\RWRiverPieceRailHalfCircle02Short01_LOD.nif
4754 16 32 44 2.00000 2.00000 1.00000 1.00000 20 20 2 1 1 61.46494 1 0 0 1 0 2 0 20 12 12 0 0 0 0.99301 LOD\Landscape\RetainingWall\River\RWRiverPieceRailShiftL01_LOD.nif
4755 16 32 44 2.00000 2.00000 1.00000 1.00000 20 20 2 1 1 61.46494 1 0 0 1 0 2 0 20 12 12 0 0 0 0.99301 LOD\Landscape\RetainingWall\River\RWRiverPieceRailShiftR01_LOD.nif
4756 4 8 8 2.00000 2.00000 1.00000 1.00000 8 8 1 1 0 0.00000 0 1 0 0 0 0 0 8 0 8 0 0 0 1.00000 LOD\Landscape\RetainingWall\River\RWRiverPieceRailStr01_LOD.nif
4757 32 64 85 2.00000 2.00000 1.00000 1.00000 28 28 2 2 1 42.18031 1 0 0 0 0 1 0 33 29 16 0 0 1 0.98759 LOD\Landscape\RetainingWall\River\RWRiverPieceStairCurve01_LOD.nif
4758 32 64 85 2.00000 2.00000 1.00000 1.00000 28 28 2 2 1 43.66278 1 0 0 0 0 1 0 33 29 16 0 0 1 0.98758 LOD\Landscape\RetainingWall\River\RWRiverPieceStairCurve02_LOD.nif
4759 16 36 44 2.25000 2.25000 1.00000 1.00000 16 16 2 1 1 89.42252 1 0 0 0 0 1 0 16 14 8 0 0 1 1.00000 LOD\Landscape\RetainingWall\River\RWRiverPieceWallCurveR01_LOD.nif
4760 8 22 22 2.75000 2.75000 1.09091 1.09091 8 8 1 1 0 0.00000 0 0 0 0 0 0 0 8 12 8 0 0 1 1.00000 LOD\Landscape\RetainingWall\River\RWRiverPieceWallMid01_LOD.nif
4761 10 26 26 2.60000 2.60000 1.07692 1.07692 4 4 1 1 0 0.00000 0 0 0 0 0 0 0 8 15 4 0 0 1 1.00000 LOD\Landscape\RetainingWall\River\RWRiverPieceWallTop01_LOD.nif
4762 10 24 24 2.40000 2.40000 1.00000 1.00000 4 4 1 1 0 0.00000 0 0 0 0 0 0 0 8 14 4 0 0 1 1.00000 LOD\Landscape\RetainingWall\River\RWRiverPieceWallTopCor01_LOD.nif
4763 22 54 63 2.45455 2.45455 1.03704 1.03704 8 8 2 2 1 92.78194 1 0 0 0 0 1 0 16 32 5 0 0 1 1.00000 LOD\Landscape\RetainingWall\River\RWRiverPieceWallTopCurveL01_LOD.nif
4764 22 54 63 2.45455 2.45455 1.03704 1.03704 8 8 2 2 1 107.31242 1 0 0 0 0 1 0 16 32 5 0 0 1 0.94311 LOD\Landscape\RetainingWall\River\RWRiverPieceWallTopCurveR01_LOD.nif
4765 64 152 198 2.37500 2.37500 1.00000 1.00000 22 22 3 4 3 191.09209 2 0 0 0 0 2 0 44 102 9 0 0 1 0.94804 LOD\Landscape\RetainingWall\River\RWRiverPieceWallTopHalfCircle01_LOD.nif
4766 76 180 241 2.36842 2.36842 1.00000 1.00000 26 26 3 5 5 131.47464 2 0 0 0 0 2 0 52 118 10 0 0 1 0.92403 LOD\Landscape\RetainingWall\River\RWRiverPieceWallTopHalfCircle02_LOD.nif
4767 28 64 81 2.28571 2.28571 1.00000 1.00000 10 10 3 2 2 124.99104 2 0 0 0 0 2 0 20 36 4 0 0 1 0.91009 LOD\Landscape\RetainingWall\River\RWRiverPieceWallTopShiftL01_LOD.nif
4768 28 64 81 2.28571 2.28571 1.00000 1.00000 10 10 3 2 2 124.91442 2 0 0 0 0 2 0 20 36 4 0 0 1 0.91009 LOD\Landscape\RetainingWall\River\RWRiverPieceWallTopShiftR01_LOD.nif
4769 47 113 166 2.40426 2.40426 1.02655 1.02655 29 29 4 3 4 173.97169 3 0 0 1 0 4 0 40 63 9 0 0 0 0.90642 LOD\Landscape\RetainingWall\River\RWRivSCurveOut1280_LOD.nif
4770 42 104 151 2.47619 2.47619 1.00000 1.00000 38 38 3 3 3 70.01069 2 0 0 0 0 2 0 43 47 12 0 0 1 0.75460 LOD\Landscape\RetainingWall\River\RWRivSStairsStrFreeR_LOD.nif
4771 10 26 43 2.60000 2.60000 1.07692 1.07692 14 14 3 1 2 52.67949 2 1 0 0 0 2 0 14 9 8 0 0 0 1.00000 LOD\Landscape\RetainingWall\River\RWRivSStr01_LOD.nif
4772 12 28 43 2.33333 2.33333 1.00000 1.00000 18 18 3 1 2 84.99172 2 1 0 0 0 2 0 17 8 6 0 0 0 0.80647 LOD\Landscape\RetainingWall\River\RWRivSStr01StairsOpenL_LOD.nif
4773 12 24 37 2.00000 2.00000 1.00000 1.00000 10 10 3 1 2 77.05510 2 1 0 0 0 2 0 12 8 6 0 0 0 0.96020 LOD\Landscape\RetainingWall\Stone\RWStoneAAngle30in01_LOD.nif
4774 12 24 38 2.00000 2.00000 1.00000 1.00000 10 10 3 1 2 106.01070 2 1 0 0 0 2 0 12 8 6 0 0 0 0.90708 LOD\Landscape\RetainingWall\Stone\RWStoneAAngle30out01_LOD.nif
4775 12 24 31 2.00000 2.00000 1.00000 1.00000 10 10 2 1 1 138.66624 1 0 0 0 0 1 0 12 8 6 0 0 1 0.93999 LOD\Landscape\RetainingWall\Stone\RWStoneAAngle60in01_LOD.nif
4776 12 24 32 2.00000 2.00000 1.00000 1.00000 10 10 2 1 1 63.12034 1 0 0 0 0 1 0 12 8 8 0 0 1 0.71586 LOD\Landscape\RetainingWall\Stone\RWStoneAAngle60out01_LOD.nif
4777 6 14 14 2.33333 2.33333 1.14286 1.14286 6 6 1 1 0 0.00000 0 0 0 0 0 0 0 7 7 6 0 0 1 1.00000 LOD\Landscape\RetainingWall\Stone\RWStoneACorIn01_LOD.nif
4778 14 26 26 1.85714 1.85714 1.07692 1.07692 14 14 1 1 0 0.00000 0 0 0 0 0 0 0 15 11 14 0 0 1 1.00000 LOD\Landscape\RetainingWall\Stone\RWStoneACorOut01_LOD.nif
4779 18 36 52 2.00000 2.00000 1.00000 1.00000 12 12 3 2 2 70.44629 2 1 0 0 0 2 0 16 20 6 0 0 0 0.86563 LOD\Landscape\RetainingWall\Stone\RWStoneACurve256L01_LOD.nif
4780 18 36 52 2.00000 2.00000 1.00000 1.00000 12 12 3 2 2 70.44629 2 1 0 0 0 2 0 16 20 6 0 0 0 0.86563 LOD\Landscape\RetainingWall\Stone\RWStoneACurve256R01_LOD.nif
4781 18 36 52 2.00000 2.00000 1.00000 1.00000 12 12 3 2 2 75.32477 2 1 0 0 0 2 0 16 20 6 0 0 0 0.93203 LOD\Landscape\RetainingWall\Stone\RWStoneACurve512L01_LOD.nif
4782 18 36 52 2.00000 2.00000 1.00000 1.00000 12 12 3 2 2 75.32478 2 1 0 0 0 2 0 16 20 6 0 0 0 0.93203 LOD\Landscape\RetainingWall\Stone\RWStoneACurve512R01_LOD.nif
4783 27 45 65 1.66667 1.66667 1.06667 1.06667 11 11 3 2 2 111.09411 2 0 0 0 0 2 0 20 24 6 0 0 1 0.82581 LOD\Landscape\RetainingWall\Stone\RWStoneADownR01_LOD.nif
4784 19 29 38 1.52632 1.52632 1.10345 1.10345 11 11 2 2 1 76.79778 1 0 0 0 0 1 0 16 10 8 0 0 1 0.88730 LOD\Landscape\RetainingWall\Stone\RWStoneAEncL01_LOD.nif
4785 19 29 38 1.52632 1.52632 1.10345 1.10345 11 11 2 2 1 76.79778 1 0 0 0 0 1 0 16 10 8 0 0 1 0.88730 LOD\Landscape\RetainingWall\Stone\RWStoneAEncR01_LOD.nif
4786 10 20 20 2.00000 2.00000 1.00000 1.00000 4 4 1 1 0 0.00000 0 0 0 0 0 0 0 8 12 4 0 0 1 1.00000 LOD\Landscape\RetainingWall\Stone\RWStoneAEndPost01_LOD.nif
4787 10 20 20 2.00000 2.00000 1.00000 1.00000 4 4 1 1 0 0.00000 0 0 0 0 0 0 0 8 12 4 0 0 1 1.00000 LOD\Landscape\RetainingWall\Stone\RWStoneAEndPost02_LOD.nif
4788 6 12 18 2.00000 2.00000 1.00000 1.00000 8 8 2 1 1 63.84375 1 1 0 0 0 1 0 8 4 6 0 0 0 0.90062 LOD\Landscape\RetainingWall\Stone\RWStoneAStr01_LOD.nif
4789 6 12 18 2.00000 2.00000 1.00000 1.00000 8 8 2 1 1 63.84375 1 1 0 0 0 1 0 8 4 6 0 0 0 0.90062 LOD\Landscape\RetainingWall\Stone\RWStoneAStr02_LOD.nif
4790 6 12 18 2.00000 2.00000 1.00000 1.00000 8 8 2 1 1 63.84375 1 1 0 0 0 1 0 8 4 6 0 0 0 0.90062 LOD\Landscape\RetainingWall\Stone\RWStoneAStr03_LOD.nif
4791 24 44 54 1.83333 1.83333 1.00000 1.00000 10 10 2 2 1 89.07608 1 0 0 0 0 1 0 18 24 6 0 0 1 0.83915 LOD\Landscape\RetainingWall\Stone\RWStoneAStr04_LOD.nif
4792 78 214 292 2.74359 2.74359 1.00935 1.00935 32 32 4 5 6 86.96672 3 0 0 0 0 3 0 55 69 6 0 0 1 0.98786 LOD\Landscape\Roads\Bridge\RoadStrBridgeEnd01_LOD_0.nif
4793 78 214 293 2.74359 2.74359 1.00935 1.00935 32 32 4 5 6 86.96672 3 0 0 0 0 3 0 55 67 6 0 0 1 0.98786 LOD\Landscape\Roads\Bridge\RoadStrBridgeEnd02_LOD_0.nif
4794 39 97 130 2.48718 2.48718 1.03093 1.03093 19 19 3 3 3 27.47030 2 0 0 0 0 2 0 29 33 9 0 0 1 0.82012 LOD\Landscape\Roads\Bridge\RoadStrBridgeMid01_LOD_0.nif
4795 39 97 130 2.48718 2.48718 1.03093 1.03093 19 19 3 3 3 27.47030 2 0 0 0 0 2 0 29 33 9 0 0 1 0.82012 LOD\Landscape\Roads\Bridge\RoadStrBridgeMid02_LOD_0.nif
4796 40 104 134 2.60000 2.60000 1.00000 1.00000 10 10 3 3 3 25.18537 2 0 0 0 0 2 0 26 48 4 0 0 1 0.97968 LOD\Landscape\Roads\Bridge\RoadStrBridgeMidEnd01_LOD_0.nif
4797 40 106 137 2.65000 2.65000 1.01887 1.01887 10 10 3 3 3 68.69251 2 0 0 0 0 2 0 26 58 4 0 0 1 0.76740 LOD\Landscape\Roads\Bridge\RoadStrBridgeMidEnd02_LOD_0.nif
4798 237 387 413 1.63291 1.63291 1.00258 1.00258 119 119 1 15 0 0.00000 0 0 0 0 0 0 0 177 159 119 0 0 1 1.00000 LOD\Landscape\Roads\HighwayOverpass\HWDoubleChunkBoth01_LOD_0.nif
4799 102 180 188 1.76471 1.76471 1.00000 1.00000 12 12 1 7 0 0.00000 0 0 0 0 0 0 0 59 109 12 0 0 1 1.00000 LOD\Landscape\Roads\HighwayOverpass\HWDoubleChunkBoth01_LOD_1.nif
4800 136 190 298 1.39706 1.39706 1.01053 1.01053 56 56 2 9 5 225.54570 2 0 0 1 0 3 0 93 82 18 0 0 0 0.96992 LOD\Landscape\Roads\HighwayOverpass\HWDoubleChunkLargeTop01_LOD_0.nif
4801 136 190 340 1.39706 1.39706 1.01053 1.01053 56 56 3 9 8 87.87593 3 0 0 0 0 3 0 93 82 19 0 0 1 0.80196 LOD\Landscape\Roads\HighwayOverpass\HWDoubleChunkLargeTop02_LOD_0.nif
4802 16 26 36 1.62500 1.62500 1.07692 1.07692 18 18 2 1 1 62.97100 1 0 0 0 0 1 0 18 6 10 0 0 1 0.76598 LOD\Landscape\Roads\HighwayOverpass\HWDoubleChunkLargeTop03_LOD_0.nif
4803 763 1139 2077 1.49803 1.49279 1.00088 1.00088 197 197 3 48 41 2304.79028 16 0 0 5 0 21 0 474 457 120 1 0 0 0.74191 LOD\Landscape\Roads\HighwayOverpass\HWDoubleCurveL01_LOD_0.nif
4804 266 425 454 1.59774 1.59774 1.00706 1.00706 38 38 1 17 0 0.00000 0 0 0 0 0 0 0 135 252 38 1 0 1 1.00000 LOD\Landscape\Roads\HighwayOverpass\HWDoubleCurveL01_LOD_1.nif
4805 763 1149 1804 1.51114 1.50590 1.00261 1.00261 249 249 2 48 29 883.09552 10 0 0 0 0 10 0 503 444 145 0 0 1 0.80894 LOD\Landscape\Roads\HighwayOverpass\HWDoubleCurveR01_LOD_0.nif
4806 271 424 667 1.56458 1.56458 1.00000 1.00000 59 59 2 17 11 546.36176 4 0 0 0 0 4 0 151 235 28 0 0 1 0.79352 LOD\Landscape\Roads\HighwayOverpass\HWDoubleCurveR01_LOD_1.nif
4807 766 1156 1808 1.51175 1.50914 1.00000 1.00000 246 246 2 48 29 2414.11133 12 0 0 0 0 12 0 500 450 144 0 0 1 0.93999 LOD\Landscape\Roads\HighwayOverpass\HWDoubleCurveR01a_LOD_0.nif
4808 265 418 668 1.57736 1.57736 1.00478 1.00478 64 64 2 17 12 766.59631 4 0 0 0 0 4 0 143 233 18 0 0 1 0.73039 LOD\Landscape\Roads\HighwayOverpass\HWDoubleCurveR01a_LOD_1.nif
4809 531 815 1256 1.54237 1.53484 1.00123 1.00123 161 161 2 34 21 566.37732 8 0 0 0 0 8 0 342 306 82 0 0 1 0.87102 LOD\Landscape\Roads\HighwayOverpass\HWDoubleCurveR02_LOD_0.nif
4810 187 305 484 1.63102 1.63102 1.00984 1.00984 38 38 3 12 10 1320.59058 4 0 0 2 0 6 0 105 166 12 0 0 0 0.74274 LOD\Landscape\Roads\HighwayOverpass\HWDoubleCurveR02_LOD_1.nif
4811 117 193 331 1.64957 1.64957 1.01554 1.01554 91 91 3 8 7 324.44809 3 0 0 0 0 3 0 105 57 33 0 0 1 0.78103 LOD\Landscape\Roads\HighwayOverpass\HWDoubleEndCapL01_LOD_0.nif
4812 57 99 140 1.73684 1.73684 1.01010 1.01010 23 23 2 4 2 99.41312 1 0 0 0 0 1 0 40 47 19 0 0 1 0.94666 LOD\Landscape\Roads\HighwayOverpass\HWDoubleEndCapL01_LOD_1.nif
4813 380 554 968 1.45789 1.45789 1.00361 1.00361 132 132 3 24 21 725.99933 9 0 0 0 0 9 0 253 216 53 0 0 1 0.86936 LOD\Landscape\Roads\HighwayOverpass\HWDoubleEndCapL02_LOD_0.nif
4814 157 226 468 1.43949 1.43949 1.00885 1.00885 8 8 3 10 11 1276.49023 4 0 0 1 0 5 0 74 139 4 0 0 0 0.93448 LOD\Landscape\Roads\HighwayOverpass\HWDoubleEndCapL02_LOD_1.nif
4815 562 842 1545 1.50178 1.49822 1.00238 1.00238 170 170 3 36 33 1930.92029 14 0 0 3 0 17 0 360 307 44 0 0 0 0.74343 LOD\Landscape\Roads\HighwayOverpass\HWDoubleEndCapL03_LOD_0.nif
4816 197 297 462 1.50761 1.50761 1.01010 1.01010 38 38 2 13 8 438.93228 3 0 0 0 0 3 0 109 137 16 0 0 1 0.91047 LOD\Landscape\Roads\HighwayOverpass\HWDoubleEndCapL03_LOD_1.nif
4817 120 194 321 1.61667 1.61667 1.01031 1.01031 92 92 3 8 6 500.50650 3 0 0 1 0 4 0 106 54 35 0 0 0 0.85910 LOD\Landscape\Roads\HighwayOverpass\HWDoubleEndCapR01_LOD_0.nif
4818 45 81 107 1.80000 1.80000 1.03704 1.03704 23 23 2 3 2 121.80276 1 0 0 0 0 1 0 34 35 15 0 0 1 0.82938 LOD\Landscape\Roads\HighwayOverpass\HWDoubleEndCapR01_LOD_1.nif
4819 533 804 1231 1.51595 1.50844 1.00000 1.00000 191 191 2 34 20 754.57916 7 0 0 0 0 7 0 351 283 111 0 0 1 0.92092 LOD\Landscape\Roads\HighwayOverpass\HWDoubleEndCapR02_LOD_0.nif
4820 197 297 489 1.50761 1.50761 1.01010 1.01010 38 38 2 13 9 599.66956 3 0 0 0 0 3 0 109 154 17 0 0 1 0.81125 LOD\Landscape\Roads\HighwayOverpass\HWDoubleEndCapR02_LOD_1.nif
4821 766 1162 1861 1.51958 1.51697 1.00172 1.00172 202 202 2 48 32 819.60590 12 0 0 0 0 12 0 475 467 121 0 0 1 0.92954 LOD\Landscape\Roads\HighwayOverpass\HWDoubleRamp01Free01_LOD_0.nif
4822 265 422 447 1.59245 1.59245 1.00474 1.00474 40 40 1 17 0 0.00000 0 0 0 0 0 0 0 130 247 40 0 0 1 1.00000 LOD\Landscape\Roads\HighwayOverpass\HWDoubleRamp01Free01_LOD_1.nif
4823 763 1165 1846 1.53211 1.52687 1.00258 1.00258 197 197 2 48 29 865.11786 11 0 0 0 0 11 0 474 470 124 0 0 1 0.83302 LOD\Landscape\Roads\HighwayOverpass\HWDoubleRampCurveR01_LOD_0.nif
4824 266 425 712 1.59774 1.59774 1.00706 1.00706 38 38 2 17 12 1731.47205 4 0 0 0 0 4 0 135 252 13 0 0 1 0.86876 LOD\Landscape\Roads\HighwayOverpass\HWDoubleRampCurveR01_LOD_1.nif
4825 350 530 875 1.51429 1.51429 1.00377 1.00377 142 142 3 22 17 1201.35376 8 0 0 2 0 10 0 248 142 20 0 0 0 0.85620 LOD\Landscape\Roads\HighwayOverpass\HWDoubleStr01_LOD_0.nif
4826 92 148 212 1.60870 1.60870 1.00000 1.00000 60 60 2 6 3 298.20343 2 0 0 0 0 2 0 72 52 29 0 0 1 0.84104 LOD\Landscape\Roads\HighwayOverpass\HWDoubleStr01_LOD_1.nif
4827 232 342 586 1.47414 1.47414 1.00585 1.00585 140 140 3 15 14 128.71205 6 0 0 0 0 6 0 191 104 50 0 0 1 0.73886 LOD\Landscape\Roads\HighwayOverpass\HWDoubleStr01Damaged01_LOD_0.nif
4828 84 119 177 1.41667 1.41667 1.00840 1.00840 34 34 2 6 3 81.19501 2 0 0 0 0 2 0 61 52 24 0 0 1 0.97406 LOD\Landscape\Roads\HighwayOverpass\HWDoubleStr01Damaged01_LOD_1.nif
4829 164 264 422 1.60976 1.60976 1.00000 1.00000 100 100 3 11 9 131.96353 5 0 0 1 0 6 0 132 92 36 0 0 0 0.77071 LOD\Landscape\Roads\HighwayOverpass\HWDoubleStr02_LOD_0.nif
4830 34 62 78 1.82353 1.82353 1.03226 1.03226 34 34 2 3 2 128.24026 1 0 0 0 0 1 0 30 28 13 0 0 1 0.74372 LOD\Landscape\Roads\HighwayOverpass\HWDoubleStr02_LOD_1.nif
4831 408 632 1094 1.54902 1.54902 1.00000 1.00000 184 184 3 26 22 631.13831 10 0 0 2 0 12 0 298 238 91 0 0 0 0.78711 LOD\Landscape\Roads\HighwayOverpass\HWDoubleStrExit01_LOD_0.nif
4832 124 204 266 1.64516 1.64516 1.00000 1.00000 78 78 2 8 3 15.71085 1 0 0 0 1 1 0 105 87 50 0 0 1 0.99401 LOD\Landscape\Roads\HighwayOverpass\HWDoubleStrExit01_LOD_1.nif
4833 448 680 1237 1.51786 1.51786 1.00000 1.00000 200 200 6 28 28 820.52557 14 0 0 2 0 16 0 326 247 11 0 0 0 0.73483 LOD\Landscape\Roads\HighwayOverpass\HWDoubleStrExit02_LOD_0.nif
4834 152 244 302 1.60526 1.60526 1.00000 1.00000 94 94 2 10 3 15.01572 1 0 0 0 1 1 0 131 98 46 0 0 1 0.99522 LOD\Landscape\Roads\HighwayOverpass\HWDoubleStrExit02_LOD_1.nif
4835 448 680 1237 1.51786 1.51786 1.00000 1.00000 200 200 6 28 28 820.52557 14 0 0 2 0 16 0 326 247 11 0 0 0 0.73483 LOD\Landscape\Roads\HighwayOverpass\HWDoubleStrExit03_LOD_0.nif
4836 152 244 302 1.60526 1.60526 1.00000 1.00000 94 94 2 10 3 15.01572 1 0 0 0 1 1 0 131 98 46 0 0 1 0.99951 LOD\Landscape\Roads\HighwayOverpass\HWDoubleStrExit03_LOD_1.nif
4837 352 540 981 1.53409 1.53409 1.00000 1.00000 132 132 6 22 24 139.71739 12 1 0 1 0 13 0 238 218 8 0 0 0 0.89735 LOD\Landscape\Roads\HighwayOverpass\HWDoubleTransRampDown01_LOD_0.nif
4838 135 216 322 1.60000 1.60000 1.00000 1.00000 8 8 2 9 6 1047.59802 2 0 0 1 1 3 0 64 137 3 0 0 0 0.72739 LOD\Landscape\Roads\HighwayOverpass\HWDoubleTransRampDown01_LOD_1.nif
4839 840 1292 2022 1.54286 1.53810 1.00000 1.00000 244 244 2 53 33 195.13329 13 0 0 0 0 13 0 544 502 134 0 0 1 0.90630 LOD\Landscape\Roads\HighwayOverpass\HWExitTranYRamp01_LOD_0.nif
4840 428 640 1278 1.49533 1.49533 1.00000 1.00000 118 118 3 27 30 2055.61084 11 0 0 0 0 11 0 266 264 27 0 0 1 0.74820 LOD\Landscape\Roads\HighwayOverpass\HWExitTranYRamp01_LOD_1.nif
4841 40 66 98 1.65000 1.65000 1.03030 1.03030 8 8 4 3 4 114.97783 3 1 0 0 0 3 0 24 23 4 0 0 0 0.77943 LOD\Landscape\Roads\HighwayOverpass\HWOnRampCol01_LOD_0.nif
4842 16 20 33 1.25000 1.25000 1.00000 1.00000 8 8 3 1 2 114.97783 2 1 0 0 0 2 0 12 8 4 0 0 0 0.73681 LOD\Landscape\Roads\HighwayOverpass\HWOnRampCol01_LOD_1.nif
4843 32 56 80 1.75000 1.75000 1.00000 1.00000 8 8 4 2 3 119.16853 3 1 0 0 0 3 0 20 20 4 0 0 0 0.70951 LOD\Landscape\Roads\HighwayOverpass\HWOnRampCol02_LOD_0.nif
4844 16 20 28 1.25000 1.25000 1.00000 1.00000 8 8 2 1 1 57.72993 1 0 0 0 0 1 0 12 8 8 0 0 1 0.82080 LOD\Landscape\Roads\HighwayOverpass\HWOnRampCol02_LOD_1.nif
4845 72 90 133 1.25000 1.25000 1.02222 1.02222 12 12 2 5 3 27.03936 1 0 0 0 0 1 0 42 34 12 0 0 1 0.93590 LOD\Landscape\Roads\HighwayOverpass\HWOnRampCurveFree01_LOD_0.nif
4846 24 48 64 2.00000 2.00000 1.00000 1.00000 16 16 2 2 1 0.00000 1 0 0 0 0 1 0 24 24 16 0 0 1 0.98070 LOD\Landscape\Roads\HighwayOverpass\HWOnRampCurveFree01_LOD_1.nif
4847 36 40 45 1.11111 1.11111 1.00000 1.00000 12 12 1 3 0 0.00000 0 0 0 0 0 0 0 24 8 12 0 0 1 1.00000 LOD\Landscape\Roads\HighwayOverpass\HWOnRampCurveFree02_LOD_0.nif
4848 36 40 45 1.11111 1.11111 1.00000 1.00000 12 12 1 3 0 0.00000 0 0 0 0 0 0 0 24 8 12 0 0 1 1.00000 LOD\Landscape\Roads\HighwayOverpass\HWOnRampCurveFree02_LOD_1.nif
4849 94 146 242 1.55319 1.55319 1.01370 1.01370 36 36 4 6 7 502.13770 4 0 0 1 0 5 0 66 24 11 0 0 0 0.77882 LOD\Landscape\Roads\HighwayOverpass\HWOnRampCurveL01End01_LOD_0.nif
4850 94 146 245 1.55319 1.55319 1.01370 1.01370 36 36 4 6 7 502.38681 4 0 0 0 0 4 0 66 24 13 0 0 1 0.77459 LOD\Landscape\Roads\HighwayOverpass\HWOnRampCurveR01End01_LOD_0.nif
4851 12 20 20 1.66667 1.66667 1.00000 1.00000 12 12 1 1 0 0.00000 0 0 0 0 0 0 0 12 4 12 0 0 1 1.00000 LOD\Landscape\Roads\HighwayOverpass\HWOnRampEndCap01_LOD_0.nif
4852 8 16 24 2.00000 2.00000 1.00000 1.00000 8 8 2 1 1 0.00000 1 1 0 0 0 1 0 12 4 8 0 0 0 1.00000 LOD\Landscape\Roads\HighwayOverpass\HWOnRampEndCap01_LOD_1.nif
4853 72 80 125 1.11111 1.11111 1.00000 1.00000 12 12 2 5 3 72.49124 1 0 0 0 0 1 0 42 24 12 0 0 1 0.70162 LOD\Landscape\Roads\HighwayOverpass\HWOnRampEndCapCurveL01_LOD_0.nif
4854 32 48 82 1.50000 1.50000 1.00000 1.00000 20 20 3 2 2 74.95876 2 0 0 0 0 2 0 30 18 12 0 0 1 0.71380 LOD\Landscape\Roads\HighwayOverpass\HWOnRampEndCapCurveL01_LOD_1.nif
4855 72 80 84 1.11111 1.11111 1.00000 1.00000 12 12 1 5 0 0.00000 0 0 0 0 0 0 0 42 24 12 0 0 1 1.00000 LOD\Landscape\Roads\HighwayOverpass\HWOnRampEndCapCurveR01_LOD_0.nif
4856 32 48 82 1.50000 1.50000 1.00000 1.00000 20 20 3 2 2 75.48911 2 0 0 0 0 2 0 30 18 12 0 0 1 0.71720 LOD\Landscape\Roads\HighwayOverpass\HWOnRampEndCapCurveR01_LOD_1.nif
4857 24 30 30 1.25000 1.25000 1.06667 1.06667 12 12 1 2 0 0.00000 0 0 0 0 0 0 0 18 6 12 0 0 1 1.00000 LOD\Landscape\Roads\HighwayOverpass\HWOnRampEndCapRampDownL01_LOD_0.nif
4858 8 16 16 2.00000 2.00000 1.00000 1.00000 8 8 1 1 0 0.00000 0 0 0 0 0 0 0 12 4 8 0 0 1 1.00000 LOD\Landscape\Roads\HighwayOverpass\HWOnRampEndCapRampDownL01_LOD_1.nif
4859 24 30 30 1.25000 1.25000 1.06667 1.06667 12 12 1 2 0 0.00000 0 0 0 0 0 0 0 18 6 12 0 0 1 1.00000 LOD\Landscape\Roads\HighwayOverpass\HWOnRampEndCapRampDownR01_LOD_0.nif
4860 8 16 16 2.00000 2.00000 1.00000 1.00000 8 8 1 1 0 0.00000 0 0 0 0 0 0 0 12 4 8 0 0 1 1.00000 LOD\Landscape\Roads\HighwayOverpass\HWOnRampEndCapRampDownR01_LOD_1.nif
4861 36 60 62 1.66667 1.66667 1.00000 1.00000 12 12 1 3 0 0.00000 0 0 0 1 0 1 0 24 28 12 0 0 0 1.00000 LOD\Landscape\Roads\HighwayOverpass\HWOnRampStrFree01_LOD_0.nif
4862 24 48 62 2.00000 2.00000 1.00000 1.00000 16 16 2 2 1 0.00745 1 0 0 1 0 2 0 24 24 8 0 0 0 1.00000 LOD\Landscape\Roads\HighwayOverpass\HWOnRampStrFree01_LOD_1.nif
4863 138 220 388 1.59420 1.59420 1.00000 1.00000 46 46 4 9 10 162.25940 4 0 0 0 0 4 0 94 36 19 0 0 1 0.88046 LOD\Landscape\Roads\HighwayOverpass\HWSingleChunkLarge01_LOD_0.nif
4864 16 28 36 1.75000 1.75000 1.00000 1.00000 16 16 2 1 1 64.51192 1 0 0 0 0 1 0 16 8 8 0 0 1 0.98138 LOD\Landscape\Roads\HighwayOverpass\HWSingleChunkLarge01_LOD_1.nif
4865 18 38 49 2.11111 2.11111 1.05263 1.05263 20 20 2 2 1 44.44785 1 0 0 0 0 1 0 20 4 11 0 0 1 0.99273 LOD\Landscape\Roads\HighwayOverpass\HWSingleChunkLarge02_LOD_0.nif
4866 166 225 407 1.35542 1.35542 1.01333 1.01333 20 20 4 11 11 445.39581 6 0 0 0 0 6 0 94 78 4 0 0 1 0.78086 LOD\Landscape\Roads\HighwayOverpass\HWSingleColumnBroken01_LOD_0.nif
4867 760 1123 1736 1.48816 1.48553 1.00089 1.00089 114 114 2 48 28 165.74954 12 0 0 0 0 12 0 437 366 61 0 0 1 0.96443 LOD\Landscape\Roads\HighwayOverpass\HWSingleCurveL01_LOD_0.nif
4868 122 166 264 1.36066 1.36066 1.01205 1.01205 30 30 3 8 6 162.93951 3 0 0 0 0 3 0 74 78 14 0 0 1 0.81098 LOD\Landscape\Roads\HighwayOverpass\HWSingleCurveL01_LOD_1.nif
4869 950 1429 2572 1.50947 1.50947 1.00210 1.00210 128 128 4 60 59 1183.74304 25 0 0 4 0 29 0 540 437 38 0 0 0 0.83525 LOD\Landscape\Roads\HighwayOverpass\HWSingleCurveR01_LOD_0.nif
4870 134 190 276 1.41791 1.41791 1.01053 1.01053 30 30 2 9 5 422.88333 3 0 0 1 0 4 0 80 94 16 0 0 0 0.81145 LOD\Landscape\Roads\HighwayOverpass\HWSingleCurveR01_LOD_1.nif
4871 338 446 720 1.31953 1.31953 1.00448 1.00448 68 68 2 22 12 94.63216 5 0 0 0 0 5 0 202 117 45 0 0 1 1.00000 LOD\Landscape\Roads\HighwayOverpass\HWSingleEndCap01_LOD_0.nif
4872 37 53 77 1.43243 1.43243 1.05660 1.05660 21 21 2 3 2 107.22479 1 0 0 0 0 1 0 28 21 11 0 0 1 0.90852 LOD\Landscape\Roads\HighwayOverpass\HWSingleEndCap01_LOD_1.nif
4873 234 343 585 1.46581 1.46581 1.00292 1.00292 62 62 3 15 13 429.71561 6 0 0 0 0 6 0 148 117 14 0 0 1 0.83688 LOD\Landscape\Roads\HighwayOverpass\HWSingleEndCap02_LOD_0.nif
4874 37 53 77 1.43243 1.43243 1.05660 1.05660 21 21 2 3 2 107.22479 1 0 0 0 0 1 0 28 21 11 0 0 1 0.91600 LOD\Landscape\Roads\HighwayOverpass\HWSingleEndCap02_LOD_1.nif
4875 32 68 68 2.12500 2.12500 1.00000 1.00000 34 34 1 2 0 0.00000 0 0 0 0 0 0 0 34 8 34 0 0 1 1.00000 LOD\Landscape\Roads\HighwayOverpass\HWSingleEndCap03_LOD_0.nif
4876 12 24 24 2.00000 2.00000 1.00000 1.00000 12 12 1 1 0 0.00000 0 0 0 0 0 0 0 12 8 12 0 0 1 1.00000 LOD\Landscape\Roads\HighwayOverpass\HWSingleEndCap03_LOD_1.nif
4877 760 1119 1735 1.48289 1.48026 1.00089 1.00089 114 114 2 48 28 109.26752 12 0 0 0 0 12 0 437 365 61 0 0 1 1.00000 LOD\Landscape\Roads\HighwayOverpass\HWSingleRampDown01_LOD_0.nif
4878 122 166 234 1.36066 1.36066 1.01205 1.01205 30 30 2 8 4 109.20753 2 0 0 1 0 3 0 74 78 28 0 0 0 0.98610 LOD\Landscape\Roads\HighwayOverpass\HWSingleRampDown01_LOD_1.nif
4879 745 1100 1703 1.48322 1.48322 1.00000 1.00000 139 139 2 47 29 592.18030 11 0 0 0 0 11 0 441 358 72 0 0 1 0.94084 LOD\Landscape\Roads\HighwayOverpass\HWSingleRampUp01_LOD_0.nif
4880 122 166 261 1.36066 1.36066 1.01205 1.01205 30 30 3 8 6 121.30902 3 0 0 0 0 3 0 74 78 14 0 0 1 0.88636 LOD\Landscape\Roads\HighwayOverpass\HWSingleRampUp01_LOD_1.nif
4881 615 994 1620 1.62276 1.62114 1.00201 1.00201 157 157 3 39 30 2176.57935 12 0 0 4 0 16 0 392 274 69 0 0 0 0.86981 LOD\Landscape\Roads\HighwayOverpass\HWSingleShiftL_LOD_0.nif
4882 97 149 210 1.53608 1.53608 1.02013 1.02013 33 33 2 7 4 423.11603 2 0 0 1 0 3 0 64 69 19 0 0 0 0.93627 LOD\Landscape\Roads\HighwayOverpass\HWSingleShiftL_LOD_1.nif
4883 760 1123 1747 1.48816 1.48553 1.00089 1.00089 116 116 2 48 28 151.51898 12 0 0 0 0 12 0 438 365 60 0 0 1 1.00000 LOD\Landscape\Roads\HighwayOverpass\HWSingleShiftR_LOD_0.nif
4884 122 166 236 1.36066 1.36066 1.01205 1.01205 30 30 2 8 5 107.01310 2 0 0 0 0 2 0 74 78 17 0 0 1 0.92931 LOD\Landscape\Roads\HighwayOverpass\HWSingleShiftR_LOD_1.nif
4885 234 341 579 1.45726 1.45726 1.00880 1.00880 62 62 3 15 13 347.53284 6 0 0 0 0 6 0 148 117 10 0 0 1 0.76019 LOD\Landscape\Roads\HighwayOverpass\HWSingleStr01_LOD_0.nif
4886 37 53 77 1.43243 1.43243 1.05660 1.05660 21 21 2 3 2 107.22479 1 0 0 0 0 1 0 28 21 11 0 0 1 0.90342 LOD\Landscape\Roads\HighwayOverpass\HWSingleStr01_LOD_1.nif
4887 208 303 526 1.45673 1.45673 1.00330 1.00330 62 62 4 13 13 287.40991 6 0 0 0 0 6 0 134 96 16 0 0 1 0.72120 LOD\Landscape\Roads\HighwayOverpass\HWSingleStr01Free_LOD_0.nif
4888 41 57 81 1.39024 1.39024 1.05263 1.05263 25 25 2 3 2 107.22479 1 0 0 0 0 1 0 32 21 11 0 0 1 0.90919 LOD\Landscape\Roads\HighwayOverpass\HWSingleStr01Free_LOD_1.nif
4889 188 266 365 1.41489 1.41489 1.00752 1.00752 48 48 5 12 7 1501.46680 4 1 0 2 0 6 0 121 60 4 0 0 0 0.72338 LOD\Landscape\Roads\HighwayOverpass\HWSingleStr02Damaged_LOD_0.nif
4890 24 36 36 1.50000 1.50000 1.00000 1.00000 12 12 1 2 0 0.00000 0 0 0 1 0 1 0 18 12 12 0 0 0 1.00000 LOD\Landscape\Roads\HighwayOverpass\HWSingleStr02Damaged_LOD_1.nif
4891 220 362 603 1.64545 1.64545 1.00552 1.00552 72 72 3 14 11 176.18266 6 0 0 0 0 6 0 150 119 25 0 0 1 0.75977 LOD\Landscape\Roads\HighwayOverpass\HWSingleStr02Free_LOD_0.nif
4892 24 36 54 1.50000 1.50000 1.00000 1.00000 12 12 3 2 2 163.34196 2 0 0 0 0 2 0 18 12 6 0 0 1 0.86947 LOD\Landscape\Roads\HighwayOverpass\HWSingleStr02Free_LOD_1.nif
4893 638 840 1410 1.32915 1.32132 1.00000 1.00000 120 120 4 40 28 1450.51160 13 0 0 3 0 16 0 381 241 25 0 0 1 0.77994 LOD\Landscape\Roads\HighwayOverpass\HWSingleStrExit01_LOD_0.nif
4894 157 201 291 1.28025 1.28025 1.01493 1.01493 65 65 4 10 6 2288.30029 3 0 0 0 1 3 0 118 73 6 0 0 1 0.76449 LOD\Landscape\Roads\HighwayOverpass\HWSingleStrExit01_LOD_1.nif
4895 526 778 1565 1.47909 1.47909 1.00257 1.00257 84 84 4 33 39 1546.22192 16 0 0 2 0 18 0 306 211 45 0 0 0 0.75755 LOD\Landscape\Roads\HighwayOverpass\HWSingleTranMidRampShiftR01_LOD_0.nif
4896 73 101 167 1.38356 1.38356 1.02970 1.02970 21 21 3 5 5 112.83310 2 0 0 0 0 2 0 46 45 11 0 0 1 0.94636 LOD\Landscape\Roads\HighwayOverpass\HWSingleTranMidRampShiftR01_LOD_1.nif
4897 706 1093 2029 1.55099 1.55099 1.00274 1.00274 100 100 4 45 44 2054.48291 19 0 0 3 0 22 0 407 316 40 0 0 0 0.78076 LOD\Landscape\Roads\HighwayOverpass\HWSingleTransInRampShiftR01_LOD_0.nif
4898 97 137 192 1.41237 1.41237 1.02190 1.02190 21 21 2 7 4 107.75188 2 0 0 1 0 3 0 58 65 19 0 0 0 0.99120 LOD\Landscape\Roads\HighwayOverpass\HWSingleTransInRampShiftR01_LOD_1.nif
4899 72 146 197 2.02778 2.02778 1.01370 1.01370 40 40 2 5 3 54.31944 1 0 0 0 0 1 0 60 84 30 0 0 1 0.95030 LOD\Landscape\Roads\RRoadCurveCustom01_LOD.nif
4900 47 93 143 1.97872 1.97872 1.03226 1.03226 19 19 5 3 5 187.91281 4 1 0 0 0 4 0 34 56 6 0 0 0 0.70941 LOD\Landscape\Roads\RRoadCurveCustom02_LOD.nif
4901 87 173 249 1.98851 1.98851 1.01734 1.01734 33 33 3 6 6 223.44365 3 0 0 1 0 4 0 61 108 16 0 0 0 0.79653 LOD\Landscape\Roads\RRoadCurveCustom03_LOD.nif
4902 83 161 262 1.93976 1.93976 1.01863 1.01863 37 37 4 6 6 319.87360 4 0 0 0 0 4 0 62 97 12 0 0 1 0.79798 LOD\Landscape\Roads\RRoadCurveCustom04_LOD.nif
4903 44 84 133 1.90909 1.90909 1.00000 1.00000 18 18 5 3 5 87.28893 4 1 0 0 0 4 0 32 50 6 0 0 0 0.70361 LOD\Landscape\Roads\RRoadCurveCustom05_LOD.nif
4904 33 85 99 2.57576 2.57576 1.03529 1.03529 15 15 2 3 1 10.00846 1 0 0 0 0 1 0 25 47 10 0 0 1 0.81765 LOD\Landscape\Roads\RRoadCurveCustom06_LOD.nif
4905 25 49 76 1.96000 1.96000 1.06122 1.06122 17 17 4 2 3 80.73719 3 1 0 0 0 3 0 22 25 6 0 0 0 0.72202 LOD\Landscape\Roads\RRoadCurveCustom07_LOD.nif
4906 25 49 75 1.96000 1.96000 1.06122 1.06122 17 17 4 2 3 75.36992 3 1 0 0 0 3 0 22 26 6 0 0 0 0.75801 LOD\Landscape\Roads\RRoadCurveCustom08_LOD.nif
4907 14 30 45 2.14286 2.14286 1.06667 1.06667 16 16 3 1 2 82.90479 2 1 0 0 0 2 0 16 14 6 0 0 0 0.71714 LOD\Landscape\Roads\RRoadCurveCustom09_LOD.nif
4908 14 28 37 2.00000 2.00000 1.00000 1.00000 16 16 2 1 1 33.80173 1 0 0 0 0 1 0 16 12 9 0 0 1 0.92221 LOD\Landscape\Roads\RRoadCurveCustom10_LOD.nif
4909 20 40 51 2.00000 2.00000 1.00000 1.00000 18 18 2 2 1 54.91152 1 0 0 0 0 1 0 20 20 11 0 0 1 0.87802 LOD\Landscape\Roads\RRoadCurveCustom11_LOD.nif
4910 198 261 489 1.31818 1.31818 1.01094 1.01094 18 18 5 13 12 977.90851 6 1 0 1 0 7 0 150 40 6 19 0 0 0.70696 LOD\Landscape\Rocks\RockCliff01_LOD_0.nif
4911 86 116 185 1.34884 1.34884 1.03416 1.03416 12 12 3 6 4 504.44421 3 0 0 1 0 4 0 76 16 9 19 0 1 0.71026 LOD\Landscape\Rocks\RockCliff01_LOD_1.nif
4912 198 249 535 1.25758 1.25758 1.01205 1.01205 18 18 3 13 13 867.50391 5 0 0 1 0 6 0 109 61 5 0 0 0 0.81083 LOD\Landscape\Rocks\RockCliff01Coast_LOD_0.nif
4913 94 136 211 1.45745 1.45745 1.00000 1.00000 12 12 2 6 4 196.13731 2 0 0 1 0 3 0 54 44 7 0 0 0 0.89767 LOD\Landscape\Rocks\RockCliff01Coast_LOD_1.nif
4914 189 294 460 1.55556 1.55556 1.00692 1.00692 17 17 2 13 7 941.36481 3 0 0 1 0 4 0 163 33 45 10 0 1 0.75667 LOD\Landscape\Rocks\RockCliff02_LOD_0.nif
4915 37 71 101 1.91892 1.91892 1.01431 1.01431 9 9 3 3 3 1009.76080 3 0 0 1 0 4 0 35 20 8 10 0 1 0.70186 LOD\Landscape\Rocks\RockCliff02_LOD_1.nif
4916 180 348 561 1.93333 1.93333 1.01239 1.01239 16 16 3 12 10 670.11572 4 0 0 1 0 5 0 169 40 33 7 0 1 0.76036 LOD\Landscape\Rocks\RockCliff03_LOD_0.nif
4917 70 120 162 1.71429 1.71429 1.03425 1.03425 10 10 3 6 3 271.80768 2 0 0 0 0 2 0 76 20 12 7 0 2 0.78888 LOD\Landscape\Rocks\RockCliff03_LOD_1.nif
4918 214 427 737 1.99533 1.99533 1.01224 1.01224 24 24 3 15 12 1070.08167 6 0 0 2 0 8 0 208 77 26 7 0 0 0.81508 LOD\Landscape\Rocks\RockCliff04_LOD_0.nif
4919 87 166 250 1.90805 1.90805 1.01191 1.01191 15 15 4 6 5 597.17529 4 0 0 0 0 4 0 89 59 8 7 0 2 0.76919 LOD\Landscape\Rocks\RockCliff04_LOD_1.nif
4920 297 538 954 1.81145 1.81145 1.00528 1.00528 27 27 3 19 16 845.75482 7 0 0 1 0 8 0 290 110 45 12 0 1 0.76199 LOD\Landscape\Rocks\RockCliff05_LOD_0.nif
4921 183 371 749 2.02732 2.02732 1.00257 1.00257 19 19 3 13 14 903.18616 5 0 0 1 0 6 0 152 99 22 6 0 1 0.89814 LOD\Landscape\Rocks\RockCliff06_LOD_0.nif
4922 81 155 233 1.91358 1.91358 1.00655 1.00655 11 11 4 6 5 825.68823 4 0 0 1 0 5 0 78 42 7 6 0 1 0.75985 LOD\Landscape\Rocks\RockCliff06_LOD_1.nif
4923 282 376 950 1.33333 1.33333 1.00000 1.00000 32 32 4 18 25 923.19946 8 0 0 3 0 11 0 158 159 34 0 0 0 0.82747 LOD\Landscape\Rocks\RockCliffCoast01_LOD_0.nif
4924 231 359 802 1.55411 1.55411 1.00279 1.00279 29 29 4 15 19 639.19098 6 0 0 3 0 9 0 131 148 29 0 0 0 0.79466 LOD\Landscape\Rocks\RockCliffCoast02_LOD_0.nif
4925 183 371 974 2.02732 2.02732 1.00270 1.00270 19 19 4 12 21 954.40283 6 0 0 2 0 8 0 102 163 68 0 0 0 0.84982 LOD\Landscape\Rocks\RockCliffGS02_LOD_0.nif
4926 609 700 1953 1.16256 1.15271 1.00000 1.00000 47 47 4 39 51 1494.66272 16 0 0 4 0 20 0 329 161 92 0 0 0 0.92885 LOD\Landscape\Rocks\RockCliffGSCrater01_LOD_0.nif
4927 685 1225 3908 1.79124 1.78832 1.00245 1.00245 53 53 5 43 99 1711.53284 23 0 2 7 0 30 0 370 137 69 0 0 0 0.98259 LOD\Landscape\Rocks\RockCliffGSCrater02_LOD_0.nif
4928 170 250 587 1.47059 1.47059 1.00800 1.00800 8 8 3 11 14 612.78265 5 0 0 0 0 5 0 90 134 3 0 0 1 0.76653 LOD\Landscape\Rocks\SeaStackCoast01_LOD_0.nif
4929 82 133 201 1.62195 1.62195 1.02256 1.02256 4 4 2 6 3 347.94046 2 0 0 1 0 3 0 44 79 4 0 0 0 0.89784 LOD\Landscape\Rocks\seaStackCoast01_LOD_1.nif
4930 135 180 308 1.33333 1.33333 1.00000 1.00000 11 11 2 9 6 496.12582 2 0 0 0 0 2 0 74 78 3 0 0 1 0.76808 LOD\Landscape\Rocks\SeaStackCoast02_LOD_0.nif
4931 62 93 150 1.50000 1.50000 1.03226 1.03226 6 6 4 4 4 228.98386 3 0 0 0 0 3 0 35 49 5 0 0 1 0.72253 LOD\Landscape\Rocks\seaStackCoast02_LOD_1.nif
4932 181 189 368 1.05525 1.04972 1.01587 1.01587 15 15 2 12 8 293.83926 3 0 0 0 0 3 0 98 68 7 0 0 1 0.87616 LOD\Landscape\Rocks\SeaStackCoast03_LOD_0.nif
4933 89 85 175 0.95506 0.95506 1.03529 1.03529 11 11 3 6 5 337.82608 3 0 0 0 0 3 0 50 34 8 0 0 1 0.77450 LOD\Landscape\Rocks\seaStackCoast03_LOD_1.nif
4934 179 311 490 1.73743 1.73743 1.00322 1.00322 83 83 3 12 10 95.10876 5 0 0 0 0 5 0 141 146 40 0 0 1 0.70451 LOD\Landscape\RRTracks\RRTrackStrBridgeEnd01_LOD_0.nif
4935 179 311 490 1.73743 1.73743 1.00322 1.00322 83 83 3 12 10 95.10876 5 0 0 0 0 5 0 141 146 40 0 0 1 0.70451 LOD\Landscape\RRTracks\RRTrackStrBridgeEnd02_LOD_0.nif
4936 20 40 40 2.00000 2.00000 1.00000 1.00000 24 24 1 2 0 0.00000 0 0 0 0 0 0 0 24 16 24 0 0 1 1.00000 LOD\Landscape\RRTracks\RRTrackStrBridgeMid01_LOD_0.nif
4937 82 144 187 1.75610 1.75610 1.00000 1.00000 60 60 2 6 3 44.75082 2 0 0 0 0 2 0 76 66 25 0 0 1 0.93876 LOD\Landscape\RRTracks\RRTrackStrBridgeMid02_LOD_0.nif
4938 28 74 85 2.64286 2.64286 1.02703 1.02703 10 10 2 2 1 14.44632 1 0 0 1 0 2 0 20 41 6 0 0 0 0.89149 LOD\Landscape\Sidewalks\Park\SWFullParkCurve01_LOD_0.nif
4939 22 54 54 2.45455 2.45455 1.03704 1.03704 8 8 1 2 0 0.00000 0 0 0 0 0 0 0 16 35 8 0 0 1 1.00000 LOD\Landscape\Sidewalks\Park\SWFullParkInt3way01_LOD_0.nif
4940 39 101 120 2.58974 2.58974 1.02970 1.02970 13 13 2 3 2 16.63364 1 0 0 0 0 1 0 27 60 9 0 0 1 0.86325 LOD\Landscape\Sidewalks\Park\SWFullParkIntCurve01_LOD_0.nif
4941 43 105 127 2.44186 2.44186 1.02857 1.02857 17 17 2 3 2 13.52172 1 0 0 0 0 1 0 30 59 9 0 0 1 0.81948 LOD\Landscape\Sidewalks\Park\SWFullParkIntCurve02_LOD_0.nif
4942 10 24 24 2.40000 2.40000 1.00000 1.00000 4 4 1 1 0 0.00000 0 0 0 0 0 0 0 8 15 4 0 0 1 1.00000 LOD\Landscape\Sidewalks\Park\SWFullParkStr01_LOD_0.nif
4943 10 24 24 2.40000 2.40000 1.00000 1.00000 4 4 1 1 0 0.00000 0 0 0 0 0 0 0 8 14 4 0 0 1 1.00000 LOD\Landscape\Sidewalks\Park\SWFullParkStr02_LOD_0.nif
4944 28 70 83 2.50000 2.50000 1.02857 1.02857 10 10 2 2 1 11.96242 1 0 0 0 0 1 0 20 30 6 0 0 1 0.94486 LOD\Landscape\Sidewalks\Park\SWParkCurve02_LOD_0.nif
4945 28 68 70 2.42857 2.42857 1.00000 1.00000 10 10 1 2 0 0.00000 0 0 0 0 0 0 0 20 30 10 0 0 1 1.00000 LOD\Landscape\Sidewalks\Park\SWParkCurve03_LOD_0.nif
4946 16 40 40 2.50000 2.50000 1.00000 1.00000 6 6 1 1 0 0.00000 0 0 0 0 0 0 0 12 23 6 0 0 1 1.00000 LOD\Landscape\Sidewalks\Park\SWParkCurve04_LOD_0.nif
4947 16 36 43 2.25000 2.25000 1.00000 1.00000 6 6 2 1 1 11.96701 1 0 0 0 0 1 0 12 23 4 0 0 1 0.93042 LOD\Landscape\Sidewalks\Park\SWParkStr01_LOD_0.nif
4948 10 24 24 2.40000 2.40000 1.00000 1.00000 4 4 1 1 0 0.00000 0 0 0 0 0 0 0 8 16 4 0 0 1 1.00000 LOD\Landscape\Sidewalks\Park\SWParkStr02_LOD_0.nif
4949 97 230 357 2.37113 2.37113 1.00870 1.00870 39 39 5 7 8 65.76154 5 0 0 0 0 5 0 69 111 8 0 0 1 0.73906 LOD\Landscape\Sidewalks\Plaza\PlazaSwanPond01_LOD_0.nif
4950 18 28 47 1.55556 1.55556 1.00000 1.00000 12 12 3 2 2 170.44746 2 1 0 0 0 2 0 19 9 3 2 0 0 0.88910 LOD\Landscape\Trees\Blasted\BlastedForestBurntTreeUpright01_LOD_1.nif
4951 4 8 8 2.00000 2.00000 1.00000 1.00000 8 8 1 1 0 0.00000 0 0 0 0 0 0 0 8 0 8 2 1 0 1.00000 LOD\Landscape\Trees\Blasted\BlastedForestBurntTreeUpright01_LOD_2.nif
4952 27 35 51 1.29630 1.29630 1.02857 1.02857 15 15 2 2 1 132.25639 1 0 0 0 0 1 0 24 11 3 8 0 1 0.83265 LOD\Landscape\Trees\Blasted\BlastedForestBurntTreeUpright02_LOD_1.nif
4953 5 9 9 1.80000 1.80000 1.33333 1.33333 9 9 1 1 0 0.00000 0 0 0 0 0 0 0 9 0 9 8 1 0 1.00000 LOD\Landscape\Trees\Blasted\BlastedForestBurntTreeUpright02_LOD_2.nif
4954 15 17 27 1.13333 1.13333 1.17647 1.17647 3 3 3 1 2 10.48408 2 1 0 0 0 2 0 10 7 3 9 0 0 1.00000 LOD\Landscape\Trees\Blasted\BlastedForestBurntTreeUpright03_LOD_1.nif
4955 2 6 6 3.00000 3.00000 1.33333 1.33333 6 6 1 1 0 0.00000 0 0 0 0 0 0 0 6 0 6 9 1 0 1.00000 LOD\Landscape\Trees\Blasted\BlastedForestBurntTreeUpright03_LOD_2.nif
4956 24 32 49 1.33333 1.33333 1.00000 1.00000 12 12 3 2 2 383.59937 2 0 0 1 0 3 0 22 10 3 0 0 0 0.86576 LOD\Landscape\Trees\Blasted\BlastedForestDestroyedTreeUpright01_LOD_1.nif
4957 4 8 8 2.00000 2.00000 1.00000 1.00000 8 8 1 1 0 0.00000 0 0 0 0 0 0 0 8 0 8 0 1 0 1.00000 LOD\Landscape\Trees\Blasted\BlastedForestDestroyedTreeUpright01_LOD_2.nif
4958 21 27 39 1.28571 1.28571 1.03704 1.03704 9 9 2 2 1 211.07146 1 0 0 1 0 2 0 18 9 6 0 0 0 0.91389 LOD\Landscape\Trees\Blasted\BlastedForestDestroyedTreeUpright02_LOD_1.nif
4959 3 7 7 2.33333 2.33333 1.14286 1.14286 7 7 1 1 0 0.00000 0 0 0 0 0 0 0 7 0 7 0 1 0 1.00000 LOD\Landscape\Trees\Blasted\BlastedForestDestroyedTreeUpright02_LOD_2.nif
4960 30 32 46 1.06667 1.06667 1.00000 1.00000 12 12 2 2 1 19.06919 1 0 0 0 0 1 0 21 11 3 0 0 1 0.92078 LOD\Landscape\Trees\Blasted\BlastedForestDestroyedTreeUpright03_LOD_1.nif
4961 3 7 7 2.33333 2.33333 1.14286 1.14286 7 7 1 1 0 0.00000 0 0 0 0 0 0 0 7 0 7 0 1 0 1.00000 LOD\Landscape\Trees\Blasted\BlastedForestDestroyedTreeUpright03_LOD_2.nif
4962 77 143 169 1.85714 1.85714 1.00570 1.00570 61 61 3 5 2 539.45618 2 0 0 0 0 2 0 99 15 3 9 3 1 0.73477 LOD\Landscape\Trees\Elm\TreeElmForest01_LOD_1.nif
4963 4 8 8 2.00000 2.00000 1.00000 1.00000 8 8 1 1 0 0.00000 0 0 0 0 0 0 0 8 0 8 9 1 0 1.00000 LOD\Landscape\Trees\Elm\TreeElmForest01_LOD_2.nif
4964 68 108 128 1.58824 1.58824 1.03502 1.03502 34 34 2 6 1 333.75385 1 0 0 1 0 2 0 73 11 6 35 3 0 0.90274 LOD\Landscape\Trees\Elm\TreeElmForest02_LOD_1.nif
4965 4 8 8 2.00000 2.00000 1.00000 1.00000 8 8 1 1 0 0.00000 0 0 0 0 0 0 0 8 0 8 35 1 0 1.00000 LOD\Landscape\Trees\Elm\TreeElmForest02_LOD_2.nif
4966 99 181 206 1.82828 1.82828 1.01834 1.01834 69 69 2 7 1 345.11417 1 0 0 0 0 1 0 123 16 12 5 5 1 0.90500 LOD\Landscape\Trees\Elm\TreeElmFree01_LOD_1.nif
4967 4 8 8 2.00000 2.00000 1.00000 1.00000 8 8 1 1 0 0.00000 0 0 0 0 0 0 0 8 0 8 5 1 0 1.00000 LOD\Landscape\Trees\Elm\TreeElmFree01_LOD_2.nif
4968 15 18 24 1.20000 1.20000 1.11111 1.11111 3 3 2 1 1 210.01955 1 0 0 0 0 1 0 10 8 3 0 0 1 0.72800 LOD\Landscape\Trees\GlowingSea\TreeGS01_LOD_1.nif
4969 24 43 43 1.79167 1.79167 1.02326 1.02326 12 12 1 2 0 0.00000 0 0 0 0 0 0 0 22 16 12 0 0 1 1.00000 LOD\Landscape\Trees\GlowingSea\TreeGS02_LOD_1.nif
4970 114 174 217 1.52632 1.52632 1.01435 1.01435 64 64 2 8 2 562.49982 1 0 0 0 0 1 0 123 14 18 9 4 1 0.74368 LOD\Landscape\Trees\Hero\TreeHero01_LOD_1.nif
4971 4 8 8 2.00000 2.00000 1.00000 1.00000 8 8 1 1 0 0.00000 0 0 0 0 0 0 0 8 0 8 9 1 0 1.00000 LOD\Landscape\Trees\Hero\TreeHero01_LOD_2.nif
4972 18 20 30 1.11111 1.11111 1.00000 1.00000 6 6 2 2 1 30.75866 1 0 0 0 0 1 0 12 8 3 180 0 1 0.81967 LOD\Landscape\Trees\Maple\TreeBlasted01_LOD_1.nif
4973 2 6 6 3.00000 3.00000 1.33333 1.33333 6 6 1 1 0 0.00000 0 0 0 0 0 0 0 6 0 6 180 1 0 1.00000 LOD\Landscape\Trees\Maple\TreeBlasted01_LOD_2.nif
4974 23 33 39 1.43478 1.43478 1.11509 1.11509 19 19 2 2 1 12.06223 1 0 0 1 0 2 0 26 7 3 334 1 0 0.88676 LOD\Landscape\Trees\Maple\TreeBlasted02_LOD_1.nif
4975 3 7 7 2.33333 2.33333 1.14286 1.14286 7 7 1 1 0 0.00000 0 0 0 0 0 0 0 7 0 7 334 1 0 1.00000 LOD\Landscape\Trees\Maple\TreeBlasted02_LOD_2.nif
4976 24 24 27 1.00000 1.00000 1.00000 1.00000 6 6 1 2 0 0.00000 0 0 0 0 0 0 0 15 9 6 86 0 1 1.00000 LOD\Landscape\Trees\Maple\TreeBlasted04_LOD_1.nif
4977 2 6 6 3.00000 3.00000 1.33333 1.33333 6 6 1 1 0 0.00000 0 0 0 0 0 0 0 6 0 6 86 1 0 1.00000 LOD\Landscape\Trees\Maple\TreeBlasted04_LOD_2.nif
4978 12 16 20 1.33333 1.33333 1.00000 1.00000 6 6 2 1 1 17.18917 1 1 0 0 0 1 0 9 7 3 175 0 0 1.00000 LOD\Landscape\Trees\Maple\TreeBlasted05_LOD_1.nif
4979 2 6 6 3.00000 3.00000 1.33333 1.33333 6 6 1 1 0 0.00000 0 0 0 0 0 0 0 5 1 6 175 1 0 1.00000 LOD\Landscape\Trees\Maple\TreeBlasted05_LOD_2.nif
4980 51 65 95 1.27451 1.27451 1.03185 1.03185 31 31 2 4 2 195.09831 1 0 0 0 0 1 0 49 14 12 125 1 1 1.00000 LOD\Landscape\Trees\Maple\TreeMapleblasted01_LOD_1.nif
4981 4 8 8 2.00000 2.00000 1.00000 1.00000 8 8 1 1 0 0.00000 0 0 0 0 0 0 0 8 0 8 125 1 0 1.00000 LOD\Landscape\Trees\Maple\TreeMapleblasted01_LOD_2.nif
4982 75 85 153 1.13333 1.13333 1.04000 1.04000 37 37 3 6 4 224.67857 2 0 0 0 0 2 0 66 19 6 115 1 1 0.77463 LOD\Landscape\Trees\Maple\TreeMapleblasted02_LOD_1.nif
4983 6 10 10 1.66667 1.66667 1.20000 1.20000 10 10 1 1 0 0.00000 0 0 0 0 0 0 0 10 0 10 115 1 0 1.00000 LOD\Landscape\Trees\Maple\TreeMapleblasted02_LOD_2.nif
4984 25 27 30 1.08000 1.08000 1.01333 1.01333 9 9 1 3 0 0.00000 0 0 0 0 0 0 0 18 9 9 146 1 1 1.00000 LOD\Landscape\Trees\Maple\TreeMapleBlasted04_LOD_1.nif
4985 33 33 52 1.00000 1.00000 1.09091 1.09091 9 9 2 3 1 40.92592 1 0 0 0 0 1 0 22 11 6 199 0 1 0.78924 LOD\Landscape\Trees\Maple\TreeMapleBlasted05_LOD_1.nif
4986 3 9 9 3.00000 3.00000 1.33333 1.33333 9 9 1 1 0 0.00000 0 0 0 0 0 0 0 9 0 9 199 1 0 1.00000 LOD\Landscape\Trees\Maple\TreeMapleBlasted05_LOD_2.nif
4987 18 20 23 1.11111 1.11111 1.00000 1.00000 6 6 1 2 0 0.00000 0 0 0 0 0 0 0 12 8 6 143 0 1 1.00000 LOD\Landscape\Trees\Maple\TreeMapleblasted07_LOD_1.nif
4988 6 10 10 1.66667 1.66667 1.20000 1.20000 10 10 1 1 0 0.00000 0 0 0 0 0 0 0 9 0 10 143 1 0 1.00000 LOD\Landscape\Trees\Maple\TreeMapleblasted07_LOD_2.nif
4989 52 66 84 1.26923 1.26923 1.03846 1.03846 10 10 2 4 1 178.47504 1 0 0 0 0 1 0 40 10 6 322 2 1 0.81937 LOD\Landscape\Trees\Maple\TreeMapleForest01_LOD_1.nif
4990 4 8 8 2.00000 2.00000 1.00000 1.00000 8 8 1 1 0 0.00000 0 0 0 0 0 0 0 8 0 8 322 1 0 1.00000 LOD\Landscape\Trees\Maple\TreeMapleForest01_LOD_2.nif
4991 57 79 92 1.38596 1.38596 1.06409 1.06409 17 17 2 4 1 123.29793 1 0 0 0 0 1 0 49 12 3 415 2 1 0.94983 LOD\Landscape\Trees\Maple\TreeMapleForest02_LOD_1.nif
4992 4 8 8 2.00000 2.00000 1.00000 1.00000 8 8 1 1 0 0.00000 0 0 0 0 0 0 0 8 0 8 415 1 0 1.00000 LOD\Landscape\Trees\Maple\TreeMapleForest02_LOD_2.nif
4993 19 29 35 1.52632 1.52632 1.13932 1.13932 15 15 2 2 1 539.48242 1 0 0 1 0 2 0 21 8 3 920 1 0 0.91071 LOD\Landscape\Trees\Maple\TreeMapleForest03_LOD_1.nif
4994 21 21 31 1.00000 1.00000 1.14286 1.14286 3 3 2 2 1 375.33688 1 0 0 0 0 1 0 13 8 3 209 0 1 0.99829 LOD\Landscape\Trees\Maple\TreeMapleForest07_LOD_1.nif
4995 6 10 10 1.66667 1.66667 1.20000 1.20000 10 10 1 1 0 0.00000 0 0 0 0 0 0 0 9 0 10 209 1 0 1.00000 LOD\Landscape\Trees\Maple\TreeMapleForest07_LOD_2.nif
4996 21 22 31 1.04762 1.04762 1.09091 1.09091 3 3 2 2 1 209.75481 1 0 0 0 0 1 0 13 9 3 0 0 1 0.85837 LOD\Landscape\Trees\Marsh\TreeSMarsh01_LOD_1.nif
4997 15 18 24 1.20000 1.20000 1.11111 1.11111 3 3 2 1 1 16.36599 1 0 0 0 0 1 0 10 8 3 0 0 1 0.98426 LOD\Landscape\Trees\Marsh\TreeSmarsh02_LOD_1.nif
4998 9 15 19 1.66667 1.66667 1.06667 1.06667 3 3 2 1 1 9.33574 1 1 0 0 0 1 0 7 7 3 0 0 0 1.00000 LOD\Landscape\Trees\Marsh\TreeSmarsh03_LOD_1.nif
4999 30 43 66 1.43333 1.43333 1.02326 1.02326 12 12 3 2 2 216.58115 2 0 0 1 0 3 0 25 15 3 0 0 0 0.87979 LOD\Landscape\Trees\Marsh\TreeSmarsh04_ LOD_1.nif
5000 12 22 30 1.83333 1.83333 1.09091 1.09091 6 6 2 1 1 260.40970 1 0 0 1 0 2 0 11 9 6 0 0 0 0.94844 LOD\Landscape\Trees\Marsh\TreeSmarsh05_LOD_1.nif
5001 59 117 160 1.98305 1.98305 1.02564 1.02564 15 15 3 4 3 560.86011 2 0 0 0 0 2 0 40 71 4 0 0 1 0.71229 LOD\Neighborhoods\BackBay\BackBay02_Bld01LOD.nif
5002 41 81 111 1.97561 1.97561 1.03704 1.03704 9 9 3 3 3 677.22974 2 0 0 0 0 2 0 26 55 4 0 0 1 0.89109 LOD\Neighborhoods\BackBay\BackBay03_Bld01LOD.nif
5003 76 219 297 2.88158 2.88158 1.00457 1.00457 38 38 3 5 5 320.10904 2 0 0 0 0 2 0 61 126 24 0 0 1 0.74211 LOD\Neighborhoods\BackBay\BackBay03_Bld02LOD.nif
5004 64 154 187 2.40625 2.40625 1.01299 1.01299 36 36 2 4 2 228.97334 1 0 0 0 0 1 0 49 78 23 0 0 1 0.93693 LOD\Neighborhoods\BackBay\BackBay03_Bld03LOD.nif
5005 16 28 35 1.75000 1.75000 1.00000 1.00000 6 6 2 1 1 331.72113 1 0 0 0 0 1 0 12 15 4 0 0 1 0.85073 LOD\Neighborhoods\BackBay\BackBay03_Bld04LOD.nif
5006 10 20 20 2.00000 2.00000 1.00000 1.00000 4 4 1 1 0 0.00000 0 0 0 0 0 0 0 8 12 4 0 0 1 1.00000 LOD\Neighborhoods\BackBay\BackBay04_Bld01LOD.nif
5007 64 186 232 2.90625 2.90625 1.01075 1.01075 26 26 3 4 3 572.02917 2 0 0 0 0 2 0 49 93 13 0 0 1 0.72475 LOD\Neighborhoods\BackBay\BackBay04_Bld02LOD.nif
5008 61 155 205 2.54098 2.54098 1.00645 1.00645 25 25 3 4 3 410.50848 2 0 0 0 0 2 0 47 86 11 0 0 1 0.79883 LOD\Neighborhoods\BackBay\BackBay04_Bld03LOD.nif
5009 10 20 20 2.00000 2.00000 1.00000 1.00000 4 4 1 1 0 0.00000 0 0 0 0 0 0 0 8 12 4 0 0 1 1.00000 LOD\Neighborhoods\BackBay\BackBay04_Bld04LOD.nif
5010 66 188 243 2.84848 2.84848 1.00000 1.00000 22 22 3 5 4 448.67990 2 0 0 0 0 2 0 47 116 10 0 0 1 0.78906 LOD\Neighborhoods\BackBay\BackBay05_Bld01LOD.nif
5011 65 127 157 1.95385 1.95385 1.00787 1.00787 25 25 2 5 2 176.44688 1 0 0 0 0 1 0 45 73 12 0 0 1 0.99220 LOD\Neighborhoods\BackBay\BackBay05_Bld02LOD.nif
5012 23 53 72 2.30435 2.30435 1.05660 1.05660 11 11 3 2 2 346.63760 2 0 0 0 0 2 0 18 27 5 0 0 1 0.83333 LOD\Neighborhoods\BackBay\BackBay06_Bld01LOD.nif
5013 76 204 236 2.68421 2.68421 1.00000 1.00000 18 18 2 5 3 226.56876 1 0 0 0 0 1 0 50 137 12 0 0 1 0.95113 LOD\Neighborhoods\BackBay\BackBay06_Bld02LOD.nif
5014 42 102 132 2.42857 2.42857 1.01961 1.01961 4 4 3 3 3 108.35994 2 0 0 0 0 2 0 24 70 4 0 0 1 0.88762 LOD\Neighborhoods\BackBay\BackBay06_Bld03LOD.nif
5015 57 157 190 2.75439 2.75439 1.01911 1.01911 17 17 2 4 2 94.08217 1 0 0 0 0 1 0 40 97 16 0 0 1 0.89504 LOD\Neighborhoods\BackBay\BackBay06_Bld05LOD.nif
5016 160 446 619 2.78750 2.78750 1.00448 1.00448 86 86 3 10 8 379.46152 4 0 0 0 0 4 0 130 243 33 0 0 1 0.77478 LOD\Neighborhoods\BackBay\BackBay07_Bld01LOD.nif
5017 54 142 182 2.62963 2.62963 1.01408 1.01408 8 8 3 4 3 315.16830 2 0 0 0 0 2 0 32 96 7 0 0 1 0.93831 LOD\Neighborhoods\BackBay\BackBay08_Bld01LOD.nif
5018 92 270 363 2.93478 2.93478 1.00741 1.00741 56 56 3 6 6 512.87683 3 0 0 0 0 3 0 77 136 21 0 0 1 0.85729 LOD\Neighborhoods\BackBay\BackBay09_Bld01LOD.nif
5019 100 252 352 2.52000 2.52000 1.00000 1.00000 46 46 3 7 6 502.32919 3 0 0 0 0 3 0 75 152 22 0 0 1 0.86131 LOD\Neighborhoods\BackBay\BackBay10_Bld01LOD.nif
5020 172 456 608 2.65116 2.65116 1.00000 1.00000 42 42 3 11 9 537.15997 5 0 0 0 0 5 0 117 281 36 0 0 1 0.82136 LOD\Neighborhoods\BackBay\BackBay11_Bld01LOD.nif
5021 97 285 343 2.93814 2.93814 1.01053 1.01053 43 43 2 7 3 253.42564 2 0 0 0 0 2 0 76 165 36 0 0 1 0.90749 LOD\Neighborhoods\BackBay\BackBay11_Bld02LOD.nif
5022 13 27 27 2.07692 2.07692 1.03704 1.03704 5 5 1 1 0 0.00000 0 0 0 0 0 0 0 10 17 5 0 0 1 1.00000 LOD\Neighborhoods\BackBay\BackBay12_Bld02LOD.nif
5023 79 219 280 2.77215 2.77215 1.00457 1.00457 11 11 3 5 5 339.73438 2 0 0 0 0 2 0 47 123 6 0 0 1 0.76965 LOD\Neighborhoods\BackBay\BackBay12_Bld03LOD.nif
5024 69 201 260 2.91304 2.91304 1.01493 1.01493 31 31 3 5 4 291.34491 2 0 0 0 0 2 0 53 121 17 0 0 1 0.70992 LOD\Neighborhoods\BackBay\BackBay14_Bld01LOD.nif
5025 62 170 232 2.74194 2.74194 1.01176 1.01176 28 28 3 4 3 490.80908 2 0 0 0 0 2 0 50 95 15 0 0 1 0.74314 LOD\Neighborhoods\BackBay\BackBay15_Bld01LOD.nif
5026 159 455 615 2.86164 2.86164 1.00220 1.00220 81 81 3 10 9 523.98193 5 0 0 0 0 5 0 130 262 37 0 0 1 0.70580 LOD\Neighborhoods\BackBay\BackBay15_Bld02LOD.nif
5027 252 628 778 2.49206 2.49206 1.00000 1.00000 8 8 2 16 6 933.13037 3 0 0 0 1 3 0 180 112 8 0 0 1 0.79817 LOD\Neighborhoods\BackBay\BackBay17_Bld01LOD.nif
5028 51 127 162 2.49020 2.49020 1.00787 1.00787 21 21 2 4 2 236.68159 1 0 0 0 0 1 0 40 78 20 0 0 1 0.82165 LOD\Neighborhoods\BackBay\BackBay18_Bld01LOD.nif
5029 51 137 164 2.68627 2.68627 1.02190 1.02190 23 23 2 4 2 272.16669 1 0 0 0 0 1 0 37 89 16 0 0 1 0.88754 LOD\Neighborhoods\BackBay\BackBay18_Bld02LOD.nif
5030 10 22 22 2.20000 2.20000 1.09091 1.09091 4 4 1 1 0 0.00000 0 0 0 0 0 0 0 8 14 4 0 0 1 1.00000 LOD\Neighborhoods\BackBay\BackBay19_Bld01LOD.nif
5031 54 161 204 2.98148 2.98148 1.01863 1.01863 16 16 3 4 3 287.15979 2 0 0 0 0 2 0 37 100 7 0 0 1 0.84577 LOD\Neighborhoods\BackBay\BackBay20_Bld01LOD.nif
5032 80 226 317 2.82500 2.82500 1.00885 1.00885 54 54 3 5 5 393.04205 2 0 0 0 0 2 0 69 127 28 0 0 1 0.81735 LOD\Neighborhoods\BackBay\BackBay21_Bld01LOD.nif
5033 130 328 441 2.52308 2.52308 1.00000 1.00000 61 61 2 9 5 689.18140 2 0 0 1 0 3 0 101 181 36 0 0 0 0.88949 LOD\Neighborhoods\BackBay\BackBay22_Bld01LOD.nif
5034 70 200 262 2.85714 2.85714 1.00000 1.00000 8 8 4 5 5 391.48642 3 0 0 0 0 3 0 40 135 4 0 0 1 0.75074 LOD\Neighborhoods\BackBay\BackBay23_Bld01LOD.nif
5035 85 255 309 3.00000 3.00000 1.00392 1.00392 39 39 2 6 4 229.73724 2 0 0 1 0 3 0 64 157 23 0 0 0 0.92062 LOD\Neighborhoods\BackBay\BackBay24_Bld01LOD.nif
5036 66 190 243 2.87879 2.87879 1.01053 1.01053 22 22 3 5 3 482.98682 2 0 0 0 0 2 0 48 119 14 0 0 1 0.73608 LOD\Neighborhoods\BackBay\BackBay24_Bld02LOD.nif
5037 166 482 661 2.90361 2.90361 1.00415 1.00415 95 95 3 11 9 563.19788 5 0 0 0 0 5 0 140 253 46 0 0 1 0.79474 LOD\Neighborhoods\BackBay\BackBay24_Bld03LOD.nif
5038 38 92 117 2.42105 2.42105 1.00000 1.00000 8 8 3 3 3 394.70413 2 0 0 0 0 2 0 24 67 4 0 0 1 0.89033 LOD\Neighborhoods\BackBay\BackBay24_Bld04LOD.nif
5039 118 352 466 2.98305 2.98305 1.00000 1.00000 54 54 3 8 7 386.56573 3 0 0 0 0 3 0 92 195 27 0 0 1 0.91205 LOD\Neighborhoods\BackBay\BackBay25_Bld01LOD.nif
5040 79 123 191 1.55696 1.55696 1.00813 1.00813 21 21 3 5 5 420.65103 2 0 0 0 0 2 0 51 66 10 0 0 1 0.93674 LOD\Neighborhoods\BackBay\BackBay_Atomatoys_Bld01LOD.nif
5041 48 76 108 1.58333 1.58333 1.00000 1.00000 6 6 3 3 3 256.00000 2 0 0 0 0 2 0 28 36 4 0 0 1 1.00000 LOD\Neighborhoods\BackBay\BackBay_OldJHCBld01LOD.nif
5042 282 608 938 2.15603 2.15603 1.00000 1.00000 28 28 3 18 16 2175.43750 6 0 0 0 1 6 0 151 333 12 0 0 1 0.83752 LOD\Neighborhoods\BackBay\BackBay_PrudentialBld01LOD.nif
5043 535 1030 1889 1.92897 1.92523 1.00194 1.00194 75 75 3 34 38 2611.28809 12 0 1 4 0 16 0 305 595 79 0 0 0 0.91753 LOD\Neighborhoods\BackBay\BackBay_TTowerBld01LOD.nif
5044 174 407 585 2.33908 2.33908 1.00246 1.00246 60 60 3 11 10 522.75470 5 0 0 0 0 5 0 121 244 38 0 0 1 0.79664 LOD\Neighborhoods\BackBay\BackBayPGarage_Bld01LOD.nif
5045 56 118 155 2.10714 2.10714 1.01695 1.01695 12 12 3 4 3 439.13184 2 0 0 0 0 2 0 36 77 8 0 0 1 0.72212 LOD\Neighborhoods\BackBay\BackBayPGarage_Bld02LOD.nif
5046 174 388 390 2.22989 2.22989 1.00000 1.00000 136 136 1 11 0 0.00000 0 0 0 0 0 0 0 188 76 136 0 0 1 1.00000 LOD\Neighborhoods\BackBay\Structure\BackBay_PrudentialBld01StructureLOD.nif
5047 80 168 170 2.10000 2.10000 1.00000 1.00000 72 72 1 5 0 0.00000 0 0 0 0 0 0 0 84 44 72 0 0 1 1.00000 LOD\Neighborhoods\BackBay\Structure\BackBay_TTowerBld01StructureLOD.nif
5048 285 799 809 2.80351 2.80351 1.00125 1.00125 295 295 1 18 0 0.00000 0 0 0 0 0 0 0 324 231 295 0 0 1 1.00000 LOD\Neighborhoods\BackBay\Structure\BayBay17_Bld01StructureLOD.nif
5049 47 105 133 2.23404 2.23404 1.02857 1.02857 21 21 2 3 2 345.01755 1 0 0 0 0 1 0 37 57 14 0 0 1 0.87494 LOD\Neighborhoods\Boston Commons\Common_MassStHouse_Bld01LOD.nif
5050 241 585 719 2.42739 2.42739 1.00513 1.00513 35 35 4 16 9 1823.52979 5 0 0 2 1 7 0 147 340 4 0 0 0 0.91987 LOD\Neighborhoods\Boston Commons\Common_MassStHouse_Bld02LOD.nif
5051 50 148 175 2.96000 2.96000 1.00000 1.00000 22 22 2 4 2 337.92004 1 0 0 0 0 1 0 40 84 13 0 0 1 0.86400 LOD\Neighborhoods\Boston Commons\Common_MassStHouse_Bld03LOD.nif
5052 114 300 363 2.63158 2.63158 1.00000 1.00000 62 62 2 8 4 704.18738 2 0 0 1 0 3 0 87 162 32 0 0 0 0.90199 LOD\Neighborhoods\Cambridge\Cambridge02_Bld01LOD.nif
5053 50 140 180 2.80000 2.80000 1.00000 1.00000 28 28 2 4 2 246.66063 1 0 0 0 0 1 0 43 76 19 0 0 1 0.91207 LOD\Neighborhoods\Cambridge\Cambridge03_Bld01LOD.nif
5054 95 275 350 2.89474 2.89474 1.00364 1.00364 61 61 2 6 4 456.82507 2 0 0 0 0 2 0 74 141 27 0 0 1 0.72078 LOD\Neighborhoods\Cambridge\Cambridge03_Bld02LOD.nif
5055 62 174 213 2.80645 2.80645 1.01149 1.01149 20 20 2 4 2 272.50497 1 0 0 0 0 1 0 41 105 13 0 0 1 0.83327 LOD\Neighborhoods\Cambridge\Cambridge03_Bld03LOD.nif
5056 55 165 201 3.00000 3.00000 1.01818 1.01818 25 25 2 4 2 181.11674 1 0 0 0 0 1 0 42 102 19 0 0 1 0.90690 LOD\Neighborhoods\Cambridge\Cambridge03_Bld04LOD.nif
5057 59 177 235 3.00000 3.00000 1.01695 1.01695 41 41 3 4 3 259.53177 2 0 0 0 0 2 0 57 99 10 0 0 1 0.81390 LOD\Neighborhoods\Cambridge\Cambridge04_Bld01LOD.nif
5058 105 275 384 2.61905 2.61905 1.00364 1.00364 47 47 3 7 6 484.04785 3 0 0 0 0 3 0 76 160 15 0 0 1 0.87045 LOD\Neighborhoods\Cambridge\Cambridge04_Bld02LOD.nif
5059 131 301 413 2.29771 2.29771 1.00997 1.00997 15 15 2 9 6 723.59412 2 0 0 0 0 2 0 74 203 6 0 0 1 0.72580 LOD\Neighborhoods\Cambridge\Cambridge05_Bld01LOD.nif
5060 109 281 367 2.57798 2.57798 1.01068 1.01068 22 22 2 7 5 579.18286 2 0 0 1 0 3 0 62 176 12 0 0 0 0.81542 LOD\Neighborhoods\Cambridge\Cambridge05_Bld02LOD.nif
5061 92 262 262 2.84783 2.84783 1.00763 1.00763 47 47 1 6 0 0.00000 0 0 0 0 0 0 0 64 177 47 0 0 1 1.00000 LOD\Neighborhoods\Cambridge\Cambridge06_Bld01LOD.nif
5062 77 223 290 2.89610 2.89610 1.00448 1.00448 34 34 3 5 5 361.75055 2 0 0 0 0 2 0 54 126 5 0 0 1 0.77840 LOD\Neighborhoods\Cambridge\Cambridge06_Bld02LOD.nif
5063 37 87 112 2.35135 2.35135 1.01149 1.01149 5 5 3 3 3 357.06973 2 0 0 0 0 2 0 22 60 4 0 0 1 0.86686 LOD\Neighborhoods\Cambridge\Cambridge07_Bld01LOD.nif
5064 85 227 310 2.67059 2.67059 1.00441 1.00441 29 29 4 6 7 568.78516 4 0 0 0 0 4 0 57 124 6 0 0 1 0.76944 LOD\Neighborhoods\Cambridge\Cambridge08_Bld01LOD.nif
5065 144 432 546 3.00000 3.00000 1.00000 1.00000 51 51 3 9 8 648.22437 3 0 0 1 0 4 0 95 270 20 0 0 0 0.80636 LOD\Neighborhoods\Cambridge\Cambridge09_Bld01LOD.nif
5066 32 75 94 2.34375 2.34375 1.01333 1.01333 10 10 3 2 2 332.75208 2 0 0 0 0 2 0 21 50 4 0 0 1 0.85694 LOD\Neighborhoods\Cambridge\Cambridge09_Bld02LOD.nif
5067 52 136 171 2.61538 2.61538 1.00000 1.00000 12 12 2 4 2 231.60962 1 0 0 0 0 1 0 34 91 12 0 0 1 0.87814 LOD\Neighborhoods\Cambridge\Cambridge10_Bld01LOD.nif
5068 32 78 91 2.43750 2.43750 1.02564 1.02564 16 16 2 2 1 126.61185 1 0 0 0 0 1 0 25 40 7 0 0 1 0.78454 LOD\Neighborhoods\Cambridge\Cambridge10_Bld02LOD.nif
5069 199 327 584 1.64322 1.64322 1.00306 1.00306 59 59 3 13 12 724.07550 5 0 0 1 0 6 0 131 164 17 0 0 0 0.88056 LOD\Neighborhoods\Cambridge\Cambridge10_Bld03LOD.nif
5070 187 318 553 1.70053 1.70053 1.00629 1.00629 61 61 3 12 11 702.38678 5 0 0 0 0 5 0 123 162 20 0 0 1 0.78453 LOD\Neighborhoods\Cambridge\Cambridge11_Bld01LOD.nif
5071 203 446 635 2.19704 2.19704 1.00448 1.00448 39 39 4 13 11 884.10693 5 0 0 2 0 7 0 130 210 8 0 0 0 0.85155 LOD\Neighborhoods\Cambridge\Cambridge12_Bld01LOD.nif
5072 50 146 180 2.92000 2.92000 1.01370 1.01370 18 18 2 4 2 229.03612 1 0 0 0 0 1 0 33 82 15 0 0 1 0.82553 LOD\Neighborhoods\Cambridge\Cambridge15_Bld01LOD.nif
5073 38 104 125 2.73684 2.73684 1.00000 1.00000 15 15 2 3 2 111.72959 1 0 0 0 0 1 0 25 56 5 0 0 1 0.93323 LOD\Neighborhoods\Cambridge\Cambridge15_Bld02LOD.nif
5074 67 199 239 2.97015 2.97015 1.00503 1.00503 27 27 2 5 3 256.25000 1 0 0 0 0 1 0 48 121 16 0 0 1 0.79500 LOD\Neighborhoods\Cambridge\Cambridge19_Bld01LOD.nif
5075 35 95 105 2.71429 2.71429 1.01053 1.01053 5 5 2 3 1 134.29942 1 0 0 0 0 1 0 19 64 4 0 0 1 0.90012 LOD\Neighborhoods\Cambridge\Cambridge19_Bld02LOD.nif
5076 40 96 128 2.40000 2.40000 1.00000 1.00000 18 18 2 3 2 200.47539 1 0 0 0 0 1 0 30 60 14 0 0 1 0.88045 LOD\Neighborhoods\Cambridge\Cambridge19_Bld03LOD.nif
5077 40 110 110 2.75000 2.75000 1.01818 1.01818 7 7 1 3 0 0.00000 0 0 0 0 1 0 0 23 66 7 0 0 0 1.00000 LOD\Neighborhoods\Cambridge\Cambridge22_Bld01LOD.nif
5078 36 92 114 2.55556 2.55556 1.00000 1.00000 18 18 2 3 2 162.00641 1 0 0 0 0 1 0 28 52 14 0 0 1 0.91092 LOD\Neighborhoods\Cambridge\Cambridge22_Bld02LOD.nif
5079 66 170 211 2.57576 2.57576 1.01176 1.01176 32 32 2 5 3 256.04590 1 0 0 0 0 1 0 51 86 25 0 0 1 0.83458 LOD\Neighborhoods\Cambridge\Cambridge23_Bld01LOD.nif
5080 56 154 203 2.75000 2.75000 1.01299 1.01299 26 26 3 4 3 176.77882 2 0 0 0 0 2 0 42 80 11 0 0 1 0.90240 LOD\Neighborhoods\Cambridge\Cambridge24_Bld02LOD.nif
5081 146 372 515 2.54795 2.54795 1.00000 1.00000 60 60 3 10 9 372.44003 4 0 0 0 0 4 0 115 206 17 0 0 1 0.85149 LOD\Neighborhoods\Cambridge\Cambridge24_Bld03LOD.nif
5082 102 252 362 2.47059 2.47059 1.00000 1.00000 44 44 4 7 7 489.42200 4 0 0 0 0 4 0 75 143 9 0 0 1 0.75211 LOD\Neighborhoods\Cambridge\Cambridge25_Bld01LOD.nif
5083 19 47 57 2.47368 2.47368 1.02128 1.02128 17 17 2 2 1 256.00006 1 0 0 0 0 1 0 18 22 11 0 0 1 0.84805 LOD\Neighborhoods\Cambridge\Cambridge26_Bld01LOD.nif
5084 73 197 248 2.69863 2.69863 1.01523 1.01523 41 41 2 5 3 290.98734 1 0 0 0 0 1 0 60 106 24 0 0 1 0.74991 LOD\Neighborhoods\Cambridge\Cambridge26_Bld02LOD.nif
5085 62 150 186 2.41935 2.41935 1.01333 1.01333 24 24 2 4 2 256.10938 1 0 0 0 0 1 0 41 78 14 0 0 1 0.90126 LOD\Neighborhoods\Cambridge\Cambridge26_Bld03LOD.nif
5086 95 217 306 2.28421 2.28421 1.01382 1.01382 11 11 3 6 6 512.04150 3 0 0 1 0 4 0 58 124 9 0 0 0 0.86452 LOD\Neighborhoods\Cambridge\Cambridge27_Bld02LOD.nif
5087 113 273 350 2.41593 2.41593 1.01099 1.01099 15 15 2 8 4 472.83356 2 0 0 1 0 3 0 65 172 7 0 0 0 0.74963 LOD\Neighborhoods\Cambridge\Cambridge29_Bld01LOD.nif
5088 50 100 136 2.00000 2.00000 1.00000 1.00000 4 4 3 4 3 150.03125 2 0 0 0 0 2 0 28 64 4 0 0 1 0.91821 LOD\Neighborhoods\Cambridge\Cambridge29_Bld02LOD.nif
5089 105 285 356 2.71429 2.71429 1.01053 1.01053 43 43 2 7 4 715.45996 2 0 0 1 0 3 0 76 172 16 0 0 0 0.77268 LOD\Neighborhoods\Cambridge\Cambridge31_Bld01LOD.nif
5090 158 428 596 2.70886 2.70886 1.00000 1.00000 48 48 4 10 12 460.85321 5 0 0 0 0 5 0 107 208 17 0 0 1 0.78657 LOD\Neighborhoods\Cambridge\Cambridge32_Bld01LOD.nif
5091 115 305 424 2.65217 2.65217 1.00984 1.00984 17 17 3 8 6 171.81131 3 0 0 0 0 3 0 67 171 11 0 0 1 0.91940 LOD\Neighborhoods\Cambridge\Cambridge32_Bld02LOD.nif
5092 30 68 78 2.26667 2.26667 1.00000 1.00000 8 8 2 2 1 210.99596 1 0 0 0 0 1 0 20 38 4 0 0 1 0.97708 LOD\Neighborhoods\Cambridge\Cambridge34_Bld01LOD.nif
5093 68 186 238 2.73529 2.73529 1.01075 1.01075 16 16 3 5 4 110.71873 2 0 0 0 0 2 0 43 90 4 0 0 1 0.96504 LOD\Neighborhoods\Cambridge\Cambridge34_Bld02LOD.nif
5094 13 25 25 1.92308 1.92308 1.12000 1.12000 5 5 1 1 0 0.00000 0 0 0 0 0 0 0 10 15 5 0 0 1 1.00000 LOD\Neighborhoods\Cambridge\Cambridge34_Bld04LOD.nif
5095 14 34 40 2.42857 2.42857 1.05882 1.05882 4 4 2 1 1 156.03183 1 0 0 0 0 1 0 10 22 4 0 0 1 0.72624 LOD\Neighborhoods\Cambridge\Cambridge34_Bld05LOD.nif
5096 100 272 332 2.72000 2.72000 1.00000 1.00000 6 6 2 7 4 255.88515 2 0 0 1 0 3 0 61 164 5 0 0 0 0.97203 LOD\Neighborhoods\Cambridge\Cambridge36_Bld01LOD.nif
5097 62 122 162 1.96774 1.96774 1.01639 1.01639 10 10 3 4 3 511.99026 2 0 0 0 0 2 0 38 81 4 0 0 1 0.94521 LOD\Neighborhoods\Cambridge\Cambridge37_Bld02LOD.nif
5098 69 147 207 2.13043 2.13043 1.00680 1.00680 25 25 3 5 4 392.64743 2 0 0 0 0 2 0 48 78 10 0 0 1 0.78475 LOD\Neighborhoods\Cambridge\Cambridge38_Bld01LOD.nif
5099 117 196 206 1.67521 1.67521 1.00000 1.00000 33 33 1 8 0 0.00000 0 0 0 0 0 0 0 75 120 33 0 0 1 1.00000 LOD\Neighborhoods\Cambridge\Cambridge39_Bld01LOD.nif
5100 102 244 352 2.39216 2.39216 1.00000 1.00000 28 28 4 7 7 413.99814 4 0 0 0 0 4 0 66 145 10 0 0 1 0.77703 LOD\Neighborhoods\Cambridge\Cambridge40_Bld01LOD.nif
5101 51 144 181 2.82353 2.82353 1.00000 1.00000 10 10 3 4 3 600.78900 2 0 0 0 0 2 0 30 90 5 0 0 1 0.79431 LOD\Neighborhoods\Cambridge\Cambridge40_Bld02LOD.nif
5102 72 130 210 1.80556 1.80556 1.01538 1.01538 20 20 4 5 6 300.29227 3 0 0 0 0 3 0 48 75 5 0 0 1 0.76119 LOD\Neighborhoods\Cambridge\Cambridge41_Bld01LOD.nif
5103 94 242 346 2.57447 2.57447 1.00826 1.00826 38 38 3 6 5 479.18503 3 0 0 0 0 3 0 70 145 19 0 0 1 0.75889 LOD\Neighborhoods\Cambridge\Cambridge41_Bld02LOD.nif
5104 70 180 223 2.57143 2.57143 1.00000 1.00000 22 22 2 5 3 202.15620 1 0 0 0 0 1 0 48 97 16 0 0 1 0.90847 LOD\Neighborhoods\Cambridge\Cambridge45_Bld01LOD.nif
5105 225 600 820 2.66667 2.66667 1.00000 1.00000 39 39 4 15 12 850.83673 6 0 0 1 0 7 0 130 337 15 0 0 1 0.70337 LOD\Neighborhoods\Cambridge\Cambridge46_Bld01LOD.nif
5106 120 252 373 2.10000 2.10000 1.00000 1.00000 31 31 3 8 7 566.76312 3 0 0 0 0 3 0 71 165 12 0 0 1 0.83152 LOD\Neighborhoods\Cambridge\Cambridge48_Bld01LOD.nif
5107 117 260 357 2.22222 2.22222 1.00000 1.00000 31 31 3 8 7 540.04858 3 0 0 0 0 3 0 75 145 12 0 0 1 0.83633 LOD\Neighborhoods\Cambridge\Cambridge49_Bld01LOD.nif
5108 86 168 243 1.95349 1.95349 1.00000 1.00000 26 26 4 6 6 591.03467 4 0 0 0 0 4 0 55 89 4 0 0 1 0.81300 LOD\Neighborhoods\Cambridge\Cambridge49_Bld02LOD.nif
5109 97 210 328 2.16495 2.16495 1.00952 1.00952 15 15 3 7 7 505.63245 3 0 0 0 0 3 0 57 112 4 0 0 1 0.71927 LOD\Neighborhoods\Cambridge\Cambridge51_Bld01LOD.nif
5110 62 125 165 2.01613 2.01613 1.02400 1.02400 24 24 3 4 3 353.75504 2 0 0 0 0 2 0 41 70 5 0 0 1 0.71954 LOD\Neighborhoods\Cambridge\Cambridge51_Bld02LOD.nif
5111 78 170 231 2.17949 2.17949 1.01176 1.01176 21 21 3 5 5 767.92017 2 0 0 0 0 2 0 51 97 5 0 0 1 0.73992 LOD\Neighborhoods\Cambridge\Cambridge52_Bld01LOD.nif
5112 44 116 144 2.63636 2.63636 1.00000 1.00000 4 4 3 3 3 431.59518 2 0 0 0 0 2 0 25 71 4 0 0 1 0.84218 LOD\Neighborhoods\Cambridge\Cambridge52_Bld02LOD.nif
5113 118 264 341 2.23729 2.23729 1.00000 1.00000 18 18 2 8 4 190.79620 2 0 0 1 0 3 0 70 108 10 0 0 0 0.99081 LOD\Neighborhoods\Cambridge\Cambridge52_Bld03LOD.nif
5114 83 174 240 2.09639 2.09639 1.01149 1.01149 25 25 3 6 5 556.46600 3 0 0 0 0 3 0 53 105 15 0 0 1 0.79231 LOD\Neighborhoods\Cambridge\Cambridge53_Bld01LOD.nif
5115 254 710 913 2.79528 2.79528 1.00282 1.00282 44 44 4 16 13 754.46222 6 0 0 0 1 6 0 155 410 20 0 0 1 0.80169 LOD\Neighborhoods\Cambridge\Cambridge53_Bld02LOD.nif
5116 186 502 581 2.69892 2.69892 1.00398 1.00398 18 18 2 12 4 346.92599 2 0 0 1 1 3 0 100 322 26 0 0 0 0.89181 LOD\Neighborhoods\Cambridge\Cambridge54_Bld01LOD.nif
5117 48 122 152 2.54167 2.54167 1.01639 1.01639 4 4 2 3 2 341.21124 1 0 0 1 0 2 0 27 79 4 0 0 0 0.90755 LOD\Neighborhoods\Cambridge\Ticonderoga_Bld01LOD.nif
5118 112 257 432 2.29464 2.29464 1.01167 1.01167 17 17 4 7 10 579.45300 4 0 0 0 0 4 0 64 175 4 0 0 1 0.74327 LOD\Neighborhoods\Charlestown\Charlestown01_Bld01LOD.nif
5119 20 58 58 2.90000 2.90000 1.03448 1.03448 12 12 1 2 0 0.00000 0 0 0 0 0 0 0 17 18 12 0 0 1 1.00000 LOD\Neighborhoods\Charlestown\Charlestown01_Bld02LOD.nif
5120 25 63 72 2.52000 2.52000 1.01587 1.01587 9 9 2 2 1 170.75386 1 0 0 0 0 1 0 17 30 5 0 0 1 0.87170 LOD\Neighborhoods\Charlestown\Charlestown01_Bld03LOD.nif
5121 21 59 67 2.80952 2.80952 1.01695 1.01695 7 7 2 2 1 56.04727 1 0 0 0 0 1 0 15 26 4 0 0 1 0.96600 LOD\Neighborhoods\Charlestown\Charlestown01_Bld04LOD.nif
5122 38 92 120 2.42105 2.42105 1.00000 1.00000 8 8 3 3 3 537.62042 2 0 0 0 0 2 0 24 64 5 0 0 1 0.87453 LOD\Neighborhoods\Charlestown\Charlestown02_Bld01LOD.nif
5123 45 117 155 2.60000 2.60000 1.02564 1.02564 23 23 3 3 3 289.29617 2 0 0 0 0 2 0 38 52 4 0 0 1 0.73108 LOD\Neighborhoods\Charlestown\Charlestown02_Bld02LOD.nif
5124 129 369 471 2.86047 2.86047 1.00813 1.00813 45 45 2 9 4 278.33185 2 0 0 1 0 3 0 88 187 19 0 0 0 0.83199 LOD\Neighborhoods\Charlestown\Charlestown03_Bld01LOD.nif
5125 85 243 308 2.85882 2.85882 1.00412 1.00412 39 39 2 6 4 453.32776 2 0 0 1 0 3 0 67 140 28 0 0 0 0.84844 LOD\Neighborhoods\Charlestown\Charlestown03_Bld02LOD.nif
5126 145 400 510 2.75862 2.75862 1.00000 1.00000 67 67 2 10 5 511.95313 3 0 0 0 0 3 0 112 192 41 0 0 1 0.90589 LOD\Neighborhoods\Charlestown\Charlestown04_Bld01LOD.nif
5127 14 42 48 3.00000 3.00000 1.04762 1.04762 4 4 2 1 1 161.94121 1 0 0 0 0 1 0 10 28 4 0 0 1 0.70992 LOD\Neighborhoods\Charlestown\Charlestown04_Bld02LOD.nif
5128 43 118 149 2.74419 2.74419 1.01695 1.01695 11 11 3 3 3 131.17532 2 0 0 0 0 2 0 28 61 4 0 0 1 0.96177 LOD\Neighborhoods\Charlestown\Charlestown04_Bld03LOD.nif
5129 35 101 116 2.88571 2.88571 1.02970 1.02970 12 12 2 3 2 343.25119 1 0 0 0 0 1 0 24 62 8 0 0 1 0.89151 LOD\Neighborhoods\Charlestown\Charlestown04_Bld04LOD.nif
5130 36 106 129 2.94444 2.94444 1.01887 1.01887 6 6 3 3 3 372.69971 2 0 0 0 0 2 0 22 74 4 0 0 1 0.77083 LOD\Neighborhoods\Charlestown\Charlestown04_Bld05LOD.nif
5131 85 239 290 2.81176 2.81176 1.00418 1.00418 41 41 2 6 4 249.56422 2 0 0 0 0 2 0 70 118 32 0 0 1 0.91413 LOD\Neighborhoods\Charlestown\Charlestown05_Bld01LOD.nif
5132 108 308 389 2.85185 2.85185 1.00000 1.00000 60 60 2 7 4 531.78302 2 0 0 1 0 3 0 89 156 30 0 0 0 0.81130 LOD\Neighborhoods\Charlestown\Charlestown06_Bld01LOD.nif
5133 78 221 270 2.83333 2.83333 1.01357 1.01357 28 28 2 5 3 271.30807 1 0 0 1 0 2 0 53 134 16 0 0 0 0.97453 LOD\Neighborhoods\Charlestown\Charlestown06_Bld02LOD.nif
5134 10 28 28 2.80000 2.80000 1.00000 1.00000 4 4 1 1 0 0.00000 0 0 0 0 0 0 0 8 16 4 0 0 1 1.00000 LOD\Neighborhoods\Charlestown\Charlestown06_Bld03LOD.nif
5135 145 417 538 2.87586 2.87586 1.00719 1.00719 63 63 2 10 5 421.00497 3 0 0 1 0 4 0 112 222 43 0 0 0 0.86895 LOD\Neighborhoods\Charlestown\Charlestown07_Bld01LOD.nif
5136 61 180 212 2.95082 2.95082 1.00000 1.00000 27 27 2 4 2 231.92526 1 0 0 0 0 1 0 49 109 24 0 0 1 0.87400 LOD\Neighborhoods\Charlestown\Charlestown07_Bld02LOD.nif
5137 31 89 104 2.87097 2.87097 1.03371 1.03371 13 13 2 2 1 193.89218 1 0 0 0 0 1 0 24 49 11 0 0 1 0.86521 LOD\Neighborhoods\Charlestown\Charlestown07_Bld03LOD.nif
5138 21 61 61 2.90476 2.90476 1.04918 1.04918 11 11 1 2 0 0.00000 0 0 0 0 0 0 0 18 34 11 0 0 1 1.00000 LOD\Neighborhoods\Charlestown\Charlestown07_Bld04LOD.nif
5139 33 93 107 2.81818 2.81818 1.03226 1.03226 17 17 2 3 1 242.88551 1 0 0 0 0 1 0 26 50 11 0 0 1 0.75632 LOD\Neighborhoods\Charlestown\Charlestown07_Bld05LOD.nif
5140 99 289 361 2.91919 2.91919 1.01038 1.01038 47 47 2 7 4 243.44746 2 0 0 0 0 2 0 79 172 33 0 0 1 0.95566 LOD\Neighborhoods\Charlestown\Charlestown09_Bld01LOD.nif
5141 70 200 268 2.85714 2.85714 1.00000 1.00000 34 34 3 5 5 246.65530 2 0 0 0 0 2 0 57 115 21 0 0 1 0.80480 LOD\Neighborhoods\Charlestown\Charlestown09_Bld02LOD.nif
5142 50 140 177 2.80000 2.80000 1.00000 1.00000 24 24 2 4 2 345.93814 1 0 0 0 0 1 0 41 74 20 0 0 1 0.80252 LOD\Neighborhoods\Charlestown\Charlestown09_Bld03LOD.nif
5143 72 206 255 2.86111 2.86111 1.00971 1.00971 46 46 2 5 3 341.32922 1 0 0 0 0 1 0 64 105 34 0 0 1 0.90462 LOD\Neighborhoods\Charlestown\Charlestown10_Bld01LOD.nif
5144 97 287 356 2.95876 2.95876 1.00348 1.00348 61 61 2 7 4 377.47720 2 0 0 0 0 2 0 87 153 49 0 0 1 0.84189 LOD\Neighborhoods\Charlestown\Charlestown10_Bld02LOD.nif
5145 47 117 145 2.48936 2.48936 1.02564 1.02564 17 17 2 3 2 325.79446 1 0 0 0 0 1 0 36 67 15 0 0 1 0.72467 LOD\Neighborhoods\Charlestown\Charlestown11_Bld01LOD.nif
5146 18 52 59 2.88889 2.88889 1.00000 1.00000 4 4 2 2 1 372.49557 1 0 0 0 0 1 0 12 35 4 0 0 1 0.80740 LOD\Neighborhoods\Charlestown\Charlestown12_Bld01LOD.nif
5147 26 67 77 2.57692 2.57692 1.01493 1.01493 6 6 2 2 1 228.98088 1 0 0 0 0 1 0 17 36 4 0 0 1 0.93522 LOD\Neighborhoods\Charlestown\Charlestown12_Bld03LOD.nif
5148 211 615 837 2.91469 2.91469 1.00163 1.00163 67 67 2 14 9 1028.35986 3 0 0 0 0 3 0 142 387 31 0 0 1 0.70410 LOD\Neighborhoods\Charlestown\Charlestown13_Bld01LOD.nif
5149 31 79 79 2.54839 2.54839 1.01266 1.01266 9 9 1 2 0 0.00000 0 0 0 0 0 0 0 22 43 9 0 0 1 1.00000 LOD\Neighborhoods\Charlestown\Charlestown14_Bld01LOD.nif
5150 107 315 428 2.94393 2.94393 1.00317 1.00317 45 45 3 7 6 443.55594 3 0 0 0 0 3 0 80 182 20 0 0 1 0.78907 LOD\Neighborhoods\Charlestown\Charlestown14_Bld02LOD.nif
5151 29 77 87 2.65517 2.65517 1.03896 1.03896 5 5 2 2 1 148.57062 1 0 0 0 0 1 0 18 45 4 0 0 1 0.86888 LOD\Neighborhoods\Charlestown\Charlestown14_Bld03LOD.nif
5152 44 130 169 2.95455 2.95455 1.01538 1.01538 14 14 4 3 4 743.19879 3 1 0 0 0 3 0 30 78 6 0 0 0 0.73141 LOD\Neighborhoods\Charlestown\Charlestown15_Bld01LOD.nif
5153 164 327 493 1.99390 1.99390 1.00306 1.00306 24 24 3 11 9 847.10004 5 0 0 1 0 6 0 96 205 8 0 0 0 0.80053 LOD\Neighborhoods\Esplanade\Esplanade23_Bld01LOD.nif
5154 113 210 312 1.85841 1.85841 1.00952 1.00952 109 109 2 8 4 310.04266 2 0 0 1 0 3 0 119 79 66 0 0 0 0.97484 LOD\Neighborhoods\Esplanade\Esplanade_Bld05LOD.nif
5155 37 97 122 2.62162 2.62162 1.03093 1.03093 5 5 3 3 3 343.43002 2 0 0 0 0 2 0 22 66 4 0 0 1 0.77822 LOD\Neighborhoods\Esplanade\Esplanade_Bld06LOD.nif
5156 78 158 212 2.02564 2.02564 1.01266 1.01266 66 66 2 5 3 94.25070 1 0 0 0 0 1 0 79 67 42 0 0 1 0.90781 LOD\Neighborhoods\Esplanade\Esplanade_Bld07LOD.nif
5157 51 127 186 2.49020 2.49020 1.00787 1.00787 25 25 4 4 4 233.74046 3 0 0 0 0 3 0 42 68 6 0 0 1 0.76124 LOD\Neighborhoods\Esplanade\Esplanade_Bld09LOD.nif
5158 97 187 302 1.92784 1.92784 1.00535 1.00535 103 103 3 7 5 512.00000 3 0 0 1 0 4 0 109 65 23 0 0 0 0.74388 LOD\Neighborhoods\Esplanade\Esplanade_Bld10LOD.nif
5159 81 235 315 2.90123 2.90123 1.00426 1.00426 35 35 3 6 5 258.41119 3 0 0 0 0 3 0 64 140 19 0 0 1 0.77096 LOD\Neighborhoods\Esplanade\Esplanade_Bld11LOD.nif
5160 25 59 70 2.36000 2.36000 1.01695 1.01695 11 11 2 2 1 175.11491 1 0 0 0 0 1 0 19 35 8 0 0 1 0.84114 LOD\Neighborhoods\Esplanade\Esplanade_Bld12LOD.nif
5161 28 60 71 2.14286 2.14286 1.00000 1.00000 6 6 2 2 1 160.06793 1 0 0 0 0 1 0 18 39 6 0 0 1 0.92853 LOD\Neighborhoods\Esplanade\Esplanade_Bld13LOD.nif
5162 95 169 287 1.77895 1.77895 1.01775 1.01775 107 107 3 6 5 511.97656 3 0 0 0 0 3 0 109 53 29 0 0 1 0.73634 LOD\Neighborhoods\Esplanade\Esplanade_Bld14LOD.nif
5163 38 114 132 3.00000 3.00000 1.01754 1.01754 8 8 2 3 2 148.21033 1 0 0 0 0 1 0 24 76 8 0 0 1 0.90828 LOD\Neighborhoods\Esplanade\Esplanade_Bld15LOD.nif
5164 124 250 379 2.01613 2.01613 1.00800 1.00800 113 113 3 8 6 411.73392 3 0 0 0 0 3 0 127 103 23 0 0 1 0.87950 LOD\Neighborhoods\Esplanade\Esplanade_Bld16LOD.nif
5165 91 235 313 2.58242 2.58242 1.00426 1.00426 23 23 3 6 5 272.62692 3 0 0 0 0 3 0 57 147 12 0 0 1 0.84356 LOD\Neighborhoods\Esplanade\Esplanade_Bld17LOD.nif
5166 31 79 93 2.54839 2.54839 1.01266 1.01266 11 11 2 2 1 181.59541 1 0 0 0 0 1 0 23 49 9 0 0 1 0.83978 LOD\Neighborhoods\Esplanade\Esplanade_Bld18LOD.nif
5167 67 127 193 1.89552 1.89552 1.00787 1.00787 65 65 3 5 4 148.79343 2 0 0 0 0 2 0 72 47 14 0 0 1 0.93484 LOD\Neighborhoods\Esplanade\Esplanade_Bld19LOD.nif
5168 86 238 284 2.76744 2.76744 1.00840 1.00840 38 38 2 6 4 256.00461 2 0 0 0 0 2 0 68 138 31 0 0 1 0.84081 LOD\Neighborhoods\Esplanade\Esplanade_Bld20LOD.nif
5169 144 366 507 2.54167 2.54167 1.00546 1.00546 58 58 3 9 8 457.41367 3 0 0 0 0 3 0 108 204 27 0 0 1 0.90209 LOD\Neighborhoods\Esplanade\Esplanade_Bld21LOD.nif
5170 96 266 374 2.77083 2.77083 1.00752 1.00752 42 42 3 6 6 517.78430 3 0 0 0 0 3 0 75 147 25 0 0 1 0.80358 LOD\Neighborhoods\Esplanade\Esplanade_Bld22LOD.nif
5171 160 338 462 2.11250 2.11250 1.00592 1.00592 136 136 2 10 5 368.12500 3 0 0 1 0 4 0 160 149 80 0 0 0 0.96024 LOD\Neighborhoods\Esplanade\EsplanadeBurrage_Bld08LOD.nif
5172 151 419 533 2.77483 2.77483 1.00239 1.00239 37 37 4 10 9 689.30109 4 0 0 1 0 5 0 102 254 9 0 0 1 0.82263 LOD\Neighborhoods\Esplanade\EsplanadePOI_Bld01LOD.nif
5173 65 123 198 1.89231 1.89231 1.00813 1.00813 59 59 3 5 3 200.52921 2 0 0 0 0 2 0 67 50 22 0 0 1 0.83820 LOD\Neighborhoods\Esplanade\EsplanadePOI_Bld02LOD.nif
5174 51 95 145 1.86275 1.86275 1.01053 1.01053 53 53 3 4 3 428.57431 2 0 0 0 0 2 0 57 29 12 0 0 1 0.74856 LOD\Neighborhoods\Esplanade\esplanadePOI_Bld03LOD.nif
5175 33 81 94 2.45455 2.45455 1.03704 1.03704 5 5 2 3 1 180.57204 1 0 0 0 0 1 0 20 58 5 0 0 1 0.87449 LOD\Neighborhoods\Esplanade\esplanadePOI_Bld04LOD.nif
5176 198 576 788 2.90909 2.90909 1.00000 1.00000 94 94 3 13 11 1464.14868 5 0 0 0 0 5 0 158 305 42 0 0 1 0.75545 LOD\Neighborhoods\Fens\Fens01_Bld01LOD.nif
5177 144 421 614 2.92361 2.92361 1.00713 1.00713 64 64 4 9 10 678.94366 4 0 0 0 0 4 0 110 241 21 0 0 1 0.79320 LOD\Neighborhoods\Fens\Fens02_Bld01LOD.nif
5178 101 295 405 2.92079 2.92079 1.00339 1.00339 49 49 3 7 6 493.22385 3 0 0 0 0 3 0 80 160 27 0 0 1 0.75851 LOD\Neighborhoods\Fens\Fens02_Bld02LOD.nif
5179 293 843 1185 2.87713 2.87713 1.00119 1.00119 127 127 3 19 15 1618.66150 6 0 0 2 0 8 0 222 488 59 0 0 0 0.76213 LOD\Neighborhoods\Fens\Fens02_Bld03LOD.nif
5180 133 391 512 2.93985 2.93985 1.00256 1.00256 73 73 2 9 5 496.48053 2 0 0 0 0 2 0 113 202 49 0 0 1 0.86736 LOD\Neighborhoods\Fens\Fens02_Bld04LOD.nif
5181 97 281 342 2.89691 2.89691 1.01068 1.01068 45 45 2 7 3 522.68542 2 0 0 1 0 3 0 76 161 30 0 0 0 0.84696 LOD\Neighborhoods\Fens\Fens02_Bld05LOD.nif
5182 195 577 820 2.95897 2.95897 1.00520 1.00520 111 111 3 13 11 1313.95630 5 0 0 1 0 6 0 165 280 47 0 0 0 0.74658 LOD\Neighborhoods\Fens\Fens03_Bld01LOD.nif
5183 74 214 283 2.89189 2.89189 1.00935 1.00935 26 26 3 5 5 419.83255 2 0 0 0 0 2 0 54 134 10 0 0 1 0.75104 LOD\Neighborhoods\Fens\Fens03_Bld02LOD.nif
5184 91 251 304 2.75824 2.75824 1.00398 1.00398 48 48 2 6 3 261.32416 2 0 0 0 0 2 0 73 116 33 0 0 1 0.86238 LOD\Neighborhoods\Fens\Fens03_Bld03LOD.nif
5185 66 194 247 2.93939 2.93939 1.01031 1.01031 38 38 2 5 3 251.55594 1 0 0 0 0 1 0 56 98 31 0 0 1 0.89877 LOD\Neighborhoods\Fens\Fens03_Bld04LOD.nif
5186 277 802 1066 2.89531 2.89531 1.00249 1.00249 141 141 3 18 11 1220.14954 6 0 0 2 0 8 0 231 437 48 0 0 0 0.84904 LOD\Neighborhoods\Fens\Fens04_Bld01LOD.nif
5187 54 158 191 2.92593 2.92593 1.01266 1.01266 32 32 2 4 2 380.84781 1 0 0 0 0 1 0 48 84 23 0 0 1 0.82272 LOD\Neighborhoods\Fens\Fens05_Bld01LOD.nif
5188 145 411 507 2.83448 2.83448 1.00243 1.00243 61 61 2 10 5 472.64496 3 0 0 0 0 3 0 109 234 36 0 0 1 0.89405 LOD\Neighborhoods\Fens\Fens05_Bld02LOD.nif
5189 90 260 370 2.88889 2.88889 1.00000 1.00000 42 42 3 6 5 518.39539 3 0 0 0 0 3 0 70 141 21 0 0 1 0.70437 LOD\Neighborhoods\Fens\Fens05_Bld03LOD.nif
5190 33 91 102 2.75758 2.75758 1.01099 1.01099 7 7 2 3 1 252.83363 1 0 0 0 0 1 0 21 57 5 0 0 1 0.86332 LOD\Neighborhoods\Fens\Fens05_Bld04LOD.nif
5191 81 239 293 2.95062 2.95062 1.00418 1.00418 31 31 2 6 3 458.25046 2 0 0 0 0 2 0 61 138 22 0 0 1 0.88947 LOD\Neighborhoods\Fens\Fens06_Bld01LOD.nif
5192 51 145 183 2.84314 2.84314 1.02069 1.02069 21 21 3 4 3 420.52295 2 0 0 0 0 2 0 39 88 12 0 0 1 0.71243 LOD\Neighborhoods\Fens\Fens06_Bld02LOD.nif
5193 119 335 458 2.81513 2.81513 1.00299 1.00299 61 61 3 8 6 459.90073 3 0 0 0 0 3 0 97 185 32 0 0 1 0.73561 LOD\Neighborhoods\Fens\Fens06_Bld03LOD.nif
5194 57 169 211 2.96491 2.96491 1.01775 1.01775 17 17 3 4 3 235.62292 2 0 0 0 0 2 0 38 113 8 0 0 1 0.94756 LOD\Neighborhoods\Fens\Fens06_Bld04LOD.nif
5195 216 616 796 2.85185 2.85185 1.00000 1.00000 66 66 2 14 8 524.07062 3 0 0 0 0 3 0 149 369 46 0 0 1 0.88633 LOD\Neighborhoods\Fens\Fens07_Bld01LOD.nif
5196 39 103 122 2.64103 2.64103 1.00971 1.00971 11 11 2 3 2 341.02344 1 0 0 0 0 1 0 27 63 10 0 0 1 0.92544 LOD\Neighborhoods\Fens\Fens08_Bld01LOD.nif
5197 81 223 272 2.75309 2.75309 1.00448 1.00448 13 13 2 6 3 322.84518 2 0 0 1 0 3 0 49 151 11 0 0 0 0.79983 LOD\Neighborhoods\Fens\Fens08_Bld02LOD.nif
5198 155 454 629 2.92903 2.92903 1.00441 1.00441 67 67 3 10 9 977.82635 4 0 0 0 0 4 0 113 270 22 0 0 1 0.74850 LOD\Neighborhoods\Fens\Fens08_Bld03LOD.nif
5199 67 180 226 2.68657 2.68657 1.00000 1.00000 11 11 3 5 3 467.78543 2 0 0 0 0 2 0 39 121 5 0 0 1 0.92220 LOD\Neighborhoods\Fens\Fens09_Bld01LOD.nif
5200 101 285 378 2.82178 2.82178 1.01053 1.01053 39 39 2 7 5 383.89157 2 0 0 0 0 2 0 73 164 21 0 0 1 0.87660 LOD\Neighborhoods\Fens\Fens10_Bld01LOD.nif
5201 127 357 492 2.81102 2.81102 1.00840 1.00840 41 41 3 8 6 445.51709 3 0 0 0 0 3 0 89 218 21 0 0 1 0.80338 LOD\Neighborhoods\Fens\Fens11_Bld01LOD.nif
5202 32 92 107 2.87500 2.87500 1.00000 1.00000 12 12 2 2 1 224.62776 1 0 0 0 0 1 0 24 58 10 0 0 1 0.94286 LOD\Neighborhoods\Fens\Fens11_Bld02LOD.nif
5203 33 83 101 2.51515 2.51515 1.01205 1.01205 5 5 3 3 2 199.10762 2 0 0 0 0 2 0 20 54 4 0 0 1 0.78495 LOD\Neighborhoods\Fens\Fens11_Bld03LOD.nif
5204 16 44 51 2.75000 2.75000 1.00000 1.00000 6 6 2 1 1 530.14844 1 0 0 0 0 1 0 12 28 4 0 0 1 0.79774 LOD\Neighborhoods\Fens\Fens11_Bld04LOD.nif
5205 58 172 229 2.96552 2.96552 1.00000 1.00000 20 20 3 4 3 475.99994 2 0 0 0 0 2 0 42 105 13 0 0 1 0.70338 LOD\Neighborhoods\Fens\Fens11_Bld05LOD.nif
5206 62 182 221 2.93548 2.93548 1.01099 1.01099 32 32 2 4 2 224.13857 1 0 0 0 0 1 0 49 104 23 0 0 1 0.93259 LOD\Neighborhoods\Fens\Fens11_Bld06LOD.nif
5207 16 44 51 2.75000 2.75000 1.00000 1.00000 6 6 2 1 1 604.80145 1 0 0 0 0 1 0 12 27 4 0 0 1 0.80004 LOD\Neighborhoods\Fens\Fens11_Bld07LOD.nif
5208 153 424 560 2.77124 2.77124 1.00000 1.00000 79 79 2 10 6 449.73969 2 0 0 0 0 2 0 125 230 50 0 0 1 0.83780 LOD\Neighborhoods\Fens\Fens12_Bld01LOD.nif
5209 26 72 81 2.76923 2.76923 1.00000 1.00000 4 4 2 2 1 225.37018 1 0 0 0 0 1 0 16 46 4 0 0 1 0.91620 LOD\Neighborhoods\Fens\Fens12_Bld02LOD.nif
5210 32 94 108 2.93750 2.93750 1.02128 1.02128 14 14 2 2 1 376.08719 1 0 0 0 0 1 0 25 55 9 0 0 1 0.88163 LOD\Neighborhoods\Fens\Fens12_Bld03LOD.nif
5211 152 442 573 2.90789 2.90789 1.00452 1.00452 92 92 2 10 6 540.51453 3 0 0 0 0 3 0 129 234 51 0 0 1 0.87074 LOD\Neighborhoods\Fens\Fens13_Bld01LOD.nif
5212 83 221 223 2.66265 2.66265 1.01357 1.01357 15 15 1 6 0 0.00000 0 0 0 0 0 0 0 49 139 15 0 0 1 1.00000 LOD\Neighborhoods\Fens\Fens14_Bld01LOD.nif
5213 40 120 147 3.00000 3.00000 1.00000 1.00000 12 12 2 3 2 161.90700 1 0 0 0 0 1 0 28 77 10 0 0 1 0.85624 LOD\Neighborhoods\Fens\Fens14_Bld02LOD.nif
5214 26 78 88 3.00000 3.00000 1.02564 1.02564 6 6 2 2 1 207.11264 1 0 0 0 0 1 0 17 50 6 0 0 1 0.89363 LOD\Neighborhoods\Fens\Fens14_Bld03LOD.nif
5215 47 133 177 2.82979 2.82979 1.02256 1.02256 25 25 3 3 3 361.54697 2 0 0 0 0 2 0 38 77 11 0 0 1 0.83995 LOD\Neighborhoods\Fens\Fens14_Bld04LOD.nif
5216 58 158 199 2.72414 2.72414 1.01266 1.01266 26 26 2 4 2 204.31403 1 0 0 0 0 1 0 46 89 25 0 0 1 0.98626 LOD\Neighborhoods\Fens\Fens15_Bld01LOD.nif
5217 34 102 117 3.00000 3.00000 1.01961 1.01961 10 10 2 3 1 271.83261 1 0 0 0 0 1 0 24 63 10 0 0 1 0.82552 LOD\Neighborhoods\Fens\Fens15_Bld02LOD.nif
5218 100 280 397 2.80000 2.80000 1.00000 1.00000 46 46 3 7 6 418.53006 3 0 0 0 0 3 0 79 158 23 0 0 1 0.74533 LOD\Neighborhoods\Fens\Fens15_Bld03LOD.nif
5219 45 135 171 3.00000 3.00000 1.00741 1.00741 17 17 3 3 3 442.45569 2 0 0 0 0 2 0 31 81 9 0 0 1 0.73096 LOD\Neighborhoods\Fens\Fens15_Bld04LOD.nif
5220 166 458 708 2.75904 2.75904 1.00437 1.00437 48 48 3 11 11 1588.12354 4 0 1 1 0 5 0 107 291 59 0 0 0 0.70008 LOD\Neighborhoods\Fens\Fens16_Bld01LOD.nif
5221 119 339 452 2.84874 2.84874 1.00295 1.00295 53 53 3 8 6 713.45831 3 0 0 0 0 3 0 95 177 31 0 0 1 0.73923 LOD\Neighborhoods\Fens\Fens17_Bld01LOD.nif
5222 58 150 198 2.58621 2.58621 1.01333 1.01333 12 12 3 4 3 278.06244 2 0 0 0 0 2 0 37 98 4 0 0 1 0.83326 LOD\Neighborhoods\Fens\Fens17_Bld02LOD.nif
5223 113 297 437 2.62832 2.62832 1.01010 1.01010 41 41 3 8 6 888.95111 3 0 0 0 0 3 0 84 178 17 0 0 1 0.74476 LOD\Neighborhoods\Fens\Fens17_Bld03LOD.nif
5224 31 93 110 3.00000 3.00000 1.03226 1.03226 5 5 3 2 2 301.63031 2 0 0 0 0 2 0 19 60 3 0 0 1 0.77966 LOD\Neighborhoods\Fens\Fens18_Bld01LOD.nif
5225 39 113 140 2.89744 2.89744 1.02655 1.02655 9 9 3 3 3 309.60416 2 0 0 0 0 2 0 25 75 5 0 0 1 0.78771 LOD\Neighborhoods\Fens\Fens18_Bld02LOD.nif
5226 152 432 574 2.84211 2.84211 1.00000 1.00000 42 42 3 10 10 507.73056 4 0 0 0 0 4 0 100 265 24 0 0 1 0.79738 LOD\Neighborhoods\Fens\Fens19_Bld01LOD.nif
5227 82 194 245 2.36585 2.36585 1.01031 1.01031 8 8 3 6 3 431.77222 2 0 1 0 0 2 0 46 125 12 0 0 1 0.88741 LOD\Neighborhoods\Fens\Fens19_Bld02LOD.nif
5228 22 54 62 2.45455 2.45455 1.03704 1.03704 4 4 2 2 1 62.77300 1 0 0 0 0 1 0 14 33 4 0 0 1 0.99762 LOD\Neighborhoods\Fens\Fens19_Bld03LOD.nif
5229 220 582 760 2.64545 2.64545 1.00344 1.00344 68 68 2 14 8 742.62189 3 0 0 0 0 3 0 149 328 42 0 0 1 0.87628 LOD\Neighborhoods\Fens\Fens20_Bld01LOD.nif
5230 59 162 208 2.74576 2.74576 1.01235 1.01235 13 13 3 4 3 391.06235 2 0 0 0 0 2 0 38 107 5 0 0 1 0.86857 LOD\Neighborhoods\Fens\Fens21_Bld01LOD.nif
5231 1054 2276 3212 2.16129 2.15939 1.00000 1.00000 240 240 7 66 52 2365.40405 25 1 0 3 3 28 0 713 883 8 0 0 0 0.75128 LOD\Neighborhoods\Financial\DN084_MassFusion_Bld01LOD.nif
5232 112 228 342 2.03571 2.03571 1.00000 1.00000 10 10 4 7 6 1445.80054 3 0 0 1 1 4 0 68 72 12 0 0 0 0.72393 LOD\Neighborhoods\Financial\Financial01_Bld01LOD.nif
5233 265 554 815 2.09057 2.09057 1.00361 1.00361 55 55 3 17 12 1618.95068 5 0 0 1 1 6 0 166 267 15 0 0 0 0.77369 LOD\Neighborhoods\Financial\Financial02_Bld01LOD.nif
5234 101 205 263 2.02970 2.02970 1.01463 1.01463 13 13 4 7 5 873.61243 3 0 0 0 1 3 0 55 106 6 0 0 1 0.81995 LOD\Neighborhoods\Financial\Financial06_Bld01LOD.nif
5235 133 315 432 2.36842 2.36842 1.00317 1.00317 30 30 2 9 5 688.01508 2 0 0 0 1 2 0 79 116 17 0 0 0 0.85003 LOD\Neighborhoods\Financial\Financial12_Bld01LOD.nif
5236 217 483 598 2.22581 2.22581 1.00207 1.00207 26 26 2 14 5 379.90323 2 0 0 1 1 3 0 113 253 28 0 0 0 0.96222 LOD\Neighborhoods\Financial\Financial15_Bld01LOD.nif
5237 136 312 402 2.29412 2.29412 1.00000 1.00000 19 19 4 9 6 737.17297 3 0 0 0 1 3 0 72 104 8 0 0 1 0.87715 LOD\Neighborhoods\Financial\Financial19_Bld01LOD.nif
5238 103 245 315 2.37864 2.37864 1.01224 1.01224 29 29 2 7 4 1032.82446 2 0 0 1 0 3 0 67 133 17 0 0 0 0.92064 LOD\Neighborhoods\Financial\Financial20_Bld01LOD.nif
5239 314 775 785 2.46815 2.46815 1.00129 1.00129 74 74 1 20 0 0.00000 0 0 0 0 0 0 0 183 264 74 0 0 1 1.00000 LOD\Neighborhoods\Financial\financial21_Bld01LOD.nif
5240 327 885 1109 2.70642 2.70642 1.00339 1.00339 29 29 2 21 10 1092.67908 4 0 0 0 1 4 0 170 235 31 0 0 1 0.70960 LOD\Neighborhoods\Financial\Financial22_Bld01LOD.nif
5241 313 833 1178 2.66134 2.66134 1.00360 1.00360 47 47 6 20 19 3978.48730 10 1 0 0 1 10 0 194 286 8 0 0 0 0.70311 LOD\Neighborhoods\Financial\Financial23_Bld01LOD.nif
5242 111 266 377 2.39640 2.39640 1.00752 1.00752 25 25 3 7 6 1024.50000 3 0 0 1 0 4 0 73 126 11 0 0 0 0.73166 LOD\Neighborhoods\Financial\financial24_Bld01LOD.nif
5243 134 326 384 2.43284 2.43284 1.00613 1.00613 8 8 3 9 3 773.05688 2 0 0 0 1 2 0 73 125 18 0 0 1 0.71376 LOD\Neighborhoods\Financial\financial25_Bld01LOD.nif
5244 164 362 517 2.20732 2.20732 1.00552 1.00552 44 44 3 11 9 550.00000 5 0 0 0 0 5 0 113 186 14 0 0 1 0.78718 LOD\Neighborhoods\Financial\Financial26_Bld01LOD.nif
5245 98 274 274 2.79592 2.79592 1.00730 1.00730 10 10 1 7 0 0.00000 0 0 0 0 0 0 0 63 88 10 0 0 1 1.00000 LOD\Neighborhoods\Financial\Financial27_Bld01LOD.nif
5246 139 367 452 2.64029 2.64029 1.00272 1.00272 35 35 2 9 5 759.60175 2 0 0 1 0 3 0 97 205 25 0 0 0 0.98297 LOD\Neighborhoods\Financial\Financial28_Bld01LOD.nif
5247 275 652 871 2.37091 2.37091 1.00000 1.00000 77 77 3 18 11 1280.50037 5 0 0 1 1 6 0 182 300 35 0 0 0 0.87563 LOD\Neighborhoods\Financial\Financial31E_Bld01LOD.nif
5248 276 624 782 2.26087 2.26087 1.00000 1.00000 48 48 2 18 7 561.82562 3 0 0 0 1 3 0 166 119 26 0 0 1 0.74367 LOD\Neighborhoods\Financial\Financial31W_Bld01LOD.nif
5249 98 196 281 2.00000 2.00000 1.00000 1.00000 38 38 2 7 4 485.89792 2 0 0 1 0 3 0 71 107 25 0 0 0 0.85222 LOD\Neighborhoods\Financial\Financial_Building00A_01LOD.nif
5250 107 260 327 2.42991 2.42991 1.00000 1.00000 47 47 2 7 4 393.33176 2 0 0 0 0 2 0 82 140 37 0 0 1 0.90667 LOD\Neighborhoods\Financial\Financial_Building00A_02LOD.nif
5251 48 94 121 1.95833 1.95833 1.02128 1.02128 16 16 2 3 2 162.70937 1 0 0 0 0 1 0 35 56 12 0 0 1 0.77380 LOD\Neighborhoods\Financial\Financial_Building00A_03LOD.nif
5252 143 373 479 2.60839 2.60839 1.00804 1.00804 42 42 2 9 6 637.80804 2 0 0 0 0 2 0 93 225 15 0 0 1 0.83431 LOD\Neighborhoods\Financial\Financial_Building00G_03LOD.nif
5253 132 283 386 2.14394 2.14394 1.00353 1.00353 36 36 2 9 5 1131.74951 2 0 0 1 0 3 0 85 164 17 0 0 0 0.83371 LOD\Neighborhoods\Financial\Financial_Building00G_04LOD.nif
5254 323 777 1019 2.40557 2.40557 1.00386 1.00386 47 47 2 21 10 818.94409 4 0 0 2 1 6 0 218 343 54 0 0 0 0.85787 LOD\Neighborhoods\Financial\Financial_Building13LOD.nif
5255 150 342 342 2.28000 2.28000 1.00585 1.00585 92 92 1 10 0 0.00000 0 0 0 0 0 0 0 142 48 92 0 0 1 1.00000 LOD\Neighborhoods\Financial\Structure\Financial01_Bld01StructureLOD.nif
5256 206 462 528 2.24272 2.24272 1.00433 1.00433 102 102 2 13 3 474.42719 1 0 0 0 2 1 0 178 76 45 0 0 1 0.74146 LOD\Neighborhoods\Financial\Structure\Financial02_Bld01StructureLOD.nif
5257 143 309 349 2.16084 2.16084 1.00971 1.00971 89 89 2 9 2 1130.09204 1 0 0 1 1 2 0 140 57 15 0 0 0 0.74465 LOD\Neighborhoods\Financial\Structure\Financial12_Bld01StructureLOD.nif
5258 114 260 262 2.28070 2.28070 1.00000 1.00000 62 62 1 8 0 0.00000 0 0 0 0 0 0 0 112 40 62 0 0 1 1.00000 LOD\Neighborhoods\Financial\Structure\Financial19_Bld01StructureLOD.nif
5259 144 304 304 2.11111 2.11111 1.00000 1.00000 200 200 1 9 0 0.00000 0 0 0 0 0 0 0 200 60 200 0 0 1 1.00000 LOD\Neighborhoods\Financial\Structure\Financial22_Bld01StructureLOD.nif
5260 226 454 471 2.00885 2.00885 1.00441 1.00441 214 214 1 15 0 0.00000 0 0 0 0 0 0 0 268 91 214 0 0 1 1.00000 LOD\Neighborhoods\Financial\Structure\Financial23_Bld01StructureLOD.nif
5261 94 260 260 2.76596 2.76596 1.00000 1.00000 16 16 1 6 0 0.00000 0 0 0 0 0 0 0 64 23 16 0 0 1 1.00000 LOD\Neighborhoods\Financial\Structure\financial25_Bld01StructureLOD.nif
5262 290 652 663 2.24828 2.24828 1.00000 1.00000 210 210 1 19 0 0.00000 0 0 0 0 0 0 0 289 190 210 0 0 1 1.00000 LOD\Neighborhoods\Financial\Structure\Financial26_Bld01StructureLOD.nif
5263 32 72 72 2.25000 2.25000 1.00000 1.00000 38 38 1 2 0 0.00000 0 0 0 0 0 0 0 38 22 38 0 0 1 1.00000 LOD\Neighborhoods\Financial\Structure\Financial31E_Bld01StructureLOD.nif
5264 116 304 304 2.62069 2.62069 1.00000 1.00000 130 130 1 8 0 0.00000 0 0 0 0 0 0 0 148 78 130 0 0 1 1.00000 LOD\Neighborhoods\Financial\Structure\Financial31W_Bld01StructureLOD.nif
5265 537 951 1521 1.77840 1.77095 1.00105 1.00105 181 181 4 34 34 3023.84253 14 0 0 3 0 17 0 383 553 18 0 0 0 0.71439 LOD\Neighborhoods\Lexington\Corvega_Bld01LOD.nif
5266 291 667 1009 2.29210 2.29210 1.00150 1.00150 65 65 4 19 19 2200.90381 8 0 0 2 0 10 0 178 390 25 0 0 0 0.93797 LOD\Neighborhoods\Quarries\ThicketExc_LOD.nif
5267 218 476 480 2.18349 2.18349 1.00000 1.00000 150 150 1 14 0 0.00000 0 0 0 0 0 0 0 210 130 150 0 0 1 1.00000 LOD\Neighborhoods\Theater\Structure\Theater03_Bld01StructureLOD.nif
5268 450 986 992 2.19111 2.19111 1.00203 1.00203 338 338 1 29 0 0.00000 0 0 0 0 0 0 0 462 254 338 0 0 1 1.00000 LOD\Neighborhoods\Theater\Structure\Theater25_MedCenter_Bld02StructureLOD.nif
5269 113 209 221 1.84956 1.84956 1.01435 1.01435 143 143 1 8 0 0.00000 0 0 0 0 0 0 0 146 39 143 0 0 1 1.00000 LOD\Neighborhoods\Theater\Structure\Theater28_Bld01StructureLOD.nif
5270 161 376 552 2.33540 2.33540 1.00000 1.00000 58 58 3 11 9 768.00000 5 0 0 0 0 5 0 113 234 27 0 0 1 0.74570 LOD\Neighborhoods\Theater\Theater001_Bld01LOD.nif
5271 18 36 36 2.00000 2.00000 1.00000 1.00000 10 10 1 2 0 0.00000 0 0 0 0 0 0 0 15 21 10 0 0 1 1.00000 LOD\Neighborhoods\Theater\Theater001_Bld02LOD.nif
5272 77 181 237 2.35065 2.35065 1.01657 1.01657 45 45 2 5 3 216.88586 1 0 0 0 0 1 0 64 98 29 0 0 1 0.83807 LOD\Neighborhoods\Theater\Theater00LOD.nif
5273 71 150 189 2.11268 2.11268 1.01333 1.01333 23 23 2 5 3 117.84372 1 0 0 0 0 1 0 50 98 17 0 0 1 0.82923 LOD\Neighborhoods\Theater\Theater02LOD.nif
5274 246 506 765 2.05691 2.05691 1.00395 1.00395 64 64 3 16 12 997.94434 5 0 0 1 0 6 0 141 268 34 0 0 1 0.71969 LOD\Neighborhoods\Theater\Theater03_Bld01LOD.nif
5275 127 346 445 2.72441 2.72441 1.00578 1.00578 7 7 4 8 7 256.00000 4 0 0 0 0 4 0 70 218 4 0 0 1 0.94148 LOD\Neighborhoods\Theater\Theater04LOD.nif
5276 250 566 810 2.26400 2.26400 1.00353 1.00353 47 47 3 16 14 2016.00000 6 0 0 2 0 8 0 149 313 40 0 0 0 0.76823 LOD\Neighborhoods\Theater\Theater06_Bld01LOD.nif
5277 34 72 87 2.11765 2.11765 1.00000 1.00000 6 6 2 3 1 341.31461 1 0 0 0 0 1 0 21 49 4 0 0 1 0.94784 LOD\Neighborhoods\Theater\Theater07_Bld01LOD.nif
5278 55 159 190 2.89091 2.89091 1.00629 1.00629 29 29 2 4 2 237.02759 1 0 0 0 0 1 0 47 92 17 0 0 1 0.86748 LOD\Neighborhoods\Theater\Theater08LOD.nif
5279 28 68 88 2.42857 2.42857 1.00000 1.00000 12 12 3 2 2 353.01132 2 0 0 0 0 2 0 19 38 6 0 0 1 0.80200 LOD\Neighborhoods\Theater\Theater12_Bld01LOD.nif
5280 33 89 106 2.69697 2.69697 1.03371 1.03371 7 7 3 3 2 589.85144 2 0 0 0 0 2 0 21 56 3 0 0 1 0.71546 LOD\Neighborhoods\Theater\Theater12_Bld02LOD.nif
5281 295 787 1094 2.66780 2.66780 1.00127 1.00127 137 137 3 19 16 3002.96362 8 0 0 1 0 9 0 235 451 62 0 0 0 0.75252 LOD\Neighborhoods\Theater\Theater12_Bld03LOD.nif
5282 9 23 29 2.55556 2.55556 1.27407 1.27407 7 7 2 2 1 104.40897 1 2 0 0 0 1 0 13 3 6 0 0 0 0.94231 LOD\Neighborhoods\Theater\Theater12_Bld04LOD.nif
5283 27 59 71 2.18519 2.18519 1.01695 1.01695 9 9 2 2 1 297.39151 1 0 0 0 0 1 0 19 35 5 0 0 1 0.96052 LOD\Neighborhoods\Theater\Theater14_Bld01LOD.nif
5284 41 91 122 2.21951 2.21951 1.01099 1.01099 5 5 3 3 3 226.27409 2 0 0 0 0 2 0 24 56 4 0 0 1 0.97250 LOD\Neighborhoods\Theater\Theater15LOD.nif
5285 62 158 199 2.54839 2.54839 1.01266 1.01266 18 18 3 4 3 444.54050 2 0 0 0 0 2 0 42 103 11 0 0 1 0.83426 LOD\Neighborhoods\Theater\Theater16LOD.nif
5286 46 105 129 2.28261 2.28261 1.02857 1.02857 14 14 2 3 2 319.47577 1 0 0 0 0 1 0 31 66 12 0 0 1 0.82730 LOD\Neighborhoods\Theater\Theater18LOD.nif
5287 30 64 78 2.13333 2.13333 1.00000 1.00000 14 14 2 2 1 128.24976 1 0 0 0 0 1 0 24 34 9 0 0 1 0.83979 LOD\Neighborhoods\Theater\Theater19LOD.nif
5288 26 52 72 2.00000 2.00000 1.00000 1.00000 12 12 3 2 2 562.37769 2 0 0 0 0 2 0 20 30 6 0 0 1 0.81705 LOD\Neighborhoods\Theater\Theater22LOD.nif
5289 167 444 552 2.65868 2.65868 1.00000 1.00000 9 9 3 11 7 390.62009 4 0 0 0 2 4 0 90 282 5 0 0 0 0.98852 LOD\Neighborhoods\Theater\Theater23LOD.nif
5290 36 88 112 2.44444 2.44444 1.00000 1.00000 10 10 3 3 3 491.98175 2 0 0 0 0 2 0 24 46 4 0 0 1 0.82464 LOD\Neighborhoods\Theater\Theater24LOD.nif
5291 115 252 366 2.19130 2.19130 1.00000 1.00000 51 51 3 8 7 564.32068 3 0 0 0 0 3 0 83 140 18 0 0 1 0.83624 LOD\Neighborhoods\Theater\Theater25_MedCenter_Bld01LOD.nif
5292 260 552 778 2.12308 2.12308 1.00000 1.00000 52 52 2 17 10 721.41431 4 0 0 0 0 4 0 157 353 19 0 0 1 0.88406 LOD\Neighborhoods\Theater\Theater25_MedCenter_Bld02LOD.nif
5293 73 156 218 2.13699 2.13699 1.00000 1.00000 15 15 4 5 5 559.24438 3 0 0 0 0 3 0 45 89 4 0 0 1 0.84094 LOD\Neighborhoods\Theater\Theater27_Bld01LOD.nif
5294 151 344 460 2.27815 2.27815 1.00000 1.00000 17 17 2 10 6 789.54504 2 0 0 2 0 4 0 85 181 17 0 0 0 0.87376 LOD\Neighborhoods\Theater\Theater28_Bld01LOD.nif
5295 43 129 157 3.00000 3.00000 1.02326 1.02326 25 25 2 3 2 246.00504 1 0 0 0 0 1 0 36 70 20 0 0 1 0.82960 LOD\Neighborhoods\Theater\Theater30LOD.nif
5296 61 115 163 1.88525 1.88525 1.00870 1.00870 21 21 3 4 3 506.73691 2 0 0 0 0 2 0 43 60 4 0 0 1 0.71062 LOD\Neighborhoods\Theater\Theater33_Bld01LOD.nif
5297 95 246 341 2.58947 2.58947 1.00813 1.00813 24 24 3 6 5 491.78387 3 0 0 0 0 3 0 61 161 10 0 0 1 0.87739 LOD\Neighborhoods\Theater\Theater35LOD.nif
5298 64 182 229 2.84375 2.84375 1.01099 1.01099 12 12 3 4 3 502.30753 2 0 0 1 0 3 0 38 110 5 0 0 0 0.71571 LOD\Neighborhoods\Theater\Theater38LOD.nif
5299 19 47 54 2.47368 2.47368 1.02128 1.02128 7 7 2 2 1 661.61554 1 0 0 0 0 1 0 14 31 4 0 0 1 0.76705 LOD\Neighborhoods\Theater\Theater39LOD.nif
5300 28 84 101 3.00000 3.00000 1.00000 1.00000 6 6 3 2 2 415.05609 2 0 0 0 0 2 0 18 58 3 0 0 1 0.75733 LOD\Neighborhoods\Theater\Theater40LOD.nif
5301 125 296 434 2.36800 2.36800 1.00000 1.00000 17 17 4 8 7 452.99429 4 0 0 0 0 4 0 73 191 5 0 0 1 0.70451 LOD\Neighborhoods\Theater\Theater41LOD.nif
5302 147 363 495 2.46939 2.46939 1.00275 1.00275 57 57 3 10 8 305.06903 4 0 0 0 0 4 0 107 219 30 0 0 1 0.77867 LOD\Neighborhoods\Theater\Theater42LOD.nif
5303 41 99 123 2.41463 2.41463 1.01010 1.01010 13 13 2 3 2 229.02484 1 0 0 0 0 1 0 27 64 8 0 0 1 0.88026 LOD\Neighborhoods\Theater\Theater44LOD.nif
5304 65 183 247 2.81538 2.81538 1.00546 1.00546 25 25 4 5 4 539.35962 3 0 0 0 0 3 0 45 113 4 0 0 1 0.80293 LOD\Neighborhoods\Theater\Theater46LOD.nif
5305 29 74 92 2.55172 2.55172 1.02703 1.02703 7 7 3 2 2 444.53760 2 0 0 0 0 2 0 19 38 4 0 0 1 0.73135 LOD\Neighborhoods\Theater\Theater47LOD.nif
5306 86 150 220 1.74419 1.74419 1.01333 1.01333 8 8 2 6 4 702.10071 2 0 0 1 0 3 0 48 102 3 0 0 0 0.77637 LOD\Neighborhoods\Theater\Theater49LOD.nif
5307 53 99 151 1.86792 1.86792 1.01010 1.01010 19 19 3 4 3 271.47205 2 0 0 0 0 2 0 38 50 9 0 0 1 0.96689 LOD\Neighborhoods\WaterFront\WaterFront_Bld05LOD.nif
5308 152 393 512 2.58553 2.58553 1.00763 1.00763 38 38 3 10 8 993.00000 4 0 0 2 0 6 0 96 275 12 0 0 0 0.95060 LOD\Neighborhoods\WaterFront\WaterFront_Bld17LOD.nif
5309 101 179 251 1.77228 1.77228 1.00559 1.00559 65 65 2 7 4 1012.80701 2 0 0 1 0 3 0 85 94 44 0 0 0 0.97145 LOD\Neighborhoods\WaterFront\WaterFront_Bld18LOD.nif
5310 149 258 443 1.73154 1.73154 1.00775 1.00775 99 99 5 10 9 3629.25122 6 1 0 1 0 7 0 129 127 10 0 0 0 0.90843 LOD\Neighborhoods\WaterFront\WaterFront_Bld40LOD.nif
5311 402 628 1010 1.56219 1.56219 1.00000 1.00000 154 154 3 26 18 368.33249 9 0 0 1 0 10 0 283 242 6 0 0 1 0.74289 LOD\SetDressing\Boats\BoatFishingBlack01_LOD.nif
5312 402 628 999 1.56219 1.56219 1.00000 1.00000 154 154 3 26 18 368.33249 9 0 0 1 0 10 0 283 242 6 0 0 1 0.76625 LOD\SetDressing\Boats\BoatFishingBlack03_LOD.nif
5313 304 408 719 1.34211 1.34211 1.00000 1.00000 114 114 3 20 16 368.33249 7 0 1 2 0 9 0 203 167 6 0 0 0 0.76349 LOD\SetDressing\Boats\BoatFishingBlack04_LOD.nif
5314 402 628 1119 1.56219 1.56219 1.00000 1.00000 154 154 3 26 24 454.56317 10 0 0 0 0 10 0 283 242 41 0 0 1 0.75058 LOD\SetDressing\Boats\BoatFishingRed01_LOD.nif
5315 402 628 943 1.56219 1.56219 1.00000 1.00000 154 154 2 26 14 49.02838 6 0 0 0 0 6 0 283 242 64 0 0 1 0.88146 LOD\SetDressing\Boats\BoatFishingRed03_LOD.nif
5316 304 408 778 1.34211 1.34211 1.00000 1.00000 114 114 3 19 18 281.70166 7 0 0 2 0 9 0 203 167 19 0 0 0 0.87119 LOD\SetDressing\Boats\BoatFishingRed04_LOD.nif
5317 501 735 1228 1.46906 1.46707 1.00136 1.00136 261 261 3 32 23 627.77094 9 0 0 4 0 13 0 380 271 45 0 0 0 0.92459 LOD\SetDressing\Boats\BoatFishingWhite05_LOD.nif
5318 483 709 1183 1.46998 1.46791 1.00423 1.00423 249 249 6 31 23 360.52322 11 1 0 3 0 14 0 364 261 8 0 0 0 0.93791 LOD\SetDressing\Boats\BoatFishingWhite07_LOD.nif
5319 678 1128 1966 1.66962 1.66372 1.00000 1.00000 286 286 6 43 40 1172.02246 19 0 0 3 0 22 0 509 509 10 0 0 0 0.75868 LOD\SetDressing\Boats\BoatTug01_LOD.nif
5320 488 778 1481 1.59426 1.59426 1.00257 1.00257 188 188 4 31 36 817.84497 14 0 0 2 0 16 0 350 355 25 0 0 0 0.74160 LOD\SetDressing\Boats\BoatTug02_LOD.nif
5321 642 967 1783 1.52025 1.50623 1.00103 1.00103 74 74 4 41 39 1659.46985 17 0 0 4 0 21 0 366 505 29 0 0 0 0.81661 LOD\SetDressing\Boats\CruiseShipDeck01_LOD.nif
5322 912 1521 2547 1.67215 1.66776 1.00197 1.00197 306 306 3 57 51 3723.78418 21 0 0 4 0 25 0 618 719 67 0 0 0 0.89597 LOD\SetDressing\Boats\ShipWrecked01_LOD.nif
5323 488 890 1408 1.82377 1.82377 1.00225 1.00225 280 280 4 31 26 1629.83691 13 1 0 2 0 15 0 445 338 52 0 0 0 0.70628 LOD\SetDressing\ElectricalTower\ElectricalTower01L01_LOD.nif
5324 174 319 477 1.83333 1.83333 1.00313 1.00313 223 223 2 11 6 668.00000 3 0 0 0 0 3 0 246 50 155 0 0 1 0.90220 LOD\SetDressing\ElectricalTower\ElectricalTower01L02_LOD.nif
5325 239 377 663 1.58159 1.57741 1.00796 1.00796 139 139 3 15 13 521.25757 5 0 0 1 0 6 0 207 137 63 0 0 0 0.98133 LOD\SetDressing\ElectricalTower\ElectricalTowerSmallL01_LOD.nif
5326 54 118 168 2.18519 2.18519 1.01695 1.01695 66 66 3 4 3 449.14359 2 0 0 0 0 2 0 68 43 11 0 0 1 0.85346 LOD\SetDressing\ElectricalTower\ElectricalTowerSmallL02_LOD.nif
5327 136 200 325 1.47059 1.47059 1.00000 1.00000 42 42 3 9 7 306.35544 3 0 0 0 0 3 0 95 62 4 0 0 1 0.72593 LOD\SetDressing\Greebs\GreebLarge01_LOD_0.nif
5328 94 170 210 1.80851 1.80851 1.01176 1.01176 28 28 2 6 3 110.83292 2 0 0 0 0 2 0 66 79 4 0 0 1 0.91514 LOD\SetDressing\Greebs\GreebLarge02_LOD_0.nif
5329 124 196 294 1.58065 1.58065 1.00000 1.00000 44 44 3 8 7 624.15765 3 0 0 1 0 4 0 87 92 16 0 0 0 0.78429 LOD\SetDressing\Greebs\GreebLarge04_LOD_0.nif
5330 124 198 263 1.59677 1.59677 1.01010 1.01010 44 44 2 8 4 79.94871 2 0 0 0 0 2 0 87 92 20 0 0 1 0.92605 LOD\SetDressing\Greebs\GreebLarge05_LOD_0.nif
5331 106 152 220 1.43396 1.43396 1.00000 1.00000 40 40 2 7 4 137.68750 2 0 0 1 0 3 0 76 58 14 0 0 0 0.84204 LOD\SetDressing\Greebs\GreebLarge06_LOD_0.nif
5332 10 14 14 1.40000 1.40000 1.14286 1.14286 4 4 1 1 0 0.00000 0 0 0 0 0 0 0 8 6 4 0 0 1 1.00000 LOD\SetDressing\Greebs\GreebLarge07_LOD_0.nif
5333 28 40 53 1.42857 1.42857 1.00000 1.00000 0 0 2 2 1 8.44232 1 0 0 0 0 1 0 16 24 0 0 0 1 1.00000 LOD\SetDressing\Greebs\GreebLarge08_LOD_0.nif
5334 14 26 26 1.85714 1.85714 1.07692 1.07692 4 4 1 1 0 0.00000 0 0 0 0 0 0 0 10 15 4 0 0 1 1.00000 LOD\SetDressing\Greebs\GreebLarge09_LOD_0.nif
5335 24 40 51 1.66667 1.66667 1.00000 1.00000 6 6 2 2 1 51.97137 1 0 0 0 0 1 0 16 20 4 0 0 1 0.92107 LOD\SetDressing\Greebs\GreebLarge10_LOD_0.nif
5336 10 24 24 2.40000 2.40000 1.00000 1.00000 0 0 1 1 0 0.00000 0 0 0 0 0 0 0 7 15 0 0 0 1 1.00000 LOD\SetDressing\Greebs\GreebTower02_LOD_0.nif
5337 490 460 912 0.95102 0.95102 1.00000 1.00000 56 56 3 31 23 90.29878 9 0 0 2 0 11 0 291 165 7 0 0 1 0.75810 LOD\SetDressing\Greebs\PW_01_Ground_LOD.nif
5338 54 57 129 1.05556 1.05556 1.05263 1.05263 48 48 4 4 4 25.84555 3 0 0 0 0 3 0 55 2 10 0 0 1 0.74523 LOD\SetDressing\Greebs\PW_02a_FrontCover_Simple_LOD.nif
5339 68 68 124 1.00000 1.00000 1.00000 1.00000 0 0 3 5 4 33.83057 2 0 0 0 0 2 0 36 32 0 0 0 1 0.81944 LOD\SetDressing\Greebs\PW_02b_FrontCover_Complex_LOD.nif
5340 70 88 141 1.25714 1.25714 1.00000 1.00000 36 36 2 5 3 24.97863 1 0 0 0 0 1 0 55 32 21 0 0 1 0.85839 LOD\SetDressing\Greebs\PW_02c_SideCover_Complex_flip_LOD.nif
5341 70 88 141 1.25714 1.25714 1.00000 1.00000 36 36 2 5 3 24.97863 1 0 0 0 0 1 0 55 32 21 0 0 1 0.85839 LOD\SetDressing\Greebs\PW_02c_SideCover_Complex_LOD.nif
5342 48 56 90 1.16667 1.16667 1.00000 1.00000 0 0 3 3 3 31.87325 2 0 0 0 0 2 0 26 30 0 0 0 1 0.81458 LOD\SetDressing\Greebs\PW_02d_SideCover_Simple_flip_LOD.nif
5343 48 56 90 1.16667 1.16667 1.00000 1.00000 0 0 3 3 3 31.87325 2 0 0 0 0 2 0 26 30 0 0 0 1 0.81458 LOD\SetDressing\Greebs\PW_02d_SideCover_Simple_LOD.nif
5344 146 154 302 1.07534 1.07534 1.01299 1.01299 40 40 3 10 8 25.79495 3 0 0 0 0 3 0 94 60 13 0 0 1 0.78848 LOD\SetDressing\Greebs\PW_03a_Core_Exposed_LOD.nif
5345 146 154 302 1.07534 1.07534 1.01299 1.01299 40 40 3 10 8 25.79495 3 0 0 0 0 3 0 94 60 13 0 0 1 0.78848 LOD\SetDressing\Greebs\PW_03b_Core_Covered_LOD.nif
5346 102 68 182 0.70588 0.70588 1.00000 1.00000 0 0 3 7 6 36.90557 3 0 0 0 0 3 0 51 17 0 0 0 1 0.81316 LOD\SetDressing\Greebs\PW_03c_Strut_flip_LOD.nif
5347 102 68 181 0.70588 0.70588 1.00000 1.00000 0 0 3 7 6 27.96299 3 0 0 0 0 3 0 51 17 0 0 0 1 0.83049 LOD\SetDressing\Greebs\PW_03c_Strut_LOD.nif
5348 76 58 144 0.76316 0.76316 1.03448 1.03448 18 18 3 5 5 34.43492 2 0 0 0 0 2 0 49 9 9 0 0 1 0.86627 LOD\SetDressing\Greebs\PW_04_Turbine_LOD.nif
5349 130 111 255 0.85385 0.85385 1.00901 1.00901 12 12 3 9 7 38.86052 3 0 0 1 0 4 0 73 38 10 0 0 0 0.89892 LOD\SetDressing\Greebs\PW_05_Generator_LOD.nif
5350 126 109 233 0.86508 0.86508 1.02752 1.02752 0 0 3 8 7 106.87498 3 0 0 0 0 3 0 65 44 0 0 0 1 0.74109 LOD\SetDressing\Greebs\PW_06_GeneratorShell_LOD.nif
5351 118 91 210 0.80508 0.78814 1.01099 1.01099 54 54 3 8 7 36.07676 3 0 0 0 0 3 0 89 2 23 0 0 1 0.90940 LOD\SetDressing\Greebs\PW_07_Turbine_Shell_LOD.nif
5352 8 16 20 2.00000 2.00000 1.00000 1.00000 8 8 2 1 1 9.17384 1 1 0 0 0 1 0 8 4 0 0 0 0 0.91385 LOD\SetDressing\Habitats\IBeam01_LOD.nif
5353 4 8 8 2.00000 2.00000 1.00000 1.00000 8 8 1 1 0 0.00000 0 1 0 0 0 0 0 8 0 8 0 0 0 1.00000 LOD\SetDressing\Habitats\RaiderCampMetalScrapLG_LOD.nif
5354 4 8 8 2.00000 2.00000 1.00000 1.00000 8 8 1 1 0 0.00000 0 1 0 0 0 0 0 8 0 8 0 0 0 1.00000 LOD\SetDressing\Habitats\RaiderCampMetalScrapMED_LOD.nif
5355 20 48 55 2.40000 2.40000 1.00000 1.00000 0 0 2 2 1 83.07880 1 0 0 0 0 1 0 12 25 0 0 0 1 0.76671 LOD\SetDressing\MachineKit\MachineParts\MacBaseBlockBLrg01_LOD_0.nif
5356 12 24 24 2.00000 2.00000 1.00000 1.00000 0 0 1 1 0 0.00000 0 0 0 0 0 0 0 8 16 0 0 0 1 1.00000 LOD\SetDressing\MachineKit\MachineParts\MacBaseBlockBMed01_LOD_0.nif
5357 44 56 81 1.27273 1.27273 1.00000 1.00000 0 0 2 3 2 22.49187 1 0 0 0 0 1 0 24 28 0 0 0 1 0.93056 LOD\SetDressing\MachineKit\MachineParts\MacBaseRound01_LOD_0.nif
5358 116 134 252 1.15517 1.15517 1.01493 1.01493 0 0 3 8 7 39.06115 3 0 0 0 0 3 0 60 34 0 0 0 1 0.82613 LOD\SetDressing\MachineKit\MachineParts\MacTankA01_LOD_0.nif
5359 974 1531 2846 1.57803 1.57187 1.00065 1.00065 616 616 4 61 63 991.47882 27 0 0 3 0 30 0 798 679 105 0 0 0 0.74021 LOD\SetDressing\PowerSphere\PowerSphere01_LOD.nif
5360 14 40 40 2.85714 2.85714 1.00000 1.00000 4 4 1 1 0 0.00000 0 0 0 0 0 0 0 10 22 4 0 0 1 1.00000 LOD\SetDressing\Signage\Billboard01R_LOD.nif
5361 18 54 61 3.00000 3.00000 1.03704 1.03704 4 4 2 2 1 131.13023 1 0 0 0 0 1 0 12 31 4 0 0 1 0.94201 LOD\SetDressing\Signage\Billboard01TallR_LOD.nif
5362 20 50 72 2.50000 2.50000 1.04000 1.04000 16 16 4 2 3 1026.99158 3 1 0 0 0 3 0 20 24 0 0 0 0 0.70352 LOD\SetDressing\Signage\Billboard02R_LOD.nif
5363 20 46 68 2.30000 2.30000 1.04348 1.04348 16 16 4 2 3 916.86005 3 1 0 0 0 3 0 20 23 0 0 0 0 0.78594 LOD\SetDressing\Signage\Billboard02TallR_LOD.nif
5364 12 36 45 3.00000 3.00000 1.00000 1.00000 0 0 3 1 2 19.79802 2 1 0 0 0 2 0 8 20 0 0 0 0 0.86979 LOD\SetDressing\Signage\Billboard03TallR_LOD.nif
5365 56 84 127 1.50000 1.50000 1.00000 1.00000 0 0 3 4 3 213.93135 2 0 0 0 0 2 0 30 50 0 0 0 1 0.79920 LOD\SetDressing\Signage\BillboardBldgLGCornerD01_LOD.nif
5366 56 84 127 1.50000 1.50000 1.00000 1.00000 0 0 3 4 3 213.84305 2 0 0 0 0 2 0 30 50 0 0 0 1 0.79917 LOD\SetDressing\Signage\BillboardBldgLGCornerD02_LOD.nif
5367 20 36 43 1.80000 1.80000 1.00000 1.00000 0 0 2 2 1 5.24871 1 0 0 1 0 2 0 12 21 0 0 0 0 0.99985 LOD\SetDressing\Signage\BillboardBldgSm01_LOD.nif
5368 20 36 43 1.80000 1.80000 1.00000 1.00000 0 0 2 2 1 5.24871 1 0 0 1 0 2 0 12 21 0 0 0 0 0.99985 LOD\SetDressing\Signage\BillboardBldgSm02_LOD.nif
5369 20 36 43 1.80000 1.80000 1.00000 1.00000 0 0 2 2 1 2.38592 1 0 0 0 0 1 0 12 21 0 0 0 1 1.00000 LOD\SetDressing\Signage\BillboardBldgSmAngle45_01_LOD.nif
5370 20 36 43 1.80000 1.80000 1.00000 1.00000 0 0 2 2 1 2.38593 1 0 0 0 0 1 0 12 21 0 0 0 1 1.00000 LOD\SetDressing\Signage\BillboardBldgSmAngle45_02_LOD.nif
5371 24 44 84 1.83333 1.83333 1.00000 1.00000 36 36 3 2 2 115.01950 2 0 0 0 0 2 0 36 8 14 0 0 1 0.80921 LOD\SetDressing\Signage\BillboardBldgSmAngle90_01_LOD.nif
5372 24 44 46 1.83333 1.83333 1.00000 1.00000 36 36 1 2 0 0.00000 0 0 0 0 0 0 0 36 8 36 0 0 1 1.00000 LOD\SetDressing\Signage\BillboardBldgSmAngle90_02_LOD.nif
5373 24 44 84 1.83333 1.83333 1.00000 1.00000 36 36 3 2 2 130.15807 2 0 0 0 0 2 0 36 8 14 0 0 1 0.72751 LOD\SetDressing\Signage\BillboardBldgSmAngle90_03_LOD.nif
5374 24 44 70 1.83333 1.83333 1.00000 1.00000 36 36 2 2 1 19.42122 1 0 0 0 0 1 0 36 8 24 0 0 1 0.91165 LOD\SetDressing\Signage\BillboardBldgSmAngle90_04_LOD.nif
5375 56 84 127 1.50000 1.50000 1.00000 1.00000 0 0 3 4 3 116.92217 2 0 0 0 0 2 0 30 50 0 0 0 1 0.80313 LOD\SetDressing\Signage\BillboardBldgSmCornerB01_LOD.nif
5376 56 84 127 1.50000 1.50000 1.00000 1.00000 0 0 3 4 3 116.92001 2 0 0 0 0 2 0 30 50 0 0 0 1 0.80313 LOD\SetDressing\Signage\BillboardBldgSmCornerB02_LOD.nif
5377 56 84 118 1.50000 1.50000 1.00000 1.00000 0 0 2 4 2 9.86906 1 0 0 0 0 1 0 30 50 0 0 0 1 0.98402 LOD\SetDressing\Signage\BillboardBldgSmCornerC01_LOD.nif
5378 56 84 118 1.50000 1.50000 1.00000 1.00000 0 0 2 4 2 9.86906 1 0 0 0 0 1 0 30 50 0 0 0 1 0.98402 LOD\SetDressing\Signage\BillboardBldgSmCornerC02_LOD.nif
5379 68 102 160 1.50000 1.50000 1.01961 1.01961 0 0 3 5 4 13.10297 2 0 0 0 0 2 0 36 60 0 0 0 1 0.93865 LOD\SetDressing\Signage\BillboardBldgSmCornerD01_LOD.nif
5380 20 36 47 1.80000 1.80000 1.00000 1.00000 0 0 3 2 2 4.03075 2 1 0 0 0 2 0 12 21 0 0 0 0 0.99831 LOD\SetDressing\Signage\BillboardBldgVerticalSm01_LOD.nif
5381 20 36 47 1.80000 1.80000 1.00000 1.00000 0 0 3 2 2 4.03075 2 1 0 0 0 2 0 12 21 0 0 0 0 0.99816 LOD\SetDressing\Signage\BillboardBldgVerticalSm02_LOD.nif
5382 28 48 62 1.71429 1.71429 1.00000 1.00000 0 0 3 2 2 5.87146 2 0 0 1 0 3 0 16 32 0 0 0 0 0.96935 LOD\SetDressing\Signage\BillboardBldgVerticalSm03_LOD.nif
5383 20 36 43 1.80000 1.80000 1.00000 1.00000 0 0 2 2 1 7.37990 1 0 0 1 0 2 0 12 21 0 0 0 0 1.00000 LOD\SetDressing\Signage\BillboardMed01_LOD.nif
5384 20 36 43 1.80000 1.80000 1.00000 1.00000 0 0 2 2 1 7.37843 1 0 0 0 0 1 0 12 21 0 0 0 1 1.00000 LOD\SetDressing\Signage\BillboardMed02_LOD.nif
5385 44 84 112 1.90909 1.90909 1.00000 1.00000 0 0 3 3 3 25.31309 2 0 0 0 0 2 0 28 49 0 0 0 1 0.77604 LOD\SetDressing\Signage\BillboardSm01_LOD.nif
5386 44 84 112 1.90909 1.90909 1.00000 1.00000 0 0 3 3 3 25.31221 2 0 0 0 0 2 0 28 49 0 0 0 1 0.77604 LOD\SetDressing\Signage\BillboardSm02_LOD.nif
5387 20 40 50 2.00000 2.00000 1.00000 1.00000 8 8 2 2 1 4.90290 1 0 0 0 0 1 0 16 22 4 0 0 1 0.75726 LOD\SetDressing\Signage\BillboardSmExtender01_LOD.nif
5388 40 74 76 1.85000 1.85000 1.02703 1.02703 6 6 1 3 0 0.00000 0 0 0 0 0 0 0 23 51 6 0 0 1 1.00000 LOD\SetDressing\Signage\HighwaySignPostLG01_LOD.nif
5389 92 176 176 1.91304 1.91304 1.00000 1.00000 18 18 1 6 0 0.00000 0 0 0 0 0 0 0 55 121 18 0 0 1 1.00000 LOD\SetDressing\Signage\HighwaySignPostLG02_LOD.nif
5390 52 120 120 2.30769 2.30769 1.00000 1.00000 48 48 1 4 0 0.00000 0 0 0 0 0 0 0 55 43 48 0 0 1 1.00000 LOD\SetDressing\Signage\SignMassFusion_LOD.nif
5391 194 196 412 1.01031 1.01031 1.00000 1.00000 6 6 3 13 12 27.60317 5 0 0 1 0 6 0 103 91 4 0 0 0 0.77256 LOD\SetDressing\StreetLamps\ResidentialStreetLamp01_LOD.nif
5392 114 97 192 0.85088 0.85088 1.03093 1.03093 8 8 2 8 4 89.99403 2 0 0 0 1 2 0 49 17 0 0 0 0 0.81842 LOD\SetDressing\Vehicles\Airplane_Debris_02_LOD.nif
5393 644 777 1605 1.21429 1.20963 1.00386 1.00386 574 574 7 41 38 552.50098 19 1 0 2 0 21 0 637 85 10 0 0 0 0.70253 LOD\SetDressing\Vehicles\Airplane_Debris_Fuselage_01_LOD.nif
5394 745 925 1006 1.24698 1.24430 1.00324 1.00324 503 503 1 47 0 0.00000 0 0 0 0 0 0 0 623 116 503 0 0 1 1.00000 LOD\SetDressing\Vehicles\Airplane_Debris_Fuselage_01a_LOD.nif
5395 312 448 472 1.43590 1.43590 1.00000 1.00000 138 138 1 20 0 0.00000 0 0 0 0 0 0 0 232 88 138 0 0 1 1.00000 LOD\SetDressing\Vehicles\Airplane_Debris_Fuselage_02_LOD.nif
5396 170 234 254 1.37647 1.37647 1.00855 1.00855 74 74 1 11 0 0.00000 0 0 0 0 0 0 0 115 64 74 0 0 1 1.00000 LOD\SetDressing\Vehicles\Airplane_Debris_Fuselage_03_LOD.nif
5397 938 1215 2412 1.31023 1.30277 1.00082 1.00082 282 282 4 59 54 1034.72363 22 0 0 4 0 26 0 622 384 35 0 0 0 0.81404 LOD\SetDressing\Vehicles\Airplane_Debris_Wing_L_01_LOD.nif
5398 938 1222 2314 1.31770 1.31130 1.00164 1.00164 282 282 3 59 52 1837.76892 23 0 0 5 0 28 0 622 388 108 0 0 0 0.83677 LOD\SetDressing\Vehicles\Airplane_Debris_Wing_R_01_LOD.nif
5399 347 999 1486 2.87896 2.87896 1.00100 1.00100 73 73 3 22 25 1618.29309 10 0 0 2 0 12 0 205 604 25 0 0 0 0.80597 LOD\Unique\BldChurch01Open02_LOD_0.nif
5400 371 1071 1617 2.88679 2.88679 1.00093 1.00093 73 73 6 24 31 1420.73718 14 0 1 1 0 15 0 217 657 10 0 0 0 0.70600 LOD\Unique\BldChurch01Open_LOD_0.nif
5401 446 642 1016 1.43946 1.43946 1.00312 1.00312 32 32 3 28 22 437.18784 10 0 0 1 0 11 0 273 254 8 0 0 1 0.74590 LOD\Unique\BostonCommons\BostonCommonBandstand01_LOD_0.nif
5402 2 4 4 2.00000 2.00000 1.00000 1.00000 4 4 1 1 0 0.00000 0 1 0 0 0 0 0 4 0 4 0 0 0 1.00000 LOD\Unique\BostonCommons\MassCapitol\Capitol1x1WinA01_LOD_0.nif
5403 2 4 4 2.00000 2.00000 1.00000 1.00000 4 4 1 1 0 0.00000 0 1 0 0 0 0 0 4 0 4 0 0 0 1.00000 LOD\Unique\BostonCommons\MassCapitol\Capitol1x1WinA01Full01_LOD_0.nif
5404 4 8 8 2.00000 2.00000 1.00000 1.00000 6 6 1 1 0 0.00000 0 1 0 0 0 0 0 6 2 6 0 0 0 1.00000 LOD\Unique\BostonCommons\MassCapitol\Capitol2x1BotArch01Full01_LOD_0.nif
5405 2 4 4 2.00000 2.00000 1.00000 1.00000 4 4 1 1 0 0.00000 0 1 0 0 0 0 0 4 0 4 0 0 0 1.00000 LOD\Unique\BostonCommons\MassCapitol\Capitol2x1BotDoorDouble01_LOD_0.nif
5406 2 4 4 2.00000 2.00000 1.00000 1.00000 4 4 1 1 0 0.00000 0 1 0 0 0 0 0 4 0 4 0 0 0 1.00000 LOD\Unique\BostonCommons\MassCapitol\Capitol2x1BotWinA01_LOD_0.nif
5407 2 4 4 2.00000 2.00000 1.00000 1.00000 4 4 1 1 0 0.00000 0 1 0 0 0 0 0 4 0 4 0 0 0 1.00000 LOD\Unique\BostonCommons\MassCapitol\Capitol2x1BotWinA01Full01_LOD_0.nif
5408 2 4 4 2.00000 2.00000 1.00000 1.00000 4 4 1 1 0 0.00000 0 1 0 0 0 0 0 4 0 4 0 0 0 1.00000 LOD\Unique\BostonCommons\MassCapitol\Capitol2x1BotWinB01_LOD_0.nif
5409 2 4 4 2.00000 2.00000 1.00000 1.00000 4 4 1 1 0 0.00000 0 1 0 0 0 0 0 4 0 4 0 0 0 1.00000 LOD\Unique\BostonCommons\MassCapitol\Capitol2x1WinA01_LOD_0.nif
5410 2 4 4 2.00000 2.00000 1.00000 1.00000 4 4 1 1 0 0.00000 0 1 0 0 0 0 0 4 0 4 0 0 0 1.00000 LOD\Unique\BostonCommons\MassCapitol\CapitolAddArch01_LOD_0.nif
5411 154 254 359 1.64935 1.64935 1.00787 1.00787 10 10 2 10 6 220.00000 3 0 0 0 0 3 0 77 154 10 0 0 1 0.92329 LOD\Unique\BostonCommons\MassCapitol\CapitolDome01_LOD_0.nif
5412 8 16 16 2.00000 2.00000 1.00000 1.00000 0 0 1 1 0 0.00000 0 0 0 0 0 0 0 8 0 0 0 0 1 1.00000 LOD\Unique\BostonCommons\MassCapitol\CapitolPillar01_LOD_0.nif
5413 20 40 40 2.00000 2.00000 1.00000 1.00000 10 10 1 2 0 0.00000 0 0 0 0 0 0 0 20 7 10 0 0 1 1.00000 LOD\Unique\BostonCommons\MassCapitol\CapitolRoof01_LOD_0.nif
5414 8 16 16 2.00000 2.00000 1.00000 1.00000 0 0 1 1 0 0.00000 0 0 0 0 0 0 0 6 0 0 0 0 1 1.00000 LOD\Unique\BostonCommons\MassCapitol\CapitolRoofTrim1x1CorCap01_LOD_0.nif
5415 8 20 20 2.50000 2.50000 1.00000 1.00000 0 0 1 1 0 0.00000 0 0 0 0 0 0 0 6 0 0 0 0 1 1.00000 LOD\Unique\BostonCommons\MassCapitol\CapitolRoofTrim1x1CorIn01_LOD_0.nif
5416 4 8 8 2.00000 2.00000 1.00000 1.00000 0 0 1 1 0 0.00000 0 1 0 0 0 0 0 4 0 0 0 0 0 1.00000 LOD\Unique\BostonCommons\MassCapitol\CapitolRoofTrim1x1Str01_LOD_0.nif
5417 4 8 8 2.00000 2.00000 1.00000 1.00000 0 0 1 1 0 0.00000 0 1 0 0 0 0 0 4 0 0 0 0 0 1.00000 LOD\Unique\BostonCommons\MassCapitol\CapitolRoofTrim1x1Str02_LOD_0.nif
5418 4 8 8 2.00000 2.00000 1.00000 1.00000 0 0 1 1 0 0.00000 0 1 0 0 0 0 0 4 0 0 0 0 0 1.00000 LOD\Unique\BostonCommons\MassCapitol\CapitolRoofTrim1x2Str01_LOD_0.nif
5419 8 20 20 2.50000 2.50000 1.00000 1.00000 0 0 1 1 0 0.00000 0 0 0 0 0 0 0 6 0 0 0 0 1 1.00000 LOD\Unique\BostonCommons\MassCapitol\CapitolRoofTrimB1x1CorCap01_LOD_0.nif
5420 8 20 20 2.50000 2.50000 1.00000 1.00000 0 0 1 1 0 0.00000 0 0 0 0 0 0 0 6 0 0 0 0 1 1.00000 LOD\Unique\BostonCommons\MassCapitol\CapitolRoofTrimB1x1CorIn01_LOD_0.nif
5421 8 20 20 2.50000 2.50000 1.00000 1.00000 0 0 1 1 0 0.00000 0 0 0 0 0 0 0 6 0 0 0 0 1 1.00000 LOD\Unique\BostonCommons\MassCapitol\CapitolRoofTrimB1x1CorIn01Dam01_LOD_0.nif
5422 4 8 8 2.00000 2.00000 1.00000 1.00000 0 0 1 1 0 0.00000 0 1 0 0 0 0 0 4 0 0 0 0 0 1.00000 LOD\Unique\BostonCommons\MassCapitol\CapitolRoofTrimB1x1EndL01_LOD_0.nif
5423 4 8 8 2.00000 2.00000 1.00000 1.00000 0 0 1 1 0 0.00000 0 1 0 0 0 0 0 4 0 0 0 0 0 1.00000 LOD\Unique\BostonCommons\MassCapitol\CapitolRoofTrimB1x1EndR01_LOD_0.nif
5424 4 8 8 2.00000 2.00000 1.00000 1.00000 0 0 1 1 0 0.00000 0 1 0 0 0 0 0 4 0 0 0 0 0 1.00000 LOD\Unique\BostonCommons\MassCapitol\CapitolRoofTrimB1x1Str01_LOD_0.nif
5425 2 4 4 2.00000 2.00000 1.00000 1.00000 4 4 1 1 0 0.00000 0 1 0 0 0 0 0 4 0 4 0 0 0 1.00000 LOD\Unique\CIT\CIT1x1WinA01_LOD_0.nif
5426 2 4 4 2.00000 2.00000 1.00000 1.00000 4 4 1 1 0 0.00000 0 1 0 0 0 0 0 4 0 4 0 0 0 1.00000 LOD\Unique\CIT\CIT1x1WinA01Full01_LOD_0.nif
5427 2 4 4 2.00000 2.00000 1.00000 1.00000 4 4 1 1 0 0.00000 0 1 0 0 0 0 0 4 0 4 0 0 0 1.00000 LOD\Unique\CIT\CIT2x1Arch01Full01_LOD_0.nif
5428 4 10 10 2.50000 2.50000 1.20000 1.20000 6 6 1 1 0 0.00000 0 1 0 0 0 0 0 6 0 6 0 0 0 1.00000 LOD\Unique\CIT\CIT2x1Cor01_LOD_0.nif
5429 2 4 4 2.00000 2.00000 1.00000 1.00000 4 4 1 1 0 0.00000 0 1 0 0 0 0 0 4 0 4 0 0 0 1.00000 LOD\Unique\CIT\CIT2x1WinA01_LOD_0.nif
5430 2 4 4 2.00000 2.00000 1.00000 1.00000 4 4 1 1 0 0.00000 0 1 0 0 0 0 0 4 0 4 0 0 0 1.00000 LOD\Unique\CIT\CIT2x1WinB01_LOD_0.nif
5431 2 4 4 2.00000 2.00000 1.00000 1.00000 4 4 1 1 0 0.00000 0 1 0 0 0 0 0 4 0 4 0 0 0 1.00000 LOD\Unique\CIT\CIT2x1WinB01Full01_LOD_0.nif
5432 24 56 56 2.33333 2.33333 1.00000 1.00000 17 17 1 2 0 0.00000 0 0 0 0 0 0 0 24 16 17 0 0 1 1.00000 LOD\Unique\CIT\CITAddFrame01_LOD_0.nif
5433 56 124 124 2.21429 2.21429 1.00000 1.00000 16 16 1 4 0 0.00000 0 0 0 0 0 0 0 46 45 16 0 0 1 1.00000 LOD\Unique\CIT\CITAddFrame02_LOD_0.nif
5434 4 8 8 2.00000 2.00000 1.00000 1.00000 6 6 1 1 0 0.00000 0 1 0 0 0 0 0 6 2 6 0 0 0 1.00000 LOD\Unique\CIT\CITAddMetalWall01_LOD_0.nif
5435 2 4 4 2.00000 2.00000 1.00000 1.00000 4 4 1 1 0 0.00000 0 1 0 0 0 0 0 4 0 4 0 0 0 1.00000 LOD\Unique\CIT\CITAddMetalWall02_LOD_0.nif
5436 2 4 4 2.00000 2.00000 1.00000 1.00000 4 4 1 1 0 0.00000 0 1 0 0 0 0 0 4 0 4 0 0 0 1.00000 LOD\Unique\CIT\CITAddMetalWallDoor01_LOD_0.nif
5437 11 31 37 2.81818 2.81818 1.03226 1.03226 9 9 2 1 1 54.79370 1 0 0 1 0 2 0 11 13 5 0 0 0 0.83393 LOD\Unique\CIT\CITAddOverhangCapL01_LOD_0.nif
5438 11 31 37 2.81818 2.81818 1.03226 1.03226 9 9 2 1 1 54.79370 1 0 0 1 0 2 0 11 13 5 0 0 0 0.83393 LOD\Unique\CIT\CITAddOverhangCapR01_LOD_0.nif
5439 10 20 20 2.00000 2.00000 1.00000 1.00000 12 12 1 1 0 0.00000 0 0 0 0 0 0 0 12 8 12 0 0 1 1.00000 LOD\Unique\CIT\CITAddOverhangStr01_LOD_0.nif
5440 4 10 10 2.50000 2.50000 1.20000 1.20000 6 6 1 1 0 0.00000 0 1 0 0 0 0 0 6 0 6 0 0 0 1.00000 LOD\Unique\CIT\CITColumnCor01_LOD_0.nif
5441 298 398 682 1.33557 1.33557 1.00503 1.00503 10 10 3 19 15 813.84460 6 0 1 1 0 7 0 155 195 20 0 0 0 0.84064 LOD\Unique\CIT\CITDome01_LOD_0.nif
5442 2 4 4 2.00000 2.00000 1.00000 1.00000 4 4 1 1 0 0.00000 0 1 0 0 0 0 0 4 0 4 0 0 0 1.00000 LOD\Unique\CIT\CITFound1x1Wall01_LOD_0.nif
5443 8 16 16 2.00000 2.00000 1.00000 1.00000 0 0 1 1 0 0.00000 0 0 0 0 0 0 0 8 0 0 0 0 1 1.00000 LOD\Unique\CIT\CITPillar01_LOD_0.nif
5444 8 16 16 2.00000 2.00000 1.00000 1.00000 0 0 1 1 0 0.00000 0 0 0 0 0 0 0 8 0 0 0 0 1 1.00000 LOD\Unique\CIT\CITPillar02_LOD_0.nif
5445 2 6 6 3.00000 3.00000 1.33333 1.33333 4 4 1 1 0 0.00000 0 1 0 0 0 0 0 4 0 4 0 0 0 1.00000 LOD\Unique\CIT\CITRoof1x1Cor01_LOD_0.nif
5446 2 4 4 2.00000 2.00000 1.00000 1.00000 4 4 1 1 0 0.00000 0 1 0 0 0 0 0 4 0 4 0 0 0 1.00000 LOD\Unique\CIT\CITRoof1x1Str01_LOD_0.nif
5447 10 30 30 3.00000 3.00000 1.06667 1.06667 4 4 1 1 0 0.00000 0 0 0 0 0 0 0 8 19 4 0 0 1 1.00000 LOD\Unique\CIT\CITRoof1x1TopCap01_LOD_0.nif
5448 26 62 82 2.38462 2.38462 1.03226 1.03226 12 12 4 2 3 179.30313 3 1 0 0 0 3 0 20 22 4 0 0 0 0.82022 LOD\Unique\CIT\CITRoofComplete01_LOD_0.nif
5449 2 4 4 2.00000 2.00000 1.00000 1.00000 4 4 1 1 0 0.00000 0 1 0 0 0 0 0 4 0 4 0 0 0 1.00000 LOD\Unique\CIT\CITRoofTrimA1x1EndL01_LOD_0.nif
5450 2 4 4 2.00000 2.00000 1.00000 1.00000 4 4 1 1 0 0.00000 0 1 0 0 0 0 0 4 0 4 0 0 0 1.00000 LOD\Unique\CIT\CITRoofTrimA1x1EndR01_LOD_0.nif
5451 2 4 4 2.00000 2.00000 1.00000 1.00000 4 4 1 1 0 0.00000 0 1 0 0 0 0 0 4 0 4 0 0 0 1.00000 LOD\Unique\CIT\CITRoofTrimA1x1Str01_LOD_0.nif
5452 4 10 10 2.50000 2.50000 1.20000 1.20000 6 6 1 1 0 0.00000 0 1 0 0 0 0 0 6 0 6 0 0 0 1.00000 LOD\Unique\CIT\CITTrimA1x1Cor01_LOD_0.nif
5453 2 4 4 2.00000 2.00000 1.00000 1.00000 4 4 1 1 0 0.00000 0 1 0 0 0 0 0 4 0 4 0 0 0 1.00000 LOD\Unique\CIT\CITTrimA1x1Str01_LOD_0.nif
5454 2 4 4 2.00000 2.00000 1.00000 1.00000 4 4 1 1 0 0.00000 0 1 0 0 0 0 0 4 0 4 0 0 0 1.00000 LOD\Unique\CIT\CITWallDummyLOD_LOD_0.nif
5455 29 28 43 0.96552 0.96552 1.00000 1.00000 15 15 2 2 1 49.85215 1 0 0 0 0 1 0 23 5 9 0 0 1 0.83654 LOD\Unique\CITExt\CITQuad02_LOD_0.nif
5456 20 28 42 1.40000 1.40000 1.00000 1.00000 22 22 2 2 1 191.66904 1 0 0 0 0 1 0 22 5 12 0 0 1 0.78591 LOD\Unique\CITExt\CITTerrainLoadingDock_LOD_0.nif
5457 82 71 159 0.86585 0.86585 1.01408 1.01408 26 26 3 6 5 48.95958 3 0 0 0 0 3 0 55 16 18 0 0 1 0.91980 LOD\Unique\CITExt\CITTerrainN01_LOD_0.nif
5458 46 42 90 0.91304 0.91304 1.04762 1.04762 10 10 4 3 4 63.21584 3 0 0 1 0 4 0 29 13 5 0 0 0 0.80701 LOD\Unique\CITExt\CITTerrainN02_LOD_0.nif
5459 77 89 166 1.15584 1.15584 1.03557 1.03557 47 47 3 5 5 222.64143 4 1 0 0 0 4 0 71 18 21 0 0 1 0.78403 LOD\Unique\CITExt\CITTerrainNW01_LOD_0.nif
5460 15 14 29 0.93333 0.93333 1.14286 1.14286 11 11 3 1 2 110.74020 2 1 0 0 0 2 0 14 0 6 0 0 0 0.74970 LOD\Unique\CITExt\CITTerrainNW02_LOD_0.nif
5461 39 55 79 1.41026 1.41026 1.01902 1.01902 19 19 2 3 2 31.16282 2 0 0 0 0 2 0 38 17 15 0 0 2 0.78613 LOD\Unique\CITExt\CITTerrainS01_LOD_0.nif
5462 45 62 102 1.37778 1.37778 1.09640 1.09640 23 23 3 3 4 102.94847 4 1 0 0 0 4 0 44 18 10 0 0 1 0.73929 LOD\Unique\CITExt\CITTerrainS02_LOD_0.nif
5463 220 531 918 2.41364 2.41364 1.00188 1.00188 25 25 3 14 16 791.75000 5 0 1 1 0 6 0 121 323 10 0 0 0 0.80271 LOD\Unique\ConcordMuseum01_LOD.nif
5464 15 25 34 1.66667 1.66667 1.12000 1.12000 15 15 2 1 1 0.31942 1 0 0 0 0 1 0 16 9 9 0 0 1 0.86869 LOD\Unique\NorthEnd\NorthEndBlock08RoofCustom01_LOD_0.nif
5465 1069 1249 2439 1.18241 1.16838 1.00240 1.00240 317 317 4 67 60 902.79681 27 0 0 5 0 32 0 731 492 38 0 0 0 0.71278 LOD\Unique\WaterTowerConcord01_LOD.nif
5466 993 1180 2206 1.19940 1.18832 1.00000 1.00000 263 263 4 63 52 427.06119 23 0 0 4 0 27 0 664 490 43 0 0 0 0.80611 LOD\Unique\WaterTowerGeneric01_LOD.nif
5467 611 1147 1938 1.88380 1.87725 1.00087 1.00087 329 329 5 39 35 1351.50195 15 0 0 3 0 18 0 476 464 17 0 0 0 0.73648 LOD\VltGearDoorRoomExt02VaultLOD.nif
5468 16577 19307 37017 1.47397 1.18689 1.00050 1.00050 2743 2743 9 1039 856 1766.67212 371 1 0 48 1 414 5 10801 6662 6 0 0 3 0.79620 SetDressing\Boats\BoatFishing01.nif
5469 15019 16865 33354 1.44857 1.14741 1.00046 1.00046 2505 2505 9 941 803 1766.67212 348 1 0 41 2 384 5 9187 6058 6 0 0 4 0.71138 SetDressing\Boats\BoatFishing02.nif
5470 15021 16870 33068 1.44871 1.14759 1.00041 1.00041 2501 2501 8 941 786 1576.34497 335 1 0 50 2 381 4 9187 6065 4 0 0 3 0.80399 SetDressing\Boats\BoatFishing03.nif
5471 13885 14665 30012 1.40799 1.08268 1.00054 1.00054 1585 1585 9 870 731 1628.00110 307 2 2 47 2 349 5 8099 5623 0 0 0 2 0.81089 SetDressing\Boats\BoatFishing04.nif
5472 5148 6316 12170 1.41103 1.22883 1.00165 1.00165 436 436 6 326 287 967.39703 118 2 1 17 1 135 0 3505 1857 10 0 0 4 0.76190 SetDressing\Boats\BoatFishing05.nif
5473 4432 5158 10293 1.36033 1.16606 1.00166 1.00166 362 362 6 281 252 967.39703 101 2 1 22 1 123 0 2778 1582 10 0 0 1 0.80000 SetDressing\Boats\BoatFishing06.nif
5474 4054 4729 9836 1.36655 1.16897 1.00139 1.00139 334 334 6 257 252 967.39703 102 2 0 21 1 123 0 2558 1421 10 0 0 0 0.83333 SetDressing\Boats\BoatFishing07.nif
5475 42785 47544 96343 1.39951 1.13030 1.00027 1.00016 6939 6939 10 2679 2362 3390.18628 988 2 3 112 3 1081 19 26158 16697 10 0 0 4 0.74681 SetDressing\Boats\BoatTug01.nif
5476 36717 38726 82033 1.33581 1.07558 1.00035 1.00023 4499 4499 8 2299 2081 3473.97729 850 1 3 113 3 956 7 21542 14454 4 0 0 5 0.71605 SetDressing\Boats\BoatTug02.nif
5477 3010 2616 7000 0.92525 0.92060 1.00156 1.00156 138 138 7 189 195 4626.54883 81 0 0 14 0 92 3 1649 495 11 0 0 1 0.71957 SetDressing\Boats\CruiseShipDeck01.nif
5478 96090 108879 210753 1.34610 1.17193 1.00034 1.00014 15064 15064 11 6010 4772 13700.53418 2018 1 2 145 10 2148 15 58795 36641 10 0 0 7 0.70991 SetDressing\Boats\ShipWrecked01.nif
5479 5454 10584 14589 1.94738 1.94059 1.00113 1.00000 3292 3292 2 341 196 618.73633 83 0 0 0 0 83 0 4607 4248 961 0 0 1 0.78657 SetDressing\ElectricalTower\ElectricalTower01.nif
5480 3300 6448 8362 1.95485 1.95394 1.00000 1.00000 1574 1574 2 207 112 1332.53687 53 0 0 0 0 53 0 2542 2980 454 0 0 1 0.73166 SetDressing\ElectricalTower\ElectricalTowerSmall01.nif
5481 2104 1823 4322 1.30656 0.91255 1.00242 1.00242 218 218 3 133 111 261.27887 44 0 0 8 1 52 0 1168 653 144 0 0 1 0.85574 SetDressing\Greebs\GreebLarge01.nif
5482 1207 1082 2579 1.31317 0.94780 1.00221 1.00221 101 101 4 77 72 438.78442 28 0 0 5 0 33 0 662 417 49 0 0 1 0.83202 SetDressing\Greebs\GreebLarge02.nif
5483 1818 1704 4381 1.08251 0.96370 1.00190 1.00190 232 232 6 116 125 492.10568 50 0 1 9 0 59 0 1058 599 21 0 0 1 0.71006 SetDressing\Greebs\GreebLarge04.nif
5484 1746 1602 3682 1.07102 0.94502 1.00113 1.00113 152 152 4 111 92 346.82925 37 0 1 5 0 42 0 967 604 42 0 0 3 0.70802 SetDressing\Greebs\GreebLarge05.nif
5485 1395 1240 3072 0.98996 0.92545 1.00411 1.00411 117 117 4 89 81 217.12750 30 0 1 7 0 37 0 764 450 44 0 0 2 0.78971 SetDressing\Greebs\GreebLarge06.nif
5486 154 153 234 0.99351 0.99351 1.01732 1.01732 42 42 3 11 5 22.96079 2 0 0 0 0 2 0 105 48 8 0 0 3 0.87798 SetDressing\Greebs\GreebLarge07.nif
5487 294 323 648 1.41156 1.14966 1.00491 1.00491 30 30 4 19 18 26.25365 8 0 1 0 0 8 0 184 122 22 0 0 2 0.76389 SetDressing\Greebs\GreebLarge08.nif
5488 1448 1144 3226 1.39779 0.84876 1.00266 1.00266 76 76 4 92 95 233.38750 40 0 1 6 0 46 0 770 372 69 0 0 1 0.88115 SetDressing\Greebs\GreebLarge09.nif
5489 403 480 909 1.38710 1.21836 1.01029 1.01029 65 65 3 26 23 245.51059 11 0 0 2 0 13 0 235 235 27 0 0 0 0.88698 SetDressing\Greebs\GreebLarge10.nif
5490 46 126 126 2.73913 2.73913 1.01587 1.01587 0 0 1 3 0 0.00000 0 0 0 0 1 0 0 22 63 0 0 0 0 1.00000 SetDressing\Greebs\GreebTower02.nif
5491 2283 2059 5156 0.92904 0.92904 1.00049 1.00049 183 183 9 143 146 564.80737 65 1 0 8 0 69 4 1246 745 4 0 0 0 0.83423 SetDressing\Greebs\PW_01_Ground.nif
5492 274 276 604 1.00730 1.00730 1.00000 1.00000 0 0 3 18 17 53.19917 8 0 1 1 0 9 0 139 129 0 0 0 0 0.88510 SetDressing\Greebs\PW_02a_FrontCover_Simple.nif
5493 384 369 925 0.97396 0.97396 1.00813 1.00813 0 0 4 24 28 113.61355 11 0 0 3 0 14 0 194 161 30 0 0 0 0.90698 SetDressing\Greebs\PW_02b_FrontCover_Complex.nif
5494 344 345 814 1.00291 1.00291 1.00870 1.00870 0 0 3 22 23 100.72997 9 0 0 2 0 11 0 174 163 0 0 0 0 0.99058 SetDressing\Greebs\PW_02c_SideCover_Complex.nif
5495 340 365 936 1.07353 1.07353 1.00822 1.00822 0 0 4 22 28 46.18317 10 0 0 0 0 10 0 172 175 0 0 0 1 0.89815 SetDressing\Greebs\PW_02c_SideCover_Complex_flip.nif
5496 108 156 276 1.44444 1.44444 1.00000 1.00000 0 0 4 7 8 29.75924 4 0 0 0 0 4 0 56 90 0 0 0 1 0.90581 SetDressing\Greebs\PW_02d_SideCover_Simple.nif
5497 132 180 310 1.36364 1.36364 1.00000 1.00000 0 0 4 9 8 29.75924 4 0 0 1 0 5 0 68 102 0 0 0 0 0.80250 SetDressing\Greebs\PW_02d_SideCover_Simple_flip.nif
5498 1460 1194 3286 0.84932 0.83973 1.00168 1.00168 52 52 5 92 94 197.59145 38 0 0 7 0 45 0 755 328 23 0 0 0 0.82379 SetDressing\Greebs\PW_03a_Core_Exposed.nif
5499 1160 871 2612 0.81638 0.80948 1.00115 1.00115 52 52 4 73 79 111.27476 31 0 0 5 0 36 0 605 220 65 0 0 0 0.90999 SetDressing\Greebs\PW_03b_Core_Covered.nif
5500 406 324 866 0.83744 0.83251 1.00000 1.00000 0 0 3 26 24 49.48716 9 0 0 2 0 11 0 203 86 0 0 0 0 0.94970 SetDressing\Greebs\PW_03c_Strut.nif
5501 406 330 865 0.85468 0.84729 1.00606 1.00606 0 0 3 26 24 49.48728 9 0 0 2 0 11 0 203 89 0 0 0 0 0.94952 SetDressing\Greebs\PW_03c_Strut_flip.nif
5502 1430 1150 3405 0.86853 0.86853 1.00174 1.00174 0 0 4 90 94 156.82329 36 0 0 7 0 43 0 717 380 74 0 0 0 0.90735 SetDressing\Greebs\PW_04_Turbine.nif
5503 1300 1159 2899 0.92538 0.91769 1.00086 1.00086 6 6 4 82 84 123.93750 32 0 0 6 0 38 0 653 446 63 0 0 0 0.97576 SetDressing\Greebs\PW_05_Generator.nif
5504 606 488 1363 0.83003 0.83003 1.00000 1.00000 0 0 4 38 38 140.42528 16 0 0 3 0 19 0 305 169 52 0 0 0 0.94263 SetDressing\Greebs\PW_06_GeneratorShell.nif
5505 708 641 1674 0.92373 0.92373 1.00468 1.00468 0 0 3 45 47 204.00957 17 0 1 4 0 21 0 356 282 0 0 0 0 0.94897 SetDressing\Greebs\PW_07_Turbine_Shell.nif
5506 36 60 81 1.66667 1.66667 1.00000 1.00000 0 0 3 3 3 7.35575 2 0 0 1 0 3 0 20 32 0 0 0 0 0.71945 SetDressing\Habitat\RaiderCampMetalScrapLG01.nif
5507 36 60 81 1.66667 1.66667 1.00000 1.00000 0 0 3 3 3 7.36743 2 0 0 1 0 3 0 20 32 0 0 0 0 0.71511 SetDressing\Habitat\RaiderCampMetalScrapMED01.nif
5508 20 48 55 2.40000 2.40000 1.00000 1.00000 0 0 2 2 1 83.07880 1 0 0 0 0 1 0 12 25 0 0 0 1 0.76671 SetDressing\MachineKit\MachineParts\MacBaseBlockBLrg01.nif
5509 12 24 24 2.00000 2.00000 1.00000 1.00000 0 0 1 1 0 0.00000 0 0 0 0 0 0 0 8 16 0 0 0 1 1.00000 SetDressing\MachineKit\MachineParts\MacBaseBlockBMed01.nif
5510 284 260 569 0.91549 0.91549 1.00000 1.00000 0 0 3 18 17 80.83109 7 0 0 2 0 9 0 144 52 0 0 0 0 0.85806 SetDressing\MachineKit\MachineParts\MacBaseRound01.nif
5511 812 569 1885 0.72783 0.72783 1.00527 1.00527 0 0 5 51 56 274.60147 23 0 0 4 0 27 0 408 65 22 0 0 0 0.94028 SetDressing\MachineKit\MachineParts\MacTankA01.nif
5512 13427 14070 29810 1.33879 1.06308 1.00015 1.00015 2169 2169 5 840 717 1295.87061 274 0 1 32 0 306 0 7955 5049 75 0 0 1 0.70313 SetDressing\PowerSphere\PowerSphere01.nif
5513 2489 3361 6109 1.60265 1.35998 1.00093 1.00093 1295 1295 6 157 136 1539.50000 61 0 0 11 0 72 0 2024 869 7 0 0 1 0.76211 SetDressing\Signage\Billboard01.nif
5514 3108 3991 6856 1.58269 1.28604 1.00023 1.00023 1330 1330 5 195 131 1321.84753 54 0 3 6 0 60 0 2322 1106 17 0 0 2 0.71570 SetDressing\Signage\Billboard01R.nif
5515 2968 3798 6951 1.65229 1.28167 1.00048 1.00048 1412 1412 4 187 152 1038.16052 62 0 3 5 0 67 0 2293 976 23 0 0 3 0.71857 SetDressing\Signage\Billboard01RR.nif
5516 2439 3447 6112 1.66134 1.41574 1.00281 1.00281 1313 1313 3 155 122 1270.42517 52 0 3 11 0 63 0 2019 1028 354 0 0 0 0.74164 SetDressing\Signage\Billboard01TallR.nif
5517 3099 4126 7714 1.67247 1.33333 1.00048 1.00048 1572 1572 6 195 172 1122.09741 74 1 1 7 2 81 0 2465 1036 8 0 0 1 0.71536 SetDressing\Signage\Billboard01TallRR.nif
5518 8283 8266 14790 1.35941 1.00121 1.00019 1.00019 2201 2201 4 519 302 535.62708 127 0 0 1 2 128 0 5211 2536 25 0 0 2 0.83019 SetDressing\Signage\Billboard02.nif
5519 2629 3617 6382 1.58007 1.37809 1.00099 1.00099 1269 1269 4 166 129 913.02637 56 0 0 7 1 63 0 1986 1147 85 0 0 2 0.70995 SetDressing\Signage\Billboard02RR.nif
5520 8538 8827 16532 1.40384 1.03537 1.00054 1.00054 2363 2363 4 535 362 1216.65027 150 0 0 9 1 159 0 5442 2869 92 0 0 1 0.78484 SetDressing\Signage\Billboard02TallR.nif
5521 2719 3807 6519 1.60868 1.40235 1.00167 1.00167 1417 1417 4 171 134 861.23492 60 0 0 8 0 68 0 2107 1205 46 0 0 2 0.81623 SetDressing\Signage\Billboard02TallRR.nif
5522 646 722 1445 1.12074 1.11919 1.00283 1.00283 222 222 3 41 37 900.25055 14 0 0 4 0 18 0 430 221 105 0 0 0 0.94286 SetDressing\Signage\Billboard03Tall.nif
5523 742 1034 1940 1.40027 1.39353 1.00242 1.00242 328 328 3 47 42 1113.01038 18 0 0 3 0 21 0 556 343 186 0 0 1 0.76601 SetDressing\Signage\Billboard03TallR.nif
5524 957 1237 2426 1.29676 1.29258 1.00303 1.00303 317 317 3 61 55 911.61456 22 0 0 0 0 22 0 633 281 104 0 0 2 0.71203 SetDressing\Signage\Billboard03TallRR.nif
5525 296 550 622 1.85811 1.85811 1.00342 1.00342 91 91 3 19 4 46.76444 4 1 0 0 0 4 0 189 211 24 0 0 2 1.00000 SetDressing\Signage\BillboardBldgLGCornerD01.nif
5526 296 550 622 1.85811 1.85811 1.00342 1.00342 91 91 3 19 4 46.76444 4 1 0 0 0 4 0 189 211 24 0 0 2 1.00000 SetDressing\Signage\BillboardBldgLGCornerD02.nif
5527 82 228 228 2.78049 2.78049 1.00000 1.00000 30 30 1 7 0 0.00000 0 2 0 0 0 0 0 65 82 30 0 0 1 1.00000 SetDressing\Signage\BillboardBldgSm01.nif
5528 82 228 228 2.78049 2.78049 1.00000 1.00000 30 30 1 7 0 0.00000 0 2 0 0 0 0 0 62 90 30 0 0 1 1.00000 SetDressing\Signage\BillboardBldgSm02.nif
5529 122 339 339 2.77869 2.77869 1.00291 1.00291 30 30 1 10 0 0.00000 0 2 0 0 0 0 0 78 127 30 0 0 1 1.00000 SetDressing\Signage\BillboardBldgSmAngle45_01.nif
5530 122 339 339 2.77869 2.77869 1.00291 1.00291 30 30 1 10 0 0.00000 0 2 0 0 0 0 0 78 127 30 0 0 1 1.00000 SetDressing\Signage\BillboardBldgSmAngle45_02.nif
5531 100 288 340 2.88000 2.88000 1.00000 1.00000 24 24 2 7 4 116.02560 2 0 0 1 0 3 0 72 120 24 0 0 0 0.87346 SetDressing\Signage\BillboardBldgSmAngle90_01.nif
5532 100 288 340 2.88000 2.88000 1.00000 1.00000 24 24 2 7 4 116.02560 2 0 0 1 0 3 0 72 120 24 0 0 0 0.81481 SetDressing\Signage\BillboardBldgSmAngle90_02.nif
5533 112 316 365 2.82143 2.82143 1.00000 1.00000 8 8 2 7 4 98.43181 2 0 0 0 0 2 0 70 142 8 0 0 1 0.89306 Setdressing\Signage\BillboardBldgSmAngle90_03.nif
5534 112 316 365 2.82143 2.82143 1.00000 1.00000 8 8 2 7 4 140.62274 2 0 0 1 0 3 0 70 142 8 0 0 0 0.90026 Setdressing\Signage\BillboardBldgSmAngle90_04.nif
5535 256 524 582 2.04688 2.04688 1.01040 1.01040 60 60 3 16 4 52.83854 4 1 0 0 0 4 0 146 194 18 0 0 2 0.96243 SetDressing\Signage\BillboardBldgSmCornerB01.nif
5536 256 524 582 2.04688 2.04688 1.01040 1.01040 60 60 3 16 4 52.83854 4 1 0 0 0 4 0 146 194 18 0 0 2 0.96243 SetDressing\Signage\BillboardBldgSmCornerB02.nif
5537 256 444 506 1.73438 1.73438 1.01111 1.01111 60 60 3 16 4 38.86686 4 1 0 0 0 4 0 146 170 18 0 0 2 0.90476 SetDressing\Signage\BillboardBldgSmCornerC01.nif
5538 256 444 506 1.73438 1.73438 1.01111 1.01111 60 60 3 16 4 38.86686 4 1 0 0 0 4 0 146 170 18 0 0 2 0.90476 SetDressing\Signage\BillboardBldgSmCornerC02.nif
5539 280 512 588 1.82857 1.82857 1.00000 1.00000 97 97 3 18 4 46.76444 4 1 0 0 0 4 0 181 201 24 0 0 2 1.00000 SetDressing\Signage\BillboardBldgSmCornerD01.nif
5540 70 200 200 2.85714 2.85714 1.00000 1.00000 29 29 1 6 0 0.00000 0 2 0 0 0 0 0 56 88 29 0 0 1 1.00000 SetDressing\Signage\BillboardBldgVerticalSm01.nif
5541 70 200 200 2.85714 2.85714 1.00000 1.00000 29 29 1 6 0 0.00000 0 2 0 0 0 0 0 56 88 29 0 0 1 1.00000 Setdressing\Signage\BillboardBldgVerticalSm02.nif
5542 38 100 116 2.63158 2.63158 1.00000 1.00000 44 44 2 4 1 13.02203 1 2 0 0 0 1 0 48 41 16 0 0 1 0.87037 Setdressing\Signage\BillboardBldgVerticalSm03.nif
5543 58 156 156 2.68966 2.68966 1.00000 1.00000 18 18 1 6 0 0.00000 0 2 0 0 0 0 0 44 74 18 0 0 1 1.00000 SetDressing\Signage\BillboardMed01.nif
5544 58 160 160 2.75862 2.75862 1.00000 1.00000 18 18 1 6 0 0.00000 0 2 0 0 0 0 0 44 76 18 0 0 1 1.00000 SetDressing\Signage\BillboardMed02.nif
5545 312 880 1024 2.82051 2.82051 1.00000 1.00000 8 8 5 21 10 477.91705 6 2 1 1 1 7 0 134 572 6 0 0 0 0.83468 SetDressing\Signage\BillboardSm01.nif
5546 392 828 1264 2.11225 2.11225 1.00000 1.00000 8 8 3 26 23 411.75699 8 1 0 3 1 11 0 154 512 9 0 0 0 0.82660 SetDressing\Signage\BillboardSm02.nif
5547 56 150 150 2.67857 2.67857 1.01333 1.01333 8 8 1 4 0 0.00000 0 0 0 0 1 0 0 32 81 8 0 0 0 1.00000 SetDressing\Signage\BillboardSmExtender01.nif
5548 496 605 1415 1.23185 1.23185 1.00496 1.00496 16 16 4 31 39 606.52832 14 0 0 2 0 16 0 260 217 24 0 0 0 0.70771 SetDressing\Signage\HighwaySignPostLG01.nif
5549 1540 1956 3875 1.29091 1.29091 1.00000 1.00000 64 64 7 97 89 895.54266 39 0 0 8 0 47 0 824 727 6 0 0 0 0.79505 SetDressing\Signage\HighwaySignPostLG02.nif
5550 6536 6396 12014 1.27922 0.98256 1.00065 1.00065 1848 1848 3 410 272 477.62500 113 0 0 8 2 121 0 4114 1831 77 0 0 2 0.89333 SetDressing\Signage\SignMassFusion.nif
5551 777 644 1703 0.85972 0.85972 1.00000 1.00000 211 211 4 49 46 324.22452 19 0 0 3 0 22 0 505 139 59 0 0 0 0.83452 SetDressing\StreetLamps\ResidentialStreetLamp01.nif
5552 602 395 1414 0.68605 0.68605 1.00253 1.00253 40 40 4 38 43 197.04039 17 0 0 2 0 19 0 320 51 9 0 0 0 0.90231 SetDressing\Vehicles\Airplane_Debris_02.nif
5553 14949 23868 43538 1.95398 1.60981 1.00076 1.00045 2601 2601 8 937 961 2896.57568 395 1 1 56 6 440 11 8825 11221 18 0 0 2 0.71062 SetDressing\Vehicles\Airplane_Debris_Fuselage_01.nif
5554 16273 27240 47149 2.07448 1.68414 1.00018 1.00018 2912 2912 9 1019 1005 3303.94287 414 1 1 61 7 462 13 9700 12720 13 0 0 1 0.82063 SetDressing\Vehicles\Airplane_Debris_Fuselage_01a.nif
5555 6583 10982 19161 2.08279 1.67188 1.00091 1.00091 1051 1051 9 414 416 1683.15649 175 2 0 27 1 198 4 3865 5305 8 0 0 1 0.84498 SetDressing\Vehicles\Airplane_Debris_Fuselage_02.nif
5556 2869 4907 8281 2.00070 1.71244 1.00150 1.00150 568 568 6 181 179 587.86230 72 1 0 13 0 83 2 1753 2156 21 0 0 3 0.73103 SetDressing\Vehicles\Airplane_Debris_Fuselage_03.nif
5557 9536 14595 27728 1.62259 1.55285 1.00049 1.00049 1483 1483 8 598 616 3898.75562 254 0 3 39 0 288 5 5646 6187 23 0 0 3 0.81826 SetDressing\Vehicles\Airplane_Debris_Wing_L_01.nif
5558 9604 14799 26943 1.63099 1.56143 1.00095 1.00095 1513 1513 8 603 592 3948.65234 242 0 4 39 0 278 3 5700 6165 12 0 0 3 0.81404 SetDressing\Vehicles\Airplane_Debris_Wing_R_01.nif
5559 1844 1213 4169 0.76030 0.76030 1.00592 1.00592 170 170 6 117 124 1844.94470 55 0 0 3 0 56 2 1031 0 36 0 0 3 0.75115 Unique\CITExt\CITQuad02.nif
5560 567 330 1009 0.68254 0.68254 1.00606 1.00606 91 91 3 36 29 268.85910 13 0 0 3 0 16 0 330 0 44 0 0 0 0.99196 Unique\CITExt\CITTerrainLoadingDock.nif
5561 656 366 1304 0.66768 0.66768 1.00546 1.00546 74 74 4 41 40 643.01495 18 0 0 4 0 22 0 366 0 26 0 0 0 0.89939 Unique\CITExt\CITTerrainN01.nif
5562 791 435 1626 0.68015 0.68015 1.00230 1.00230 77 77 4 50 46 1086.49683 20 0 0 4 0 24 0 435 0 24 0 0 0 0.97186 Unique\CITExt\CITTerrainN02.nif
5563 626 382 1224 0.68371 0.68371 1.00524 1.00524 122 122 3 40 34 908.90643 15 0 0 3 0 18 0 375 0 70 0 0 0 0.98724 Unique\CITExt\CITTerrainNW01.nif
5564 190 122 359 0.70000 0.70000 1.01639 1.01639 38 38 3 12 10 259.37466 5 0 0 1 0 6 0 115 0 14 0 0 0 0.97072 Unique\CITExt\CITTerrainNW02.nif
5565 290 192 543 0.67586 0.67586 1.00000 1.00000 66 66 3 19 16 253.84613 8 0 0 1 0 9 0 179 0 30 0 0 0 0.86810 Unique\CITExt\CITTerrainS01.nif
5566 568 380 1169 0.73239 0.73239 1.00000 1.00000 58 58 4 36 34 890.90448 14 0 0 3 0 17 0 367 0 31 0 0 0 0.70531 Unique\CITExt\CITTerrainS02.nif
