cx,cy,trees,placements,treeBases,landMin,landMax,relief,maxTreeExtent
-39,-20,4,4,3,18024.0,19456.0,1432.0,1101.2
-39,-19,2,2,2,16152.0,18864.0,2712.0,1101.2
-38,0,1,1,1,15344.0,17776.0,2432.0,915.9
-38,1,5,5,3,16368.0,19176.0,2808.0,1101.2
-38,2,3,4,1,17736.0,20480.0,2744.0,915.9
-38,5,6,6,4,15832.0,18024.0,2192.0,1101.2
-38,6,2,2,1,15056.0,16288.0,1232.0,712.9
-38,7,2,2,1,14648.0,16552.0,1904.0,835.0
-38,25,1,1,1,11928.0,12440.0,512.0,1101.2
-38,26,2,2,2,11568.0,12368.0,800.0,835.0
-38,27,2,2,1,11568.0,12408.0,840.0,1101.2
-38,-26,1,1,1,15896.0,17432.0,1536.0,712.9
-38,-25,4,4,3,16560.0,18928.0,2368.0,1101.2
-38,-24,4,4,2,17984.0,19792.0,1808.0,1101.2
-38,-23,3,3,3,18040.0,19976.0,1936.0,1101.2
-38,-22,3,3,2,18984.0,20208.0,1224.0,1101.2
-38,-21,5,5,3,18240.0,20112.0,1872.0,1007.8
-38,-20,1,1,1,16568.0,18872.0,2304.0,1007.8
-38,-19,3,3,2,15032.0,18160.0,3128.0,835.0
-37,0,1,1,1,13520.0,16400.0,2880.0,1101.2
-37,1,5,5,4,14056.0,17928.0,3872.0,1101.2
-37,2,2,3,2,14840.0,18208.0,3368.0,1101.2
-37,3,2,2,2,15264.0,18176.0,2912.0,915.9
-37,4,9,9,4,16384.0,17888.0,1504.0,1101.2
-37,5,7,7,4,15480.0,17024.0,1544.0,1007.8
-37,6,2,2,1,14520.0,16680.0,2160.0,1101.2
-37,7,1,1,1,13608.0,15192.0,1584.0,1101.2
-37,8,2,2,2,14448.0,16936.0,2488.0,1101.2
-37,9,6,6,3,15896.0,17264.0,1368.0,1007.8
-37,10,5,5,2,15896.0,17464.0,1568.0,835.0
-37,11,2,2,2,15200.0,16928.0,1728.0,1007.8
-37,12,1,1,1,14488.0,16736.0,2248.0,1007.8
-37,24,1,1,1,11256.0,12064.0,808.0,1101.2
-37,25,1,1,1,11784.0,12104.0,320.0,835.0
-37,26,1,1,1,11416.0,12048.0,632.0,1007.8
-37,27,3,3,3,11096.0,11904.0,808.0,1101.2
-37,28,6,6,4,11112.0,11848.0,736.0,1101.2
-37,-26,4,4,4,16552.0,17528.0,976.0,1101.2
-37,-25,2,3,2,16536.0,19016.0,2480.0,1007.8
-37,-24,1,1,1,16560.0,18960.0,2400.0,1007.8
-37,-23,9,9,5,17256.0,19048.0,1792.0,1101.2
-37,-22,2,2,2,16536.0,19472.0,2936.0,1007.8
-37,-21,10,11,4,16872.0,19528.0,2656.0,1101.2
-37,-20,1,1,1,16208.0,18680.0,2472.0,835.0
-37,-11,3,3,2,10448.0,11680.0,1232.0,1007.8
-37,-10,5,5,2,11184.0,12536.0,1352.0,1007.8
-37,-9,9,9,4,11608.0,12568.0,960.0,1101.2
-37,-1,1,1,1,12896.0,15392.0,2496.0,1007.8
-36,0,3,3,2,12208.0,14656.0,2448.0,1007.8
-36,1,4,4,2,12368.0,14840.0,2472.0,1007.8
-36,2,2,2,1,12464.0,15304.0,2840.0,1101.2
-36,3,1,2,1,12864.0,17432.0,4568.0,915.9
-36,4,6,6,3,14504.0,17432.0,2928.0,1101.2
-36,5,8,9,4,13904.0,16536.0,2632.0,1101.2
-36,6,4,4,3,13344.0,16344.0,3000.0,1326.5
-36,7,3,3,3,12624.0,14728.0,2104.0,1101.2
-36,8,3,3,2,13200.0,16056.0,2856.0,835.0
-36,9,6,6,3,13736.0,16272.0,2536.0,1007.8
-36,10,4,4,3,14256.0,16120.0,1864.0,1101.2
-36,11,2,2,2,15112.0,17328.0,2216.0,1101.2
-36,12,8,8,4,16272.0,17792.0,1520.0,1101.2
-36,14,3,3,2,16200.0,19216.0,3016.0,835.0
-36,20,2,2,2,11160.0,12784.0,1624.0,1101.2
-36,21,3,3,2,10512.0,11632.0,1120.0,1007.8
-36,25,6,6,3,11544.0,11920.0,376.0,1007.8
-36,26,3,3,2,11272.0,11928.0,656.0,835.0
-36,27,5,5,2,10800.0,11448.0,648.0,1007.8
-36,28,1,1,1,10808.0,11552.0,744.0,1101.2
-36,29,4,4,2,11056.0,11992.0,936.0,1007.8
-36,30,1,1,1,10720.0,11984.0,1264.0,1101.2
-36,-43,4,4,4,11088.0,11552.0,464.0,1101.2
-36,-42,2,2,2,11096.0,12232.0,1136.0,712.9
-36,-41,3,3,2,11584.0,12248.0,664.0,1101.2
-36,-29,7,7,4,17240.0,19112.0,1872.0,867.1
-36,-28,4,4,3,16424.0,17936.0,1512.0,867.1
-36,-27,3,3,3,16112.0,17480.0,1368.0,867.1
-36,-24,10,10,5,15912.0,17424.0,1512.0,915.9
-36,-23,16,16,6,16024.0,17560.0,1536.0,915.9
-36,-22,21,21,10,14816.0,17272.0,2456.0,1326.5
-36,-21,15,15,7,14712.0,18048.0,3336.0,1101.2
-36,-20,13,13,7,15728.0,17976.0,2248.0,915.9
-36,-19,4,4,3,15000.0,17376.0,2376.0,1326.5
-36,-11,6,6,4,9944.0,11480.0,1536.0,1101.2
-36,-10,3,3,2,10392.0,11976.0,1584.0,1101.2
-36,-9,5,5,3,11208.0,12832.0,1624.0,1007.8
-36,-8,2,2,2,11936.0,13704.0,1768.0,1101.2
-36,-7,3,3,2,12432.0,13520.0,1088.0,915.9
-36,-2,1,1,1,12648.0,14080.0,1432.0,1101.2
-36,-1,1,1,1,12264.0,13520.0,1256.0,915.9
-35,0,4,4,3,11312.0,12736.0,1424.0,1101.2
-35,1,3,3,3,11288.0,12752.0,1464.0,1007.8
-35,2,3,3,3,11312.0,12864.0,1552.0,1101.2
-35,3,5,5,3,11624.0,14504.0,2880.0,1007.8
-35,4,5,5,3,12256.0,14992.0,2736.0,1101.2
-35,5,12,12,5,12432.0,14784.0,2352.0,1101.2
-35,6,6,6,4,12256.0,13984.0,1728.0,1101.2
-35,7,2,2,2,11704.0,13368.0,1664.0,1007.8
-35,8,6,6,3,11800.0,13840.0,2040.0,1007.8
-35,9,4,4,3,12896.0,14328.0,1432.0,1007.8
-35,10,1,2,1,12896.0,15112.0,2216.0,1101.2
-35,11,7,7,3,14008.0,16584.0,2576.0,1007.8
-35,12,2,2,2,15664.0,18032.0,2368.0,1101.2
-35,13,5,5,3,16888.0,19632.0,2744.0,1007.8
-35,14,2,2,1,18264.0,20136.0,1872.0,1101.2
-35,15,8,8,4,17288.0,20032.0,2744.0,1101.2
-35,16,4,4,3,16456.0,19128.0,2672.0,1101.2
-35,17,1,1,1,15056.0,17248.0,2192.0,835.0
-35,18,2,2,2,13416.0,15784.0,2368.0,1007.8
-35,19,1,1,1,11880.0,14000.0,2120.0,1007.8
-35,20,5,5,2,11152.0,12464.0,1312.0,1101.2
-35,24,3,3,1,10400.0,11680.0,1280.0,1101.2
-35,26,6,6,4,11184.0,11744.0,560.0,1101.2
-35,27,1,1,1,10512.0,11320.0,808.0,1007.8
-35,28,1,1,1,10512.0,11256.0,744.0,1007.8
-35,29,6,6,2,11032.0,11680.0,648.0,1007.8
-35,30,2,2,1,10432.0,11480.0,1048.0,1007.8
-35,-45,2,2,2,11704.0,12248.0,544.0,1007.8
-35,-43,3,3,2,10728.0,11264.0,536.0,1101.2
-35,-42,4,4,4,10800.0,12072.0,1272.0,1007.8
-35,-41,1,1,1,10992.0,12352.0,1360.0,712.9
-35,-39,1,1,1,12728.0,15000.0,2272.0,1007.8
-35,-30,12,13,5,17512.0,19664.0,2152.0,867.1
-35,-29,12,12,5,16216.0,18664.0,2448.0,867.1
-35,-28,13,13,5,15824.0,17240.0,1416.0,867.1
-35,-25,1,1,1,15640.0,16712.0,1072.0,456.5
-35,-24,11,11,9,14976.0,16920.0,1944.0,915.9
-35,-23,25,25,8,14712.0,16528.0,1816.0,915.9
-35,-22,23,23,14,14440.0,16072.0,1632.0,915.9
-35,-21,21,21,10,14168.0,15728.0,1560.0,1326.5
-35,-20,21,22,10,14456.0,17384.0,2928.0,1326.5
-35,-19,16,16,6,15832.0,17336.0,1504.0,915.9
-35,-18,6,6,4,14552.0,16392.0,1840.0,1101.2
-35,-17,4,4,4,13032.0,15248.0,2216.0,1101.2
-35,-15,3,3,2,11336.0,12568.0,1232.0,1101.2
-35,-13,3,3,3,9624.0,10648.0,1024.0,1101.2
-35,-12,2,2,2,9528.0,10240.0,712.0,1101.2
-35,-11,10,10,7,9504.0,10648.0,1144.0,915.9
-35,-10,26,26,12,9416.0,11456.0,2040.0,1101.2
-35,-9,18,18,12,9880.0,12848.0,2968.0,915.9
-35,-8,28,28,11,11728.0,13704.0,1976.0,915.9
-35,-7,6,6,5,13072.0,13600.0,528.0,1101.2
-35,-5,2,2,1,14176.0,15568.0,1392.0,835.0
-35,-4,1,1,1,14704.0,15808.0,1104.0,1101.2
-35,-3,8,8,5,14080.0,15360.0,1280.0,1101.2
-35,-2,5,5,3,12560.0,14936.0,2376.0,1101.2
-35,-1,1,1,1,11712.0,13208.0,1496.0,835.0
-34,0,5,5,3,11056.0,12608.0,1552.0,1007.8
-34,1,3,3,2,10320.0,11624.0,1304.0,1101.2
-34,2,3,3,3,10320.0,11624.0,1304.0,1101.2
-34,3,11,11,6,10696.0,12264.0,1568.0,1101.2
-34,4,10,10,8,10912.0,12672.0,1760.0,1101.2
-34,5,24,24,10,11272.0,13224.0,1952.0,1101.2
-34,6,48,48,12,11328.0,13128.0,1800.0,915.9
-34,7,6,6,5,10792.0,12272.0,1480.0,1101.2
-34,8,6,6,4,10784.0,13280.0,2496.0,1101.2
-34,9,4,4,3,11560.0,13704.0,2144.0,1101.2
-34,10,4,4,3,12024.0,14200.0,2176.0,1101.2
-34,11,2,2,2,13656.0,16136.0,2480.0,1007.8
-34,12,2,2,2,15424.0,18040.0,2616.0,1101.2
-34,15,7,7,6,18952.0,20800.0,1848.0,1101.2
-34,16,30,30,11,17248.0,19600.0,2352.0,915.9
-34,17,9,9,4,14992.0,18344.0,3352.0,1007.8
-34,18,3,3,3,13008.0,15496.0,2488.0,1101.2
-34,19,7,7,3,12256.0,13552.0,1296.0,1007.8
-34,20,4,4,4,11520.0,12752.0,1232.0,1101.2
-34,21,2,2,2,10248.0,12568.0,2320.0,1007.8
-34,22,2,2,2,9872.0,10632.0,760.0,1101.2
-34,24,1,1,1,9936.0,11088.0,1152.0,1007.8
-34,25,3,3,2,10536.0,11480.0,944.0,835.0
-34,26,1,1,1,10720.0,11648.0,928.0,1007.8
-34,27,7,7,3,10160.0,11208.0,1048.0,1101.2
-34,28,1,1,1,10152.0,11256.0,1104.0,835.0
-34,30,4,4,3,10536.0,11472.0,936.0,1101.2
-34,-45,2,2,2,11296.0,12024.0,728.0,915.9
-34,-44,4,4,4,11008.0,11920.0,912.0,1101.2
-34,-43,1,1,1,10480.0,11304.0,824.0,1101.2
-34,-42,3,3,3,10424.0,11112.0,688.0,781.0
-34,-41,5,5,4,10632.0,12240.0,1608.0,915.9
-34,-40,6,6,4,11920.0,14008.0,2088.0,1101.2
-34,-39,6,6,6,13000.0,15160.0,2160.0,1101.2
-34,-35,3,3,2,16800.0,19552.0,2752.0,456.5
-34,-34,12,12,5,18840.0,20672.0,1832.0,867.1
-34,-33,6,6,4,18952.0,20800.0,1848.0,867.1
-34,-31,3,4,2,16656.0,20080.0,3424.0,743.6
-34,-30,13,13,5,16128.0,18056.0,1928.0,867.1
-34,-29,13,13,5,15472.0,17528.0,2056.0,867.1
-34,-28,19,20,5,15368.0,16536.0,1168.0,867.1
-34,-27,18,19,5,15520.0,17280.0,1760.0,867.1
-34,-26,33,39,2,15280.0,17296.0,2016.0,456.5
-34,-25,20,25,2,15072.0,16856.0,1784.0,456.5
-34,-24,31,33,11,14288.0,16664.0,2376.0,1326.5
-34,-23,39,39,16,14480.0,15304.0,824.0,1326.5
-34,-22,51,53,15,12880.0,15288.0,2408.0,1326.5
-34,-21,21,21,15,13376.0,15328.0,1952.0,1007.8
-34,-20,18,18,6,14552.0,16472.0,1920.0,915.9
-34,-19,18,18,8,15360.0,16664.0,1304.0,915.9
-34,-18,14,14,8,14480.0,16216.0,1736.0,915.9
-34,-17,13,13,6,14224.0,15128.0,904.0,915.9
-34,-16,11,11,7,12488.0,15128.0,2640.0,1101.2
-34,-15,4,4,3,11448.0,13240.0,1792.0,1007.8
-34,-14,6,6,4,10528.0,12088.0,1560.0,1101.2
-34,-13,3,3,3,9216.0,10856.0,1640.0,1007.8
-34,-12,2,2,2,8808.0,9904.0,1096.0,915.9
-34,-11,20,20,10,8728.0,9944.0,1216.0,915.9
-34,-10,4,4,3,9104.0,10656.0,1552.0,915.9
-34,-9,7,7,6,9856.0,12136.0,2280.0,781.0
-34,-8,13,13,7,11632.0,13072.0,1440.0,915.9
-34,-7,19,19,7,12264.0,13992.0,1728.0,915.9
-34,-6,6,6,3,13568.0,14984.0,1416.0,915.9
-34,-5,4,4,3,14336.0,15728.0,1392.0,915.9
-34,-4,4,4,3,15360.0,16368.0,1008.0,1101.2
-34,-3,18,18,9,14432.0,15712.0,1280.0,915.9
-34,-2,21,21,12,13208.0,15344.0,2136.0,915.9
-34,-1,16,16,6,11800.0,14840.0,3040.0,915.9
-33,0,30,31,12,9656.0,13016.0,3360.0,915.9
-33,1,12,12,8,9432.0,11400.0,1968.0,915.9
-33,2,14,14,10,9352.0,10752.0,1400.0,1007.8
-33,3,20,20,10,9704.0,11032.0,1328.0,915.9
-33,4,19,19,9,9504.0,11816.0,2312.0,915.9
-33,5,12,12,8,10064.0,11840.0,1776.0,915.9
-33,6,7,7,7,9696.0,11616.0,1920.0,915.9
-33,7,24,24,12,9872.0,11576.0,1704.0,1101.2
-33,8,6,6,4,9968.0,11560.0,1592.0,1101.2
-33,9,4,5,2,10544.0,12024.0,1480.0,1101.2
-33,10,4,4,3,11752.0,13752.0,2000.0,1101.2
-33,11,1,2,1,12952.0,16064.0,3112.0,712.9
-33,12,4,4,3,15768.0,18360.0,2592.0,1007.8
-33,13,3,3,2,17712.0,19496.0,1784.0,1101.2
-33,14,4,5,3,18528.0,20680.0,2152.0,1101.2
-33,15,13,14,7,17304.0,20696.0,3392.0,867.1
-33,16,20,20,12,15984.0,19568.0,3584.0,915.9
-33,17,38,38,12,14904.0,18136.0,3232.0,915.9
-33,18,26,26,11,12944.0,16144.0,3200.0,915.9
-33,19,3,3,3,11792.0,13584.0,1792.0,1007.8
-33,20,5,5,2,11048.0,12704.0,1656.0,1101.2
-33,21,6,6,4,9872.0,12528.0,2656.0,1101.2
-33,22,1,1,1,9600.0,10600.0,1000.0,1101.2
-33,24,4,4,4,9552.0,10560.0,1008.0,1101.2
-33,25,6,6,3,10016.0,10976.0,960.0,1101.2
-33,26,3,3,1,10248.0,10976.0,728.0,1007.8
-33,27,2,2,2,10008.0,10800.0,792.0,1101.2
-33,28,2,2,2,10016.0,10928.0,912.0,1101.2
-33,29,2,2,2,10704.0,11704.0,1000.0,1101.2
-33,30,1,1,1,11208.0,11752.0,544.0,712.9
-33,31,3,3,3,11120.0,12656.0,1536.0,1101.2
-33,-46,2,2,2,11072.0,11560.0,488.0,1007.8
-33,-45,8,8,6,10856.0,11552.0,696.0,835.0
-33,-44,7,7,5,10856.0,11600.0,744.0,1007.8
-33,-43,5,5,5,10304.0,11304.0,1000.0,1101.2
-33,-42,1,1,1,10200.0,10632.0,432.0,1101.2
-33,-41,2,2,2,10256.0,11920.0,1664.0,1007.8
-33,-40,4,4,4,11096.0,13000.0,1904.0,1007.8
-33,-39,2,2,2,11712.0,14496.0,2784.0,1101.2
-33,-36,1,2,1,13896.0,17136.0,3240.0,456.5
-33,-35,9,10,4,15376.0,19200.0,3824.0,867.1
-33,-34,12,12,5,16672.0,19264.0,2592.0,867.1
-33,-33,7,8,4,17456.0,20576.0,3120.0,867.1
-33,-32,23,27,2,17088.0,20576.0,3488.0,456.5
-33,-31,18,21,2,16568.0,18848.0,2280.0,456.5
-33,-30,16,18,2,15200.0,16704.0,1504.0,456.5
-33,-29,24,26,3,13328.0,16128.0,2800.0,867.1
-33,-28,17,18,2,12696.0,15544.0,2848.0,456.5
-33,-27,7,9,2,12888.0,16376.0,3488.0,456.5
-33,-26,15,16,2,14168.0,16368.0,2200.0,456.5
-33,-25,21,21,4,14728.0,15296.0,568.0,867.1
-33,-24,18,19,2,14048.0,15376.0,1328.0,456.5
-33,-23,20,22,2,13432.0,15176.0,1744.0,456.5
-33,-22,21,22,9,12632.0,14480.0,1848.0,1007.8
-33,-21,13,14,9,13200.0,15304.0,2104.0,1101.2
-33,-20,37,38,16,14576.0,16256.0,1680.0,1326.5
-33,-19,20,20,13,14192.0,16256.0,2064.0,1326.5
-33,-18,22,22,12,13656.0,15360.0,1704.0,1326.5
-33,-17,24,24,9,13152.0,14872.0,1720.0,1326.5
-33,-16,21,21,8,12288.0,14960.0,2672.0,915.9
-33,-15,7,8,6,10648.0,12880.0,2232.0,1326.5
-33,-14,21,21,7,10144.0,11472.0,1328.0,915.9
-33,-13,20,20,8,8664.0,10888.0,2224.0,1101.2
-33,-12,28,28,8,8368.0,9216.0,848.0,915.9
-33,-11,17,17,11,8352.0,9656.0,1304.0,915.9
-33,-10,5,6,3,8616.0,10800.0,2184.0,915.9
-33,-9,19,19,10,9960.0,12016.0,2056.0,915.9
-33,-8,26,26,13,10416.0,12288.0,1872.0,915.9
-33,-7,20,20,11,11472.0,13880.0,2408.0,915.9
-33,-6,17,17,10,13520.0,15576.0,2056.0,915.9
-33,-5,19,20,10,14984.0,16040.0,1056.0,915.9
-33,-4,15,15,9,15192.0,15976.0,784.0,915.9
-33,-3,21,21,11,14544.0,15656.0,1112.0,915.9
-33,-2,20,21,11,13152.0,15104.0,1952.0,915.9
-33,-1,24,24,8,11376.0,14176.0,2800.0,915.9
-32,0,12,12,7,9088.0,11376.0,2288.0,915.9
-32,1,15,15,8,8696.0,9656.0,960.0,915.9
-32,2,13,13,8,8624.0,9848.0,1224.0,915.9
-32,3,13,13,7,8760.0,9928.0,1168.0,915.9
-32,4,19,19,11,8688.0,10064.0,1376.0,915.9
-32,5,14,14,8,8600.0,10352.0,1752.0,915.9
-32,6,21,21,11,8704.0,10104.0,1400.0,915.9
-32,7,9,9,6,8920.0,10040.0,1120.0,915.9
-32,8,16,16,8,9208.0,10624.0,1416.0,835.0
-32,13,6,7,3,16848.0,19296.0,2448.0,1101.2
-32,14,5,5,3,16504.0,19344.0,2840.0,1101.2
-32,15,9,9,5,15200.0,18528.0,3328.0,1007.8
-32,16,7,7,6,13416.0,17304.0,3888.0,1007.8
-32,18,10,10,8,11592.0,14904.0,3312.0,835.0
-32,19,27,28,11,11560.0,13712.0,2152.0,915.9
-32,20,35,35,14,10856.0,12984.0,2128.0,915.9
-32,21,4,4,3,9848.0,11160.0,1312.0,1101.2
-32,22,1,1,1,9248.0,10040.0,792.0,1007.8
-32,23,1,2,1,9168.0,9600.0,432.0,712.9
-32,24,6,6,3,9296.0,10024.0,728.0,1101.2
-32,25,25,25,10,9648.0,10440.0,792.0,915.9
-32,26,15,15,9,9896.0,10640.0,744.0,1007.8
-32,27,22,22,12,9656.0,10600.0,944.0,1101.2
-32,28,26,26,13,9752.0,10800.0,1048.0,1101.2
-32,29,27,27,10,10512.0,11648.0,1136.0,915.9
-32,30,4,4,2,11200.0,12136.0,936.0,835.0
-32,31,1,1,1,11552.0,13152.0,1600.0,1101.2
-32,32,2,2,2,11664.0,12952.0,1288.0,1101.2
-32,-46,2,3,2,11000.0,11696.0,696.0,781.0
-32,-45,1,1,1,10656.0,11424.0,768.0,1101.2
-32,-44,1,2,1,10448.0,11072.0,624.0,581.9
-32,-43,5,5,4,10112.0,10976.0,864.0,1007.8
-32,-42,3,3,3,9912.0,10416.0,504.0,1101.2
-32,-41,6,6,5,9920.0,11064.0,1144.0,1101.2
-32,-40,7,7,6,10272.0,11840.0,1568.0,1007.8
-32,-39,11,12,6,11208.0,13144.0,1936.0,867.1
-32,-38,1,1,1,11120.0,13216.0,2096.0,743.6
-32,-36,17,17,5,13128.0,15376.0,2248.0,867.1
-32,-35,23,23,5,14064.0,16672.0,2608.0,867.1
-32,-34,17,17,5,15040.0,17704.0,2664.0,867.1
-32,-33,22,24,3,14992.0,17680.0,2688.0,743.6
-32,-32,14,15,3,15616.0,17536.0,1920.0,477.4
-32,-31,15,18,2,15816.0,17096.0,1280.0,456.5
-32,-30,37,39,2,14320.0,16568.0,2248.0,456.5
-32,-29,47,48,2,12696.0,15200.0,2504.0,456.5
-32,-28,6,6,2,12432.0,13328.0,896.0,456.5
-32,-27,7,9,2,12784.0,14944.0,2160.0,456.5
-32,-26,20,21,2,14152.0,14984.0,832.0,456.5
-32,-25,17,17,2,13704.0,15184.0,1480.0,456.5
-32,-24,36,37,2,13272.0,14912.0,1640.0,456.5
-32,-23,30,36,4,12776.0,14616.0,1840.0,867.1
-32,-22,21,22,9,11760.0,13808.0,2048.0,1007.8
-32,-21,35,37,12,12048.0,14576.0,2528.0,1007.8
-32,-20,45,47,13,13448.0,15640.0,2192.0,1101.2
-32,-19,14,14,7,11992.0,15664.0,3672.0,915.9
-32,-18,12,13,6,12104.0,14336.0,2232.0,915.9
-32,-17,20,20,8,11080.0,13952.0,2872.0,915.9
-32,-16,47,47,13,10648.0,13152.0,2504.0,1326.5
-32,-15,20,21,5,10360.0,12288.0,1928.0,915.9
-32,-14,32,32,10,8800.0,10776.0,1976.0,915.9
-32,-13,15,16,9,8072.0,10424.0,2352.0,915.9
-32,-12,27,27,10,7960.0,8632.0,672.0,915.9
-32,-11,18,18,7,8232.0,8848.0,616.0,1326.5
-32,-10,15,15,7,8600.0,10032.0,1432.0,915.9
-32,-9,8,8,6,9696.0,10536.0,840.0,915.9
-32,-8,7,7,6,10376.0,12200.0,1824.0,915.9
-32,-7,12,12,7,11312.0,13560.0,2248.0,915.9
-32,-6,5,5,2,12936.0,15416.0,2480.0,835.0
-32,-5,14,14,10,14824.0,16024.0,1200.0,915.9
-32,-4,14,14,7,14400.0,15936.0,1536.0,915.9
-32,-3,17,17,9,13792.0,15312.0,1520.0,915.9
-32,-2,5,6,4,12088.0,14544.0,2456.0,915.9
-32,-1,10,10,9,10560.0,13152.0,2592.0,867.1
-31,0,22,23,8,8864.0,10560.0,1696.0,915.9
-31,1,13,13,8,7840.0,9264.0,1424.0,915.9
-31,2,21,21,10,7712.0,8880.0,1168.0,915.9
-31,3,16,16,7,7736.0,9128.0,1392.0,915.9
-31,4,14,14,8,7760.0,9128.0,1368.0,915.9
-31,5,8,8,7,7816.0,8824.0,1008.0,915.9
-31,6,8,8,6,7968.0,8920.0,952.0,915.9
-31,7,6,6,5,8344.0,9344.0,1000.0,1326.5
-31,8,1,2,1,9104.0,10696.0,1592.0,712.9
-31,10,17,17,7,11416.0,13736.0,2320.0,915.9
-31,11,20,20,11,13032.0,15136.0,2104.0,915.9
-31,12,5,6,4,14112.0,17144.0,3032.0,1007.8
-31,13,4,5,3,13792.0,17648.0,3856.0,915.9
-31,14,8,8,7,13136.0,17552.0,4416.0,1101.2
-31,15,14,14,7,12688.0,16504.0,3816.0,1101.2
-31,16,35,35,11,13000.0,15200.0,2200.0,915.9
-31,17,5,5,5,11336.0,13416.0,2080.0,1101.2
-31,18,9,9,5,10448.0,12248.0,1800.0,915.9
-31,19,9,9,7,10048.0,11984.0,1936.0,1326.5
-31,20,34,34,12,9728.0,12072.0,2344.0,915.9
-31,21,32,32,11,9640.0,11336.0,1696.0,915.9
-31,22,9,9,8,9016.0,10064.0,1048.0,1101.2
-31,23,5,5,3,8792.0,9560.0,768.0,1007.8
-31,24,5,5,2,8816.0,9688.0,872.0,1007.8
-31,25,21,21,10,9336.0,10064.0,728.0,1101.2
-31,26,20,20,12,9488.0,10280.0,792.0,1101.2
-31,27,21,21,10,9168.0,10208.0,1040.0,1101.2
-31,28,15,15,8,9232.0,10528.0,1296.0,915.9
-31,29,20,20,10,10136.0,11320.0,1184.0,915.9
-31,30,20,20,11,10624.0,12448.0,1824.0,1101.2
-31,31,25,25,11,12048.0,13560.0,1512.0,1101.2
-31,32,11,11,5,12720.0,14216.0,1496.0,915.9
-31,-47,5,5,4,11240.0,12480.0,1240.0,1101.2
-31,-46,6,6,5,11416.0,13080.0,1664.0,1101.2
-31,-45,6,6,4,10656.0,12920.0,2264.0,1007.8
-31,-44,4,4,3,10400.0,11304.0,904.0,835.0
-31,-43,4,5,2,10016.0,10488.0,472.0,1007.8
-31,-42,3,4,2,9776.0,10168.0,392.0,781.0
-31,-41,13,13,7,9688.0,10280.0,592.0,867.1
-31,-40,17,17,4,9704.0,11464.0,1760.0,867.1
-31,-39,14,14,5,9864.0,11528.0,1664.0,867.1
-31,-38,12,12,5,9976.0,11376.0,1400.0,867.1
-31,-37,15,15,5,10120.0,13128.0,3008.0,867.1
-31,-36,21,22,5,11456.0,14096.0,2640.0,867.1
-31,-35,5,6,3,12136.0,15280.0,3144.0,743.6
-31,-34,17,19,3,12440.0,15248.0,2808.0,743.6
-31,-33,11,13,3,14216.0,15800.0,1584.0,867.1
-31,-32,18,18,3,14280.0,16656.0,2376.0,477.4
-31,-31,17,21,2,13344.0,16672.0,3328.0,456.5
-31,-30,30,33,2,12720.0,15816.0,3096.0,456.5
-31,-29,20,21,2,12384.0,14408.0,2024.0,456.5
-31,-28,7,7,2,12432.0,13776.0,1344.0,456.5
-31,-27,8,9,2,12728.0,14896.0,2168.0,456.5
-31,-26,26,27,2,13616.0,14960.0,1344.0,456.5
-31,-25,30,31,2,13464.0,15136.0,1672.0,456.5
-31,-24,49,49,2,13096.0,13704.0,608.0,456.5
-31,-23,22,26,2,12440.0,13864.0,1424.0,456.5
-31,-22,22,23,4,10944.0,12904.0,1960.0,867.1
-31,-21,37,40,11,10936.0,13656.0,2720.0,1326.5
-31,-20,41,44,13,11960.0,13928.0,1968.0,1326.5
-31,-19,31,33,13,10104.0,13448.0,3344.0,1007.8
-31,-18,31,33,10,9992.0,12696.0,2704.0,1101.2
-31,-17,16,16,5,10024.0,12120.0,2096.0,867.1
-31,-16,9,9,5,9464.0,11368.0,1904.0,867.1
-31,-15,22,22,10,10000.0,11576.0,1576.0,1101.2
-31,-14,20,21,6,8560.0,10704.0,2144.0,1101.2
-31,-13,13,13,7,7856.0,8800.0,944.0,1326.5
-31,-12,28,28,11,7408.0,8232.0,824.0,1326.5
-31,-11,21,21,9,7528.0,9136.0,1608.0,915.9
-31,-10,9,9,6,8136.0,9880.0,1744.0,1326.5
-31,-9,27,27,11,9592.0,10712.0,1120.0,915.9
-31,-8,10,11,7,9768.0,12304.0,2536.0,835.0
-31,-7,3,3,3,11920.0,13448.0,1528.0,835.0
-31,-6,19,20,11,12704.0,15368.0,2664.0,915.9
-31,-5,1,2,1,13024.0,15648.0,2624.0,712.9
-31,-4,21,21,7,13472.0,15280.0,1808.0,915.9
-31,-3,20,20,11,12952.0,14464.0,1512.0,1326.5
-31,-2,1,2,1,10288.0,13904.0,3616.0,712.9
-31,-1,12,12,7,8888.0,12200.0,3312.0,1326.5
-30,0,11,11,5,8176.0,9936.0,1760.0,915.9
-30,1,15,15,6,7488.0,8912.0,1424.0,1326.5
-30,2,13,13,8,7080.0,7904.0,824.0,915.9
-30,3,16,16,8,6984.0,7960.0,976.0,915.9
-30,4,26,26,12,6872.0,8048.0,1176.0,915.9
-30,5,24,24,12,6880.0,8048.0,1168.0,915.9
-30,6,23,24,11,7264.0,8512.0,1248.0,1326.5
-30,7,34,34,11,8312.0,9800.0,1488.0,915.9
-30,8,4,4,2,9304.0,12016.0,2712.0,915.9
-30,9,14,15,8,10696.0,13216.0,2520.0,1326.5
-30,10,15,15,9,12744.0,13632.0,888.0,915.9
-30,11,18,18,7,13088.0,14752.0,1664.0,915.9
-30,12,15,15,4,12136.0,15008.0,2872.0,915.9
-30,13,14,14,9,11872.0,14136.0,2264.0,915.9
-30,14,31,31,11,11376.0,14120.0,2744.0,915.9
-30,15,18,18,9,11224.0,13216.0,1992.0,915.9
-30,16,13,13,7,11248.0,13472.0,2224.0,915.9
-30,17,32,32,10,11464.0,13328.0,1864.0,1326.5
-30,18,28,28,10,10384.0,11976.0,1592.0,915.9
-30,19,15,15,7,9584.0,10848.0,1264.0,915.9
-30,20,18,18,11,9200.0,10208.0,1008.0,915.9
-30,21,12,12,9,8992.0,10256.0,1264.0,915.9
-30,22,9,9,6,8488.0,10184.0,1696.0,835.0
-30,23,31,31,12,8432.0,9024.0,592.0,915.9
-30,24,29,29,11,8568.0,9448.0,880.0,1101.2
-30,25,28,28,11,9000.0,9664.0,664.0,1007.8
-30,26,18,19,9,7920.0,9744.0,1824.0,1101.2
-30,27,36,36,12,8592.0,9848.0,1256.0,915.9
-30,28,16,16,9,8904.0,10136.0,1232.0,1101.2
-30,29,20,20,12,9352.0,10680.0,1328.0,1101.2
-30,30,15,15,8,9520.0,12096.0,2576.0,1007.8
-30,31,12,12,8,11232.0,14440.0,3208.0,781.0
-30,32,26,26,9,13608.0,14712.0,1104.0,915.9
-30,33,5,5,4,13184.0,14512.0,1328.0,915.9
-30,-46,5,5,5,11952.0,13032.0,1080.0,1101.2
-30,-45,7,7,4,11152.0,12928.0,1776.0,867.1
-30,-44,9,9,7,10480.0,11808.0,1328.0,915.9
-30,-43,15,15,7,9992.0,10888.0,896.0,1007.8
-30,-42,9,10,4,9656.0,10192.0,536.0,867.1
-30,-41,2,2,1,9296.0,9792.0,496.0,867.1
-30,-40,19,19,4,9208.0,10232.0,1024.0,867.1
-30,-39,17,17,5,9184.0,10256.0,1072.0,867.1
-30,-38,21,21,5,9272.0,10176.0,904.0,867.1
-30,-37,24,24,7,9616.0,11456.0,1840.0,867.1
-30,-36,28,29,5,10416.0,12776.0,2360.0,867.1
-30,-35,29,30,5,10680.0,12656.0,1976.0,867.1
-30,-34,40,42,5,11440.0,14216.0,2776.0,867.1
-30,-33,34,36,4,11448.0,14408.0,2960.0,867.1
-30,-32,11,14,2,12096.0,14528.0,2432.0,456.5
-30,-31,3,4,2,11928.0,14520.0,2592.0,456.5
-30,-30,7,9,2,11696.0,13344.0,1648.0,456.5
-30,-29,10,10,2,12048.0,12936.0,888.0,456.5
-30,-28,33,34,2,12416.0,13896.0,1480.0,456.5
-30,-27,15,18,2,12792.0,14432.0,1640.0,456.5
-30,-26,31,33,2,12104.0,14400.0,2296.0,456.5
-30,-25,40,44,2,11872.0,13776.0,1904.0,456.5
-30,-24,22,24,2,11768.0,13464.0,1696.0,456.5
-30,-23,37,39,2,11696.0,13672.0,1976.0,456.5
-30,-22,14,80,5,9728.0,13024.0,3296.0,867.1
-30,-21,33,39,9,10016.0,12080.0,2064.0,1007.8
-30,-20,35,37,16,10456.0,12536.0,2080.0,915.9
-30,-19,21,22,9,9720.0,11960.0,2240.0,867.1
-30,-18,25,26,8,9480.0,10560.0,1080.0,1326.5
-30,-17,26,28,6,9552.0,10720.0,1168.0,867.1
-30,-16,2,2,2,9520.0,10248.0,728.0,439.9
-30,-15,27,27,7,8424.0,10736.0,2312.0,1101.2
-30,-14,16,18,5,7824.0,10272.0,2448.0,1101.2
-30,-13,41,41,5,7568.0,8696.0,1128.0,1326.5
-30,-12,15,16,4,7512.0,8408.0,896.0,867.1
-30,-11,28,28,12,7616.0,9056.0,1440.0,915.9
-30,-10,7,7,4,7912.0,10240.0,2328.0,1326.5
-30,-9,17,17,11,9712.0,10336.0,624.0,915.9
-30,-8,3,3,3,9712.0,12384.0,2672.0,1326.5
-30,-7,27,27,10,11264.0,12744.0,1480.0,915.9
-30,-6,13,13,8,11312.0,13072.0,1760.0,1326.5
-30,-5,21,21,11,11592.0,13472.0,1880.0,915.9
-30,-4,13,13,6,11656.0,14448.0,2792.0,915.9
-30,-3,14,14,10,11632.0,14216.0,2584.0,915.9
-30,-1,21,21,11,8888.0,10720.0,1832.0,915.9
-29,0,13,13,6,8136.0,10056.0,1920.0,915.9
-29,1,10,10,7,7768.0,8520.0,752.0,915.9
-29,2,16,16,6,7040.0,8024.0,984.0,915.9
-29,3,16,16,9,6768.0,7736.0,968.0,1326.5
-29,4,19,19,8,6360.0,7000.0,640.0,915.9
-29,5,18,18,10,6368.0,7360.0,992.0,915.9
-29,6,5,6,1,6856.0,8312.0,1456.0,915.9
-29,7,20,20,10,8024.0,9960.0,1936.0,915.9
-29,8,17,17,9,9616.0,11992.0,2376.0,915.9
-29,9,23,23,13,11408.0,13096.0,1688.0,1007.8
-29,10,31,31,9,12536.0,13176.0,640.0,915.9
-29,11,13,13,5,12808.0,13392.0,584.0,915.9
-29,12,26,26,11,10872.0,13392.0,2520.0,915.9
-29,13,10,10,7,10128.0,12360.0,2232.0,915.9
-29,14,13,13,7,10016.0,12168.0,2152.0,1326.5
-29,15,14,14,6,9864.0,11480.0,1616.0,915.9
-29,16,27,27,11,10496.0,12160.0,1664.0,915.9
-29,17,30,30,10,10232.0,12168.0,1936.0,915.9
-29,18,15,15,9,10440.0,11992.0,1552.0,1326.5
-29,19,20,20,7,9488.0,10960.0,1472.0,915.9
-29,20,8,8,4,8880.0,9880.0,1000.0,1326.5
-29,22,7,8,6,7904.0,8992.0,1088.0,915.9
-29,23,34,34,11,7936.0,8568.0,632.0,915.9
-29,24,37,37,13,8360.0,9264.0,904.0,1007.8
-29,25,20,20,11,8976.0,9528.0,552.0,1007.8
-29,26,1,2,1,7872.0,9056.0,1184.0,1101.2
-29,27,3,3,2,8016.0,9096.0,1080.0,1101.2
-29,28,14,14,11,8744.0,9376.0,632.0,1101.2
-29,29,40,40,13,8768.0,9576.0,808.0,915.9
-29,30,11,11,8,8752.0,11264.0,2512.0,1101.2
-29,31,5,6,3,10096.0,13680.0,3584.0,835.0
-29,32,37,37,11,12824.0,14688.0,1864.0,915.9
-29,33,14,14,8,13704.0,15008.0,1304.0,915.9
-29,-46,1,1,1,11728.0,12600.0,872.0,581.9
-29,-45,5,5,3,11016.0,12240.0,1224.0,1101.2
-29,-44,13,13,8,10656.0,11520.0,864.0,915.9
-29,-43,8,8,6,10192.0,11712.0,1520.0,867.1
-29,-42,16,16,5,9656.0,11176.0,1520.0,867.1
-29,-41,13,13,5,9112.0,9848.0,736.0,867.1
-29,-40,5,7,3,8944.0,9312.0,368.0,867.1
-29,-39,17,17,5,8776.0,9304.0,528.0,867.1
-29,-38,25,25,5,8760.0,9640.0,880.0,867.1
-29,-37,35,36,5,8952.0,10424.0,1472.0,867.1
-29,-36,44,44,5,9392.0,10824.0,1432.0,867.1
-29,-35,32,35,5,10080.0,12024.0,1944.0,867.1
-29,-34,6,11,5,9392.0,12024.0,2632.0,867.1
-29,-33,20,21,4,9736.0,12368.0,2632.0,743.6
-29,-32,8,9,2,10560.0,12392.0,1832.0,456.5
-29,-31,9,9,2,10216.0,12216.0,2000.0,456.5
-29,-30,11,12,2,10568.0,12416.0,1848.0,456.5
-29,-29,24,27,2,10400.0,12672.0,2272.0,456.5
-29,-28,26,27,2,10712.0,12992.0,2280.0,456.5
-29,-27,14,15,2,11440.0,13376.0,1936.0,456.5
-29,-26,4,9,2,10096.0,13024.0,2928.0,456.5
-29,-25,16,17,2,10336.0,12336.0,2000.0,456.5
-29,-24,21,21,2,10768.0,12096.0,1328.0,456.5
-29,-23,21,24,3,11072.0,12648.0,1576.0,477.4
-29,-22,13,14,3,9504.0,12144.0,2640.0,743.6
-29,-21,4,6,3,9104.0,11040.0,1936.0,743.6
-29,-20,21,22,13,8928.0,10976.0,2048.0,1101.2
-29,-19,36,39,17,8800.0,10832.0,2032.0,1326.5
-29,-18,37,39,14,8608.0,9720.0,1112.0,1101.2
-29,-17,24,25,13,9064.0,10232.0,1168.0,1007.8
-29,-16,33,33,5,9840.0,10336.0,496.0,743.6
-29,-15,8,12,5,7688.0,10088.0,2400.0,743.6
-29,-14,23,24,3,7048.0,8424.0,1376.0,626.3
-29,-13,28,30,5,6656.0,7880.0,1224.0,1101.2
-29,-12,22,22,5,6976.0,8432.0,1456.0,1101.2
-29,-11,27,28,6,6992.0,9192.0,2200.0,1101.2
-29,-10,25,25,12,8176.0,10136.0,1960.0,1326.5
-29,-9,12,12,6,8824.0,10256.0,1432.0,915.9
-29,-8,26,26,10,8936.0,11456.0,2520.0,1326.5
-29,-7,20,20,8,9776.0,11496.0,1720.0,915.9
-29,-6,15,15,7,10832.0,11592.0,760.0,1326.5
-29,-5,26,26,9,10552.0,12048.0,1496.0,915.9
-29,-4,37,37,11,9456.0,11952.0,2496.0,1326.5
-29,-3,13,13,5,8888.0,11984.0,3096.0,915.9
-29,-1,14,14,9,9072.0,10712.0,1640.0,1326.5
-28,0,22,22,9,7256.0,9072.0,1816.0,1326.5
-28,1,34,34,9,6416.0,8520.0,2104.0,915.9
-28,2,9,9,5,6424.0,8072.0,1648.0,915.9
-28,3,20,20,11,6784.0,8016.0,1232.0,1007.8
-28,4,13,13,8,6072.0,7232.0,1160.0,1326.5
-28,5,12,12,6,6088.0,6952.0,864.0,1326.5
-28,6,15,15,6,6672.0,8768.0,2096.0,915.9
-28,7,11,11,8,8072.0,10232.0,2160.0,915.9
-28,8,11,11,8,9792.0,11664.0,1872.0,1326.5
-28,9,26,26,10,10648.0,12584.0,1936.0,915.9
-28,10,10,10,7,10800.0,12960.0,2160.0,915.9
-28,11,12,12,8,10944.0,13168.0,2224.0,1326.5
-28,12,17,18,7,9872.0,12984.0,3112.0,835.0
-28,13,13,13,11,8600.0,10968.0,2368.0,915.9
-28,14,20,20,9,9376.0,10968.0,1592.0,915.9
-28,15,15,15,9,8832.0,10496.0,1664.0,915.9
-28,16,26,26,12,9672.0,11200.0,1528.0,915.9
-28,17,21,21,5,9256.0,11136.0,1880.0,915.9
-28,18,14,14,5,9296.0,11040.0,1744.0,915.9
-28,19,16,16,8,9392.0,10576.0,1184.0,915.9
-28,20,15,15,6,8880.0,9776.0,896.0,915.9
-28,21,1,1,1,8312.0,9552.0,1240.0,781.0
-28,22,33,33,12,7832.0,8696.0,864.0,915.9
-28,23,40,40,12,7840.0,8848.0,1008.0,915.9
-28,24,50,50,13,8432.0,9096.0,664.0,915.9
-28,25,31,31,13,8512.0,9120.0,608.0,915.9
-28,26,26,26,13,7872.0,9000.0,1128.0,1007.8
-28,27,32,32,11,7872.0,8800.0,928.0,1101.2
-28,28,36,36,12,8336.0,8976.0,640.0,1101.2
-28,29,20,20,9,8360.0,8888.0,528.0,1101.2
-28,30,26,26,13,8352.0,10232.0,1880.0,1101.2
-28,31,1,1,1,9360.0,12760.0,3400.0,915.9
-28,32,15,15,9,11360.0,14744.0,3384.0,915.9
-28,33,12,12,8,13672.0,15032.0,1360.0,915.9
-28,-45,3,3,3,10784.0,11752.0,968.0,1007.8
-28,-44,7,7,5,11088.0,12344.0,1256.0,1101.2
-28,-43,3,3,2,11176.0,12320.0,1144.0,867.1
-28,-42,8,9,5,9848.0,12016.0,2168.0,835.0
-28,-41,4,5,4,8944.0,11088.0,2144.0,867.1
-28,-40,15,15,5,8648.0,9112.0,464.0,1101.2
-28,-39,7,8,5,8432.0,8944.0,512.0,867.1
-28,-38,24,25,5,8424.0,8952.0,528.0,867.1
-28,-37,20,20,5,8408.0,9608.0,1200.0,867.1
-28,-36,25,27,5,8448.0,10080.0,1632.0,867.1
-28,-35,14,15,4,8688.0,10624.0,1936.0,867.1
-28,-34,17,19,2,8592.0,10152.0,1560.0,456.5
-28,-33,7,10,3,8784.0,11320.0,2536.0,743.6
-28,-32,15,16,2,8544.0,11272.0,2728.0,456.5
-28,-31,8,8,2,9104.0,10696.0,1592.0,456.5
-28,-30,7,12,2,9520.0,10712.0,1192.0,456.5
-28,-29,5,8,2,9976.0,10712.0,736.0,456.5
-28,-28,5,6,2,10096.0,11512.0,1416.0,456.5
-28,-27,5,6,2,10096.0,11848.0,1752.0,456.5
-28,-26,2,2,2,9784.0,11440.0,1656.0,456.5
-28,-25,9,9,2,9912.0,10896.0,984.0,456.5
-28,-24,2,5,1,10104.0,11736.0,1632.0,456.5
-28,-23,17,18,2,9336.0,11848.0,2512.0,456.5
-28,-22,5,7,4,9344.0,11072.0,1728.0,743.6
-28,-21,35,35,5,7792.0,9768.0,1976.0,867.1
-28,-20,34,34,13,7744.0,9704.0,1960.0,915.9
-28,-19,31,35,14,7352.0,9904.0,2552.0,1007.8
-28,-18,34,34,14,7216.0,9080.0,1864.0,1007.8
-28,-17,37,42,14,7472.0,10016.0,2544.0,1007.8
-28,-16,36,40,17,8168.0,10120.0,1952.0,1101.2
-28,-15,25,26,14,7808.0,10024.0,2216.0,1101.2
-28,-14,29,33,12,6232.0,8272.0,2040.0,1326.5
-28,-13,16,16,6,5976.0,7176.0,1200.0,915.9
-28,-12,14,14,5,6048.0,7376.0,1328.0,1007.8
-28,-11,23,23,6,6224.0,8176.0,1952.0,1326.5
-28,-10,24,24,5,7256.0,8864.0,1608.0,1101.2
-28,-9,18,20,7,7984.0,9640.0,1656.0,1101.2
-28,-8,6,7,5,8200.0,10064.0,1864.0,1101.2
-28,-7,12,13,8,9248.0,10984.0,1736.0,1101.2
-28,-6,13,13,10,9632.0,11328.0,1696.0,915.9
-28,-5,17,19,10,9056.0,11040.0,1984.0,1101.2
-28,-4,16,19,8,8272.0,10936.0,2664.0,1326.5
-28,-3,7,8,4,7816.0,9560.0,1744.0,1326.5
-28,-1,16,16,8,8072.0,10008.0,1936.0,915.9
-27,0,22,23,9,7168.0,8280.0,1112.0,915.9
-27,1,22,23,10,6272.0,7760.0,1488.0,915.9
-27,2,25,25,11,6272.0,7584.0,1312.0,915.9
-27,3,14,15,12,6272.0,7648.0,1376.0,1326.5
-27,4,17,18,10,5784.0,6784.0,1000.0,915.9
-27,5,28,29,8,6040.0,7144.0,1104.0,915.9
-27,6,17,19,8,6896.0,8928.0,2032.0,915.9
-27,7,28,30,10,8392.0,10232.0,1840.0,915.9
-27,8,20,21,13,9392.0,11024.0,1632.0,1326.5
-27,9,20,24,10,10512.0,12064.0,1552.0,1101.2
-27,10,13,16,8,10208.0,11496.0,1288.0,915.9
-27,11,26,29,9,8848.0,11784.0,2936.0,915.9
-27,12,21,21,11,8648.0,11072.0,2424.0,1183.3
-27,13,12,13,7,7776.0,9872.0,2096.0,1326.5
-27,14,19,20,8,8216.0,9744.0,1528.0,915.9
-27,15,39,41,12,8248.0,9712.0,1464.0,915.9
-27,16,33,33,6,8800.0,10488.0,1688.0,915.9
-27,17,9,9,5,8512.0,10456.0,1944.0,915.9
-27,18,22,23,7,9160.0,10520.0,1360.0,915.9
-27,19,47,47,10,9384.0,10216.0,832.0,915.9
-27,20,33,33,13,9032.0,9984.0,952.0,1326.5
-27,21,18,22,6,8232.0,9544.0,1312.0,915.9
-27,22,29,30,11,7608.0,8656.0,1048.0,915.9
-27,23,40,40,11,7432.0,8808.0,1376.0,915.9
-27,24,23,23,12,7736.0,8992.0,1256.0,915.9
-27,25,54,55,11,8040.0,9080.0,1040.0,915.9
-27,26,37,39,10,7872.0,8864.0,992.0,915.9
-27,27,23,23,10,8224.0,9024.0,800.0,915.9
-27,28,15,15,8,8040.0,8664.0,624.0,1007.8
-27,29,39,39,12,7952.0,8848.0,896.0,1007.8
-27,30,36,36,12,7968.0,9472.0,1504.0,1101.2
-27,31,31,31,12,9200.0,11496.0,2296.0,915.9
-27,32,24,24,13,11184.0,13672.0,2488.0,1101.2
-27,33,22,22,11,12328.0,14376.0,2048.0,1007.8
-27,-44,6,6,4,11336.0,12760.0,1424.0,1101.2
-27,-41,4,4,4,9056.0,11208.0,2152.0,1007.8
-27,-39,7,8,2,8152.0,8680.0,528.0,456.5
-27,-38,7,7,4,7888.0,8560.0,672.0,867.1
-27,-37,15,17,4,7824.0,8720.0,896.0,867.1
-27,-36,9,9,2,7592.0,8912.0,1320.0,456.5
-27,-35,3,3,2,7880.0,8992.0,1112.0,456.5
-27,-34,7,9,2,7920.0,8872.0,952.0,456.5
-27,-33,8,20,2,8112.0,9144.0,1032.0,456.5
-27,-32,7,9,2,8112.0,9120.0,1008.0,456.5
-27,-25,5,6,2,8136.0,10208.0,2072.0,456.5
-27,-24,11,13,2,7792.0,11112.0,3320.0,456.5
-27,-23,7,8,2,7672.0,10104.0,2432.0,456.5
-27,-21,17,18,4,6712.0,9760.0,3048.0,867.1
-27,-20,38,43,16,6712.0,8696.0,1984.0,1007.8
-27,-19,41,43,16,6048.0,8544.0,2496.0,1101.2
-27,-18,25,26,11,5624.0,7472.0,1848.0,1101.2
-27,-17,23,25,12,6064.0,8304.0,2240.0,1101.2
-27,-16,35,38,19,7120.0,8920.0,1800.0,1101.2
-27,-15,41,45,18,6584.0,8864.0,2280.0,1326.5
-27,-14,41,41,15,5704.0,7808.0,2104.0,1007.8
-27,-13,23,23,12,5488.0,6232.0,744.0,1007.8
-27,-12,11,14,4,5496.0,6480.0,984.0,915.9
-27,-11,26,28,9,5504.0,7600.0,2096.0,1101.2
-27,-10,22,22,6,6264.0,8416.0,2152.0,1007.8
-27,-9,24,24,4,6528.0,8912.0,2384.0,1007.8
-27,-8,7,8,3,7480.0,9256.0,1776.0,626.3
-27,-7,32,33,9,7728.0,10120.0,2392.0,1326.5
-27,-6,25,25,7,8216.0,10128.0,1912.0,1326.5
-27,-5,34,34,7,7464.0,9760.0,2296.0,1101.2
-27,-4,22,23,5,7496.0,9288.0,1792.0,1326.5
-27,-3,29,29,8,7272.0,8384.0,1112.0,1326.5
-27,-2,30,30,12,7280.0,8952.0,1672.0,1326.5
-27,-1,21,22,7,7272.0,8952.0,1680.0,915.9
-26,0,36,37,12,7032.0,8184.0,1152.0,915.9
-26,1,30,32,13,6272.0,7728.0,1456.0,915.9
-26,2,30,33,12,6056.0,6984.0,928.0,915.9
-26,3,24,26,13,5704.0,6840.0,1136.0,1007.8
-26,4,28,28,11,5336.0,6368.0,1032.0,915.9
-26,5,23,23,12,5728.0,6944.0,1216.0,915.9
-26,6,16,19,10,6688.0,8456.0,1768.0,915.9
-26,7,23,26,10,8272.0,9792.0,1520.0,1326.5
-26,8,38,39,16,8800.0,10512.0,1712.0,1101.2
-26,9,36,39,14,9064.0,10976.0,1912.0,1007.8
-26,10,27,31,14,8520.0,10776.0,2256.0,1101.2
-26,11,19,21,10,7504.0,10216.0,2712.0,1183.3
-26,12,37,41,12,7216.0,9256.0,2040.0,1101.2
-26,13,12,13,10,6568.0,8648.0,2080.0,915.9
-26,14,31,33,12,6600.0,9200.0,2600.0,915.9
-26,15,27,28,11,7760.0,9112.0,1352.0,915.9
-26,16,28,31,7,8536.0,9536.0,1000.0,915.9
-26,17,17,22,10,8480.0,10088.0,1608.0,915.9
-26,18,13,17,8,9208.0,10168.0,960.0,1007.8
-26,19,32,35,13,9320.0,10336.0,1016.0,1007.8
-26,20,39,39,13,9088.0,10288.0,1200.0,915.9
-26,21,33,34,11,8072.0,9320.0,1248.0,915.9
-26,22,38,40,9,7512.0,8464.0,952.0,915.9
-26,23,41,41,13,7448.0,7896.0,448.0,915.9
-26,24,43,44,15,7632.0,8288.0,656.0,915.9
-26,25,38,40,12,7640.0,8672.0,1032.0,915.9
-26,26,38,41,10,7720.0,8528.0,808.0,915.9
-26,27,30,30,10,8088.0,9048.0,960.0,915.9
-26,28,22,22,10,8064.0,8608.0,544.0,915.9
-26,29,29,29,15,7672.0,8344.0,672.0,1101.2
-26,30,38,38,11,7624.0,9464.0,1840.0,915.9
-26,31,11,12,7,7672.0,11080.0,3408.0,915.9
-26,34,2,2,1,10816.0,13816.0,3000.0,712.9
-26,35,8,8,2,10008.0,13312.0,3304.0,835.0
-26,-45,4,4,4,11280.0,13016.0,1736.0,1101.2
-26,-44,2,2,2,11848.0,12768.0,920.0,1007.8
-26,-42,3,3,2,9928.0,11848.0,1920.0,1007.8
-26,-39,20,20,5,8072.0,8824.0,752.0,867.1
-26,-38,9,9,5,7760.0,8288.0,528.0,867.1
-26,-37,18,18,5,7320.0,8000.0,680.0,867.1
-26,-33,5,5,2,7768.0,8560.0,792.0,456.5
-26,-32,1,1,1,7656.0,8816.0,1160.0,456.5
-26,-24,4,6,2,6488.0,9264.0,2776.0,456.5
-26,-23,10,12,2,6552.0,7952.0,1400.0,456.5
-26,-21,17,21,5,6400.0,7728.0,1328.0,743.6
-26,-20,15,16,3,5600.0,7504.0,1904.0,867.1
-26,-19,22,22,9,4768.0,7472.0,2704.0,915.9
-26,-18,14,15,5,4768.0,6064.0,1296.0,867.1
-26,-17,15,16,9,5672.0,7208.0,1536.0,1007.8
-26,-16,31,32,16,6072.0,7296.0,1224.0,1007.8
-26,-15,40,41,11,5936.0,7144.0,1208.0,1007.8
-26,-14,40,41,14,5552.0,6592.0,1040.0,1326.5
-26,-13,13,129,8,5408.0,5720.0,312.0,1101.2
-26,-12,5,42,3,5328.0,5640.0,312.0,1101.2
-26,-11,39,39,13,5360.0,6264.0,904.0,1326.5
-26,-10,35,35,8,5488.0,7272.0,1784.0,1326.5
-26,-9,31,33,10,5968.0,7648.0,1680.0,1007.8
-26,-8,37,39,8,6904.0,8208.0,1304.0,1326.5
-26,-7,37,40,8,6440.0,8584.0,2144.0,1101.2
-26,-6,46,47,7,7016.0,8640.0,1624.0,1101.2
-26,-5,36,36,4,7168.0,8216.0,1048.0,626.3
-26,-4,25,25,7,6832.0,7968.0,1136.0,915.9
-26,-3,26,27,4,6784.0,8056.0,1272.0,1007.8
-26,-2,25,26,3,7040.0,8672.0,1632.0,626.3
-26,-1,28,30,11,7792.0,8800.0,1008.0,1326.5
-25,0,28,31,11,6952.0,8264.0,1312.0,835.0
-25,1,16,16,11,6536.0,7248.0,712.0,835.0
-25,2,19,21,7,5944.0,6816.0,872.0,636.3
-25,3,12,18,8,5408.0,6592.0,1184.0,636.3
-25,4,23,23,9,5064.0,6000.0,936.0,915.9
-25,5,30,31,14,5872.0,7048.0,1176.0,1007.8
-25,6,13,15,9,6536.0,8592.0,2056.0,915.9
-25,7,15,17,6,7936.0,9288.0,1352.0,915.9
-25,8,26,28,14,7896.0,9528.0,1632.0,1101.2
-25,9,31,36,13,8032.0,9736.0,1704.0,915.9
-25,10,22,25,13,7824.0,9528.0,1704.0,1101.2
-25,11,45,47,11,6264.0,8520.0,2256.0,1007.8
-25,12,23,27,11,5624.0,7504.0,1880.0,1007.8
-25,13,17,19,13,5664.0,7392.0,1728.0,1183.3
-25,14,51,54,15,6208.0,7760.0,1552.0,1326.5
-25,15,44,47,16,7288.0,8568.0,1280.0,1101.2
-25,16,42,50,17,8040.0,8920.0,880.0,1101.2
-25,17,31,41,14,8712.0,9704.0,992.0,915.9
-25,18,92,93,18,9040.0,9704.0,664.0,1326.5
-25,19,36,38,16,9048.0,9920.0,872.0,1183.3
-25,20,36,38,10,9096.0,9848.0,752.0,915.9
-25,21,51,65,13,8072.0,9440.0,1368.0,1101.2
-25,22,36,37,13,7568.0,8344.0,776.0,915.9
-25,23,40,41,13,7352.0,7808.0,456.0,915.9
-25,24,40,40,12,7496.0,8216.0,720.0,915.9
-25,25,43,45,11,7656.0,8248.0,592.0,915.9
-25,26,51,53,11,7960.0,8584.0,624.0,915.9
-25,27,29,29,12,8080.0,8832.0,752.0,915.9
-25,28,33,33,11,7864.0,8856.0,992.0,915.9
-25,29,24,24,10,7464.0,8344.0,880.0,915.9
-25,30,22,22,10,7304.0,7720.0,416.0,915.9
-25,31,19,19,11,7192.0,8312.0,1120.0,915.9
-25,32,5,5,3,6992.0,9080.0,2088.0,1101.2
-25,33,2,3,2,7256.0,10816.0,3560.0,1101.2
-25,34,3,3,2,8704.0,11248.0,2544.0,835.0
-25,35,2,2,2,9192.0,11152.0,1960.0,835.0
-25,36,4,4,2,8168.0,10024.0,1856.0,835.0
-25,-45,3,3,2,12080.0,13824.0,1744.0,1101.2
-25,-44,3,3,2,11992.0,13600.0,1608.0,1101.2
-25,-43,2,3,2,10320.0,12640.0,2320.0,581.9
-25,-42,6,6,5,9904.0,11056.0,1152.0,915.9
-25,-41,2,2,2,9544.0,10792.0,1248.0,1007.8
-25,-39,22,22,5,8256.0,9224.0,968.0,867.1
-25,-38,21,23,4,7280.0,8784.0,1504.0,867.1
-25,-33,1,1,1,7432.0,7840.0,408.0,456.5
-25,-32,4,4,2,7536.0,8176.0,640.0,456.5
-25,-20,2,3,2,5088.0,6560.0,1472.0,867.1
-25,-19,11,12,4,4712.0,5600.0,888.0,867.1
-25,-18,9,11,4,4648.0,5808.0,1160.0,743.6
-25,-17,10,11,5,4824.0,6080.0,1256.0,867.1
-25,-16,12,12,6,4800.0,6968.0,2168.0,867.1
-25,-15,14,15,6,5328.0,6904.0,1576.0,867.1
-25,-14,40,41,7,4584.0,5936.0,1352.0,1101.2
-25,-13,27,30,6,4304.0,5680.0,1376.0,1101.2
-25,-12,33,33,6,4360.0,5408.0,1048.0,1326.5
-25,-11,20,20,6,4472.0,5832.0,1360.0,1101.2
-25,-10,34,34,6,4200.0,6088.0,1888.0,1101.2
-25,-9,27,29,7,4216.0,7248.0,3032.0,1007.8
-25,-8,38,46,8,5016.0,7440.0,2424.0,1326.5
-25,-7,42,43,7,5112.0,7016.0,1904.0,1101.2
-25,-6,25,26,6,5840.0,7408.0,1568.0,1326.5
-25,-5,47,48,6,6104.0,7440.0,1336.0,1101.2
-25,-4,20,36,6,6424.0,7496.0,1072.0,1326.5
-25,-3,32,34,6,6832.0,8400.0,1568.0,1326.5
-25,-2,29,31,5,7472.0,8648.0,1176.0,1326.5
-25,-1,39,44,11,7960.0,8824.0,864.0,1326.5
-24,0,26,28,12,6464.0,7960.0,1496.0,1007.8
-24,1,21,21,9,6032.0,6984.0,952.0,781.0
-24,2,17,18,7,5912.0,6672.0,760.0,781.0
-24,3,21,22,11,5784.0,6592.0,808.0,915.9
-24,4,14,15,9,5104.0,5984.0,880.0,915.9
-24,5,25,27,13,5664.0,6600.0,936.0,915.9
-24,6,23,26,10,6112.0,7960.0,1848.0,915.9
-24,7,25,26,8,6792.0,8512.0,1720.0,915.9
-24,8,32,36,10,7272.0,8928.0,1656.0,1326.5
-24,9,35,37,14,7296.0,8768.0,1472.0,1007.8
-24,10,23,24,6,6440.0,8464.0,2024.0,1183.3
-24,11,31,40,11,5392.0,7872.0,2480.0,915.9
-24,12,24,24,12,5256.0,6264.0,1008.0,1326.5
-24,13,21,22,8,5568.0,6776.0,1208.0,1007.8
-24,14,30,31,11,6360.0,7520.0,1160.0,1101.2
-24,15,70,71,17,7400.0,8408.0,1008.0,1326.5
-24,16,65,66,19,7944.0,8816.0,872.0,1101.2
-24,17,47,48,17,7992.0,9064.0,1072.0,1326.5
-24,18,71,74,16,8056.0,9528.0,1472.0,1101.2
-24,19,27,27,14,8784.0,9632.0,848.0,1007.8
-24,20,54,55,7,9080.0,9672.0,592.0,1007.8
-24,21,62,62,12,8080.0,9440.0,1360.0,915.9
-24,22,37,39,13,7472.0,8568.0,1096.0,915.9
-24,23,39,39,15,7440.0,7824.0,384.0,915.9
-24,24,45,46,12,7416.0,8032.0,616.0,915.9
-24,25,39,39,13,7656.0,8144.0,488.0,915.9
-24,26,51,53,12,7888.0,9352.0,1464.0,915.9
-24,27,41,44,12,8296.0,10888.0,2592.0,915.9
-24,28,36,36,11,7864.0,10880.0,3016.0,915.9
-24,29,5,5,5,7416.0,10144.0,2728.0,781.0
-24,30,15,15,10,7080.0,8152.0,1072.0,915.9
-24,31,21,21,9,6864.0,7400.0,536.0,915.9
-24,32,2,2,1,6672.0,7264.0,592.0,835.0
-24,33,2,2,2,6728.0,8704.0,1976.0,835.0
-24,34,5,5,3,7184.0,9904.0,2720.0,1007.8
-24,35,3,4,2,7856.0,9792.0,1936.0,835.0
-24,36,3,3,2,6984.0,9192.0,2208.0,835.0
-24,-45,3,3,3,11112.0,13808.0,2696.0,1101.2
-24,-44,2,2,2,12016.0,13608.0,1592.0,1101.2
-24,-42,7,7,5,10048.0,11152.0,1104.0,1007.8
-24,-41,1,1,1,9456.0,10696.0,1240.0,581.9
-24,-40,1,1,1,8952.0,10360.0,1408.0,867.1
-24,-39,13,14,5,8664.0,9728.0,1064.0,867.1
-24,-38,10,10,3,7184.0,9344.0,2160.0,867.1
-24,-37,7,7,5,6896.0,7384.0,488.0,867.1
-24,-36,3,5,2,6152.0,7312.0,1160.0,456.5
-24,-33,1,2,1,6840.0,7888.0,1048.0,456.5
-24,-32,3,4,2,6736.0,8192.0,1456.0,456.5
-24,-21,1,3,1,4704.0,5448.0,744.0,743.6
-24,-20,3,4,2,4840.0,5512.0,672.0,743.6
-24,-19,5,5,5,4608.0,5088.0,480.0,867.1
-24,-18,9,10,2,4216.0,4968.0,752.0,867.1
-24,-17,8,11,3,4720.0,5632.0,912.0,867.1
-24,-16,13,13,5,4264.0,5512.0,1248.0,867.1
-24,-15,12,13,7,4200.0,5704.0,1504.0,1007.8
-24,-14,26,30,6,3568.0,5328.0,1760.0,1326.5
-24,-13,28,63,6,3464.0,4680.0,1216.0,1326.5
-24,-12,41,41,8,3200.0,4592.0,1392.0,1101.2
-24,-11,45,51,10,3600.0,4792.0,1192.0,1326.5
-24,-10,32,38,10,2920.0,4776.0,1856.0,1326.5
-24,-9,22,24,7,2712.0,5744.0,3032.0,1326.5
-24,-8,28,28,6,3816.0,5592.0,1776.0,1101.2
-24,-7,39,39,8,4520.0,5840.0,1320.0,1326.5
-24,-6,47,47,7,5432.0,6136.0,704.0,1326.5
-24,-5,24,26,6,5184.0,7056.0,1872.0,1101.2
-24,-4,24,25,9,5760.0,7032.0,1272.0,1326.5
-24,-3,39,40,9,6560.0,8096.0,1536.0,1326.5
-24,-2,32,35,11,6600.0,8112.0,1512.0,1101.2
-24,-1,35,37,13,6736.0,8352.0,1616.0,1326.5
-23,0,30,90,12,6416.0,7192.0,776.0,1007.8
-23,1,14,18,8,6032.0,6536.0,504.0,781.0
-23,2,20,20,8,5296.0,6424.0,1128.0,835.0
-23,3,13,14,9,5144.0,5968.0,824.0,915.9
-23,4,18,20,10,5160.0,5816.0,656.0,915.9
-23,5,10,11,7,5232.0,6112.0,880.0,1183.3
-23,6,12,16,5,5648.0,6912.0,1264.0,915.9
-23,7,29,44,14,6256.0,7736.0,1480.0,1101.2
-23,8,24,28,12,6784.0,7688.0,904.0,915.9
-23,9,30,94,11,6984.0,7680.0,696.0,1183.3
-23,10,41,51,10,6192.0,7680.0,1488.0,1007.8
-23,11,40,41,14,4464.0,6528.0,2064.0,1007.8
-23,12,1,2,1,4456.0,5856.0,1400.0,437.0
-23,13,6,9,6,5032.0,6552.0,1520.0,915.9
-23,14,33,36,10,6048.0,7504.0,1456.0,915.9
-23,15,67,72,16,7264.0,8088.0,824.0,1183.3
-23,16,73,76,16,7208.0,8128.0,920.0,1101.2
-23,17,53,55,13,7192.0,8312.0,1120.0,1101.2
-23,18,35,39,13,7184.0,8792.0,1608.0,915.9
-23,19,51,53,9,7552.0,9584.0,2032.0,1326.5
-23,20,74,75,10,8280.0,9592.0,1312.0,915.9
-23,21,63,65,12,8336.0,9528.0,1192.0,915.9
-23,22,33,36,10,7760.0,8952.0,1192.0,915.9
-23,23,47,47,13,7600.0,8680.0,1080.0,915.9
-23,24,50,50,13,7464.0,8120.0,656.0,915.9
-23,25,48,48,13,7808.0,8616.0,808.0,915.9
-23,26,45,47,11,7968.0,9832.0,1864.0,915.9
-23,27,33,33,12,9216.0,11560.0,2344.0,915.9
-23,28,43,43,13,10144.0,11736.0,1592.0,915.9
-23,30,1,1,1,7064.0,9256.0,2192.0,437.0
-23,31,8,8,7,6816.0,7576.0,760.0,835.0
-23,32,5,5,3,6576.0,7104.0,528.0,1101.2
-23,33,9,9,4,6400.0,7232.0,832.0,1101.2
-23,34,6,6,3,6240.0,7856.0,1616.0,1101.2
-23,35,3,3,2,6264.0,8704.0,2440.0,835.0
-23,-44,5,5,5,10688.0,12920.0,2232.0,1101.2
-23,-42,3,3,3,9920.0,12168.0,2248.0,1101.2
-23,-40,6,6,3,8680.0,9800.0,1120.0,867.1
-23,-39,2,3,1,8352.0,9656.0,1304.0,743.6
-23,-38,2,3,1,6872.0,9344.0,2472.0,743.6
-23,-37,22,22,5,6472.0,7264.0,792.0,867.1
-23,-36,2,3,1,6048.0,7080.0,1032.0,456.5
-23,-35,5,7,2,5896.0,6760.0,864.0,456.5
-23,-34,1,1,1,6216.0,6880.0,664.0,456.5
-23,-33,2,4,1,6208.0,7448.0,1240.0,456.5
-23,-32,1,1,1,6480.0,7600.0,1120.0,456.5
-23,-29,4,6,2,5784.0,8232.0,2448.0,477.4
-23,-28,1,1,1,5920.0,8192.0,2272.0,456.5
-23,-27,1,4,1,5384.0,6824.0,1440.0,456.5
-23,-20,4,4,3,4224.0,5216.0,992.0,867.1
-23,-18,18,20,7,3984.0,5272.0,1288.0,867.1
-23,-17,5,9,4,4064.0,5528.0,1464.0,867.1
-23,-16,6,6,4,3992.0,5232.0,1240.0,867.1
-23,-15,8,8,5,3688.0,4328.0,640.0,867.1
-23,-14,24,25,6,3064.0,4208.0,1144.0,1326.5
-23,-13,31,90,5,2648.0,3584.0,936.0,1101.2
-23,-12,31,45,5,2648.0,3600.0,952.0,1101.2
-23,-11,16,24,6,2752.0,4376.0,1624.0,1101.2
-23,-10,31,38,8,2496.0,4288.0,1792.0,1326.5
-23,-9,19,20,6,2512.0,4200.0,1688.0,1101.2
-23,-8,28,30,7,2792.0,4824.0,2032.0,1326.5
-23,-7,26,26,6,3960.0,5440.0,1480.0,1326.5
-23,-6,22,24,6,3688.0,5624.0,1936.0,1326.5
-23,-5,36,104,13,4816.0,5760.0,944.0,1326.5
-23,-4,20,21,7,5304.0,6728.0,1424.0,1326.5
-23,-3,25,26,9,5728.0,7024.0,1296.0,1326.5
-23,-2,20,60,7,5888.0,6808.0,920.0,1326.5
-23,-1,25,117,6,6200.0,6864.0,664.0,1007.8
-22,0,20,143,10,6080.0,6496.0,416.0,1326.5
-22,1,19,26,11,6112.0,6576.0,464.0,1007.8
-22,2,8,27,7,4360.0,6432.0,2072.0,781.0
-22,3,21,23,9,4120.0,5552.0,1432.0,915.9
-22,4,13,15,6,4136.0,5560.0,1424.0,915.9
-22,5,3,14,3,4328.0,5648.0,1320.0,915.9
-22,7,10,11,5,5568.0,6920.0,1352.0,915.9
-22,8,28,39,13,6248.0,7136.0,888.0,1007.8
-22,9,11,51,3,6584.0,7040.0,456.0,915.9
-22,10,36,52,11,5728.0,7016.0,1288.0,915.9
-22,11,6,9,5,4176.0,6192.0,2016.0,1007.8
-22,13,14,14,9,4744.0,6096.0,1352.0,915.9
-22,14,33,34,11,5656.0,7264.0,1608.0,835.0
-22,15,36,55,10,6608.0,7880.0,1272.0,915.9
-22,16,34,34,11,6920.0,7712.0,792.0,915.9
-22,17,60,62,12,7128.0,7880.0,752.0,915.9
-22,18,26,27,10,7144.0,7848.0,704.0,915.9
-22,19,18,18,7,7120.0,8280.0,1160.0,915.9
-22,20,29,31,8,7200.0,8432.0,1232.0,915.9
-22,21,21,26,5,7128.0,8968.0,1840.0,915.9
-22,22,8,12,4,4880.0,8944.0,4064.0,781.0
-22,23,39,41,13,7808.0,8624.0,816.0,915.9
-22,24,48,48,12,7808.0,8440.0,632.0,915.9
-22,25,51,52,12,8096.0,9192.0,1096.0,915.9
-22,26,31,35,9,8384.0,10424.0,2040.0,915.9
-22,27,41,41,13,9776.0,11656.0,1880.0,915.9
-22,28,54,54,12,10816.0,11776.0,960.0,915.9
-22,29,5,5,4,9216.0,11712.0,2496.0,915.9
-22,-44,3,3,2,10184.0,13096.0,2912.0,1101.2
-22,-43,6,6,5,12168.0,13112.0,944.0,1007.8
-22,-42,6,6,5,10704.0,12552.0,1848.0,915.9
-22,-40,14,14,5,8632.0,9984.0,1352.0,867.1
-22,-39,17,17,4,7952.0,8856.0,904.0,867.1
-22,-38,47,47,5,6856.0,8352.0,1496.0,867.1
-22,-37,16,18,5,6360.0,7496.0,1136.0,867.1
-22,-34,3,3,1,5752.0,6752.0,1000.0,456.5
-22,-32,2,2,2,5704.0,6648.0,944.0,456.5
-22,-31,5,5,2,5720.0,6584.0,864.0,456.5
-22,-30,3,3,2,5496.0,6368.0,872.0,456.5
-22,-29,6,9,3,5520.0,6624.0,1104.0,477.4
-22,-28,4,5,3,5312.0,6352.0,1040.0,867.1
-22,-27,4,6,3,5192.0,6304.0,1112.0,477.4
-22,-20,4,4,3,4192.0,4752.0,560.0,743.6
-22,-19,11,11,5,3752.0,4488.0,736.0,867.1
-22,-18,19,19,5,3704.0,4336.0,632.0,867.1
-22,-17,7,8,3,3280.0,5136.0,1856.0,743.6
-22,-16,9,9,5,3080.0,4576.0,1496.0,867.1
-22,-15,9,10,6,2792.0,4200.0,1408.0,867.1
-22,-14,19,21,5,2576.0,4040.0,1464.0,1101.2
-22,-13,13,22,3,2584.0,3136.0,552.0,626.3
-22,-12,5,109,5,2616.0,2760.0,144.0,1326.5
-22,-11,15,38,5,2448.0,2912.0,464.0,1101.2
-22,-10,23,110,7,1592.0,2840.0,1248.0,1326.5
-22,-9,3,351,3,1592.0,2880.0,1288.0,1007.8
-22,-8,25,30,9,2016.0,3960.0,1944.0,1101.2
-22,-7,16,19,5,2984.0,4464.0,1480.0,1101.2
-22,-6,28,29,6,3520.0,4904.0,1384.0,1326.5
-22,-5,28,123,8,4768.0,5464.0,696.0,1101.2
-22,-4,34,91,11,5288.0,5800.0,512.0,1101.2
-22,-3,4,194,4,5456.0,5888.0,432.0,1101.2
-22,-2,3,234,2,5392.0,6200.0,808.0,626.3
-22,-1,12,98,4,5992.0,6488.0,496.0,1326.5
-21,0,35,65,7,4792.0,6176.0,1384.0,1326.5
-21,1,28,35,12,4248.0,6352.0,2104.0,1007.8
-21,2,11,19,11,3936.0,6272.0,2336.0,1007.8
-21,3,35,38,14,3944.0,4632.0,688.0,1183.3
-21,4,41,42,19,4024.0,4704.0,680.0,1326.5
-21,5,25,62,12,4064.0,4584.0,520.0,915.9
-21,6,21,38,10,4296.0,5568.0,1272.0,915.9
-21,7,22,203,12,5056.0,6248.0,1192.0,1326.5
-21,8,22,30,10,5600.0,6656.0,1056.0,1183.3
-21,9,37,68,10,6008.0,6688.0,680.0,1007.8
-21,10,26,56,6,5304.0,6728.0,1424.0,915.9
-21,13,19,19,10,4744.0,6304.0,1560.0,915.9
-21,14,43,44,13,5464.0,6680.0,1216.0,1183.3
-21,15,20,173,13,6512.0,7200.0,688.0,915.9
-21,16,56,86,14,6904.0,7592.0,688.0,1183.3
-21,17,21,22,6,7504.0,7944.0,440.0,915.9
-21,18,47,48,13,7280.0,8104.0,824.0,1101.2
-21,19,19,19,10,7136.0,7448.0,312.0,1183.3
-21,20,26,27,12,7208.0,7776.0,568.0,915.9
-21,21,13,17,7,7128.0,7776.0,648.0,915.9
-21,22,42,44,13,7152.0,8216.0,1064.0,1326.5
-21,23,50,52,10,7208.0,8392.0,1184.0,915.9
-21,24,62,63,12,7840.0,8736.0,896.0,915.9
-21,25,60,60,10,8000.0,9136.0,1136.0,1007.8
-21,26,43,44,11,8520.0,10208.0,1688.0,1183.3
-21,27,39,42,12,9328.0,11280.0,1952.0,1326.5
-21,28,41,41,12,10672.0,11976.0,1304.0,915.9
-21,29,49,49,11,10272.0,12016.0,1744.0,915.9
-21,-44,10,10,6,9632.0,12704.0,3072.0,915.9
-21,-43,9,9,6,10704.0,12736.0,2032.0,1007.8
-21,-42,6,6,4,10256.0,12272.0,2016.0,712.9
-21,-41,3,3,3,9528.0,11216.0,1688.0,1101.2
-21,-40,9,9,3,8792.0,10608.0,1816.0,867.1
-21,-39,28,28,5,7792.0,9336.0,1544.0,867.1
-21,-38,30,30,5,7376.0,8480.0,1104.0,867.1
-21,-37,19,21,3,6384.0,8128.0,1744.0,743.6
-21,-36,2,4,2,5672.0,6944.0,1272.0,456.5
-21,-33,2,2,1,5288.0,6296.0,1008.0,456.5
-21,-32,14,14,2,5280.0,6016.0,736.0,456.5
-21,-31,3,3,2,4896.0,6160.0,1264.0,743.6
-21,-30,7,8,3,5104.0,6160.0,1056.0,477.4
-21,-29,8,9,3,4928.0,6320.0,1392.0,867.1
-21,-28,7,7,4,4792.0,5880.0,1088.0,743.6
-21,-27,6,7,3,4872.0,6128.0,1256.0,743.6
-21,-21,1,1,1,4096.0,4592.0,496.0,477.4
-21,-20,10,10,5,3904.0,4608.0,704.0,867.1
-21,-19,30,30,5,3512.0,4296.0,784.0,867.1
-21,-18,22,22,5,3472.0,4000.0,528.0,867.1
-21,-17,10,11,4,3072.0,3760.0,688.0,867.1
-21,-16,6,6,5,2272.0,3296.0,1024.0,867.1
-21,-15,10,10,8,1984.0,3080.0,1096.0,1101.2
-21,-14,23,25,5,1544.0,2800.0,1256.0,1101.2
-21,-13,9,23,3,1504.0,2688.0,1184.0,626.3
-21,-12,3,119,2,1280.0,2688.0,1408.0,915.9
-21,-11,11,37,5,800.0,2712.0,1912.0,1101.2
-21,-10,5,42,5,360.0,2448.0,2088.0,835.0
-21,-9,4,49,4,536.0,2224.0,1688.0,1101.2
-21,-8,35,38,8,1784.0,3400.0,1616.0,1326.5
-21,-7,30,30,5,3024.0,4168.0,1144.0,1101.2
-21,-6,30,30,5,3840.0,4920.0,1080.0,1101.2
-21,-5,44,44,6,4728.0,5480.0,752.0,1326.5
-21,-4,18,18,9,5144.0,5888.0,744.0,1101.2
-21,-3,16,18,11,5600.0,5864.0,264.0,1326.5
-21,-2,26,27,8,5496.0,6032.0,536.0,1326.5
-21,-1,25,29,6,4872.0,6176.0,1304.0,1326.5
-20,0,19,25,8,3344.0,5224.0,1880.0,1101.2
-20,1,17,21,10,2728.0,5224.0,2496.0,1101.2
-20,2,19,24,9,2496.0,4632.0,2136.0,915.9
-20,3,26,31,8,3240.0,4624.0,1384.0,915.9
-20,4,23,32,10,3272.0,4448.0,1176.0,1326.5
-20,5,21,21,10,3696.0,4464.0,768.0,915.9
-20,6,29,30,9,4136.0,5056.0,920.0,915.9
-20,7,28,38,10,4424.0,5600.0,1176.0,1101.2
-20,8,28,32,7,4680.0,6016.0,1336.0,1007.8
-20,9,44,44,8,5048.0,6216.0,1168.0,915.9
-20,10,53,54,13,4144.0,6232.0,2088.0,1007.8
-20,11,14,23,7,4160.0,5760.0,1600.0,915.9
-20,12,1,2,1,4560.0,6392.0,1832.0,581.9
-20,13,32,33,9,5072.0,7112.0,2040.0,1183.3
-20,14,33,33,11,6304.0,7120.0,816.0,915.9
-20,15,48,62,13,6480.0,7416.0,936.0,915.9
-20,16,26,34,8,6816.0,7616.0,800.0,915.9
-20,17,28,28,10,7288.0,7920.0,632.0,1101.2
-20,18,54,55,12,7336.0,8120.0,784.0,1007.8
-20,19,7,7,5,7080.0,7504.0,424.0,835.0
-20,20,7,9,6,7128.0,7712.0,584.0,915.9
-20,21,4,12,2,7520.0,7848.0,328.0,915.9
-20,22,27,31,12,7208.0,7968.0,760.0,915.9
-20,23,39,41,12,7200.0,8256.0,1056.0,1007.8
-20,24,45,48,7,7336.0,8848.0,1512.0,915.9
-20,25,39,40,13,8160.0,9800.0,1640.0,915.9
-20,26,56,56,12,8720.0,10560.0,1840.0,915.9
-20,27,31,31,10,9704.0,11272.0,1568.0,915.9
-20,28,49,51,13,9864.0,11936.0,2072.0,915.9
-20,29,31,31,11,10616.0,12200.0,1584.0,915.9
-20,30,47,47,11,10080.0,12072.0,1992.0,915.9
-20,-44,10,10,7,9704.0,11720.0,2016.0,1101.2
-20,-43,5,5,4,10328.0,11680.0,1352.0,1101.2
-20,-42,1,1,1,9640.0,10712.0,1072.0,345.8
-20,-41,6,6,5,9632.0,10936.0,1304.0,1101.2
-20,-40,15,15,6,9272.0,10512.0,1240.0,867.1
-20,-39,9,10,4,8336.0,10336.0,2000.0,867.1
-20,-38,16,17,4,8008.0,9904.0,1896.0,867.1
-20,-37,7,12,2,6512.0,9768.0,3256.0,456.5
-20,-36,2,2,1,5712.0,6976.0,1264.0,456.5
-20,-32,5,97,2,5032.0,5672.0,640.0,456.5
-20,-31,2,2,2,4776.0,5464.0,688.0,456.5
-20,-30,7,7,4,4800.0,5464.0,664.0,867.1
-20,-29,7,9,2,4632.0,5896.0,1264.0,456.5
-20,-28,13,13,4,4664.0,5200.0,536.0,867.1
-20,-27,16,16,4,4392.0,5208.0,816.0,867.1
-20,-21,1,3,1,3784.0,4384.0,600.0,477.4
-20,-20,17,17,5,3824.0,4192.0,368.0,867.1
-20,-19,16,16,5,3240.0,4152.0,912.0,867.1
-20,-18,24,24,5,2640.0,3800.0,1160.0,867.1
-20,-17,6,6,3,2128.0,3528.0,1400.0,867.1
-20,-15,3,5,3,832.0,2272.0,1440.0,626.3
-20,-14,4,9,3,880.0,2088.0,1208.0,626.3
-20,-10,10,40,8,688.0,2336.0,1648.0,1326.5
-20,-9,14,19,6,824.0,2520.0,1696.0,1183.3
-20,-8,31,32,8,2224.0,3544.0,1320.0,1007.8
-20,-7,56,57,9,3216.0,4168.0,952.0,1326.5
-20,-6,51,51,7,3568.0,4776.0,1208.0,1326.5
-20,-5,24,25,6,3888.0,5312.0,1424.0,1101.2
-20,-4,31,32,5,4344.0,5640.0,1296.0,1101.2
-20,-3,26,27,5,4416.0,5712.0,1296.0,1101.2
-20,-2,20,20,6,4264.0,5720.0,1456.0,1326.5
-20,-1,28,35,6,3912.0,5640.0,1728.0,1101.2
-19,0,21,27,11,2624.0,4048.0,1424.0,915.9
-19,1,21,23,12,1528.0,3640.0,2112.0,1101.2
-19,2,23,24,8,1448.0,3672.0,2224.0,915.9
-19,3,23,24,13,2752.0,3744.0,992.0,1007.8
-19,4,20,24,8,3008.0,4272.0,1264.0,915.9
-19,5,22,37,8,3840.0,4680.0,840.0,1101.2
-19,6,16,17,4,4200.0,4800.0,600.0,915.9
-19,7,26,27,9,4368.0,4800.0,432.0,1183.3
-19,8,20,21,5,4320.0,5312.0,992.0,915.9
-19,9,21,23,11,4368.0,5344.0,976.0,915.9
-19,10,40,46,12,3776.0,5072.0,1296.0,915.9
-19,11,36,40,10,3728.0,5464.0,1736.0,1183.3
-19,12,13,18,9,4672.0,6400.0,1728.0,1007.8
-19,13,21,23,11,5952.0,7144.0,1192.0,1183.3
-19,14,34,34,16,6584.0,7152.0,568.0,1183.3
-19,15,40,40,13,6632.0,7456.0,824.0,1007.8
-19,16,4,109,4,7088.0,7656.0,568.0,781.0
-19,17,5,6,3,7528.0,8080.0,552.0,915.9
-19,18,23,26,11,7472.0,8136.0,664.0,1183.3
-19,19,15,18,10,7096.0,8072.0,976.0,1007.8
-19,20,7,9,6,7096.0,7664.0,568.0,781.0
-19,21,10,16,5,7152.0,7840.0,688.0,915.9
-19,22,11,16,7,7704.0,7856.0,152.0,1326.5
-19,23,47,49,14,7200.0,7848.0,648.0,915.9
-19,24,41,53,8,7232.0,8456.0,1224.0,1007.8
-19,25,34,35,9,8136.0,9888.0,1752.0,1183.3
-19,26,62,62,9,9248.0,10264.0,1016.0,1183.3
-19,27,15,18,5,9808.0,10872.0,1064.0,915.9
-19,28,42,42,12,10648.0,11288.0,640.0,915.9
-19,29,38,38,13,10808.0,11352.0,544.0,915.9
-19,30,49,49,12,10264.0,11440.0,1176.0,915.9
-19,-45,3,3,3,9504.0,11480.0,1976.0,915.9
-19,-44,9,9,5,11048.0,12032.0,984.0,1101.2
-19,-43,2,2,2,10152.0,11960.0,1808.0,1101.2
-19,-42,10,10,7,9200.0,11208.0,2008.0,1101.2
-19,-41,4,4,4,9136.0,9824.0,688.0,1101.2
-19,-40,6,6,6,9128.0,10032.0,904.0,1101.2
-19,-39,3,3,3,9296.0,10360.0,1064.0,915.9
-19,-38,1,3,1,9224.0,10368.0,1144.0,781.0
-19,-37,11,14,2,6928.0,9848.0,2920.0,456.5
-19,-36,6,8,2,5816.0,7112.0,1296.0,456.5
-19,-29,8,8,2,4544.0,5208.0,664.0,456.5
-19,-28,7,13,2,4440.0,4960.0,520.0,456.5
-19,-27,1,35,1,4304.0,5064.0,760.0,456.5
-19,-22,5,6,1,3936.0,4360.0,424.0,456.5
-19,-20,22,23,5,3640.0,4144.0,504.0,867.1
-19,-19,18,18,5,2984.0,3968.0,984.0,867.1
-19,-18,21,21,4,2632.0,3328.0,696.0,867.1
-19,-17,18,18,5,1800.0,3040.0,1240.0,867.1
-19,-16,6,7,4,928.0,2208.0,1280.0,867.1
-19,-15,2,4,2,544.0,1856.0,1312.0,867.1
-19,-11,2,52,2,1080.0,2064.0,984.0,626.3
-19,-10,36,46,8,1824.0,2944.0,1120.0,1101.2
-19,-9,44,49,8,2032.0,3224.0,1192.0,1101.2
-19,-8,63,65,9,2288.0,3896.0,1608.0,1326.5
-19,-7,49,49,6,3256.0,4000.0,744.0,1326.5
-19,-6,38,38,6,3256.0,4136.0,880.0,1326.5
-19,-5,42,42,6,3440.0,4600.0,1160.0,1326.5
-19,-4,13,13,5,3416.0,4712.0,1296.0,1101.2
-19,-3,22,23,6,3192.0,4608.0,1416.0,1326.5
-19,-2,16,19,11,3144.0,4480.0,1336.0,1101.2
-19,-1,17,26,8,3672.0,4376.0,704.0,1007.8
-18,0,8,15,8,1584.0,3944.0,2360.0,1326.5
-18,1,19,20,12,1736.0,2624.0,888.0,1101.2
-18,2,9,18,7,1432.0,2752.0,1320.0,915.9
-18,3,18,20,10,2136.0,3336.0,1200.0,915.9
-18,4,33,38,11,2912.0,4144.0,1232.0,915.9
-18,5,20,20,6,3064.0,4512.0,1448.0,1326.5
-18,6,13,14,3,4064.0,4976.0,912.0,915.9
-18,7,24,25,9,4464.0,5104.0,640.0,915.9
-18,8,23,25,10,4312.0,4872.0,560.0,915.9
-18,9,43,46,8,3760.0,4672.0,912.0,915.9
-18,10,31,45,11,3480.0,4368.0,888.0,915.9
-18,11,54,54,14,3496.0,4728.0,1232.0,915.9
-18,12,24,27,7,4536.0,5952.0,1416.0,1183.3
-18,13,41,42,14,5512.0,6632.0,1120.0,1326.5
-18,14,44,44,13,5936.0,6792.0,856.0,1007.8
-18,15,8,10,5,6344.0,7144.0,800.0,915.9
-18,16,16,16,11,6600.0,7616.0,1016.0,1007.8
-18,17,26,28,7,6912.0,8072.0,1160.0,1326.5
-18,18,15,19,9,6328.0,7984.0,1656.0,915.9
-18,19,14,15,8,6328.0,7856.0,1528.0,915.9
-18,20,23,23,10,7144.0,7704.0,560.0,915.9
-18,21,13,16,6,7128.0,7792.0,664.0,1326.5
-18,22,41,42,7,7256.0,7984.0,728.0,1007.8
-18,23,41,44,10,7016.0,7968.0,952.0,1101.2
-18,24,50,50,12,7224.0,8144.0,920.0,915.9
-18,25,38,38,11,7968.0,9256.0,1288.0,1183.3
-18,26,65,66,13,8624.0,10264.0,1640.0,915.9
-18,27,22,23,7,9736.0,10728.0,992.0,1183.3
-18,28,30,32,12,9576.0,11096.0,1520.0,915.9
-18,29,52,52,13,10440.0,11232.0,792.0,915.9
-18,30,33,33,13,10600.0,11376.0,776.0,915.9
-18,31,5,5,5,9552.0,11008.0,1456.0,915.9
-18,-44,4,4,4,10040.0,11808.0,1768.0,1007.8
-18,-43,5,5,4,9888.0,11512.0,1624.0,1101.2
-18,-42,1,1,1,8984.0,10304.0,1320.0,581.9
-18,-40,3,3,3,8560.0,9480.0,920.0,1101.2
-18,-39,8,8,7,8352.0,9880.0,1528.0,1101.2
-18,-38,21,22,5,8624.0,10016.0,1392.0,867.1
-18,-37,22,22,5,7112.0,9224.0,2112.0,867.1
-18,-36,17,21,5,6000.0,7800.0,1800.0,867.1
-18,-35,11,12,4,5304.0,6352.0,1048.0,867.1
-18,-25,4,4,2,3896.0,4736.0,840.0,456.5
-18,-23,2,3,1,3816.0,5032.0,1216.0,456.5
-18,-22,4,4,2,3800.0,4336.0,536.0,456.5
-18,-21,7,7,2,3840.0,4312.0,472.0,456.5
-18,-20,3,3,3,3664.0,4192.0,528.0,477.4
-18,-19,7,7,3,3112.0,4048.0,936.0,867.1
-18,-18,14,14,3,2928.0,3728.0,800.0,867.1
-18,-17,8,8,3,2096.0,3328.0,1232.0,867.1
-18,-16,4,7,2,1328.0,2720.0,1392.0,743.6
-18,-15,2,2,2,1224.0,1976.0,752.0,645.1
-18,-14,45,71,16,1584.0,2000.0,416.0,1183.3
-18,-13,8,13,4,1576.0,2464.0,888.0,1007.8
-18,-12,30,42,8,1608.0,2528.0,920.0,1326.5
-18,-11,26,62,7,1624.0,2584.0,960.0,1101.2
-18,-10,48,48,9,1848.0,3320.0,1472.0,1101.2
-18,-9,35,54,6,2560.0,3488.0,928.0,1007.8
-18,-8,34,76,7,2904.0,3768.0,864.0,1101.2
-18,-7,35,40,6,3192.0,3824.0,632.0,1326.5
-18,-6,36,41,6,2864.0,3464.0,600.0,1326.5
-18,-5,32,33,6,2368.0,3832.0,1464.0,1326.5
-18,-4,34,40,5,2352.0,3976.0,1624.0,1101.2
-18,-3,28,37,6,2056.0,3432.0,1376.0,1326.5
-18,-2,14,19,9,2224.0,3856.0,1632.0,915.9
-18,-1,27,29,15,1592.0,4088.0,2496.0,915.9
-17,0,19,26,10,856.0,1784.0,928.0,915.9
-17,1,8,11,4,1280.0,2520.0,1240.0,915.9
-17,2,20,22,10,1144.0,2864.0,1720.0,915.9
-17,3,13,33,5,2160.0,3104.0,944.0,1326.5
-17,4,1,204,1,2824.0,3064.0,240.0,712.9
-17,5,7,102,3,2952.0,4200.0,1248.0,915.9
-17,6,24,104,9,3928.0,5248.0,1320.0,1007.8
-17,7,45,45,15,4808.0,5264.0,456.0,1007.8
-17,8,21,22,7,4592.0,5264.0,672.0,915.9
-17,9,18,21,8,3648.0,5040.0,1392.0,915.9
-17,10,16,16,8,3472.0,4520.0,1048.0,915.9
-17,11,71,71,14,3504.0,4688.0,1184.0,1007.8
-17,12,57,57,15,4416.0,5512.0,1096.0,915.9
-17,13,54,54,12,5096.0,6024.0,928.0,1183.3
-17,14,53,54,17,5488.0,6344.0,856.0,1007.8
-17,15,17,18,8,5880.0,6600.0,720.0,915.9
-17,16,24,25,11,6224.0,7064.0,840.0,1101.2
-17,17,26,28,9,6200.0,7024.0,824.0,915.9
-17,18,11,21,6,6144.0,7256.0,1112.0,915.9
-17,19,13,17,6,6272.0,7432.0,1160.0,915.9
-17,20,19,19,8,7200.0,7880.0,680.0,1183.3
-17,21,17,18,8,6848.0,7584.0,736.0,915.9
-17,22,7,9,4,6416.0,7648.0,1232.0,915.9
-17,23,15,16,8,6328.0,7688.0,1360.0,915.9
-17,24,36,37,14,7280.0,8184.0,904.0,1101.2
-17,25,34,34,9,7968.0,9256.0,1288.0,1007.8
-17,26,61,62,14,8856.0,10248.0,1392.0,1007.8
-17,27,23,23,8,9824.0,10328.0,504.0,1183.3
-17,28,26,27,10,9592.0,10696.0,1104.0,915.9
-17,29,53,53,13,10400.0,11224.0,824.0,915.9
-17,30,26,26,10,10728.0,11408.0,680.0,915.9
-17,31,25,25,12,10264.0,11328.0,1064.0,915.9
-17,-44,5,5,4,9192.0,11576.0,2384.0,1007.8
-17,-43,6,6,5,10304.0,11640.0,1336.0,1101.2
-17,-42,8,8,6,9112.0,10880.0,1768.0,1101.2
-17,-41,3,3,2,8600.0,9864.0,1264.0,1007.8
-17,-40,1,1,1,8384.0,9176.0,792.0,712.9
-17,-39,9,9,7,7920.0,8896.0,976.0,867.1
-17,-38,26,26,5,7720.0,8880.0,1160.0,867.1
-17,-37,26,29,5,7064.0,8824.0,1760.0,867.1
-17,-36,31,32,5,6000.0,7776.0,1776.0,867.1
-17,-35,18,20,5,5304.0,6408.0,1104.0,867.1
-17,-29,2,3,1,4144.0,4896.0,752.0,456.5
-17,-28,2,2,2,4160.0,4744.0,584.0,456.5
-17,-26,1,2,1,4032.0,4840.0,808.0,456.5
-17,-24,4,4,2,3976.0,5080.0,1104.0,456.5
-17,-23,3,3,1,3856.0,4768.0,912.0,456.5
-17,-22,6,7,2,3792.0,4640.0,848.0,456.5
-17,-21,3,3,2,3824.0,4288.0,464.0,456.5
-17,-20,7,7,3,3736.0,4376.0,640.0,743.6
-17,-19,12,12,3,3408.0,3992.0,584.0,867.1
-17,-18,23,23,7,3168.0,3752.0,584.0,867.1
-17,-17,36,37,13,2536.0,3424.0,888.0,1101.2
-17,-16,8,9,5,1848.0,3040.0,1192.0,867.1
-17,-15,20,24,10,1720.0,2944.0,1224.0,1007.8
-17,-14,43,44,15,1712.0,2696.0,984.0,1326.5
-17,-13,35,37,12,1928.0,3096.0,1168.0,1007.8
-17,-12,58,60,9,2240.0,3112.0,872.0,1326.5
-17,-11,75,75,8,2184.0,3248.0,1064.0,1101.2
-17,-10,49,67,8,2504.0,3328.0,824.0,1101.2
-17,-9,36,228,9,3016.0,3552.0,536.0,1326.5
-17,-8,29,164,7,3184.0,3720.0,536.0,1101.2
-17,-7,23,32,6,2400.0,3736.0,1336.0,1326.5
-17,-6,33,45,5,1984.0,3520.0,1536.0,1101.2
-17,-5,26,33,6,1664.0,2992.0,1328.0,1326.5
-17,-4,56,62,6,1712.0,2720.0,1008.0,1326.5
-17,-3,21,46,5,1712.0,2744.0,1032.0,1101.2
-17,-2,13,16,9,728.0,2528.0,1800.0,915.9
-17,-1,16,21,12,608.0,2600.0,1992.0,1101.2
-16,0,14,17,9,328.0,1688.0,1360.0,835.0
-16,1,16,20,7,1144.0,1960.0,816.0,915.9
-16,2,11,14,9,1128.0,2872.0,1744.0,835.0
-16,3,11,11,6,2040.0,3024.0,984.0,1007.8
-16,4,16,16,8,2672.0,3792.0,1120.0,915.9
-16,5,20,23,10,3048.0,4600.0,1552.0,1326.5
-16,6,20,20,10,4200.0,5096.0,896.0,915.9
-16,7,39,41,13,4656.0,5320.0,664.0,1326.5
-16,8,45,49,17,4808.0,5448.0,640.0,1183.3
-16,9,25,332,12,4520.0,5296.0,776.0,1007.8
-16,10,50,51,9,3640.0,4840.0,1200.0,915.9
-16,11,54,54,14,3880.0,4880.0,1000.0,1183.3
-16,12,43,46,10,4688.0,5136.0,448.0,1326.5
-16,13,52,52,13,4888.0,5488.0,600.0,1326.5
-16,14,52,54,14,4896.0,5880.0,984.0,1326.5
-16,15,16,17,5,5480.0,6224.0,744.0,915.9
-16,16,19,19,7,5656.0,6424.0,768.0,1326.5
-16,17,16,29,6,5680.0,6456.0,776.0,915.9
-16,18,10,33,6,6000.0,6504.0,504.0,1326.5
-16,19,62,65,12,6216.0,7664.0,1448.0,915.9
-16,20,48,49,10,7304.0,8168.0,864.0,1007.8
-16,21,46,50,10,6952.0,8224.0,1272.0,1007.8
-16,24,50,52,18,7024.0,8664.0,1640.0,1326.5
-16,25,35,37,13,8184.0,9928.0,1744.0,1007.8
-16,26,56,59,11,9256.0,10000.0,744.0,1101.2
-16,27,22,24,9,9424.0,10216.0,792.0,1101.2
-16,28,42,43,11,9536.0,10632.0,1096.0,915.9
-16,29,40,40,10,10096.0,11096.0,1000.0,915.9
-16,30,41,41,13,9736.0,11240.0,1504.0,915.9
-16,31,8,8,5,9568.0,11160.0,1592.0,915.9
-16,-43,6,6,5,8864.0,11200.0,2336.0,1007.8
-16,-42,8,8,7,9608.0,10912.0,1304.0,1101.2
-16,-41,5,5,4,8976.0,10096.0,1120.0,1007.8
-16,-40,15,15,5,8688.0,9832.0,1144.0,915.9
-16,-39,8,8,2,8040.0,9384.0,1344.0,915.9
-16,-38,26,27,6,7768.0,9360.0,1592.0,867.1
-16,-37,31,32,5,7056.0,9128.0,2072.0,867.1
-16,-36,18,20,5,6192.0,8152.0,1960.0,867.1
-16,-35,16,17,4,5040.0,6544.0,1504.0,867.1
-16,-28,5,5,2,4264.0,4624.0,360.0,456.5
-16,-27,1,1,1,4248.0,4712.0,464.0,456.5
-16,-26,1,2,1,4224.0,4576.0,352.0,456.5
-16,-23,22,22,2,3976.0,5080.0,1104.0,456.5
-16,-22,22,22,2,3872.0,4552.0,680.0,456.5
-16,-21,17,17,3,3984.0,4480.0,496.0,477.4
-16,-20,7,8,4,3832.0,4448.0,616.0,867.1
-16,-19,11,11,4,3512.0,4224.0,712.0,867.1
-16,-18,28,28,16,3312.0,3696.0,384.0,1101.2
-16,-17,47,47,15,2800.0,3496.0,696.0,1101.2
-16,-16,24,31,8,2712.0,3344.0,632.0,1007.8
-16,-15,38,41,15,2672.0,3320.0,648.0,1101.2
-16,-14,37,37,14,2384.0,3096.0,712.0,1007.8
-16,-13,40,44,13,2544.0,3200.0,656.0,1326.5
-16,-12,48,54,8,2304.0,3136.0,832.0,1101.2
-16,-11,20,22,6,2544.0,3208.0,664.0,1326.5
-16,-10,50,53,7,2560.0,3312.0,752.0,1101.2
-16,-9,42,48,7,2640.0,3688.0,1048.0,1101.2
-16,-8,67,68,8,3072.0,3736.0,664.0,1101.2
-16,-7,74,74,12,2040.0,3416.0,1376.0,1326.5
-16,-6,31,38,7,1408.0,2456.0,1048.0,1101.2
-16,-5,18,88,9,1216.0,1984.0,768.0,1326.5
-16,-4,38,40,6,1192.0,2464.0,1272.0,1326.5
-16,-3,53,54,6,1192.0,2608.0,1416.0,1326.5
-16,-2,42,42,15,400.0,1872.0,1472.0,1007.8
-16,-1,11,257,7,24.0,856.0,832.0,915.9
-15,0,14,14,7,288.0,1264.0,976.0,781.0
-15,1,38,39,14,584.0,1832.0,1248.0,1101.2
-15,2,20,26,11,888.0,2296.0,1408.0,1101.2
-15,3,11,14,8,1328.0,3072.0,1744.0,1183.3
-15,4,20,22,10,2680.0,4080.0,1400.0,915.9
-15,5,30,31,13,3792.0,4904.0,1112.0,1007.8
-15,6,16,22,6,4208.0,5240.0,1032.0,915.9
-15,7,22,28,13,4456.0,5576.0,1120.0,1326.5
-15,8,29,44,13,4576.0,5576.0,1000.0,1007.8
-15,9,36,40,16,4592.0,5328.0,736.0,1101.2
-15,10,26,34,14,4664.0,5152.0,488.0,1007.8
-15,11,26,27,14,4648.0,5024.0,376.0,1007.8
-15,12,31,32,14,4672.0,5184.0,512.0,1183.3
-15,13,48,50,17,4584.0,5224.0,640.0,1326.5
-15,14,73,73,15,4592.0,5496.0,904.0,1326.5
-15,15,27,29,7,5080.0,5880.0,800.0,1101.2
-15,16,5,9,4,5584.0,6256.0,672.0,1101.2
-15,18,5,49,2,5784.0,6328.0,544.0,915.9
-15,19,17,21,6,6208.0,7632.0,1424.0,915.9
-15,20,49,50,10,7080.0,8200.0,1120.0,1101.2
-15,21,34,38,9,7288.0,8280.0,992.0,1101.2
-15,22,44,44,13,6272.0,8312.0,2040.0,1007.8
-15,23,36,37,12,6024.0,7840.0,1816.0,1007.8
-15,24,86,87,16,7224.0,8944.0,1720.0,915.9
-15,25,49,50,15,8536.0,9824.0,1288.0,1007.8
-15,26,39,40,8,8712.0,9856.0,1144.0,915.9
-15,27,41,41,11,8792.0,10176.0,1384.0,1326.5
-15,28,36,36,12,9032.0,10296.0,1264.0,915.9
-15,29,20,20,9,9040.0,10248.0,1208.0,915.9
-15,30,14,14,9,9096.0,10096.0,1000.0,915.9
-15,31,40,40,12,9568.0,9960.0,392.0,915.9
-15,32,17,17,9,8624.0,9808.0,1184.0,915.9
-15,-42,3,3,3,8352.0,9840.0,1488.0,1101.2
-15,-41,9,9,4,8832.0,9816.0,984.0,1101.2
-15,-40,13,13,4,9272.0,9784.0,512.0,915.9
-15,-39,7,7,3,9080.0,9944.0,864.0,915.9
-15,-38,7,7,3,9112.0,10112.0,1000.0,915.9
-15,-37,13,14,5,8136.0,9584.0,1448.0,915.9
-15,-36,29,30,5,6424.0,8568.0,2144.0,867.1
-15,-35,20,20,4,5192.0,6824.0,1632.0,867.1
-15,-31,8,8,2,3592.0,4384.0,792.0,456.5
-15,-29,1,5,1,3392.0,4368.0,976.0,456.5
-15,-28,1,1,1,3584.0,4528.0,944.0,456.5
-15,-26,1,1,1,4048.0,4680.0,632.0,456.5
-15,-25,1,6,1,4136.0,4704.0,568.0,456.5
-15,-24,1,1,1,4496.0,5352.0,856.0,456.5
-15,-23,33,34,7,4288.0,5440.0,1152.0,645.1
-15,-22,21,22,2,4248.0,4728.0,480.0,456.5
-15,-21,9,10,5,3952.0,4704.0,752.0,867.1
-15,-20,22,22,4,3576.0,4160.0,584.0,867.1
-15,-19,27,27,5,3136.0,3976.0,840.0,867.1
-15,-18,21,22,13,2608.0,3656.0,1048.0,915.9
-15,-17,23,25,12,2600.0,3504.0,904.0,1007.8
-15,-16,20,25,10,2528.0,3336.0,808.0,1326.5
-15,-15,35,39,14,2736.0,3200.0,464.0,1326.5
-15,-14,42,52,11,2488.0,3048.0,560.0,1007.8
-15,-13,35,60,11,2440.0,3072.0,632.0,1101.2
-15,-12,38,40,8,2104.0,2872.0,768.0,1326.5
-15,-11,39,46,7,2056.0,2984.0,928.0,1101.2
-15,-10,44,83,7,1696.0,2920.0,1224.0,1101.2
-15,-9,35,39,8,1712.0,3408.0,1696.0,1101.2
-15,-8,40,40,8,1696.0,3728.0,2032.0,1326.5
-15,-7,32,33,6,1608.0,3072.0,1464.0,1326.5
-15,-6,18,28,8,976.0,2088.0,1112.0,1326.5
-15,-5,18,68,6,568.0,1432.0,864.0,915.9
-15,-4,11,27,6,64.0,1576.0,1512.0,1326.5
-15,-3,25,31,5,-320.0,1752.0,2072.0,1101.2
-15,-2,17,33,9,-320.0,1288.0,1608.0,1007.8
-15,-1,2,118,2,192.0,488.0,296.0,636.3
-14,0,1,3,1,-384.0,608.0,992.0,437.0
-14,1,13,13,11,-88.0,944.0,1032.0,915.9
-14,2,14,14,10,264.0,1408.0,1144.0,1007.8
-14,3,13,49,6,1096.0,2680.0,1584.0,915.9
-14,4,17,36,8,2312.0,3912.0,1600.0,1183.3
-14,5,39,40,11,3760.0,4912.0,1152.0,915.9
-14,6,38,58,12,4456.0,5448.0,992.0,1101.2
-14,7,34,38,12,4432.0,5536.0,1104.0,1183.3
-14,8,31,33,12,4424.0,5320.0,896.0,1007.8
-14,9,34,35,14,4592.0,5256.0,664.0,1183.3
-14,10,48,53,14,4776.0,5288.0,512.0,1007.8
-14,11,55,55,17,4696.0,5032.0,336.0,1183.3
-14,12,36,37,14,4616.0,5088.0,472.0,1101.2
-14,13,35,36,14,4480.0,4840.0,360.0,1183.3
-14,14,26,33,11,4512.0,5232.0,720.0,1101.2
-14,15,13,14,8,4992.0,5952.0,960.0,1007.8
-14,16,15,17,6,5784.0,6240.0,456.0,915.9
-14,17,1,20,1,5920.0,6224.0,304.0,566.2
-14,18,6,13,4,5968.0,6360.0,392.0,915.9
-14,19,23,25,5,6208.0,7144.0,936.0,915.9
-14,20,28,29,10,6832.0,7640.0,808.0,1007.8
-14,21,39,39,14,7504.0,8256.0,752.0,1183.3
-14,22,17,19,11,7432.0,9360.0,1928.0,1101.2
-14,23,20,23,8,7256.0,9272.0,2016.0,1007.8
-14,24,65,66,15,7840.0,8904.0,1064.0,1007.8
-14,25,52,52,13,8368.0,9016.0,648.0,1007.8
-14,26,45,45,9,8096.0,9104.0,1008.0,1007.8
-14,27,54,54,9,7392.0,9248.0,1856.0,915.9
-14,28,28,28,10,8200.0,9504.0,1304.0,915.9
-14,29,39,39,12,8848.0,9640.0,792.0,915.9
-14,30,27,27,11,8400.0,9792.0,1392.0,915.9
-14,31,33,33,11,8400.0,9816.0,1416.0,915.9
-14,32,19,19,10,8104.0,9744.0,1640.0,915.9
-14,-41,3,3,2,8824.0,11176.0,2352.0,1007.8
-14,-40,14,15,5,9576.0,11456.0,1880.0,915.9
-14,-39,8,8,4,9672.0,11184.0,1512.0,915.9
-14,-38,10,10,5,9584.0,10728.0,1144.0,915.9
-14,-37,12,12,6,8568.0,10480.0,1912.0,915.9
-14,-36,13,14,5,6792.0,9400.0,2608.0,867.1
-14,-35,16,17,5,5536.0,8272.0,2736.0,867.1
-14,-34,2,5,1,4640.0,6560.0,1920.0,456.5
-14,-32,2,5,2,3520.0,4480.0,960.0,456.5
-14,-31,4,4,2,3512.0,4000.0,488.0,456.5
-14,-30,1,57,1,3128.0,3952.0,824.0,456.5
-14,-29,1,1,1,3072.0,3992.0,920.0,456.5
-14,-28,3,4,2,3608.0,4544.0,936.0,456.5
-14,-24,4,8,2,3624.0,5360.0,1736.0,456.5
-14,-23,21,21,9,4480.0,5432.0,952.0,781.0
-14,-22,18,21,7,4400.0,5384.0,984.0,781.0
-14,-20,20,23,7,3248.0,4416.0,1168.0,867.1
-14,-19,46,48,10,2640.0,3664.0,1024.0,1101.2
-14,-18,64,67,15,2288.0,3272.0,984.0,1326.5
-14,-17,31,34,12,2208.0,2840.0,632.0,1007.8
-14,-16,34,34,12,2160.0,2816.0,656.0,1326.5
-14,-15,23,24,12,2392.0,2944.0,552.0,915.9
-14,-14,34,34,12,2128.0,3056.0,928.0,1101.2
-14,-13,46,46,15,2032.0,2744.0,712.0,1326.5
-14,-12,24,30,6,1464.0,2488.0,1024.0,915.9
-14,-11,22,24,7,840.0,2288.0,1448.0,915.9
-14,-10,30,33,9,592.0,2072.0,1480.0,1101.2
-14,-9,44,50,8,1680.0,2880.0,1200.0,1101.2
-14,-8,26,28,8,1160.0,2808.0,1648.0,1007.8
-14,-7,26,28,7,1032.0,1840.0,808.0,1101.2
-14,-6,4,21,4,848.0,1664.0,816.0,626.3
-14,-5,7,9,3,560.0,1920.0,1360.0,626.3
-14,-4,9,26,5,272.0,1984.0,1712.0,1101.2
-13,0,17,22,7,-360.0,920.0,1280.0,1326.5
-13,1,8,8,2,-264.0,920.0,1184.0,915.9
-13,2,12,13,9,-8.0,1096.0,1104.0,1101.2
-13,3,6,10,3,808.0,2536.0,1728.0,835.0
-13,4,21,27,9,2184.0,3760.0,1576.0,915.9
-13,5,17,17,9,3480.0,4920.0,1440.0,1326.5
-13,6,24,24,11,4464.0,5416.0,952.0,915.9
-13,7,44,46,12,4816.0,5552.0,736.0,915.9
-13,8,65,66,12,4760.0,5336.0,576.0,915.9
-13,9,42,44,13,4480.0,5136.0,656.0,915.9
-13,10,53,54,9,4448.0,5136.0,688.0,915.9
-13,11,17,25,11,4448.0,4896.0,448.0,1183.3
-13,12,16,18,10,4296.0,4744.0,448.0,1101.2
-13,13,27,30,11,4504.0,4848.0,344.0,915.9
-13,14,9,9,6,4608.0,5048.0,440.0,915.9
-13,15,23,25,13,4864.0,5792.0,928.0,1183.3
-13,16,38,39,12,5272.0,5976.0,704.0,1101.2
-13,17,9,14,7,5264.0,6032.0,768.0,915.9
-13,18,31,33,8,5392.0,6224.0,832.0,915.9
-13,19,29,32,4,5480.0,6920.0,1440.0,1007.8
-13,20,18,19,6,5976.0,7584.0,1608.0,915.9
-13,21,66,66,15,7016.0,8120.0,1104.0,1101.2
-13,22,48,50,13,7480.0,9288.0,1808.0,1326.5
-13,23,29,32,11,7992.0,9216.0,1224.0,1007.8
-13,24,20,22,10,7960.0,8752.0,792.0,915.9
-13,25,20,20,12,8008.0,8768.0,760.0,1326.5
-13,26,38,38,11,7536.0,8768.0,1232.0,915.9
-13,27,6,9,4,7304.0,8200.0,896.0,915.9
-13,28,34,34,8,7680.0,9416.0,1736.0,915.9
-13,29,35,35,11,7992.0,9416.0,1424.0,915.9
-13,31,22,22,10,7408.0,8896.0,1488.0,915.9
-13,32,3,3,3,6344.0,8880.0,2536.0,835.0
-13,-40,8,8,5,10144.0,11472.0,1328.0,915.9
-13,-39,6,6,3,10656.0,11736.0,1080.0,915.9
-13,-38,8,8,3,10464.0,11728.0,1264.0,915.9
-13,-37,11,11,5,9304.0,11104.0,1800.0,915.9
-13,-36,13,14,4,7744.0,9528.0,1784.0,867.1
-13,-35,11,12,4,5360.0,8216.0,2856.0,743.6
-13,-34,1,1,1,4200.0,6536.0,2336.0,456.5
-13,-33,15,16,8,3384.0,4872.0,1488.0,781.0
-13,-32,17,18,8,3272.0,3800.0,528.0,781.0
-13,-31,4,7,3,3112.0,3824.0,712.0,463.9
-13,-30,12,12,8,2752.0,3808.0,1056.0,781.0
-13,-29,16,16,7,2816.0,3992.0,1176.0,867.1
-13,-28,9,10,2,3224.0,4504.0,1280.0,456.5
-13,-27,6,8,2,3256.0,5232.0,1976.0,456.5
-13,-26,6,6,2,4552.0,5384.0,832.0,456.5
-13,-25,5,6,3,3792.0,5224.0,1432.0,463.9
-13,-24,9,12,7,3768.0,5424.0,1656.0,781.0
-13,-23,2,5,2,4000.0,5776.0,1776.0,636.3
-13,-22,3,6,3,3960.0,5568.0,1608.0,566.2
-13,-21,18,21,14,4176.0,5112.0,936.0,915.9
-13,-20,61,62,14,3200.0,4280.0,1080.0,1007.8
-13,-19,48,48,17,2392.0,3272.0,880.0,1326.5
-13,-18,51,51,13,2232.0,2736.0,504.0,1326.5
-13,-17,14,22,9,2088.0,2408.0,320.0,1326.5
-13,-16,26,26,8,2064.0,2592.0,528.0,915.9
-13,-15,36,36,7,2088.0,2944.0,856.0,915.9
-13,-14,50,51,14,1480.0,2760.0,1280.0,1007.8
-13,-13,48,48,15,1296.0,2560.0,1264.0,1101.2
-13,-12,9,12,4,784.0,2032.0,1248.0,915.9
-13,-11,16,16,6,648.0,1472.0,824.0,915.9
-13,-10,5,8,2,352.0,1688.0,1336.0,915.9
-13,-9,12,20,8,456.0,2296.0,1840.0,915.9
-13,-8,9,11,6,448.0,2120.0,1672.0,915.9
-13,-7,28,29,5,904.0,2104.0,1200.0,915.9
-13,-6,36,38,8,1232.0,2400.0,1168.0,1326.5
-13,-5,16,18,5,1368.0,2496.0,1128.0,915.9
-13,-4,47,51,12,1544.0,2552.0,1008.0,1326.5
-13,-3,38,42,9,560.0,2288.0,1728.0,1326.5
-13,-2,10,11,5,216.0,1520.0,1304.0,915.9
-13,-1,16,18,6,-288.0,1000.0,1288.0,915.9
-12,0,40,40,12,592.0,1512.0,920.0,1326.5
-12,1,9,37,3,-32.0,1320.0,1352.0,915.9
-12,2,11,50,7,-168.0,880.0,1048.0,915.9
-12,3,10,17,7,784.0,2696.0,1912.0,915.9
-12,4,19,100,8,2408.0,3824.0,1416.0,915.9
-12,5,11,12,9,3600.0,4696.0,1096.0,835.0
-12,7,5,5,4,4520.0,5216.0,696.0,1326.5
-12,8,42,46,15,4352.0,5072.0,720.0,1101.2
-12,9,37,44,13,4112.0,4832.0,720.0,1183.3
-12,10,51,51,13,3744.0,4512.0,768.0,915.9
-12,11,29,30,5,3864.0,4520.0,656.0,915.9
-12,12,55,55,7,3872.0,4520.0,648.0,915.9
-12,13,17,19,9,4136.0,4688.0,552.0,1326.5
-12,14,20,20,9,4416.0,4984.0,568.0,1101.2
-12,15,87,87,13,4864.0,5936.0,1072.0,1007.8
-12,16,49,50,14,4968.0,5728.0,760.0,1326.5
-12,17,17,17,10,4672.0,5416.0,744.0,915.9
-12,18,47,49,12,4464.0,5640.0,1176.0,915.9
-12,19,11,162,7,216.0,5976.0,5760.0,915.9
-12,21,31,87,9,288.0,7488.0,7200.0,1007.8
-12,22,38,39,14,7248.0,8096.0,848.0,1101.2
-12,23,28,30,13,7536.0,8312.0,776.0,1183.3
-12,24,21,21,10,7800.0,8232.0,432.0,1326.5
-12,25,30,30,12,7696.0,8200.0,504.0,915.9
-12,26,41,41,12,7488.0,8144.0,656.0,915.9
-12,27,14,14,3,7216.0,7808.0,592.0,915.9
-12,28,37,40,12,7264.0,8688.0,1424.0,915.9
-12,29,22,22,11,7664.0,8816.0,1152.0,915.9
-12,30,17,17,9,6920.0,7992.0,1072.0,915.9
-12,31,20,20,10,5984.0,7816.0,1832.0,915.9
-12,32,15,15,9,5384.0,7776.0,2392.0,915.9
-12,-40,5,5,2,9896.0,11368.0,1472.0,915.9
-12,-39,13,13,3,10616.0,11720.0,1104.0,915.9
-12,-38,5,5,2,10976.0,11704.0,728.0,915.9
-12,-37,9,10,5,9376.0,11304.0,1928.0,915.9
-12,-36,22,22,5,7976.0,10816.0,2840.0,867.1
-12,-35,17,18,5,5496.0,9400.0,3904.0,867.1
-12,-34,4,6,4,4176.0,7576.0,3400.0,581.9
-12,-33,20,22,8,3384.0,5216.0,1832.0,781.0
-12,-32,30,31,8,3384.0,4520.0,1136.0,781.0
-12,-31,22,22,9,3096.0,3808.0,712.0,781.0
-12,-30,15,16,9,2712.0,3192.0,480.0,781.0
-12,-29,30,31,13,2784.0,3472.0,688.0,915.9
-12,-28,25,26,13,3200.0,3560.0,360.0,915.9
-12,-27,5,6,2,3248.0,4600.0,1352.0,743.6
-12,-26,5,8,2,4064.0,5440.0,1376.0,456.5
-12,-25,7,9,5,3224.0,5448.0,2224.0,566.2
-12,-24,16,18,9,3176.0,4592.0,1416.0,1101.2
-12,-23,24,26,11,3688.0,5160.0,1472.0,915.9
-12,-22,26,27,13,3624.0,4656.0,1032.0,781.0
-12,-21,51,52,14,3128.0,4800.0,1672.0,915.9
-12,-20,37,38,10,2864.0,4288.0,1424.0,1101.2
-12,-19,42,136,17,2048.0,3216.0,1168.0,1101.2
-12,-18,61,94,17,1832.0,2456.0,624.0,1101.2
-12,-17,47,52,15,1752.0,2312.0,560.0,1183.3
-12,-16,48,48,16,1736.0,2600.0,864.0,1007.8
-12,-15,41,43,11,1776.0,2784.0,1008.0,915.9
-12,-14,53,53,14,1480.0,2448.0,968.0,1183.3
-12,-13,27,28,10,936.0,1856.0,920.0,915.9
-12,-12,14,14,8,800.0,1536.0,736.0,915.9
-12,-11,8,70,5,1232.0,1504.0,272.0,1007.8
-12,-10,24,24,3,848.0,1728.0,880.0,915.9
-12,-9,11,16,3,808.0,2112.0,1304.0,915.9
-12,-8,35,39,8,488.0,2328.0,1840.0,915.9
-12,-7,41,45,9,1136.0,2536.0,1400.0,1007.8
-12,-6,43,44,8,2104.0,2680.0,576.0,1007.8
-12,-5,21,109,12,1504.0,2608.0,1104.0,1101.2
-12,-4,60,60,14,2104.0,2584.0,480.0,1101.2
-12,-3,47,48,10,1520.0,2440.0,920.0,1101.2
-12,-2,29,33,11,720.0,2072.0,1352.0,1326.5
-12,-1,30,30,10,736.0,1608.0,872.0,915.9
-11,0,42,106,11,848.0,1544.0,696.0,1326.5
-11,2,12,17,7,-328.0,960.0,1288.0,915.9
-11,3,19,39,12,776.0,2456.0,1680.0,1007.8
-11,4,27,30,11,2008.0,3752.0,1744.0,1183.3
-11,5,7,7,6,2880.0,4488.0,1608.0,835.0
-11,6,1,2,1,3832.0,4840.0,1008.0,712.9
-11,7,19,19,11,4304.0,4888.0,584.0,915.9
-11,8,31,62,12,3608.0,4608.0,1000.0,915.9
-11,9,37,38,12,3344.0,4408.0,1064.0,915.9
-11,10,18,19,9,3336.0,4144.0,808.0,915.9
-11,11,17,19,7,3344.0,4152.0,808.0,915.9
-11,12,46,46,5,3736.0,4264.0,528.0,915.9
-11,13,14,14,8,3904.0,4528.0,624.0,915.9
-11,14,16,18,8,3848.0,4952.0,1104.0,915.9
-11,15,59,59,14,4216.0,5832.0,1616.0,1007.8
-11,16,70,75,14,4888.0,5704.0,816.0,1101.2
-11,17,21,21,11,4384.0,5112.0,728.0,1326.5
-11,18,59,86,11,4352.0,4704.0,352.0,915.9
-11,19,7,118,6,160.0,5256.0,5096.0,835.0
-11,20,24,237,12,152.0,6624.0,6472.0,1101.2
-11,21,39,83,12,240.0,7296.0,7056.0,1326.5
-11,22,40,72,8,7088.0,7864.0,776.0,915.9
-11,23,41,45,14,7576.0,8080.0,504.0,1326.5
-11,24,23,25,13,7752.0,8072.0,320.0,1007.8
-11,25,38,39,13,7584.0,8096.0,512.0,1183.3
-11,26,48,48,13,7016.0,7952.0,936.0,915.9
-11,27,42,42,12,6520.0,7624.0,1104.0,1183.3
-11,28,43,43,12,6760.0,7664.0,904.0,915.9
-11,29,22,22,12,6704.0,7840.0,1136.0,915.9
-11,30,48,48,12,6784.0,7760.0,976.0,915.9
-11,31,9,9,5,5288.0,6920.0,1632.0,915.9
-11,32,11,11,7,3864.0,6024.0,2160.0,915.9
-11,-37,17,17,5,10656.0,11368.0,712.0,915.9
-11,-36,7,7,4,8920.0,10864.0,1944.0,915.9
-11,-35,30,31,10,6744.0,9448.0,2704.0,915.9
-11,-34,7,8,5,5144.0,7744.0,2600.0,636.3
-11,-33,12,12,7,4376.0,5752.0,1376.0,915.9
-11,-32,13,14,10,3392.0,4560.0,1168.0,835.0
-11,-31,16,20,7,2992.0,3896.0,904.0,781.0
-11,-30,14,14,8,2552.0,3144.0,592.0,781.0
-11,-29,57,57,13,2568.0,3224.0,656.0,915.9
-11,-28,48,49,13,2608.0,3336.0,728.0,915.9
-11,-27,34,35,11,2672.0,4272.0,1600.0,867.1
-11,-26,11,12,7,3112.0,4424.0,1312.0,915.9
-11,-25,12,12,8,2688.0,4064.0,1376.0,915.9
-11,-24,26,27,12,2960.0,3696.0,736.0,915.9
-11,-23,39,41,17,2952.0,4440.0,1488.0,1326.5
-11,-22,33,34,10,2936.0,4040.0,1104.0,915.9
-11,-21,46,46,13,2696.0,3648.0,952.0,1326.5
-11,-20,51,51,16,2072.0,3312.0,1240.0,1007.8
-11,-19,27,79,13,1624.0,2864.0,1240.0,1101.2
-11,-18,25,26,12,1096.0,2064.0,968.0,1007.8
-11,-17,27,27,14,1104.0,1832.0,728.0,1007.8
-11,-16,29,29,12,1352.0,1960.0,608.0,1101.2
-11,-15,27,29,12,1760.0,2536.0,776.0,1326.5
-11,-14,30,30,7,1312.0,2536.0,1224.0,915.9
-11,-13,4,5,2,776.0,1672.0,896.0,915.9
-11,-12,29,29,7,1048.0,1728.0,680.0,1326.5
-11,-11,29,29,7,1304.0,2024.0,720.0,1101.2
-11,-10,28,28,5,1424.0,1952.0,528.0,915.9
-11,-9,14,17,6,1456.0,2112.0,656.0,915.9
-11,-8,29,31,8,1840.0,2536.0,696.0,1326.5
-11,-7,38,39,11,2320.0,2784.0,464.0,1326.5
-11,-6,63,64,14,2448.0,2848.0,400.0,1326.5
-11,-5,43,45,11,1672.0,2792.0,1120.0,1007.8
-11,-4,63,65,16,1616.0,2456.0,840.0,1326.5
-11,-3,31,31,9,1448.0,2336.0,888.0,1326.5
-11,-2,54,57,9,1184.0,2048.0,864.0,1326.5
-11,-1,49,50,15,1040.0,1760.0,720.0,915.9
-10,0,42,53,7,88.0,1536.0,1448.0,1326.5
-10,1,4,23,1,-272.0,944.0,1216.0,915.9
-10,2,6,7,6,-272.0,1280.0,1552.0,1326.5
-10,3,16,22,7,888.0,2056.0,1168.0,1007.8
-10,4,17,20,10,1920.0,2880.0,960.0,1007.8
-10,5,8,9,7,2776.0,3920.0,1144.0,1326.5
-10,6,1,11,1,3648.0,4536.0,888.0,915.9
-10,7,9,182,6,4208.0,4600.0,392.0,915.9
-10,8,3,97,2,3288.0,4528.0,1240.0,645.1
-10,10,6,146,6,2760.0,3544.0,784.0,915.9
-10,11,24,94,11,2968.0,3808.0,840.0,915.9
-10,12,16,16,8,3680.0,4040.0,360.0,915.9
-10,13,18,19,6,3736.0,4080.0,344.0,915.9
-10,14,5,12,3,3760.0,4216.0,456.0,1007.8
-10,15,32,35,15,3864.0,5136.0,1272.0,1326.5
-10,16,27,30,13,4592.0,5152.0,560.0,1007.8
-10,17,28,28,13,3920.0,4888.0,968.0,1007.8
-10,18,13,26,11,4168.0,4792.0,624.0,915.9
-10,19,41,58,10,4440.0,5608.0,1168.0,1326.5
-10,20,24,25,9,5040.0,6552.0,1512.0,1183.3
-10,21,33,33,10,6272.0,7296.0,1024.0,1007.8
-10,22,43,55,13,7112.0,7896.0,784.0,1101.2
-10,23,25,26,11,7704.0,8048.0,344.0,1101.2
-10,24,26,29,12,7688.0,8112.0,424.0,1101.2
-10,25,26,33,8,7016.0,7992.0,976.0,915.9
-10,26,33,38,13,6792.0,7680.0,888.0,915.9
-10,27,46,47,10,6400.0,7208.0,808.0,915.9
-10,28,54,56,13,5992.0,7032.0,1040.0,915.9
-10,29,37,37,12,5592.0,6784.0,1192.0,915.9
-10,30,37,37,9,5536.0,7080.0,1544.0,915.9
-10,31,27,27,11,5400.0,6872.0,1472.0,915.9
-10,34,21,21,9,2968.0,3488.0,520.0,915.9
-10,-37,21,21,9,10664.0,11712.0,1048.0,915.9
-10,-36,25,25,10,8856.0,11280.0,2424.0,915.9
-10,-35,10,10,6,6296.0,9280.0,2984.0,915.9
-10,-34,18,19,10,4656.0,6904.0,2248.0,915.9
-10,-33,19,20,8,3592.0,5176.0,1584.0,781.0
-10,-32,12,12,5,2856.0,4376.0,1520.0,781.0
-10,-31,42,42,8,2680.0,3424.0,744.0,781.0
-10,-30,34,34,10,2256.0,3088.0,832.0,915.9
-10,-29,44,45,12,2232.0,2768.0,536.0,867.1
-10,-28,40,40,12,2184.0,2768.0,584.0,867.1
-10,-27,28,29,10,2208.0,3352.0,1144.0,835.0
-10,-26,11,13,8,2328.0,3360.0,1032.0,915.9
-10,-25,25,26,10,1704.0,3464.0,1760.0,915.9
-10,-24,30,32,14,1704.0,3440.0,1736.0,1101.2
-10,-23,39,39,10,1976.0,3392.0,1416.0,1101.2
-10,-22,34,36,12,2256.0,3552.0,1296.0,1326.5
-10,-21,33,33,13,2120.0,3496.0,1376.0,1101.2
-10,-20,40,40,15,1568.0,2696.0,1128.0,1326.5
-10,-19,12,16,8,280.0,2176.0,1896.0,915.9
-10,-18,1,3,1,240.0,1728.0,1488.0,636.3
-10,-16,14,17,11,216.0,1824.0,1608.0,1007.8
-10,-15,17,19,6,704.0,1872.0,1168.0,1007.8
-10,-14,9,12,3,664.0,1776.0,1112.0,1007.8
-10,-13,6,7,4,728.0,1696.0,968.0,915.9
-10,-12,32,32,10,1168.0,1872.0,704.0,1101.2
-10,-11,30,31,10,1408.0,2456.0,1048.0,1101.2
-10,-10,35,36,5,1744.0,2648.0,904.0,915.9
-10,-9,3,11,3,1784.0,2704.0,920.0,915.9
-10,-8,32,32,11,1928.0,2688.0,760.0,915.9
-10,-7,56,60,15,1896.0,2832.0,936.0,1326.5
-10,-6,33,42,10,1720.0,2872.0,1152.0,915.9
-10,-5,66,68,12,1424.0,2792.0,1368.0,1326.5
-10,-4,46,48,13,1408.0,1824.0,416.0,1326.5
-10,-3,60,60,12,1176.0,1616.0,440.0,1326.5
-10,-2,46,50,10,672.0,1816.0,1144.0,1326.5
-10,-1,45,51,11,560.0,1776.0,1216.0,915.9
-9,0,32,32,5,-168.0,928.0,1096.0,915.9
-9,1,37,50,8,-40.0,1216.0,1256.0,915.9
-9,2,26,26,10,616.0,1952.0,1336.0,915.9
-9,3,5,48,4,1280.0,2096.0,816.0,915.9
-9,4,42,51,12,2016.0,2816.0,800.0,915.9
-9,5,41,44,12,2608.0,3744.0,1136.0,915.9
-9,6,2,4,1,3344.0,4536.0,1192.0,915.9
-9,8,1,374,1,3000.0,4240.0,1240.0,645.1
-9,9,2,288,2,3168.0,3408.0,240.0,437.0
-9,11,6,120,5,2704.0,3688.0,984.0,781.0
-9,12,12,12,7,3248.0,4064.0,816.0,915.9
-9,13,19,23,7,3656.0,4112.0,456.0,915.9
-9,14,24,32,12,3520.0,4064.0,544.0,915.9
-9,15,19,19,8,3864.0,4840.0,976.0,915.9
-9,16,38,38,12,4168.0,4920.0,752.0,915.9
-9,17,38,49,12,3688.0,4592.0,904.0,1101.2
-9,18,53,53,13,3856.0,4896.0,1040.0,1007.8
-9,19,24,25,11,4600.0,5720.0,1120.0,1007.8
-9,20,63,65,13,5536.0,6984.0,1448.0,1007.8
-9,21,39,40,12,6304.0,7232.0,928.0,1183.3
-9,22,33,33,9,6736.0,7864.0,1128.0,1101.2
-9,23,57,58,12,7712.0,8040.0,328.0,1326.5
-9,24,35,36,9,7496.0,8040.0,544.0,915.9
-9,25,30,33,9,6992.0,7904.0,912.0,915.9
-9,26,33,33,8,6448.0,7520.0,1072.0,1183.3
-9,27,44,45,12,5568.0,7160.0,1592.0,915.9
-9,28,25,27,8,5000.0,6632.0,1632.0,915.9
-9,29,37,37,13,4792.0,6096.0,1304.0,915.9
-9,30,23,23,12,4368.0,6104.0,1736.0,915.9
-9,31,55,55,11,4272.0,5560.0,1288.0,915.9
-9,32,18,18,9,3080.0,5456.0,2376.0,915.9
-9,33,2,3,2,2840.0,3584.0,744.0,712.9
-9,34,4,4,3,2808.0,3072.0,264.0,781.0
-9,-39,5,5,2,8544.0,11176.0,2632.0,915.9
-9,-37,27,27,5,9792.0,11728.0,1936.0,915.9
-9,-36,10,11,6,8656.0,11240.0,2584.0,915.9
-9,-35,3,5,3,6464.0,9608.0,3144.0,712.9
-9,-34,12,12,5,4560.0,7744.0,3184.0,915.9
-9,-33,23,25,8,3024.0,4760.0,1736.0,781.0
-9,-32,16,16,8,2312.0,3624.0,1312.0,781.0
-9,-31,26,27,9,2128.0,2912.0,784.0,835.0
-9,-30,35,37,11,1136.0,2720.0,1584.0,915.9
-9,-29,24,26,13,1136.0,2472.0,1336.0,915.9
-9,-28,50,50,13,1736.0,2304.0,568.0,915.9
-9,-27,44,44,12,1768.0,2416.0,648.0,915.9
-9,-26,25,25,12,1448.0,2576.0,1128.0,915.9
-9,-25,36,36,12,1256.0,2424.0,1168.0,1007.8
-9,-24,28,28,15,1256.0,2136.0,880.0,1101.2
-9,-23,31,39,13,1312.0,2296.0,984.0,1326.5
-9,-22,45,45,11,1696.0,2792.0,1096.0,1101.2
-9,-21,37,37,13,1800.0,2760.0,960.0,1101.2
-9,-20,39,39,18,1568.0,2176.0,608.0,1183.3
-9,-19,18,20,13,216.0,2096.0,1880.0,1007.8
-9,-18,33,41,15,296.0,1688.0,1392.0,1007.8
-9,-17,52,52,19,352.0,1928.0,1576.0,1101.2
-9,-15,25,36,8,680.0,1768.0,1088.0,915.9
-9,-14,16,34,5,624.0,1784.0,1160.0,915.9
-9,-12,17,17,7,1568.0,2344.0,776.0,1101.2
-9,-11,39,40,13,1464.0,2664.0,1200.0,1101.2
-9,-10,26,27,6,2312.0,2752.0,440.0,1326.5
-9,-9,4,6,3,1600.0,2720.0,1120.0,915.9
-9,-8,34,36,9,1416.0,2680.0,1264.0,1326.5
-9,-7,45,50,11,824.0,2208.0,1384.0,1007.8
-9,-6,29,38,14,800.0,2216.0,1416.0,1007.8
-9,-5,46,48,13,992.0,2264.0,1272.0,1326.5
-9,-4,43,80,13,1088.0,1600.0,512.0,915.9
-9,-3,47,52,9,360.0,1536.0,1176.0,1326.5
-9,-2,42,43,8,32.0,1312.0,1280.0,915.9
-9,-1,18,22,7,40.0,984.0,944.0,915.9
-8,0,30,33,8,568.0,1312.0,744.0,915.9
-8,1,48,51,6,632.0,1704.0,1072.0,1183.3
-8,2,20,274,10,1216.0,1984.0,768.0,915.9
-8,3,7,100,4,1176.0,2080.0,904.0,915.9
-8,4,16,67,5,1968.0,2784.0,816.0,915.9
-8,5,18,19,5,2056.0,3344.0,1288.0,915.9
-8,6,9,13,6,2712.0,4320.0,1608.0,915.9
-8,8,2,352,2,2968.0,4168.0,1200.0,915.9
-8,11,14,20,8,2888.0,3392.0,504.0,915.9
-8,12,19,20,8,2848.0,3712.0,864.0,915.9
-8,13,12,14,7,2928.0,4032.0,1104.0,915.9
-8,14,10,15,6,2944.0,4088.0,1144.0,915.9
-8,15,17,18,7,3648.0,4528.0,880.0,1183.3
-8,16,11,12,4,4024.0,4648.0,624.0,915.9
-8,17,22,121,5,3896.0,4168.0,272.0,915.9
-8,18,53,61,10,4032.0,4768.0,736.0,915.9
-8,19,40,41,10,4320.0,5720.0,1400.0,1183.3
-8,20,44,45,11,5296.0,6944.0,1648.0,1101.2
-8,21,24,25,8,6096.0,7032.0,936.0,915.9
-8,22,23,23,12,6144.0,7744.0,1600.0,1101.2
-8,23,26,27,8,6832.0,7992.0,1160.0,1007.8
-8,24,26,26,10,6968.0,7944.0,976.0,915.9
-8,25,35,36,8,6640.0,7760.0,1120.0,915.9
-8,26,28,31,11,6424.0,7328.0,904.0,915.9
-8,27,39,42,13,5064.0,7168.0,2104.0,915.9
-8,28,27,28,10,3968.0,5904.0,1936.0,915.9
-8,29,49,49,12,3960.0,5080.0,1120.0,915.9
-8,30,38,38,13,3848.0,4984.0,1136.0,915.9
-8,31,29,29,9,3072.0,4432.0,1360.0,915.9
-8,32,19,20,10,3048.0,4440.0,1392.0,915.9
-8,33,13,14,7,2656.0,3176.0,520.0,915.9
-8,34,19,19,10,2664.0,3080.0,416.0,915.9
-8,-39,13,13,4,8416.0,9944.0,1528.0,915.9
-8,-37,12,12,5,7784.0,10248.0,2464.0,915.9
-8,-36,8,8,4,6984.0,9792.0,2808.0,915.9
-8,-35,15,15,9,5960.0,8656.0,2696.0,915.9
-8,-34,15,15,9,4120.0,6464.0,2344.0,915.9
-8,-33,24,24,9,2152.0,4560.0,2408.0,915.9
-8,-32,11,13,8,1544.0,3024.0,1480.0,781.0
-8,-31,23,23,9,1560.0,2312.0,752.0,835.0
-8,-30,14,15,10,1200.0,2184.0,984.0,915.9
-8,-29,7,7,5,1008.0,1736.0,728.0,915.9
-8,-28,25,27,12,1376.0,2264.0,888.0,915.9
-8,-27,43,44,16,1368.0,2264.0,896.0,915.9
-8,-26,20,21,8,1216.0,1848.0,632.0,915.9
-8,-25,1,1,1,1128.0,1448.0,320.0,1326.5
-8,-24,10,10,10,1024.0,1384.0,360.0,915.9
-8,-23,19,19,13,1152.0,1696.0,544.0,1326.5
-8,-22,47,47,12,1280.0,2112.0,832.0,1007.8
-8,-21,25,45,12,1448.0,2200.0,752.0,1326.5
-8,-20,40,42,11,1288.0,2256.0,968.0,1326.5
-8,-19,35,51,13,984.0,1864.0,880.0,915.9
-8,-18,3,7,3,568.0,1504.0,936.0,915.9
-8,-17,73,73,21,1304.0,2056.0,752.0,1326.5
-8,-16,13,136,7,888.0,1912.0,1024.0,1007.8
-8,-15,35,40,11,1360.0,1928.0,568.0,1326.5
-8,-14,30,30,7,1656.0,2272.0,616.0,1101.2
-8,-13,29,29,5,1744.0,2424.0,680.0,915.9
-8,-12,46,46,10,1912.0,2800.0,888.0,1183.3
-8,-11,50,50,14,2136.0,2832.0,696.0,1326.5
-8,-10,18,20,7,2304.0,2752.0,448.0,915.9
-8,-9,19,57,7,1320.0,2552.0,1232.0,915.9
-8,-8,16,51,5,1072.0,2192.0,1120.0,915.9
-8,-7,14,27,10,-104.0,1416.0,1520.0,915.9
-8,-6,20,20,11,-104.0,1024.0,1128.0,915.9
-8,-5,13,63,7,968.0,1208.0,240.0,1101.2
-8,-4,35,59,10,520.0,1280.0,760.0,1326.5
-8,-3,32,37,11,-136.0,1104.0,1240.0,1326.5
-8,-1,33,91,10,328.0,1040.0,712.0,915.9
-7,0,12,208,7,848.0,1160.0,312.0,915.9
-7,1,32,90,7,1000.0,1552.0,552.0,1007.8
-7,2,2,166,2,-296.0,2024.0,2320.0,712.9
-7,3,7,197,3,1792.0,2088.0,296.0,915.9
-7,4,21,44,5,1968.0,2328.0,360.0,915.9
-7,5,25,44,9,2048.0,2736.0,688.0,915.9
-7,6,11,20,8,2592.0,3016.0,424.0,835.0
-7,10,10,135,7,2776.0,3064.0,288.0,915.9
-7,11,8,39,3,2560.0,3080.0,520.0,915.9
-7,12,18,19,6,2176.0,2992.0,816.0,915.9
-7,13,4,8,1,1936.0,3112.0,1176.0,915.9
-7,14,11,22,7,1936.0,3648.0,1712.0,915.9
-7,15,6,12,4,2528.0,4072.0,1544.0,645.1
-7,16,20,25,12,3432.0,4104.0,672.0,915.9
-7,17,6,8,6,3464.0,4152.0,688.0,915.9
-7,18,11,21,5,3824.0,4832.0,1008.0,1183.3
-7,19,16,22,6,4056.0,5312.0,1256.0,915.9
-7,20,46,46,13,4872.0,6104.0,1232.0,1007.8
-7,21,23,24,9,5888.0,6624.0,736.0,915.9
-7,22,36,37,11,5984.0,6872.0,888.0,1183.3
-7,23,29,33,7,5424.0,7216.0,1792.0,915.9
-7,24,24,26,8,5272.0,7152.0,1880.0,915.9
-7,25,33,33,9,5504.0,7008.0,1504.0,915.9
-7,26,22,24,11,4840.0,6760.0,1920.0,915.9
-7,27,36,37,8,4768.0,6616.0,1848.0,915.9
-7,28,29,29,12,3824.0,5080.0,1256.0,915.9
-7,29,21,21,10,3824.0,4400.0,576.0,915.9
-7,30,18,18,11,2688.0,4472.0,1784.0,915.9
-7,31,15,16,9,2576.0,3848.0,1272.0,915.9
-7,32,20,20,9,2512.0,3112.0,600.0,915.9
-7,33,31,31,10,2512.0,3096.0,584.0,915.9
-7,34,13,13,8,2632.0,2928.0,296.0,915.9
-7,-41,2,2,1,6040.0,7440.0,1400.0,915.9
-7,-40,5,5,4,7144.0,8416.0,1272.0,835.0
-7,-39,5,5,2,7464.0,9016.0,1552.0,915.9
-7,-38,7,7,3,6904.0,9016.0,2112.0,915.9
-7,-37,7,7,7,6712.0,8536.0,1824.0,915.9
-7,-36,14,14,8,6104.0,7808.0,1704.0,915.9
-7,-35,13,13,8,4936.0,6984.0,2048.0,915.9
-7,-34,20,20,8,3464.0,5960.0,2496.0,915.9
-7,-33,16,16,10,1040.0,4120.0,3080.0,915.9
-7,-31,3,3,3,288.0,1800.0,1512.0,781.0
-7,-29,4,4,3,1064.0,1456.0,392.0,915.9
-7,-28,2,3,2,1136.0,1576.0,440.0,915.9
-7,-27,4,4,3,1032.0,1576.0,544.0,915.9
-7,-26,2,2,2,1016.0,1400.0,384.0,658.7
-7,-25,17,17,4,1136.0,1408.0,272.0,658.7
-7,-24,24,25,5,1128.0,1424.0,296.0,658.7
-7,-23,28,28,5,1128.0,1376.0,248.0,658.7
-7,-22,31,31,13,1104.0,1448.0,344.0,915.9
-7,-21,14,14,7,904.0,1872.0,968.0,915.9
-7,-20,5,5,3,896.0,1760.0,864.0,915.9
-7,-19,5,17,4,672.0,1376.0,704.0,915.9
-7,-18,8,14,3,656.0,1784.0,1128.0,915.9
-7,-17,26,27,4,1304.0,2064.0,760.0,915.9
-7,-16,42,42,10,1440.0,2152.0,712.0,915.9
-7,-15,35,35,9,1456.0,2424.0,968.0,915.9
-7,-14,26,26,5,1776.0,2552.0,776.0,1007.8
-7,-13,26,26,5,2080.0,2720.0,640.0,1101.2
-7,-12,31,31,14,2328.0,2848.0,520.0,915.9
-7,-11,45,47,17,2216.0,2856.0,640.0,1326.5
-7,-10,21,22,5,1992.0,2632.0,640.0,915.9
-7,-9,26,103,5,1744.0,2360.0,616.0,915.9
-7,-8,23,96,5,928.0,2144.0,1216.0,915.9
-7,-7,18,43,9,-88.0,1128.0,1216.0,915.9
-7,-6,8,186,8,-64.0,1064.0,1128.0,835.0
-7,-5,7,119,5,672.0,1088.0,416.0,1326.5
-7,-4,30,55,8,360.0,1104.0,744.0,1007.8
-7,-3,20,21,8,-488.0,552.0,1040.0,1101.2
-7,-2,5,8,3,-216.0,960.0,1176.0,915.9
-7,-1,19,129,6,872.0,984.0,112.0,915.9
-6,0,4,272,4,-584.0,1384.0,1968.0,1326.5
-6,1,13,284,3,1104.0,1520.0,416.0,915.9
-6,2,16,336,6,784.0,1856.0,1072.0,1183.3
-6,3,6,275,3,1600.0,2048.0,448.0,915.9
-6,4,19,140,7,1928.0,2176.0,248.0,1183.3
-6,5,27,29,8,1856.0,2656.0,800.0,915.9
-6,6,20,23,11,1744.0,2696.0,952.0,915.9
-6,8,1,14,1,2152.0,2800.0,648.0,915.9
-6,9,11,30,7,2256.0,2896.0,640.0,915.9
-6,10,20,42,10,2088.0,2984.0,896.0,915.9
-6,11,9,59,5,1664.0,3040.0,1376.0,915.9
-6,12,6,19,1,1352.0,2560.0,1208.0,915.9
-6,13,9,17,6,1416.0,2368.0,952.0,915.9
-6,14,11,44,4,1696.0,2528.0,832.0,915.9
-6,15,1,10,1,2032.0,3448.0,1416.0,712.9
-6,16,11,12,3,2568.0,3784.0,1216.0,1183.3
-6,17,14,16,8,3000.0,3824.0,824.0,915.9
-6,18,1,9,1,3512.0,4792.0,1280.0,835.0
-6,19,9,10,6,3992.0,4872.0,880.0,915.9
-6,20,10,14,8,4160.0,6056.0,1896.0,835.0
-6,21,21,25,9,5504.0,6368.0,864.0,1183.3
-6,22,4,9,2,4688.0,6208.0,1520.0,915.9
-6,23,18,20,7,4384.0,5984.0,1600.0,915.9
-6,24,17,19,9,4272.0,5504.0,1232.0,915.9
-6,25,26,31,11,4232.0,6112.0,1880.0,915.9
-6,26,33,36,11,4160.0,6016.0,1856.0,915.9
-6,27,57,58,12,3912.0,5104.0,1192.0,915.9
-6,28,24,30,10,2952.0,4800.0,1848.0,915.9
-6,29,20,21,9,3224.0,4264.0,1040.0,915.9
-6,30,21,21,9,2288.0,4288.0,2000.0,915.9
-6,31,6,6,5,2312.0,2688.0,376.0,915.9
-6,32,21,21,10,2376.0,2584.0,208.0,915.9
-6,33,13,13,8,2392.0,2688.0,296.0,915.9
-6,34,12,12,8,2624.0,2856.0,232.0,781.0
-6,-42,3,3,3,5136.0,6120.0,984.0,915.9
-6,-41,13,13,6,5896.0,7208.0,1312.0,915.9
-6,-40,10,10,7,5800.0,7552.0,1752.0,835.0
-6,-39,11,11,6,5000.0,7576.0,2576.0,915.9
-6,-38,5,5,2,4640.0,7472.0,2832.0,915.9
-6,-37,19,19,8,5312.0,7032.0,1720.0,915.9
-6,-36,20,20,7,4720.0,6768.0,2048.0,915.9
-6,-35,20,21,10,3872.0,6224.0,2352.0,915.9
-6,-34,42,42,9,3528.0,4936.0,1408.0,915.9
-6,-33,10,12,5,1368.0,3784.0,2416.0,915.9
-6,-31,5,5,4,288.0,1528.0,1240.0,658.7
-6,-30,20,20,8,496.0,1608.0,1112.0,1007.8
-6,-29,15,15,5,1088.0,1624.0,536.0,658.7
-6,-28,5,5,5,872.0,1576.0,704.0,658.7
-6,-27,15,15,9,1064.0,1448.0,384.0,658.7
-6,-26,14,14,7,1064.0,1528.0,464.0,658.7
-6,-25,25,25,5,1224.0,1432.0,208.0,658.7
-6,-24,29,35,4,1184.0,1424.0,240.0,658.7
-6,-23,28,28,5,1200.0,1440.0,240.0,658.7
-6,-22,21,21,4,1192.0,1536.0,344.0,658.7
-6,-21,31,32,11,1088.0,1592.0,504.0,781.0
-6,-20,36,36,15,1112.0,1896.0,784.0,915.9
-6,-19,22,22,6,1264.0,2024.0,760.0,915.9
-6,-18,26,26,6,1240.0,2448.0,1208.0,915.9
-6,-17,19,20,6,1784.0,2464.0,680.0,1183.3
-6,-16,24,24,10,1824.0,2456.0,632.0,915.9
-6,-15,15,18,4,1848.0,2480.0,632.0,915.9
-6,-14,16,22,5,1832.0,2728.0,896.0,915.9
-6,-13,32,32,7,2320.0,2728.0,408.0,1101.2
-6,-12,37,38,14,2368.0,2928.0,560.0,1101.2
-6,-11,28,30,12,2160.0,2880.0,720.0,1007.8
-6,-10,5,7,4,1864.0,2448.0,584.0,915.9
-6,-9,2,219,2,1584.0,2104.0,520.0,1101.2
-6,-8,7,153,4,1056.0,1920.0,864.0,1101.2
-6,-7,6,315,3,944.0,1608.0,664.0,915.9
-6,-6,4,271,3,856.0,1376.0,520.0,1326.5
-6,-4,8,36,3,-248.0,824.0,1072.0,915.9
-6,-2,6,20,5,-528.0,944.0,1472.0,915.9
-6,-1,5,275,5,-816.0,1152.0,1968.0,835.0
-5,0,14,378,7,-1360.0,1208.0,2568.0,1183.3
-5,1,4,295,2,1088.0,1536.0,448.0,835.0
-5,2,13,253,5,1152.0,1920.0,768.0,915.9
-5,3,21,204,5,1552.0,2096.0,544.0,915.9
-5,4,19,138,7,1536.0,2096.0,560.0,915.9
-5,5,41,41,10,1464.0,2112.0,648.0,915.9
-5,6,19,29,7,1432.0,2088.0,656.0,1101.2
-5,7,1,1,1,1552.0,2440.0,888.0,712.9
-5,8,3,13,3,1472.0,2328.0,856.0,915.9
-5,9,39,41,12,1040.0,2392.0,1352.0,915.9
-5,10,29,32,13,768.0,2296.0,1528.0,915.9
-5,11,8,32,6,448.0,2216.0,1768.0,915.9
-5,12,3,4,2,176.0,1688.0,1512.0,915.9
-5,14,12,15,4,952.0,2136.0,1184.0,915.9
-5,15,10,10,3,2024.0,2632.0,608.0,1183.3
-5,16,12,13,3,2344.0,3072.0,728.0,915.9
-5,17,8,10,4,2800.0,4088.0,1288.0,915.9
-5,18,5,10,5,3568.0,4504.0,936.0,915.9
-5,19,19,21,7,4184.0,4976.0,792.0,915.9
-5,20,6,23,3,4168.0,5600.0,1432.0,915.9
-5,21,9,15,5,3992.0,5656.0,1664.0,636.3
-5,22,1,6,1,3888.0,5744.0,1856.0,915.9
-5,23,32,43,13,3808.0,4728.0,920.0,915.9
-5,24,29,30,9,3944.0,4752.0,808.0,915.9
-5,25,43,44,9,3768.0,4792.0,1024.0,915.9
-5,26,35,37,12,3792.0,4696.0,904.0,915.9
-5,27,47,48,12,3160.0,4280.0,1120.0,915.9
-5,28,16,16,9,2320.0,3912.0,1592.0,915.9
-5,29,38,40,11,2264.0,3920.0,1656.0,915.9
-5,31,4,5,4,2200.0,2392.0,192.0,781.0
-5,32,9,9,6,2248.0,2448.0,200.0,915.9
-5,33,2,2,2,2328.0,2704.0,376.0,566.2
-5,34,5,5,4,2592.0,3304.0,712.0,915.9
-5,35,11,11,7,2776.0,3832.0,1056.0,915.9
-5,-42,5,5,2,5688.0,6592.0,904.0,581.9
-5,-41,14,14,7,5848.0,6568.0,720.0,915.9
-5,-40,5,5,4,4112.0,6080.0,1968.0,781.0
-5,-39,9,9,5,2568.0,5800.0,3232.0,915.9
-5,-38,8,8,5,2216.0,5544.0,3328.0,915.9
-5,-37,3,3,2,3080.0,5608.0,2528.0,915.9
-5,-36,19,19,9,3656.0,5312.0,1656.0,915.9
-5,-35,18,18,11,3040.0,4736.0,1696.0,915.9
-5,-34,13,14,10,2120.0,3872.0,1752.0,915.9
-5,-33,1,1,1,696.0,3528.0,2832.0,915.9
-5,-32,22,22,8,1040.0,1976.0,936.0,1101.2
-5,-31,11,11,6,1224.0,2032.0,808.0,1101.2
-5,-30,26,26,9,1232.0,1728.0,496.0,1101.2
-5,-29,8,8,4,808.0,1648.0,840.0,658.7
-5,-28,9,9,7,832.0,1464.0,632.0,568.8
-5,-27,17,17,8,1104.0,1504.0,400.0,658.7
-5,-26,16,16,4,1216.0,1840.0,624.0,658.7
-5,-25,21,21,5,1232.0,1808.0,576.0,658.7
-5,-24,10,10,3,1280.0,1832.0,552.0,568.8
-5,-23,16,16,3,1272.0,1808.0,536.0,568.8
-5,-22,16,16,5,1304.0,1984.0,680.0,658.7
-5,-21,19,19,7,1536.0,2096.0,560.0,658.7
-5,-20,23,60,13,1584.0,2168.0,584.0,915.9
-5,-19,19,22,8,1608.0,2288.0,680.0,781.0
-5,-18,40,40,12,1680.0,2448.0,768.0,915.9
-5,-17,31,31,11,1720.0,2464.0,744.0,915.9
-5,-16,26,28,5,1696.0,2432.0,736.0,915.9
-5,-15,28,30,5,1632.0,2296.0,664.0,915.9
-5,-14,58,58,11,1904.0,2368.0,464.0,1183.3
-5,-13,44,64,8,2208.0,2664.0,456.0,915.9
-5,-12,57,57,11,2304.0,3008.0,704.0,1101.2
-5,-11,52,55,9,2200.0,3128.0,928.0,1101.2
-5,-10,1,58,1,1720.0,2608.0,888.0,1101.2
-5,-9,5,172,2,1296.0,1896.0,600.0,1101.2
-5,-8,2,125,2,1288.0,1760.0,472.0,835.0
-5,-7,4,223,3,1288.0,1584.0,296.0,915.9
-5,-6,2,133,2,1192.0,1392.0,200.0,1326.5
-5,-4,4,87,4,-240.0,1032.0,1272.0,915.9
-5,-1,1,311,1,-1480.0,280.0,1760.0,1326.5
-4,0,4,438,4,-216.0,1192.0,1408.0,1007.8
-4,1,3,273,1,1104.0,1480.0,376.0,915.9
-4,2,19,336,5,1224.0,1920.0,696.0,915.9
-4,3,7,177,4,1352.0,1920.0,568.0,1183.3
-4,4,12,82,6,1168.0,1664.0,496.0,915.9
-4,5,36,37,4,1184.0,1664.0,480.0,1101.2
-4,6,38,38,13,1072.0,1648.0,576.0,1326.5
-4,7,24,24,7,712.0,1760.0,1048.0,915.9
-4,8,15,23,9,480.0,1640.0,1160.0,915.9
-4,9,7,15,4,264.0,1632.0,1368.0,915.9
-4,10,2,3,2,104.0,1112.0,1008.0,743.6
-4,11,3,4,2,136.0,1008.0,872.0,743.6
-4,12,2,5,2,184.0,1120.0,936.0,743.6
-4,13,17,19,9,160.0,1608.0,1448.0,915.9
-4,14,9,11,4,952.0,2064.0,1112.0,915.9
-4,15,25,25,7,1952.0,2656.0,704.0,915.9
-4,16,7,10,4,2400.0,3056.0,656.0,915.9
-4,17,5,7,5,2448.0,4080.0,1632.0,915.9
-4,18,5,228,5,3520.0,4432.0,912.0,835.0
-4,19,8,164,4,3888.0,4952.0,1064.0,915.9
-4,20,7,10,4,3968.0,5312.0,1344.0,915.9
-4,21,6,7,5,3960.0,4792.0,832.0,636.3
-4,22,9,16,8,3928.0,4648.0,720.0,915.9
-4,23,9,11,7,3808.0,4696.0,888.0,1183.3
-4,24,19,26,6,3960.0,4840.0,880.0,915.9
-4,25,6,44,4,3592.0,4824.0,1232.0,835.0
-4,26,10,17,7,3312.0,4552.0,1240.0,915.9
-4,27,19,22,10,2144.0,3976.0,1832.0,915.9
-4,28,15,16,8,2144.0,3344.0,1200.0,915.9
-4,29,6,7,6,2064.0,2976.0,912.0,781.0
-4,30,1,2,1,2064.0,2264.0,200.0,835.0
-4,31,22,22,9,2080.0,2256.0,176.0,915.9
-4,32,13,13,9,2176.0,2368.0,192.0,915.9
-4,33,11,11,5,2296.0,2840.0,544.0,915.9
-4,34,17,17,10,2544.0,4792.0,2248.0,915.9
-4,35,18,18,9,3304.0,5760.0,2456.0,915.9
-4,-42,15,15,7,5440.0,6720.0,1280.0,915.9
-4,-41,6,6,4,5616.0,6696.0,1080.0,1101.2
-4,-40,9,9,6,3608.0,6040.0,2432.0,835.0
-4,-39,1,1,1,2488.0,4640.0,2152.0,566.2
-4,-37,12,12,7,1512.0,4112.0,2600.0,915.9
-4,-36,21,21,9,1440.0,4144.0,2704.0,1007.8
-4,-35,19,19,6,2824.0,3896.0,1072.0,915.9
-4,-34,18,18,9,2104.0,3040.0,936.0,915.9
-4,-33,8,8,3,312.0,2280.0,1968.0,915.9
-4,-31,11,11,5,416.0,1864.0,1448.0,658.7
-4,-30,13,13,5,752.0,1344.0,592.0,658.7
-4,-29,11,11,5,776.0,1344.0,568.0,658.7
-4,-28,19,19,8,1168.0,1600.0,432.0,1101.2
-4,-27,28,28,9,1240.0,1800.0,560.0,1007.8
-4,-26,14,14,5,1224.0,1856.0,632.0,658.7
-4,-25,23,23,5,968.0,1808.0,840.0,658.7
-4,-24,15,15,4,728.0,1688.0,960.0,568.8
-4,-23,17,29,4,728.0,1480.0,752.0,568.8
-4,-22,18,18,4,728.0,1648.0,920.0,658.7
-4,-21,13,22,3,1032.0,1960.0,928.0,568.8
-4,-19,29,144,9,1112.0,1888.0,776.0,781.0
-4,-18,55,55,15,1160.0,1992.0,832.0,915.9
-4,-17,31,77,12,1248.0,1984.0,736.0,915.9
-4,-16,22,203,5,1320.0,1808.0,488.0,915.9
-4,-15,16,238,3,856.0,1960.0,1104.0,915.9
-4,-14,20,50,5,1040.0,2312.0,1272.0,915.9
-4,-13,13,18,4,2176.0,2384.0,208.0,915.9
-4,-12,63,63,13,2184.0,2664.0,480.0,1326.5
-4,-11,60,60,12,1864.0,2888.0,1024.0,1007.8
-4,-10,2,87,2,1512.0,2256.0,744.0,915.9
-4,-9,2,283,2,1288.0,1808.0,520.0,1101.2
-4,-8,2,242,2,1248.0,1472.0,224.0,835.0
-4,-1,3,357,3,-304.0,1024.0,1328.0,1326.5
-3,0,10,284,7,592.0,1216.0,624.0,915.9
-3,1,3,213,1,1104.0,1568.0,464.0,915.9
-3,2,1,285,1,1376.0,1696.0,320.0,835.0
-3,3,10,179,3,1208.0,1696.0,488.0,915.9
-3,4,9,117,3,952.0,1408.0,456.0,915.9
-3,5,34,99,6,760.0,1368.0,608.0,915.9
-3,6,22,27,12,704.0,1352.0,648.0,1326.5
-3,7,21,21,7,200.0,1112.0,912.0,915.9
-3,8,27,34,9,200.0,1024.0,824.0,915.9
-3,9,15,28,7,280.0,1016.0,736.0,915.9
-3,10,13,14,6,168.0,960.0,792.0,1101.2
-3,11,18,18,6,136.0,1152.0,1016.0,915.9
-3,12,33,33,11,776.0,1456.0,680.0,1101.2
-3,13,37,38,12,1120.0,1928.0,808.0,915.9
-3,14,31,32,11,1544.0,2448.0,904.0,1183.3
-3,15,15,30,9,2056.0,2960.0,904.0,1183.3
-3,16,12,17,9,2392.0,3480.0,1088.0,1326.5
-3,17,14,15,8,2448.0,3656.0,1208.0,915.9
-3,18,16,18,12,3368.0,4088.0,720.0,1183.3
-3,19,10,15,5,3576.0,4176.0,600.0,835.0
-3,20,4,7,4,3832.0,4232.0,400.0,781.0
-3,21,18,34,10,3856.0,4296.0,440.0,915.9
-3,22,12,14,7,3792.0,4648.0,856.0,915.9
-3,23,23,26,8,3440.0,4488.0,1048.0,915.9
-3,24,19,39,7,3504.0,4440.0,936.0,915.9
-3,25,6,8,5,3832.0,4640.0,808.0,915.9
-3,26,18,20,7,2536.0,4640.0,2104.0,915.9
-3,27,10,13,5,2088.0,3496.0,1408.0,915.9
-3,28,34,34,11,2152.0,3216.0,1064.0,915.9
-3,29,22,22,10,1920.0,2648.0,728.0,915.9
-3,30,16,16,9,1952.0,2104.0,152.0,915.9
-3,31,22,22,10,2000.0,2192.0,192.0,915.9
-3,32,15,15,10,2112.0,2576.0,464.0,915.9
-3,33,4,4,3,2304.0,3776.0,1472.0,915.9
-3,34,5,5,2,2840.0,5912.0,3072.0,915.9
-3,35,24,24,10,4792.0,6184.0,1392.0,915.9
-3,-42,2,2,1,4672.0,6208.0,1536.0,835.0
-3,-41,14,14,7,5384.0,6416.0,1032.0,835.0
-3,-40,9,9,6,4640.0,6280.0,1640.0,835.0
-3,-39,8,8,7,3352.0,5528.0,2176.0,915.9
-3,-38,3,3,3,2056.0,4496.0,2440.0,781.0
-3,-36,5,5,4,304.0,3144.0,2840.0,915.9
-3,-35,7,7,4,1560.0,3848.0,2288.0,915.9
-3,-34,16,16,6,448.0,2824.0,2376.0,915.9
-3,-33,3,3,3,168.0,2104.0,1936.0,1101.2
-3,-32,4,4,3,-296.0,1568.0,1864.0,568.8
-3,-31,7,7,3,328.0,1552.0,1224.0,658.7
-3,-30,14,14,9,944.0,1624.0,680.0,1101.2
-3,-29,16,16,8,1248.0,1608.0,360.0,1007.8
-3,-28,10,10,6,1224.0,1752.0,528.0,915.9
-3,-27,19,19,9,1040.0,1864.0,824.0,781.0
-3,-26,21,21,8,984.0,1680.0,696.0,781.0
-3,-25,14,15,4,768.0,1272.0,504.0,658.7
-3,-24,22,22,6,712.0,968.0,256.0,915.9
-3,-23,9,18,3,752.0,864.0,112.0,915.9
-3,-22,16,19,5,736.0,1032.0,296.0,658.7
-3,-21,18,20,6,400.0,1624.0,1224.0,658.7
-3,-20,19,34,8,560.0,1680.0,1120.0,781.0
-3,-19,15,34,5,856.0,1264.0,408.0,658.7
-3,-18,32,32,13,840.0,1408.0,568.0,781.0
-3,-17,29,76,14,1096.0,1416.0,320.0,915.9
-3,-16,8,170,3,1104.0,1416.0,312.0,915.9
-3,-15,7,238,6,528.0,1464.0,936.0,835.0
-3,-14,26,77,9,960.0,2280.0,1320.0,1101.2
-3,-13,52,68,6,1832.0,2280.0,448.0,1101.2
-3,-12,40,40,10,2016.0,2616.0,600.0,1183.3
-3,-11,35,35,6,1664.0,2448.0,784.0,1101.2
-3,-10,8,17,3,1480.0,1960.0,480.0,915.9
-3,-5,3,149,2,720.0,1344.0,624.0,915.9
-3,-2,1,60,1,-232.0,864.0,1096.0,915.9
-3,-1,18,367,6,520.0,856.0,336.0,915.9
-2,0,5,281,3,608.0,1112.0,504.0,835.0
-2,1,5,302,2,912.0,1440.0,528.0,915.9
-2,2,8,277,2,976.0,1624.0,648.0,915.9
-2,3,36,177,5,864.0,1440.0,576.0,915.9
-2,4,29,75,7,768.0,1232.0,464.0,1326.5
-2,5,11,146,5,688.0,960.0,272.0,1326.5
-2,6,12,47,4,560.0,920.0,360.0,1007.8
-2,7,19,19,7,240.0,728.0,488.0,1101.2
-2,8,15,23,6,280.0,960.0,680.0,1101.2
-2,9,35,36,9,416.0,952.0,536.0,1326.5
-2,10,23,23,8,624.0,1176.0,552.0,915.9
-2,11,14,93,5,944.0,1312.0,368.0,1326.5
-2,12,19,21,10,1128.0,1752.0,624.0,915.9
-2,13,9,11,6,1456.0,2256.0,800.0,1326.5
-2,14,25,29,6,1840.0,2416.0,576.0,915.9
-2,15,19,20,9,2160.0,3216.0,1056.0,1101.2
-2,16,14,15,9,2544.0,3664.0,1120.0,1101.2
-2,17,11,12,8,3096.0,3688.0,592.0,1101.2
-2,18,2,13,2,2656.0,3952.0,1296.0,560.2
-2,19,3,11,3,2656.0,3984.0,1328.0,915.9
-2,20,22,23,11,3320.0,4176.0,856.0,915.9
-2,21,15,17,9,3280.0,4224.0,944.0,915.9
-2,22,10,11,7,2952.0,4136.0,1184.0,915.9
-2,23,26,37,10,2800.0,3936.0,1136.0,915.9
-2,24,31,32,11,2848.0,4464.0,1616.0,915.9
-2,25,12,15,7,3136.0,4528.0,1392.0,915.9
-2,26,13,15,8,2472.0,4272.0,1800.0,915.9
-2,27,16,17,6,2112.0,3112.0,1000.0,915.9
-2,28,48,49,13,2288.0,3200.0,912.0,915.9
-2,29,18,18,9,1848.0,2616.0,768.0,915.9
-2,30,21,21,9,1816.0,2048.0,232.0,915.9
-2,31,23,23,11,1944.0,2344.0,400.0,915.9
-2,32,20,20,8,2128.0,3112.0,984.0,915.9
-2,33,8,8,6,2576.0,5312.0,2736.0,915.9
-2,34,4,4,4,3776.0,7240.0,3464.0,915.9
-2,35,30,30,13,5768.0,7312.0,1544.0,915.9
-2,-43,1,1,1,3088.0,4672.0,1584.0,1007.8
-2,-42,8,8,8,4008.0,5384.0,1376.0,835.0
-2,-41,16,16,7,4752.0,5920.0,1168.0,915.9
-2,-40,9,9,5,4784.0,5920.0,1136.0,915.9
-2,-39,7,7,6,4176.0,5696.0,1520.0,915.9
-2,-38,6,7,4,2032.0,4448.0,2416.0,915.9
-2,-37,3,3,3,184.0,3080.0,2896.0,636.3
-2,-34,6,6,3,496.0,2168.0,1672.0,915.9
-2,-33,4,4,4,472.0,1976.0,1504.0,915.9
-2,-32,9,9,7,480.0,1960.0,1480.0,915.9
-2,-31,8,8,5,1032.0,1960.0,928.0,915.9
-2,-30,12,12,7,1200.0,1656.0,456.0,915.9
-2,-29,6,6,6,1184.0,1696.0,512.0,1007.8
-2,-28,8,8,4,936.0,1736.0,800.0,568.8
-2,-27,19,19,8,768.0,1336.0,568.0,658.7
-2,-26,14,14,8,744.0,1176.0,432.0,658.7
-2,-25,10,10,4,760.0,1128.0,368.0,658.7
-2,-24,18,18,5,768.0,848.0,80.0,658.7
-2,-23,17,22,5,768.0,880.0,112.0,658.7
-2,-22,22,22,6,384.0,840.0,456.0,915.9
-2,-21,21,21,5,368.0,808.0,440.0,658.7
-2,-20,19,19,5,400.0,904.0,504.0,658.7
-2,-19,21,21,5,472.0,904.0,432.0,658.7
-2,-18,23,26,13,584.0,1096.0,512.0,1101.2
-2,-17,39,49,11,664.0,1296.0,632.0,915.9
-2,-16,1,349,1,1088.0,1336.0,248.0,915.9
-2,-15,14,360,9,1096.0,1392.0,296.0,915.9
-2,-14,40,78,12,1280.0,2120.0,840.0,1007.8
-2,-13,33,33,11,1864.0,2592.0,728.0,1101.2
-2,-12,41,41,11,2008.0,2648.0,640.0,1101.2
-2,-11,39,39,8,1784.0,2360.0,576.0,915.9
-2,-10,8,114,3,1544.0,1928.0,384.0,915.9
-2,-9,3,180,2,832.0,1568.0,736.0,1326.5
-2,-8,4,266,2,912.0,1832.0,920.0,1101.2
-2,-7,1,209,1,1264.0,1912.0,648.0,581.9
-2,-4,1,213,1,-32.0,1320.0,1352.0,712.9
-2,-2,2,13,1,-496.0,632.0,1128.0,560.2
-2,-1,12,159,6,456.0,696.0,240.0,1326.5
-1,0,3,539,1,480.0,1024.0,544.0,915.9
-1,1,2,143,1,392.0,1360.0,968.0,915.9
-1,2,16,249,8,416.0,1352.0,936.0,915.9
-1,3,16,60,9,640.0,1104.0,464.0,1326.5
-1,4,28,98,8,640.0,944.0,304.0,1326.5
-1,5,31,32,5,688.0,968.0,280.0,915.9
-1,6,23,24,8,608.0,960.0,352.0,1007.8
-1,7,10,15,7,-80.0,768.0,848.0,1007.8
-1,8,8,17,7,32.0,792.0,760.0,915.9
-1,9,21,21,13,416.0,1008.0,592.0,1326.5
-1,10,23,25,11,808.0,1200.0,392.0,1326.5
-1,11,29,36,14,1064.0,1568.0,504.0,1007.8
-1,12,11,12,8,1304.0,1744.0,440.0,1101.2
-1,13,20,22,8,1360.0,2176.0,816.0,1101.2
-1,14,14,16,6,1664.0,2632.0,968.0,1101.2
-1,15,15,17,10,2088.0,3216.0,1128.0,1101.2
-1,16,7,8,3,2440.0,3656.0,1216.0,1101.2
-1,17,9,12,5,2680.0,4000.0,1320.0,1101.2
-1,18,20,25,7,2616.0,3728.0,1112.0,915.9
-1,19,18,21,5,2296.0,3376.0,1080.0,915.9
-1,20,36,37,10,2224.0,3848.0,1624.0,915.9
-1,21,22,24,11,2224.0,3832.0,1608.0,915.9
-1,22,9,11,8,1352.0,3392.0,2040.0,915.9
-1,23,22,26,8,1272.0,3528.0,2256.0,915.9
-1,24,28,30,9,1472.0,3592.0,2120.0,915.9
-1,25,17,18,7,2264.0,3920.0,1656.0,915.9
-1,26,22,25,6,2496.0,3888.0,1392.0,915.9
-1,27,18,18,8,2144.0,3152.0,1008.0,915.9
-1,28,45,45,12,2080.0,3096.0,1016.0,915.9
-1,29,21,21,8,1792.0,2368.0,576.0,915.9
-1,30,31,31,12,1768.0,1968.0,200.0,915.9
-1,31,2,2,2,1896.0,2360.0,464.0,566.2
-1,32,9,9,7,2184.0,3936.0,1752.0,915.9
-1,33,8,8,6,3112.0,5936.0,2824.0,915.9
-1,34,10,11,7,5104.0,7704.0,2600.0,915.9
-1,35,18,18,10,6792.0,8488.0,1696.0,915.9
-1,-42,7,7,3,3608.0,4816.0,1208.0,1101.2
-1,-41,4,4,2,4240.0,5128.0,888.0,915.9
-1,-40,9,9,5,4680.0,5168.0,488.0,915.9
-1,-39,17,17,8,4344.0,5176.0,832.0,1101.2
-1,-38,10,11,8,2768.0,4792.0,2024.0,915.9
-1,-37,9,9,6,1144.0,3248.0,2104.0,1007.8
-1,-35,4,5,4,912.0,3096.0,2184.0,1101.2
-1,-34,10,10,7,1864.0,3072.0,1208.0,1101.2
-1,-33,7,7,6,640.0,2104.0,1464.0,915.9
-1,-32,8,8,4,1600.0,2496.0,896.0,1007.8
-1,-31,17,17,6,1632.0,2384.0,752.0,1007.8
-1,-30,4,4,3,1320.0,2000.0,680.0,835.0
-1,-29,10,10,4,944.0,1672.0,728.0,712.9
-1,-28,13,13,4,736.0,1192.0,456.0,658.7
-1,-27,9,9,4,768.0,1080.0,312.0,658.7
-1,-26,9,9,6,752.0,968.0,216.0,658.7
-1,-25,25,36,5,736.0,888.0,152.0,658.7
-1,-24,14,14,6,744.0,960.0,216.0,658.7
-1,-23,39,47,13,400.0,864.0,464.0,781.0
-1,-22,31,31,13,376.0,832.0,456.0,781.0
-1,-21,10,11,6,368.0,568.0,200.0,915.9
-1,-20,7,7,5,376.0,624.0,248.0,658.7
-1,-19,8,8,6,360.0,672.0,312.0,1326.5
-1,-18,1,1,1,392.0,728.0,336.0,1183.3
-1,-17,14,95,9,552.0,1144.0,592.0,915.9
-1,-16,7,202,6,616.0,1328.0,712.0,1101.2
-1,-15,18,54,8,816.0,1360.0,544.0,915.9
-1,-14,14,15,7,920.0,2168.0,1248.0,915.9
-1,-13,34,37,11,1880.0,2712.0,832.0,915.9
-1,-12,27,29,8,2024.0,2648.0,624.0,915.9
-1,-11,26,27,9,1848.0,2360.0,512.0,915.9
-1,-10,16,20,9,1528.0,2128.0,600.0,915.9
-1,-9,3,5,1,816.0,1816.0,1000.0,915.9
-1,-8,6,700,6,920.0,1656.0,736.0,781.0
-1,-7,6,241,5,968.0,1776.0,808.0,915.9
-1,-6,7,182,4,656.0,1488.0,832.0,915.9
-1,-5,4,199,2,1056.0,1424.0,368.0,712.9
-1,-4,2,311,2,432.0,1408.0,976.0,712.9
-1,-2,1,7,1,-584.0,488.0,1072.0,581.9
-1,-1,16,227,10,208.0,688.0,480.0,915.9
0,0,16,337,3,512.0,776.0,264.0,915.9
0,1,12,435,5,528.0,1040.0,512.0,915.9
0,3,8,247,3,344.0,976.0,632.0,915.9
0,4,14,66,6,672.0,872.0,200.0,1101.2
0,5,31,43,12,464.0,904.0,440.0,1183.3
0,6,20,31,11,208.0,776.0,568.0,1326.5
0,7,3,13,3,-104.0,744.0,848.0,915.9
0,8,2,11,2,-56.0,712.0,768.0,1101.2
0,9,20,25,13,-56.0,896.0,952.0,1101.2
0,10,33,33,8,520.0,1136.0,616.0,1101.2
0,11,27,28,15,552.0,1536.0,984.0,1326.5
0,12,23,25,13,624.0,1688.0,1064.0,1326.5
0,13,10,12,5,888.0,2168.0,1280.0,1101.2
0,14,14,17,7,1576.0,2760.0,1184.0,1326.5
0,15,30,32,10,1576.0,2568.0,992.0,1101.2
0,16,18,19,9,1512.0,2808.0,1296.0,1101.2
0,17,8,10,4,1416.0,3264.0,1848.0,1101.2
0,18,28,33,10,1704.0,2848.0,1144.0,1101.2
0,19,23,27,9,1640.0,2712.0,1072.0,915.9
0,20,27,42,10,1568.0,2664.0,1096.0,915.9
0,21,19,23,6,1160.0,2776.0,1616.0,915.9
0,22,8,10,6,264.0,2224.0,1960.0,915.9
0,23,3,30,2,-24.0,1640.0,1664.0,915.9
0,24,10,13,6,920.0,2264.0,1344.0,915.9
0,25,24,25,10,1872.0,3632.0,1760.0,915.9
0,26,20,23,10,2704.0,3904.0,1200.0,915.9
0,27,18,20,9,2192.0,3592.0,1400.0,915.9
0,28,44,44,13,2368.0,3632.0,1264.0,915.9
0,29,20,20,11,1840.0,3312.0,1472.0,915.9
0,30,18,18,11,1816.0,3120.0,1304.0,915.9
0,31,1,1,1,1928.0,3560.0,1632.0,645.1
0,-41,5,5,4,3792.0,5016.0,1224.0,1101.2
0,-40,8,8,7,4232.0,5192.0,960.0,1007.8
0,-39,7,7,5,2600.0,5208.0,2608.0,915.9
0,-38,9,9,6,1632.0,4344.0,2712.0,915.9
0,-37,8,8,7,1144.0,2768.0,1624.0,915.9
0,-35,5,5,3,1312.0,3096.0,1784.0,915.9
0,-34,9,9,8,1896.0,3208.0,1312.0,1007.8
0,-33,5,5,5,840.0,2192.0,1352.0,1101.2
0,-32,14,14,8,1720.0,2920.0,1200.0,1101.2
0,-31,12,12,7,1976.0,2656.0,680.0,1101.2
0,-30,11,11,5,1304.0,2544.0,1240.0,1101.2
0,-29,10,10,6,840.0,1368.0,528.0,835.0
0,-28,19,19,5,712.0,992.0,280.0,658.7
0,-27,14,14,9,736.0,920.0,184.0,658.7
0,-26,17,17,8,760.0,928.0,168.0,658.7
0,-25,30,37,5,736.0,912.0,176.0,658.7
0,-24,22,22,8,392.0,960.0,568.0,658.7
0,-23,25,26,8,400.0,800.0,400.0,658.7
0,-22,13,16,6,400.0,528.0,128.0,915.9
0,-21,3,147,3,400.0,536.0,136.0,1183.3
0,-20,4,5,3,384.0,688.0,304.0,568.8
0,-18,3,25,3,384.0,616.0,232.0,1101.2
0,-17,6,6,6,408.0,688.0,280.0,1326.5
0,-16,19,20,12,312.0,856.0,544.0,915.9
0,-15,31,32,13,400.0,952.0,552.0,915.9
0,-14,34,35,10,640.0,1880.0,1240.0,915.9
0,-13,10,14,7,1080.0,2392.0,1312.0,915.9
0,-12,9,21,3,1256.0,2392.0,1136.0,915.9
0,-11,9,59,5,1336.0,2216.0,880.0,915.9
0,-10,11,15,5,672.0,2032.0,1360.0,915.9
0,-9,1,18,1,464.0,1800.0,1336.0,835.0
0,-8,2,439,2,944.0,1840.0,896.0,560.2
0,-7,12,575,7,832.0,1776.0,944.0,915.9
0,-6,4,396,2,1032.0,1392.0,360.0,915.9
0,-5,6,420,2,880.0,1416.0,536.0,712.9
0,-4,6,296,3,536.0,1272.0,736.0,835.0
0,-3,15,17,5,0.0,736.0,736.0,915.9
0,-1,6,189,3,-200.0,672.0,872.0,915.9
1,0,12,211,4,-392.0,680.0,1072.0,915.9
1,1,6,161,2,-88.0,664.0,752.0,915.9
1,2,1,341,1,400.0,808.0,408.0,1326.5
1,3,3,217,3,288.0,856.0,568.0,712.9
1,4,11,102,8,424.0,856.0,432.0,835.0
1,5,11,26,6,-608.0,816.0,1424.0,915.9
1,7,9,12,6,0.0,960.0,960.0,915.9
1,8,10,12,7,-24.0,960.0,984.0,915.9
1,10,20,20,10,-200.0,648.0,848.0,915.9
1,11,18,53,5,16.0,848.0,832.0,915.9
1,12,18,24,5,384.0,992.0,608.0,915.9
1,13,16,30,8,432.0,1576.0,1144.0,1101.2
1,14,22,23,7,880.0,2128.0,1248.0,1101.2
1,15,20,21,8,1008.0,2160.0,1152.0,1101.2
1,16,22,23,12,576.0,1864.0,1288.0,1101.2
1,17,19,39,12,616.0,1768.0,1152.0,1101.2
1,18,5,7,2,384.0,2368.0,1984.0,915.9
1,19,4,47,4,984.0,1872.0,888.0,781.0
1,20,5,162,5,1296.0,1776.0,480.0,1101.2
1,21,5,6,2,560.0,1664.0,1104.0,835.0
1,23,5,7,4,-160.0,1672.0,1832.0,915.9
1,24,25,39,11,736.0,1872.0,1136.0,1183.3
1,25,1,3,1,1296.0,3792.0,2496.0,712.9
1,26,18,19,7,2504.0,4008.0,1504.0,915.9
1,27,2,5,2,2120.0,3536.0,1416.0,781.0
1,28,31,31,11,2264.0,3560.0,1296.0,915.9
1,29,42,42,13,2816.0,3984.0,1168.0,915.9
1,30,18,18,8,2640.0,4264.0,1624.0,915.9
1,31,21,21,8,3120.0,5544.0,2424.0,915.9
1,-41,3,3,2,2848.0,4280.0,1432.0,915.9
1,-40,10,10,6,2736.0,4384.0,1648.0,915.9
1,-39,4,4,4,1936.0,4232.0,2296.0,781.0
1,-37,7,7,5,288.0,2232.0,1944.0,915.9
1,-35,9,9,7,1856.0,3032.0,1176.0,1007.8
1,-34,11,11,8,1592.0,3080.0,1488.0,1101.2
1,-32,26,26,11,1616.0,2896.0,1280.0,915.9
1,-31,7,7,6,2368.0,2784.0,416.0,1007.8
1,-30,20,20,10,1248.0,2600.0,1352.0,1101.2
1,-29,14,14,7,712.0,1368.0,656.0,1101.2
1,-28,15,15,5,680.0,904.0,224.0,658.7
1,-27,23,23,11,552.0,888.0,336.0,658.7
1,-26,33,33,13,432.0,888.0,456.0,781.0
1,-25,46,46,13,424.0,848.0,424.0,781.0
1,-24,37,45,13,400.0,864.0,464.0,781.0
1,-23,13,13,5,384.0,544.0,160.0,658.7
1,-22,16,16,5,376.0,552.0,176.0,658.7
1,-21,7,8,5,392.0,560.0,168.0,915.9
1,-20,5,20,4,360.0,560.0,200.0,658.7
1,-19,2,120,2,272.0,536.0,264.0,536.0
1,-18,4,9,3,280.0,584.0,304.0,835.0
1,-17,6,10,5,344.0,720.0,376.0,781.0
1,-16,12,69,9,240.0,600.0,360.0,835.0
1,-15,22,25,9,368.0,952.0,584.0,915.9
1,-14,17,18,6,528.0,1080.0,552.0,1007.8
1,-13,35,36,10,720.0,1464.0,744.0,915.9
1,-12,5,86,2,968.0,1432.0,464.0,915.9
1,-11,1,57,1,1000.0,1776.0,776.0,915.9
1,-10,4,14,2,648.0,1728.0,1080.0,1007.8
1,-8,6,227,4,400.0,1624.0,1224.0,835.0
1,-7,8,354,6,1160.0,1656.0,496.0,1101.2
1,-6,2,380,2,792.0,1368.0,576.0,915.9
1,-5,2,485,1,440.0,1312.0,872.0,915.9
1,-4,1,438,1,720.0,1264.0,544.0,712.9
1,-3,18,90,6,16.0,888.0,872.0,915.9
1,-2,5,39,4,-984.0,576.0,1560.0,915.9
2,1,4,166,2,-112.0,560.0,672.0,915.9
2,2,2,413,2,296.0,736.0,440.0,645.1
2,3,5,264,5,392.0,952.0,560.0,1007.8
2,4,7,312,7,-336.0,776.0,1112.0,1326.5
2,5,2,75,2,-608.0,520.0,1128.0,712.9
2,6,10,26,7,-40.0,1000.0,1040.0,915.9
2,8,10,17,9,496.0,1448.0,952.0,1183.3
2,9,25,38,9,88.0,1080.0,992.0,1183.3
2,10,20,28,8,-128.0,1096.0,1224.0,915.9
2,11,15,24,8,112.0,1240.0,1128.0,915.9
2,12,26,29,3,480.0,1608.0,1128.0,915.9
2,13,24,24,9,848.0,1688.0,840.0,1101.2
2,14,6,461,5,968.0,1288.0,320.0,1101.2
2,15,29,56,11,864.0,1320.0,456.0,1101.2
2,16,20,22,10,176.0,1304.0,1128.0,1101.2
2,17,13,14,8,120.0,1160.0,1040.0,1101.2
2,19,11,27,4,816.0,1832.0,1016.0,915.9
2,20,15,116,8,1560.0,2056.0,496.0,915.9
2,21,12,14,5,896.0,2424.0,1528.0,915.9
2,22,22,22,5,1040.0,2440.0,1400.0,915.9
2,23,11,12,9,1000.0,1848.0,848.0,915.9
2,24,15,19,7,1104.0,2232.0,1128.0,915.9
2,25,14,18,9,1392.0,3096.0,1704.0,915.9
2,26,36,38,12,2520.0,3456.0,936.0,915.9
2,27,20,21,9,2112.0,3376.0,1264.0,915.9
2,28,19,19,10,1928.0,2968.0,1040.0,915.9
2,29,3,3,2,2472.0,3896.0,1424.0,915.9
2,30,8,8,6,3088.0,4216.0,1128.0,915.9
2,31,24,24,11,3472.0,5408.0,1936.0,915.9
2,-35,6,6,4,2312.0,3240.0,928.0,1007.8
2,-34,6,6,6,1776.0,2640.0,864.0,1101.2
2,-33,14,14,5,1232.0,1976.0,744.0,1007.8
2,-32,10,10,6,1440.0,2584.0,1144.0,1007.8
2,-31,9,9,5,2184.0,2656.0,472.0,1101.2
2,-30,13,13,6,1112.0,2408.0,1296.0,1101.2
2,-29,17,17,7,712.0,1288.0,576.0,1101.2
2,-28,18,18,5,496.0,896.0,400.0,658.7
2,-27,20,20,10,536.0,800.0,264.0,781.0
2,-26,21,21,8,400.0,640.0,240.0,781.0
2,-25,39,39,10,304.0,632.0,328.0,658.7
2,-24,35,35,10,352.0,664.0,312.0,658.7
2,-23,18,18,10,384.0,664.0,280.0,636.3
2,-22,14,14,9,384.0,640.0,256.0,658.7
2,-21,19,29,12,-96.0,896.0,992.0,781.0
2,-20,1,5,1,-104.0,624.0,728.0,536.0
2,-19,3,79,3,272.0,600.0,328.0,658.7
2,-18,2,18,1,272.0,576.0,304.0,835.0
2,-17,7,29,7,336.0,776.0,440.0,1326.5
2,-15,6,46,4,312.0,760.0,448.0,915.9
2,-14,21,23,6,536.0,1080.0,544.0,915.9
2,-13,16,19,4,696.0,1368.0,672.0,915.9
2,-12,16,18,9,944.0,1256.0,312.0,915.9
2,-11,21,23,11,1048.0,1416.0,368.0,1326.5
2,-10,1,4,1,968.0,1344.0,376.0,1007.8
2,-9,1,16,1,232.0,1120.0,888.0,463.9
2,-8,3,66,3,400.0,1200.0,800.0,835.0
2,-7,7,193,5,840.0,1568.0,728.0,835.0
2,-6,1,221,1,528.0,1280.0,752.0,560.2
2,-5,11,319,7,392.0,968.0,576.0,1326.5
2,-4,9,315,5,504.0,920.0,416.0,1101.2
2,-3,8,157,4,464.0,952.0,488.0,915.9
2,-2,15,76,6,-336.0,1016.0,1352.0,915.9
3,0,3,141,2,-232.0,880.0,1112.0,835.0
3,1,4,13,3,-352.0,632.0,984.0,835.0
3,2,7,245,6,504.0,1032.0,528.0,1101.2
3,3,7,376,5,648.0,1160.0,512.0,1101.2
3,4,2,159,2,-304.0,1056.0,1360.0,1326.5
3,5,3,4,3,-664.0,480.0,1144.0,835.0
3,6,12,31,7,288.0,1112.0,824.0,835.0
3,7,25,29,13,736.0,1640.0,904.0,1183.3
3,8,23,29,9,968.0,1688.0,720.0,915.9
3,9,1,30,1,944.0,1136.0,192.0,712.9
3,10,4,10,3,912.0,1184.0,272.0,915.9
3,11,15,24,8,1032.0,1296.0,264.0,915.9
3,12,17,29,8,1040.0,1608.0,568.0,915.9
3,13,8,70,5,1184.0,1720.0,536.0,1007.8
3,14,4,124,3,1160.0,1456.0,296.0,1101.2
3,15,6,185,3,1120.0,1536.0,416.0,1101.2
3,16,15,21,9,1080.0,1568.0,488.0,1101.2
3,17,14,16,5,1000.0,1912.0,912.0,1101.2
3,18,21,22,6,1000.0,2000.0,1000.0,915.9
3,19,31,34,8,1256.0,1952.0,696.0,915.9
3,20,26,28,10,1656.0,2568.0,912.0,915.9
3,21,29,40,6,1552.0,2672.0,1120.0,915.9
3,22,6,6,2,1400.0,2848.0,1448.0,835.0
3,23,8,9,3,992.0,2848.0,1856.0,915.9
3,24,6,7,2,1024.0,1896.0,872.0,835.0
3,25,13,16,6,1080.0,3112.0,2032.0,915.9
3,26,4,5,4,2136.0,3128.0,992.0,915.9
3,27,18,21,7,2136.0,3048.0,912.0,915.9
3,28,24,24,11,2192.0,3392.0,1200.0,915.9
3,29,33,33,12,2968.0,3840.0,872.0,915.9
3,30,11,11,9,3072.0,4224.0,1152.0,915.9
3,31,14,14,10,3504.0,5264.0,1760.0,1101.2
3,32,4,4,3,4544.0,5960.0,1416.0,1007.8
3,33,3,3,3,5512.0,7008.0,1496.0,915.9
3,34,3,3,3,6656.0,8560.0,1904.0,1326.5
3,35,11,11,9,7624.0,10064.0,2440.0,1007.8
3,36,1,1,1,9536.0,10960.0,1424.0,463.9
3,-39,11,11,6,2216.0,3840.0,1624.0,915.9
3,-36,7,7,6,2424.0,4056.0,1632.0,1007.8
3,-35,13,13,8,2520.0,3656.0,1136.0,915.9
3,-34,14,14,8,1960.0,2712.0,752.0,915.9
3,-32,4,4,4,1624.0,2472.0,848.0,915.9
3,-31,19,19,6,2272.0,2824.0,552.0,915.9
3,-30,15,15,6,1224.0,2808.0,1584.0,1101.2
3,-29,11,11,7,816.0,1624.0,808.0,1101.2
3,-28,14,14,5,480.0,1192.0,712.0,658.7
3,-27,28,28,12,488.0,672.0,184.0,781.0
3,-26,18,18,10,384.0,688.0,304.0,781.0
3,-25,26,26,5,320.0,536.0,216.0,658.7
3,-24,40,40,13,304.0,752.0,448.0,781.0
3,-23,26,26,11,520.0,840.0,320.0,781.0
3,-22,25,25,11,544.0,880.0,336.0,781.0
3,-21,2,90,2,-112.0,1168.0,1280.0,636.3
3,-19,4,8,4,376.0,632.0,256.0,1326.5
3,-18,2,6,2,456.0,744.0,288.0,915.9
3,-17,13,28,9,528.0,936.0,408.0,915.9
3,-16,9,11,5,600.0,960.0,360.0,915.9
3,-15,9,27,7,584.0,1128.0,544.0,781.0
3,-14,27,30,11,624.0,1072.0,448.0,915.9
3,-13,8,14,3,928.0,1280.0,352.0,915.9
3,-12,17,29,9,952.0,1152.0,200.0,1101.2
3,-11,19,23,9,976.0,1376.0,400.0,1183.3
3,-10,22,35,9,936.0,1288.0,352.0,915.9
3,-9,17,23,7,440.0,1120.0,680.0,915.9
3,-8,7,349,3,528.0,1040.0,512.0,835.0
3,-7,1,537,1,416.0,1112.0,696.0,712.9
3,-5,11,481,7,312.0,744.0,432.0,1326.5
3,-4,3,258,2,376.0,864.0,488.0,1326.5
3,-2,1,486,1,560.0,1144.0,584.0,1101.2
3,-1,3,314,2,432.0,1128.0,696.0,835.0
4,0,10,330,5,176.0,1112.0,936.0,1101.2
4,2,1,289,1,632.0,1088.0,456.0,636.3
4,3,14,129,8,832.0,1200.0,368.0,1326.5
4,4,6,182,3,-280.0,1152.0,1432.0,915.9
4,7,16,35,8,680.0,1576.0,896.0,915.9
4,8,15,16,6,1128.0,1864.0,736.0,915.9
4,9,19,25,8,968.0,1712.0,744.0,915.9
4,10,18,19,7,1000.0,1808.0,808.0,915.9
4,11,17,19,10,1040.0,1864.0,824.0,915.9
4,12,13,25,11,1224.0,1896.0,672.0,1183.3
4,13,4,58,3,1200.0,1800.0,600.0,1101.2
4,15,4,197,4,856.0,1464.0,608.0,1101.2
4,16,6,69,4,480.0,1808.0,1328.0,1101.2
4,17,13,23,5,1264.0,2648.0,1384.0,1101.2
4,18,23,118,10,1664.0,2656.0,992.0,915.9
4,19,29,149,8,1648.0,2184.0,536.0,915.9
4,20,21,24,8,1440.0,2344.0,904.0,915.9
4,21,21,23,7,920.0,2512.0,1592.0,915.9
4,22,5,5,2,1032.0,2856.0,1824.0,915.9
4,23,31,44,12,1488.0,2928.0,1440.0,1007.8
4,24,8,13,5,1256.0,2784.0,1528.0,1101.2
4,25,29,31,8,1632.0,3088.0,1456.0,915.9
4,26,25,25,11,2192.0,3616.0,1424.0,915.9
4,27,23,26,9,2416.0,4392.0,1976.0,915.9
4,28,21,21,11,2768.0,4536.0,1768.0,915.9
4,29,24,24,10,3184.0,4464.0,1280.0,1101.2
4,30,9,9,7,3432.0,4280.0,848.0,915.9
4,31,8,8,7,4208.0,5232.0,1024.0,915.9
4,32,6,6,4,4704.0,5952.0,1248.0,1101.2
4,33,38,38,13,5008.0,6984.0,1976.0,1101.2
4,34,21,21,9,5264.0,8448.0,3184.0,915.9
4,35,8,8,6,6960.0,9536.0,2576.0,915.9
4,-39,8,8,5,2664.0,4064.0,1400.0,781.0
4,-38,14,14,7,2640.0,4072.0,1432.0,1007.8
4,-37,5,5,3,2704.0,4160.0,1456.0,1007.8
4,-36,17,17,10,3128.0,4160.0,1032.0,915.9
4,-35,13,13,7,2152.0,3520.0,1368.0,1101.2
4,-34,6,6,5,1960.0,2696.0,736.0,1101.2
4,-33,16,16,8,1784.0,2112.0,328.0,1101.2
4,-32,11,11,6,1952.0,2288.0,336.0,915.9
4,-31,6,6,5,2048.0,2912.0,864.0,915.9
4,-30,16,16,6,1624.0,2904.0,1280.0,1101.2
4,-29,11,11,5,1168.0,1736.0,568.0,1101.2
4,-28,18,18,7,544.0,1328.0,784.0,1101.2
4,-27,13,13,8,480.0,752.0,272.0,781.0
4,-26,13,13,4,504.0,720.0,216.0,658.7
4,-25,24,24,8,352.0,664.0,312.0,658.7
4,-24,28,29,11,432.0,808.0,376.0,781.0
4,-23,8,122,7,640.0,944.0,304.0,835.0
4,-22,24,72,10,752.0,1064.0,312.0,915.9
4,-21,9,14,5,568.0,1080.0,512.0,781.0
4,-19,2,6,2,384.0,696.0,312.0,658.7
4,-18,6,10,5,384.0,696.0,312.0,915.9
4,-17,5,6,4,400.0,968.0,568.0,915.9
4,-16,6,10,3,696.0,1008.0,312.0,915.9
4,-15,9,45,7,888.0,1192.0,304.0,915.9
4,-14,18,132,8,936.0,1192.0,256.0,915.9
4,-13,24,38,10,752.0,1168.0,416.0,915.9
4,-12,22,29,9,640.0,1168.0,528.0,915.9
4,-11,13,51,7,616.0,1184.0,568.0,1101.2
4,-10,8,17,5,200.0,1160.0,960.0,915.9
4,-8,3,239,3,568.0,1024.0,456.0,712.9
4,-7,8,698,5,416.0,1056.0,640.0,915.9
4,-5,4,907,4,-40.0,1312.0,1352.0,915.9
4,-4,1,846,1,152.0,1056.0,904.0,712.9
4,-1,5,272,4,520.0,1184.0,664.0,581.9
5,0,8,403,5,296.0,896.0,600.0,1326.5
5,1,2,58,2,-456.0,688.0,1144.0,1101.2
5,2,3,178,3,-144.0,912.0,1056.0,712.9
5,3,9,328,3,32.0,1088.0,1056.0,915.9
5,4,5,76,4,-296.0,920.0,1216.0,915.9
5,5,4,8,4,-336.0,656.0,992.0,915.9
5,6,3,114,2,96.0,896.0,800.0,915.9
5,7,9,10,8,240.0,1440.0,1200.0,1007.8
5,8,16,19,6,920.0,1920.0,1000.0,1101.2
5,9,13,15,8,1536.0,2176.0,640.0,1326.5
5,10,11,14,8,1584.0,2048.0,464.0,1101.2
5,11,26,50,9,1512.0,1944.0,432.0,1101.2
5,12,4,13,4,1384.0,1864.0,480.0,1326.5
5,14,14,71,7,1096.0,1912.0,816.0,1326.5
5,15,12,24,6,1400.0,1928.0,528.0,1326.5
5,16,5,133,3,-456.0,1656.0,2112.0,915.9
5,17,11,14,5,672.0,2648.0,1976.0,1101.2
5,18,18,64,6,1800.0,2656.0,856.0,915.9
5,19,25,62,10,1808.0,2464.0,656.0,915.9
5,20,29,30,11,1160.0,2248.0,1088.0,915.9
5,21,27,29,10,680.0,1448.0,768.0,915.9
5,22,13,14,7,696.0,1672.0,976.0,915.9
5,23,9,11,6,1248.0,2216.0,968.0,1101.2
5,24,6,7,4,1392.0,2784.0,1392.0,781.0
5,25,34,35,12,1680.0,2968.0,1288.0,1326.5
5,26,25,26,8,1584.0,3736.0,2152.0,1101.2
5,27,18,19,10,2296.0,4408.0,2112.0,1101.2
5,28,22,22,11,3632.0,4552.0,920.0,1326.5
5,29,15,15,10,3336.0,4440.0,1104.0,1101.2
5,30,18,18,12,3280.0,4360.0,1080.0,1101.2
5,31,24,24,9,3280.0,4704.0,1424.0,1326.5
5,32,12,12,9,3272.0,5008.0,1736.0,915.9
5,33,16,16,10,4248.0,5368.0,1120.0,915.9
5,34,7,7,3,4864.0,6960.0,2096.0,645.1
5,35,7,7,4,6688.0,8664.0,1976.0,915.9
5,36,2,2,2,8272.0,10024.0,1752.0,835.0
5,-39,2,2,2,3368.0,4424.0,1056.0,560.2
5,-38,9,9,6,3976.0,4568.0,592.0,1101.2
5,-37,9,9,5,3752.0,4384.0,632.0,1007.8
5,-36,14,14,9,3400.0,4192.0,792.0,1007.8
5,-35,10,10,7,2200.0,3824.0,1624.0,915.9
5,-34,9,9,8,2024.0,2824.0,800.0,1007.8
5,-33,12,12,7,1784.0,2224.0,440.0,1007.8
5,-32,13,13,7,1976.0,2400.0,424.0,915.9
5,-31,13,13,8,1848.0,2376.0,528.0,1101.2
5,-30,11,11,5,1688.0,2376.0,688.0,1007.8
5,-29,4,4,3,1320.0,1864.0,544.0,1007.8
5,-28,18,18,7,648.0,1432.0,784.0,1101.2
5,-27,15,15,5,456.0,848.0,392.0,658.7
5,-26,10,10,5,512.0,712.0,200.0,658.7
5,-25,28,32,9,312.0,792.0,480.0,781.0
5,-24,27,46,9,568.0,912.0,344.0,636.3
5,-23,39,53,13,760.0,1200.0,440.0,781.0
5,-22,26,38,9,784.0,1240.0,456.0,915.9
5,-21,16,37,5,584.0,1232.0,648.0,915.9
5,-20,1,13,1,320.0,928.0,608.0,379.2
5,-19,12,12,6,344.0,616.0,272.0,712.9
5,-18,17,22,9,304.0,712.0,408.0,1101.2
5,-17,7,7,6,432.0,760.0,328.0,1326.5
5,-16,11,30,7,256.0,936.0,680.0,1101.2
5,-15,1,155,1,264.0,1144.0,880.0,915.9
5,-13,27,89,11,456.0,1088.0,632.0,915.9
5,-12,20,131,11,416.0,1016.0,600.0,915.9
5,-11,10,405,6,120.0,848.0,728.0,915.9
5,-10,8,204,4,264.0,1008.0,744.0,915.9
5,-8,6,87,4,56.0,688.0,632.0,915.9
5,-6,1,746,1,496.0,1104.0,608.0,463.9
5,-3,2,350,2,16.0,832.0,816.0,562.9
5,-2,1,809,1,-256.0,1120.0,1376.0,712.9
5,-1,2,160,2,456.0,1136.0,680.0,581.9
6,0,5,370,3,496.0,1064.0,568.0,1101.2
6,1,1,168,1,-408.0,808.0,1216.0,1007.8
6,2,4,180,4,-408.0,936.0,1344.0,915.9
6,3,5,168,2,8.0,1032.0,1024.0,1007.8
6,4,5,164,3,-184.0,816.0,1000.0,1326.5
6,5,12,14,4,-144.0,680.0,824.0,915.9
6,6,18,21,6,176.0,856.0,680.0,915.9
6,7,11,11,6,288.0,960.0,672.0,915.9
6,8,12,14,6,832.0,1776.0,944.0,1101.2
6,9,15,23,10,912.0,2144.0,1232.0,1326.5
6,10,17,18,7,1792.0,2184.0,392.0,1101.2
6,11,12,22,5,1568.0,2160.0,592.0,1007.8
6,12,11,15,5,1432.0,1928.0,496.0,1101.2
6,13,12,159,6,1368.0,1960.0,592.0,1326.5
6,14,13,14,10,1448.0,2168.0,720.0,1326.5
6,15,18,20,9,1408.0,2448.0,1040.0,1326.5
6,16,9,10,7,1344.0,2328.0,984.0,1326.5
6,17,14,15,6,1464.0,2432.0,968.0,1101.2
6,18,35,37,9,1504.0,2344.0,840.0,915.9
6,19,22,24,8,1144.0,2328.0,1184.0,915.9
6,20,11,12,6,160.0,2232.0,2072.0,915.9
6,21,29,31,8,208.0,1312.0,1104.0,915.9
6,22,35,36,14,336.0,1376.0,1040.0,1101.2
6,23,9,11,6,384.0,2216.0,1832.0,1101.2
6,24,10,14,7,392.0,2744.0,2352.0,1101.2
6,25,17,19,10,448.0,2456.0,2008.0,1101.2
6,26,22,22,10,824.0,2664.0,1840.0,1101.2
6,27,27,28,11,2064.0,4032.0,1968.0,1101.2
6,28,22,22,13,2080.0,4048.0,1968.0,1101.2
6,29,7,7,5,2800.0,4064.0,1264.0,915.9
6,30,14,14,9,3152.0,4288.0,1136.0,915.9
6,31,10,10,5,3232.0,4240.0,1008.0,1007.8
6,32,19,19,11,3248.0,4592.0,1344.0,915.9
6,33,9,9,6,3272.0,5344.0,2072.0,915.9
6,34,8,8,7,5016.0,6864.0,1848.0,915.9
6,35,27,27,13,6496.0,8272.0,1776.0,1326.5
6,-39,6,6,6,3032.0,4376.0,1344.0,1007.8
6,-38,7,7,5,3272.0,4464.0,1192.0,1101.2
6,-37,17,17,8,3248.0,4192.0,944.0,915.9
6,-36,11,11,7,3096.0,3960.0,864.0,1101.2
6,-35,13,13,7,2824.0,3824.0,1000.0,1007.8
6,-34,12,12,7,2224.0,3224.0,1000.0,915.9
6,-33,15,15,7,2136.0,3056.0,920.0,915.9
6,-32,12,12,7,1928.0,2416.0,488.0,1101.2
6,-31,2,2,2,1704.0,2168.0,464.0,1007.8
6,-30,10,10,7,1560.0,2112.0,552.0,1101.2
6,-29,7,7,4,1240.0,1896.0,656.0,1101.2
6,-28,9,9,6,776.0,1432.0,656.0,1101.2
6,-27,18,18,8,536.0,1080.0,544.0,781.0
6,-26,8,8,6,472.0,712.0,240.0,658.7
6,-25,15,15,4,520.0,840.0,320.0,658.7
6,-24,19,20,10,616.0,1024.0,408.0,781.0
6,-23,13,146,7,648.0,1216.0,568.0,915.9
6,-22,10,192,5,992.0,1232.0,240.0,1007.8
6,-21,7,85,4,672.0,1200.0,528.0,915.9
6,-20,4,13,3,296.0,800.0,504.0,915.9
6,-19,5,5,3,288.0,744.0,456.0,658.7
6,-18,2,2,2,200.0,552.0,352.0,536.0
6,-17,1,1,1,120.0,512.0,392.0,1101.2
6,-13,7,158,3,232.0,808.0,576.0,915.9
6,-12,5,287,2,464.0,1000.0,536.0,1101.2
6,-11,4,169,2,488.0,992.0,504.0,915.9
6,-10,9,155,7,352.0,928.0,576.0,915.9
6,-9,3,98,3,48.0,744.0,696.0,636.3
6,-7,4,275,2,-152.0,728.0,880.0,712.9
6,-6,2,365,2,368.0,1144.0,776.0,915.9
6,-4,6,679,3,456.0,1144.0,688.0,915.9
6,-2,3,532,2,288.0,896.0,608.0,915.9
6,-1,3,394,3,496.0,1064.0,568.0,1101.2
7,0,15,239,7,256.0,1000.0,744.0,1101.2
7,1,5,80,2,-408.0,920.0,1328.0,1101.2
7,3,6,61,4,-328.0,624.0,952.0,1326.5
7,5,6,11,1,-40.0,864.0,904.0,915.9
7,6,15,22,6,648.0,920.0,272.0,915.9
7,7,8,9,4,680.0,1056.0,376.0,1101.2
7,8,14,15,5,824.0,1464.0,640.0,915.9
7,9,14,16,4,984.0,1864.0,880.0,915.9
7,10,26,27,6,1256.0,2184.0,928.0,915.9
7,11,11,11,5,1568.0,2160.0,592.0,915.9
7,12,18,18,9,1480.0,1888.0,408.0,1183.3
7,13,14,15,6,1152.0,1920.0,768.0,1101.2
7,14,16,18,8,1240.0,2168.0,928.0,1101.2
7,15,10,11,5,1312.0,2400.0,1088.0,1101.2
7,16,16,17,6,1720.0,2288.0,568.0,1101.2
7,17,11,15,6,1728.0,2392.0,664.0,1101.2
7,18,20,21,6,1408.0,2344.0,936.0,1326.5
7,19,4,9,4,408.0,1936.0,1528.0,1007.8
7,20,3,5,3,-48.0,1160.0,1208.0,566.2
7,21,15,17,10,88.0,1096.0,1008.0,915.9
7,22,31,34,10,400.0,1448.0,1048.0,915.9
7,23,21,22,10,376.0,1984.0,1608.0,1326.5
7,24,9,10,7,376.0,2008.0,1632.0,1007.8
7,25,22,23,10,392.0,2368.0,1976.0,1101.2
7,26,45,45,15,1672.0,3440.0,1768.0,1326.5
7,27,26,30,11,2168.0,3728.0,1560.0,1101.2
7,28,14,14,9,2048.0,3632.0,1584.0,1101.2
7,29,27,27,10,3080.0,4176.0,1096.0,915.9
7,30,19,19,8,4064.0,4328.0,264.0,1326.5
7,31,18,18,10,3536.0,4248.0,712.0,1101.2
7,32,17,17,10,3192.0,4592.0,1400.0,1326.5
7,33,1,1,1,3296.0,5792.0,2496.0,463.9
7,34,18,18,7,5128.0,6496.0,1368.0,1326.5
7,35,10,10,6,5736.0,6704.0,968.0,915.9
7,-38,7,7,7,2648.0,3592.0,944.0,915.9
7,-36,3,4,3,2648.0,3360.0,712.0,1101.2
7,-35,14,14,6,2768.0,3408.0,640.0,1007.8
7,-34,22,22,8,2576.0,3176.0,600.0,1007.8
7,-33,16,16,8,2344.0,3064.0,720.0,915.9
7,-32,12,12,9,1904.0,2480.0,576.0,1101.2
7,-31,5,5,3,1824.0,2448.0,624.0,1101.2
7,-30,12,12,7,1728.0,2272.0,544.0,1101.2
7,-29,5,5,4,1208.0,1912.0,704.0,1101.2
7,-28,14,14,5,784.0,1568.0,784.0,1101.2
7,-27,19,19,8,336.0,984.0,648.0,658.7
7,-26,13,13,10,480.0,800.0,320.0,781.0
7,-25,31,31,13,528.0,848.0,320.0,781.0
7,-24,23,24,11,752.0,992.0,240.0,781.0
7,-23,9,95,8,752.0,1120.0,368.0,781.0
7,-22,1,129,1,944.0,1192.0,248.0,1326.5
7,-21,6,84,5,744.0,1200.0,456.0,1101.2
7,-20,26,104,13,576.0,1016.0,440.0,1326.5
7,-19,4,4,4,400.0,864.0,464.0,915.9
7,-13,4,165,4,256.0,864.0,608.0,1326.5
7,-12,24,340,7,656.0,1136.0,480.0,1101.2
7,-11,3,187,2,-8.0,824.0,832.0,915.9
7,-10,5,199,1,584.0,816.0,232.0,915.9
7,-9,13,66,7,488.0,712.0,224.0,915.9
7,-8,4,44,3,-144.0,616.0,760.0,835.0
7,-6,4,292,2,-136.0,816.0,952.0,712.9
7,-4,3,942,3,472.0,936.0,464.0,915.9
7,-2,1,1159,1,440.0,1192.0,752.0,915.9
7,-1,7,318,6,192.0,752.0,560.0,1326.5
8,0,7,150,6,-240.0,728.0,968.0,1101.2
8,1,1,3,1,-384.0,584.0,968.0,1101.2
8,5,4,7,2,-168.0,952.0,1120.0,915.9
8,6,3,15,2,760.0,1088.0,328.0,915.9
8,7,14,15,5,816.0,1040.0,224.0,915.9
8,8,19,19,9,824.0,1016.0,192.0,915.9
8,9,15,15,9,848.0,1736.0,888.0,835.0
8,10,24,26,6,1200.0,1840.0,640.0,915.9
8,11,31,36,9,1376.0,1912.0,536.0,915.9
8,12,9,11,3,1408.0,2184.0,776.0,915.9
8,13,19,21,9,1128.0,2240.0,1112.0,1101.2
8,14,16,16,6,1280.0,2088.0,808.0,1101.2
8,15,16,18,10,1368.0,2144.0,776.0,1326.5
8,16,14,17,7,1648.0,2352.0,704.0,1326.5
8,17,14,15,6,1688.0,2320.0,632.0,1326.5
8,18,24,57,8,1616.0,2152.0,536.0,1101.2
8,19,32,38,13,728.0,1976.0,1248.0,1326.5
8,20,13,15,8,-64.0,1616.0,1680.0,915.9
8,21,21,22,10,-72.0,1056.0,1128.0,915.9
8,22,35,37,10,424.0,1712.0,1288.0,915.9
8,23,15,17,10,1168.0,2352.0,1184.0,1326.5
8,24,18,18,8,1528.0,2616.0,1088.0,1101.2
8,25,15,17,8,1208.0,2992.0,1784.0,1326.5
8,26,28,30,12,1600.0,3080.0,1480.0,1326.5
8,27,32,33,12,2352.0,3760.0,1408.0,1101.2
8,28,24,24,11,2448.0,4000.0,1552.0,1101.2
8,29,13,13,8,3088.0,4160.0,1072.0,915.9
8,30,2,2,2,3656.0,4360.0,704.0,915.9
8,31,8,8,5,3584.0,4832.0,1248.0,781.0
8,-34,11,11,5,2600.0,2992.0,392.0,915.9
8,-33,13,13,9,2480.0,3064.0,584.0,915.9
8,-32,17,17,9,2328.0,3240.0,912.0,1101.2
8,-31,13,13,7,2272.0,3280.0,1008.0,915.9
8,-30,7,7,6,1744.0,2640.0,896.0,1101.2
8,-29,10,10,6,1432.0,1896.0,464.0,1101.2
8,-28,15,15,10,592.0,1608.0,1016.0,1101.2
8,-27,19,19,9,200.0,952.0,752.0,658.7
8,-26,15,15,7,376.0,680.0,304.0,658.7
8,-25,26,26,12,536.0,936.0,400.0,781.0
8,-24,17,28,9,752.0,1056.0,304.0,781.0
8,-23,15,28,9,736.0,1016.0,280.0,781.0
8,-22,25,34,8,648.0,1080.0,432.0,781.0
8,-21,18,18,6,416.0,1064.0,648.0,781.0
8,-20,20,20,11,352.0,960.0,608.0,781.0
8,-19,7,7,6,360.0,792.0,432.0,1101.2
8,-18,2,9,2,504.0,768.0,264.0,712.9
8,-13,5,215,3,256.0,840.0,584.0,1007.8
8,-12,5,335,2,624.0,1064.0,440.0,915.9
8,-11,7,209,4,-32.0,864.0,896.0,915.9
8,-10,4,69,3,-32.0,736.0,768.0,835.0
8,-9,5,205,2,128.0,792.0,664.0,915.9
8,-5,2,56,2,-232.0,784.0,1016.0,712.9
8,-4,3,294,2,-32.0,968.0,1000.0,712.9
8,-3,1,294,1,208.0,944.0,736.0,712.9
8,-2,8,28,6,64.0,736.0,672.0,1101.2
8,-1,1,28,1,-144.0,696.0,840.0,915.9
9,0,8,24,4,-224.0,584.0,808.0,1101.2
9,1,5,177,4,72.0,680.0,608.0,1101.2
9,2,4,81,3,-296.0,584.0,880.0,1101.2
9,5,10,13,5,-264.0,960.0,1224.0,915.9
9,6,12,24,5,808.0,1024.0,216.0,915.9
9,7,7,19,6,760.0,1000.0,240.0,1326.5
9,8,17,31,8,760.0,1016.0,256.0,915.9
9,10,4,4,3,936.0,1776.0,840.0,915.9
9,11,23,23,11,1352.0,2016.0,664.0,1101.2
9,12,9,10,2,1448.0,2368.0,920.0,835.0
9,13,14,16,6,1984.0,2504.0,520.0,1101.2
9,14,16,29,8,1608.0,2296.0,688.0,1326.5
9,15,29,46,12,1120.0,2272.0,1152.0,1326.5
9,16,21,21,6,1888.0,2440.0,552.0,1101.2
9,17,20,20,5,1408.0,2336.0,928.0,1101.2
9,18,40,45,12,632.0,2168.0,1536.0,1101.2
9,19,14,28,10,208.0,1976.0,1768.0,915.9
9,20,20,22,9,64.0,1496.0,1432.0,915.9
9,21,35,36,10,88.0,1760.0,1672.0,915.9
9,22,29,47,11,768.0,2384.0,1616.0,1101.2
9,23,13,16,8,1192.0,2808.0,1616.0,1101.2
9,24,15,17,9,1576.0,2800.0,1224.0,1101.2
9,25,11,16,5,1856.0,3032.0,1176.0,1101.2
9,26,22,23,9,2600.0,3312.0,712.0,1326.5
9,27,22,24,8,2440.0,3752.0,1312.0,1101.2
9,28,44,44,13,2656.0,4184.0,1528.0,1101.2
9,29,30,30,14,3248.0,4056.0,808.0,1101.2
9,30,2,2,2,3192.0,4800.0,1608.0,915.9
9,31,8,8,6,3728.0,4848.0,1120.0,712.9
9,-38,5,5,4,2192.0,3064.0,872.0,1007.8
9,-37,11,11,7,2344.0,3008.0,664.0,915.9
9,-36,11,11,9,2488.0,2904.0,416.0,915.9
9,-35,6,6,4,2472.0,2904.0,432.0,915.9
9,-33,11,11,5,2912.0,3768.0,856.0,835.0
9,-32,11,11,7,3024.0,3624.0,600.0,915.9
9,-31,16,16,10,2464.0,3544.0,1080.0,1007.8
9,-30,7,7,5,1816.0,2752.0,936.0,1101.2
9,-29,6,6,4,1200.0,2048.0,848.0,1101.2
9,-28,11,11,4,808.0,1432.0,624.0,568.8
9,-27,15,16,7,136.0,952.0,816.0,781.0
9,-26,12,12,5,472.0,696.0,224.0,658.7
9,-25,5,6,5,536.0,920.0,384.0,636.3
9,-24,22,22,10,544.0,1000.0,456.0,781.0
9,-23,9,56,5,568.0,904.0,336.0,636.3
9,-22,9,103,7,560.0,904.0,344.0,781.0
9,-21,12,12,6,272.0,776.0,504.0,636.3
9,-20,3,4,3,-40.0,560.0,600.0,658.7
9,-13,12,93,4,184.0,760.0,576.0,1326.5
9,-12,12,319,5,104.0,888.0,784.0,915.9
9,-11,8,116,4,-632.0,728.0,1360.0,915.9
9,-10,1,71,1,-680.0,752.0,1432.0,915.9
9,-9,2,240,1,-1000.0,800.0,1800.0,915.9
9,-3,2,153,2,-408.0,576.0,984.0,712.9
9,-1,1,2,1,-224.0,432.0,656.0,712.9
10,0,2,188,2,344.0,976.0,632.0,712.9
10,1,18,112,2,312.0,1024.0,712.0,915.9
10,2,4,209,3,424.0,944.0,520.0,915.9
10,3,8,165,4,504.0,944.0,440.0,1326.5
10,4,1,164,1,-72.0,840.0,912.0,712.9
10,5,12,17,5,80.0,968.0,888.0,915.9
10,6,6,7,2,712.0,1096.0,384.0,915.9
10,7,12,14,5,784.0,968.0,184.0,915.9
10,8,26,26,6,792.0,1016.0,224.0,915.9
10,9,10,11,4,752.0,1136.0,384.0,915.9
10,10,24,27,5,992.0,1640.0,648.0,915.9
10,11,16,17,10,1432.0,2144.0,712.0,915.9
10,12,14,15,5,1696.0,2440.0,744.0,915.9
10,13,17,19,8,1976.0,2544.0,568.0,1326.5
10,14,18,19,6,1616.0,2312.0,696.0,1101.2
10,15,15,16,7,1424.0,2208.0,784.0,1101.2
10,16,19,20,7,1440.0,2360.0,920.0,1326.5
10,17,5,5,4,728.0,2096.0,1368.0,1101.2
10,18,24,25,12,-88.0,1512.0,1600.0,1101.2
10,19,10,12,6,-200.0,704.0,904.0,915.9
10,20,39,40,13,160.0,1144.0,984.0,1101.2
10,21,13,15,7,720.0,2248.0,1528.0,1326.5
10,22,15,65,8,1760.0,2424.0,664.0,1326.5
10,23,14,14,7,1632.0,2800.0,1168.0,1326.5
10,24,14,16,6,1720.0,2888.0,1168.0,1101.2
10,25,9,13,6,2000.0,2976.0,976.0,1326.5
10,26,34,37,12,2080.0,3416.0,1336.0,1326.5
10,27,41,43,12,2256.0,4000.0,1744.0,1101.2
10,28,42,42,15,3048.0,4072.0,1024.0,1007.8
10,29,5,5,5,3056.0,4272.0,1216.0,915.9
10,30,16,17,8,3368.0,4864.0,1496.0,915.9
10,31,8,8,7,4336.0,5448.0,1112.0,1101.2
10,-38,12,12,6,2424.0,3712.0,1288.0,915.9
10,-37,5,5,2,2800.0,3696.0,896.0,915.9
10,-36,10,10,7,2688.0,3512.0,824.0,835.0
10,-35,11,11,5,2464.0,2872.0,408.0,915.9
10,-34,5,5,3,2464.0,3592.0,1128.0,1007.8
10,-33,7,8,7,2952.0,3784.0,832.0,915.9
10,-32,9,10,4,2728.0,3720.0,992.0,915.9
10,-31,4,5,4,1968.0,3080.0,1112.0,835.0
10,-30,2,3,1,1360.0,2464.0,1104.0,1101.2
10,-29,1,2,1,984.0,1816.0,832.0,1007.8
10,-28,8,9,5,640.0,1200.0,560.0,658.7
10,-27,8,8,4,144.0,848.0,704.0,658.7
10,-26,13,13,10,384.0,656.0,272.0,781.0
10,-25,10,10,5,448.0,728.0,280.0,658.7
10,-24,15,15,8,352.0,736.0,384.0,781.0
10,-23,3,189,3,296.0,888.0,592.0,636.3
10,-22,22,224,10,464.0,904.0,440.0,781.0
10,-21,19,19,7,216.0,856.0,640.0,781.0
10,-12,3,3,1,80.0,720.0,640.0,915.9
10,-11,13,39,5,-656.0,680.0,1336.0,915.9
10,-3,1,33,1,-1168.0,240.0,1408.0,712.9
10,-2,1,7,1,-232.0,568.0,800.0,915.9
10,-1,12,63,7,-136.0,568.0,704.0,915.9
11,0,33,84,8,344.0,1080.0,736.0,1007.8
11,1,6,45,3,688.0,1072.0,384.0,915.9
11,2,16,149,5,752.0,1264.0,512.0,915.9
11,3,15,161,5,816.0,1296.0,480.0,915.9
11,5,10,17,4,192.0,760.0,568.0,915.9
11,6,6,8,3,208.0,808.0,600.0,915.9
11,7,27,27,8,416.0,1040.0,624.0,915.9
11,8,36,36,13,696.0,992.0,296.0,1183.3
11,9,21,25,11,360.0,1112.0,752.0,915.9
11,10,21,23,6,752.0,1520.0,768.0,915.9
11,11,29,30,9,1248.0,2016.0,768.0,915.9
11,12,12,13,4,1248.0,2152.0,904.0,1326.5
11,13,22,24,12,1432.0,2184.0,752.0,1326.5
11,14,19,20,12,1256.0,1984.0,728.0,1101.2
11,15,20,20,11,1376.0,1952.0,576.0,1326.5
11,16,12,12,5,1472.0,2008.0,536.0,1101.2
11,17,16,16,8,408.0,1872.0,1464.0,1101.2
11,18,12,14,9,-144.0,848.0,992.0,1326.5
11,19,8,10,7,-128.0,1408.0,1536.0,1101.2
11,20,9,12,5,536.0,1432.0,896.0,1101.2
11,21,7,9,5,968.0,2152.0,1184.0,1326.5
11,22,14,14,5,1400.0,2360.0,960.0,1101.2
11,23,12,15,7,976.0,2224.0,1248.0,1326.5
11,24,6,77,5,1488.0,2824.0,1336.0,1326.5
11,25,17,21,12,1272.0,2856.0,1584.0,1101.2
11,26,22,25,6,1912.0,2976.0,1064.0,1101.2
11,27,31,33,14,2048.0,3680.0,1632.0,1326.5
11,28,6,6,6,2768.0,3952.0,1184.0,636.3
11,29,21,21,12,3128.0,4552.0,1424.0,1101.2
11,30,6,6,5,4168.0,5376.0,1208.0,781.0
11,31,13,14,8,4696.0,5608.0,912.0,1101.2
11,-38,10,10,7,2768.0,4176.0,1408.0,1101.2
11,-37,15,15,4,3512.0,4112.0,600.0,915.9
11,-36,10,10,8,2704.0,3600.0,896.0,1007.8
11,-35,7,7,7,2480.0,2880.0,400.0,915.9
11,-33,9,9,6,2480.0,3176.0,696.0,1101.2
11,-32,6,6,4,2352.0,3064.0,712.0,1007.8
11,-31,16,16,7,1680.0,2728.0,1048.0,915.9
11,-30,7,7,4,1040.0,1968.0,928.0,1007.8
11,-29,13,13,8,352.0,1400.0,1048.0,915.9
11,-28,12,12,5,120.0,1000.0,880.0,658.7
11,-27,9,9,6,304.0,808.0,504.0,636.3
11,-26,11,11,6,368.0,600.0,232.0,658.7
11,-25,4,9,4,368.0,688.0,320.0,568.8
11,-24,9,9,4,392.0,648.0,256.0,658.7
11,-23,4,4,3,368.0,568.0,200.0,658.7
11,-22,5,5,5,440.0,864.0,424.0,658.7
11,-21,10,10,7,344.0,880.0,536.0,781.0
11,-13,10,10,4,-272.0,872.0,1144.0,1326.5
11,-12,5,16,4,168.0,888.0,720.0,915.9
11,-11,6,6,4,-584.0,840.0,1424.0,915.9
11,-2,9,15,4,-288.0,568.0,856.0,915.9
11,-1,6,113,3,480.0,616.0,136.0,915.9
12,0,18,26,5,88.0,760.0,672.0,915.9
12,2,4,147,3,480.0,952.0,472.0,560.2
12,4,11,19,5,448.0,992.0,544.0,835.0
12,5,9,12,8,280.0,848.0,568.0,915.9
12,6,8,10,4,192.0,736.0,544.0,915.9
12,7,8,27,5,248.0,840.0,592.0,915.9
12,8,20,69,8,640.0,888.0,248.0,915.9
12,9,1,162,1,256.0,776.0,520.0,915.9
12,10,22,26,7,216.0,1280.0,1064.0,915.9
12,11,21,23,6,608.0,1408.0,800.0,1007.8
12,12,25,28,9,752.0,1672.0,920.0,1007.8
12,13,28,45,10,832.0,1744.0,912.0,1326.5
12,14,17,113,6,896.0,1568.0,672.0,1101.2
12,15,31,32,11,888.0,1568.0,680.0,1101.2
12,16,14,16,10,1088.0,1848.0,760.0,1101.2
12,17,7,10,6,648.0,1848.0,1200.0,1101.2
12,18,10,12,7,-536.0,824.0,1360.0,1101.2
12,19,11,17,7,-336.0,1432.0,1768.0,1101.2
12,20,8,242,5,1328.0,1528.0,200.0,1326.5
12,21,1,372,1,1384.0,1584.0,200.0,1326.5
12,22,4,57,3,1392.0,1792.0,400.0,1101.2
12,23,23,24,9,1488.0,2080.0,592.0,1326.5
12,24,13,100,7,1312.0,2256.0,944.0,1101.2
12,25,11,16,8,1080.0,2368.0,1288.0,1101.2
12,26,15,17,6,1632.0,2944.0,1312.0,1326.5
12,27,16,19,7,1904.0,3368.0,1464.0,1101.2
12,28,11,12,8,2240.0,4112.0,1872.0,712.9
12,29,24,24,13,3576.0,4776.0,1200.0,915.9
12,30,23,23,10,3704.0,5280.0,1576.0,1101.2
12,31,21,21,12,4016.0,5472.0,1456.0,1007.8
12,32,4,4,4,3080.0,4968.0,1888.0,915.9
12,33,16,16,10,3368.0,4592.0,1224.0,1101.2
12,-38,4,4,3,2752.0,4208.0,1456.0,781.0
12,-37,22,22,6,3480.0,4488.0,1008.0,1101.2
12,-36,15,15,9,2880.0,3688.0,808.0,1007.8
12,-35,13,13,8,2480.0,3112.0,632.0,915.9
12,-34,4,4,4,2480.0,2512.0,32.0,1101.2
12,-33,2,2,1,2424.0,2480.0,56.0,835.0
12,-32,20,20,9,1520.0,2536.0,1016.0,1101.2
12,-30,1,1,1,-64.0,1680.0,1744.0,568.8
12,-29,3,3,2,-128.0,1040.0,1168.0,658.7
12,-28,7,7,4,-176.0,672.0,848.0,658.7
12,-27,2,2,2,-8.0,656.0,664.0,658.7
12,-25,1,24,1,152.0,552.0,400.0,379.2
12,-24,2,11,2,352.0,536.0,184.0,581.9
12,-23,2,4,2,368.0,640.0,272.0,581.9
12,-4,2,2,1,-1224.0,560.0,1784.0,915.9
12,-3,3,9,2,160.0,576.0,416.0,915.9
12,-1,7,102,4,520.0,608.0,88.0,915.9
13,0,1,1,1,16.0,576.0,560.0,712.9
13,1,3,8,2,64.0,848.0,784.0,915.9
13,2,10,121,8,544.0,856.0,312.0,835.0
13,3,11,69,7,472.0,976.0,504.0,915.9
13,5,31,31,11,576.0,904.0,328.0,1183.3
13,6,6,129,5,584.0,792.0,208.0,835.0
13,7,9,100,6,360.0,752.0,392.0,915.9
13,8,7,53,4,504.0,800.0,296.0,915.9
13,11,6,21,4,488.0,824.0,336.0,915.9
13,12,9,11,7,280.0,840.0,560.0,1101.2
13,13,32,101,11,288.0,1168.0,880.0,1007.8
13,14,22,371,9,800.0,1504.0,704.0,1101.2
13,15,7,10,4,464.0,1096.0,632.0,1326.5
13,16,5,24,4,456.0,1424.0,968.0,1101.2
13,17,2,50,2,824.0,1384.0,560.0,1101.2
13,18,8,12,8,-400.0,1072.0,1472.0,915.9
13,19,10,10,8,-128.0,1432.0,1560.0,1101.2
13,20,17,161,6,1184.0,1624.0,440.0,1326.5
13,21,5,230,4,1160.0,1480.0,320.0,915.9
13,22,3,40,2,1264.0,1792.0,528.0,915.9
13,23,20,22,9,1448.0,2120.0,672.0,1101.2
13,24,9,11,6,1352.0,1960.0,608.0,1326.5
13,25,12,13,9,1112.0,2128.0,1016.0,1101.2
13,26,20,20,11,1672.0,3136.0,1464.0,1326.5
13,27,17,20,9,2280.0,3648.0,1368.0,1101.2
13,28,9,10,3,2288.0,3664.0,1376.0,781.0
13,29,37,37,15,3016.0,4632.0,1616.0,1101.2
13,30,28,28,12,3824.0,4632.0,808.0,915.9
13,31,10,10,6,4032.0,4656.0,624.0,1007.8
13,32,19,19,14,2520.0,4208.0,1688.0,1101.2
13,33,37,37,11,2744.0,4320.0,1576.0,1101.2
13,-37,18,18,6,3504.0,4560.0,1056.0,915.9
13,-36,15,15,5,2560.0,4064.0,1504.0,915.9
13,-35,8,8,6,2480.0,3120.0,640.0,1101.2
13,-34,2,2,2,2480.0,2512.0,32.0,915.9
13,-33,11,11,7,1680.0,2480.0,800.0,1101.2
13,-32,8,8,5,1448.0,2424.0,976.0,915.9
13,-26,1,3,1,-856.0,576.0,1432.0,356.7
13,-3,2,2,1,224.0,568.0,344.0,835.0
13,-2,10,14,5,384.0,568.0,184.0,915.9
13,-1,9,42,4,216.0,576.0,360.0,915.9
14,1,5,9,4,-224.0,800.0,1024.0,915.9
14,2,1,12,1,184.0,848.0,664.0,915.9
14,3,2,5,2,168.0,840.0,672.0,645.1
14,4,1,3,1,208.0,896.0,688.0,463.9
14,5,12,12,4,208.0,904.0,696.0,915.9
14,6,1,48,1,-216.0,720.0,936.0,915.9
14,7,3,65,2,-8.0,712.0,720.0,712.9
14,8,2,26,1,104.0,680.0,576.0,915.9
14,10,3,3,2,-24.0,736.0,760.0,915.9
14,11,3,3,3,-360.0,792.0,1152.0,915.9
14,13,4,32,4,136.0,1184.0,1048.0,781.0
14,14,22,133,9,216.0,1320.0,1104.0,1183.3
14,15,26,34,12,344.0,1256.0,912.0,1101.2
14,16,7,11,6,376.0,1496.0,1120.0,915.9
14,17,12,19,8,264.0,1496.0,1232.0,915.9
14,18,7,10,5,-48.0,1584.0,1632.0,915.9
14,19,18,22,12,344.0,1696.0,1352.0,1101.2
14,20,5,11,4,928.0,1888.0,960.0,1101.2
14,23,13,213,7,1488.0,2120.0,632.0,1326.5
14,24,7,20,7,1264.0,2136.0,872.0,1326.5
14,25,13,16,8,1016.0,2096.0,1080.0,1101.2
14,26,3,5,3,1776.0,3136.0,1360.0,1326.5
14,27,7,9,5,1856.0,3176.0,1320.0,1101.2
14,29,16,18,9,2648.0,3920.0,1272.0,1101.2
14,30,32,32,11,2336.0,4288.0,1952.0,1007.8
14,31,37,37,12,3128.0,4336.0,1208.0,1007.8
14,32,14,14,9,1976.0,4176.0,2200.0,1007.8
14,33,16,16,10,2344.0,3328.0,984.0,915.9
14,34,16,16,10,2312.0,3376.0,1064.0,1101.2
14,35,12,12,6,1904.0,3288.0,1384.0,915.9
14,36,22,22,10,2112.0,3464.0,1352.0,1101.2
14,-39,2,2,2,1376.0,2640.0,1264.0,781.0
14,-38,8,8,5,2120.0,3632.0,1512.0,915.9
14,-37,26,26,12,3152.0,4352.0,1200.0,1007.8
14,-36,18,18,9,2536.0,4096.0,1560.0,915.9
14,-35,2,2,2,2352.0,2712.0,360.0,915.9
14,-34,1,1,1,2200.0,2480.0,280.0,781.0
14,-33,17,17,8,1592.0,2480.0,888.0,1007.8
14,-32,4,4,3,1064.0,1704.0,640.0,915.9
14,-31,7,7,6,-64.0,1480.0,1544.0,1101.2
14,-3,2,3,1,256.0,568.0,312.0,915.9
15,14,2,15,1,712.0,1368.0,656.0,1101.2
15,15,13,15,10,832.0,1752.0,920.0,915.9
15,16,15,22,9,-680.0,1768.0,2448.0,835.0
15,17,11,46,8,-800.0,1624.0,2424.0,1101.2
15,18,23,25,14,928.0,1816.0,888.0,1101.2
15,19,32,32,10,1312.0,2080.0,768.0,1101.2
15,20,14,15,7,1320.0,2416.0,1096.0,1101.2
15,21,9,12,7,1832.0,2376.0,544.0,1101.2
15,22,14,15,7,1488.0,2360.0,872.0,1101.2
15,23,14,17,8,1512.0,2208.0,696.0,1326.5
15,24,12,18,7,1224.0,2104.0,880.0,1101.2
15,25,17,24,8,800.0,2032.0,1232.0,781.0
15,26,16,17,8,1424.0,2936.0,1512.0,1101.2
15,27,11,13,8,1464.0,3032.0,1568.0,1326.5
15,28,9,9,6,2128.0,3088.0,960.0,835.0
15,29,35,35,15,1984.0,3120.0,1136.0,1101.2
15,30,34,34,14,1640.0,3184.0,1544.0,1007.8
15,31,23,23,11,1992.0,3384.0,1392.0,915.9
15,32,16,16,7,1672.0,3288.0,1616.0,781.0
15,33,32,32,13,1776.0,3360.0,1584.0,1101.2
15,34,12,12,8,1352.0,3072.0,1720.0,1007.8
15,35,14,14,11,1736.0,3048.0,1312.0,915.9
15,36,11,12,7,2064.0,3608.0,1544.0,1101.2
15,-38,1,1,1,1856.0,3160.0,1304.0,636.3
15,-37,18,18,10,2976.0,4344.0,1368.0,1007.8
15,-36,16,16,12,2712.0,4096.0,1384.0,1007.8
15,-35,6,6,5,2088.0,2832.0,744.0,915.9
15,-33,11,11,5,1664.0,2312.0,648.0,915.9
15,-32,12,12,7,1064.0,1872.0,808.0,1101.2
15,-31,9,9,8,24.0,1616.0,1592.0,1007.8
15,-30,6,6,4,-536.0,1440.0,1976.0,1101.2
15,-29,9,9,5,-1064.0,960.0,2024.0,915.9
15,-4,2,2,1,-1104.0,528.0,1632.0,915.9
15,-2,5,5,2,-304.0,536.0,840.0,915.9
16,1,1,3,1,424.0,832.0,408.0,781.0
16,12,6,97,5,320.0,832.0,512.0,915.9
16,13,4,19,4,712.0,1136.0,424.0,1183.3
16,14,14,14,11,792.0,1720.0,928.0,1101.2
16,15,8,8,6,1336.0,2184.0,848.0,1101.2
16,18,30,31,10,1208.0,1864.0,656.0,915.9
16,19,19,19,8,1528.0,2024.0,496.0,1326.5
16,20,22,23,9,1560.0,2488.0,928.0,1326.5
16,21,20,41,11,1424.0,2368.0,944.0,1101.2
16,22,5,11,3,928.0,2352.0,1424.0,915.9
16,23,7,9,6,840.0,2184.0,1344.0,1101.2
16,24,9,13,8,656.0,2144.0,1488.0,1326.5
16,25,10,17,8,560.0,1896.0,1336.0,1101.2
16,26,7,18,6,744.0,2176.0,1432.0,1101.2
16,27,15,17,10,1272.0,2328.0,1056.0,1101.2
16,28,3,4,3,1456.0,2640.0,1184.0,439.9
16,29,33,33,10,1344.0,2712.0,1368.0,1007.8
16,30,35,35,11,1040.0,2376.0,1336.0,915.9
16,31,32,32,13,944.0,2480.0,1536.0,1101.2
16,32,17,17,11,776.0,2680.0,1904.0,1007.8
16,33,24,24,9,1128.0,2744.0,1616.0,915.9
16,34,25,25,11,984.0,2896.0,1912.0,915.9
16,35,3,5,3,2672.0,3472.0,800.0,636.3
16,36,6,7,5,2712.0,3840.0,1128.0,915.9
16,37,9,9,6,3112.0,4536.0,1424.0,915.9
16,-38,1,1,1,1672.0,2976.0,1304.0,560.2
16,-37,14,14,9,2568.0,3576.0,1008.0,915.9
16,-36,6,6,6,2400.0,3544.0,1144.0,1007.8
16,-35,8,8,6,1936.0,2800.0,864.0,915.9
16,-34,13,13,9,1680.0,2288.0,608.0,1101.2
16,-33,2,2,2,1736.0,2072.0,336.0,915.9
16,-32,5,5,3,1616.0,1768.0,152.0,915.9
16,-31,5,5,3,1384.0,1768.0,384.0,915.9
16,-30,14,14,8,0.0,1544.0,1544.0,915.9
16,-14,2,32,2,-488.0,936.0,1424.0,566.2
16,-2,1,2,1,-320.0,480.0,800.0,463.9
17,11,2,13,2,8.0,688.0,680.0,566.2
17,12,6,41,5,336.0,840.0,504.0,835.0
17,13,6,13,5,648.0,1136.0,488.0,835.0
17,14,8,10,6,1008.0,1792.0,784.0,915.9
17,15,11,11,7,1400.0,2112.0,712.0,915.9
17,16,12,14,8,1392.0,2304.0,912.0,781.0
17,17,3,76,3,80.0,1808.0,1728.0,781.0
17,18,23,24,11,1520.0,1904.0,384.0,915.9
17,19,27,39,10,1240.0,1856.0,616.0,915.9
17,20,19,22,10,840.0,1784.0,944.0,1326.5
17,21,8,22,3,744.0,1832.0,1088.0,1007.8
17,26,2,10,2,464.0,1848.0,1384.0,781.0
17,27,8,11,7,896.0,1776.0,880.0,1101.2
17,28,3,5,3,1232.0,2096.0,864.0,626.3
17,29,6,7,6,800.0,1568.0,768.0,1101.2
17,30,21,21,10,696.0,1504.0,808.0,1007.8
17,31,9,9,6,616.0,1880.0,1264.0,1101.2
17,32,14,14,8,624.0,1928.0,1304.0,915.9
17,33,1,2,1,1024.0,2224.0,1200.0,915.9
17,34,7,8,5,1200.0,2672.0,1472.0,915.9
17,35,18,18,10,2312.0,3824.0,1512.0,1007.8
17,36,2,2,2,3104.0,3888.0,784.0,1101.2
17,37,2,2,2,3200.0,4592.0,1392.0,566.2
17,-37,8,8,6,2360.0,3000.0,640.0,1007.8
17,-36,8,8,6,2392.0,2928.0,536.0,915.9
17,-35,11,11,5,1680.0,2688.0,1008.0,1007.8
17,-33,10,10,8,1656.0,1848.0,192.0,1007.8
17,-32,5,5,4,1584.0,1840.0,256.0,915.9
17,-31,9,9,6,1280.0,1768.0,488.0,915.9
17,-30,10,10,7,0.0,1384.0,1384.0,915.9
17,-17,1,1,1,-360.0,816.0,1176.0,581.9
17,-15,8,16,4,408.0,1216.0,808.0,915.9
17,-4,4,30,4,-792.0,728.0,1520.0,781.0
17,-3,5,21,3,-56.0,712.0,768.0,835.0
18,12,5,31,4,-72.0,752.0,824.0,915.9
18,13,1,42,1,536.0,1008.0,472.0,712.9
18,14,6,6,4,608.0,1408.0,800.0,915.9
18,15,12,14,8,744.0,1712.0,968.0,915.9
18,16,15,16,6,952.0,1976.0,1024.0,915.9
18,17,15,18,6,1000.0,1736.0,736.0,835.0
18,18,25,28,11,720.0,1712.0,992.0,915.9
18,19,2,4,1,664.0,1664.0,1000.0,463.9
18,20,2,5,1,704.0,1352.0,648.0,915.9
18,26,2,9,2,600.0,1624.0,1024.0,915.9
18,27,6,6,3,1336.0,1768.0,432.0,915.9
18,29,7,7,7,512.0,1368.0,856.0,915.9
18,30,4,6,4,520.0,856.0,336.0,915.9
18,31,1,3,1,584.0,1208.0,624.0,463.9
18,32,5,5,4,616.0,1912.0,1296.0,915.9
18,33,14,15,7,984.0,2208.0,1224.0,1007.8
18,34,7,7,5,1616.0,2488.0,872.0,1101.2
18,35,21,21,10,2000.0,3576.0,1576.0,915.9
18,36,24,24,11,2592.0,3608.0,1016.0,1101.2
18,37,13,13,9,2920.0,4448.0,1528.0,1007.8
18,38,3,3,3,3352.0,4928.0,1576.0,781.0
18,-36,5,5,5,2344.0,3240.0,896.0,915.9
18,-35,22,22,9,1792.0,3440.0,1648.0,1007.8
18,-34,3,3,2,1792.0,2224.0,432.0,915.9
18,-33,3,3,3,1752.0,2072.0,320.0,915.9
18,-32,8,8,5,1568.0,1984.0,416.0,915.9
18,-31,6,6,6,1296.0,1736.0,440.0,915.9
18,-30,14,14,7,704.0,1568.0,864.0,915.9
18,-17,35,43,13,424.0,1280.0,856.0,915.9
18,-16,46,53,15,704.0,1376.0,672.0,1007.8
18,-15,37,49,10,656.0,1280.0,624.0,915.9
18,-5,2,84,2,-568.0,1008.0,1576.0,835.0
18,-4,3,100,3,96.0,1144.0,1048.0,835.0
19,6,3,190,3,-520.0,800.0,1320.0,712.9
19,7,8,39,5,-208.0,784.0,992.0,712.9
19,14,3,5,3,544.0,888.0,344.0,835.0
19,15,9,11,8,736.0,1200.0,464.0,915.9
19,16,14,15,7,832.0,1240.0,408.0,915.9
19,17,29,29,11,832.0,1304.0,472.0,915.9
19,18,24,26,9,504.0,1264.0,760.0,781.0
19,19,3,5,3,112.0,736.0,624.0,781.0
19,26,1,5,1,128.0,1560.0,1432.0,915.9
19,27,4,6,3,368.0,1624.0,1256.0,915.9
19,31,9,9,7,560.0,1216.0,656.0,1101.2
19,32,4,4,4,832.0,1424.0,592.0,645.1
19,33,22,22,8,984.0,1768.0,784.0,915.9
19,36,16,16,10,1816.0,3656.0,1840.0,915.9
19,37,8,9,7,2280.0,4440.0,2160.0,1007.8
19,38,6,6,4,3536.0,5072.0,1536.0,915.9
19,-36,9,9,6,2184.0,3232.0,1048.0,915.9
19,-35,15,15,8,2192.0,3368.0,1176.0,1007.8
19,-34,3,3,3,1968.0,2336.0,368.0,835.0
19,-33,11,11,5,1736.0,2176.0,440.0,915.9
19,-32,6,6,4,1560.0,1984.0,424.0,1101.2
19,-31,7,7,5,1480.0,1576.0,96.0,1101.2
19,-30,11,11,8,912.0,1568.0,656.0,1007.8
19,-17,9,12,6,-144.0,960.0,1104.0,915.9
19,-16,19,27,7,16.0,1144.0,1128.0,915.9
19,-5,3,43,2,-368.0,1032.0,1400.0,835.0
20,7,15,38,8,472.0,800.0,328.0,915.9
20,8,24,35,10,80.0,696.0,616.0,915.9
20,13,10,10,5,-40.0,888.0,928.0,915.9
20,14,11,48,6,696.0,1168.0,472.0,915.9
20,15,22,24,10,744.0,1240.0,496.0,915.9
20,16,23,24,4,840.0,1264.0,424.0,915.9
20,17,38,38,14,600.0,1024.0,424.0,1326.5
20,18,7,19,6,456.0,872.0,416.0,915.9
20,31,5,5,3,480.0,832.0,352.0,1101.2
20,32,17,17,11,640.0,1424.0,784.0,1007.8
20,33,10,10,8,840.0,1648.0,808.0,1101.2
20,34,18,18,7,1200.0,2464.0,1264.0,915.9
20,35,3,3,3,1328.0,2568.0,1240.0,781.0
20,36,23,23,8,1784.0,3136.0,1352.0,1101.2
20,37,10,10,5,2232.0,3552.0,1320.0,1101.2
20,38,10,10,7,3080.0,4744.0,1664.0,1101.2
20,-36,5,5,4,1672.0,2976.0,1304.0,915.9
20,-35,14,14,12,1824.0,3016.0,1192.0,1101.2
20,-34,15,15,7,2008.0,3072.0,1064.0,1101.2
20,-33,4,4,3,1752.0,2152.0,400.0,781.0
20,-32,13,13,7,1000.0,1840.0,840.0,915.9
20,-31,3,3,2,920.0,1560.0,640.0,915.9
21,7,8,11,6,72.0,672.0,600.0,835.0
21,8,68,69,12,400.0,1000.0,600.0,1183.3
21,9,8,13,4,-120.0,1000.0,1120.0,915.9
21,13,1,6,1,-256.0,1000.0,1256.0,581.9
21,14,31,49,8,440.0,1344.0,904.0,1183.3
21,15,7,11,3,616.0,1304.0,688.0,915.9
21,16,30,56,8,328.0,1208.0,880.0,915.9
21,17,36,54,11,336.0,1032.0,696.0,1183.3
21,18,13,42,10,472.0,848.0,376.0,915.9
21,19,3,48,3,-24.0,912.0,936.0,781.0
21,32,12,12,5,480.0,1240.0,760.0,915.9
21,33,29,29,12,776.0,1552.0,776.0,1007.8
21,34,7,7,6,1160.0,1912.0,752.0,915.9
21,35,25,25,14,1496.0,2640.0,1144.0,1101.2
21,36,13,13,10,2000.0,2648.0,648.0,1007.8
21,37,21,21,12,1984.0,3128.0,1144.0,1101.2
21,-36,6,6,5,1240.0,1824.0,584.0,915.9
21,-35,12,12,10,1640.0,3136.0,1496.0,1007.8
21,-34,17,17,9,2080.0,3184.0,1104.0,915.9
21,-33,14,14,6,1824.0,2464.0,640.0,915.9
21,-32,11,11,9,1008.0,2200.0,1192.0,1101.2
21,-31,1,1,1,1008.0,1008.0,0.0,915.9
22,7,4,6,3,-200.0,680.0,880.0,915.9
22,8,75,77,12,496.0,1008.0,512.0,915.9
22,9,8,65,7,-256.0,1016.0,1272.0,915.9
22,14,1,35,1,-688.0,1256.0,1944.0,915.9
22,17,28,62,9,320.0,952.0,632.0,1101.2
22,18,12,47,5,640.0,960.0,320.0,915.9
22,19,4,208,3,744.0,1120.0,376.0,915.9
22,20,7,165,6,336.0,1360.0,1024.0,781.0
22,21,3,8,3,-312.0,1560.0,1872.0,712.9
22,32,3,3,3,488.0,848.0,360.0,781.0
22,33,17,17,12,704.0,1584.0,880.0,1007.8
22,34,22,22,12,952.0,1928.0,976.0,1101.2
22,35,20,20,8,984.0,2600.0,1616.0,1007.8
22,36,8,8,8,976.0,2600.0,1624.0,1007.8
22,37,5,5,5,1528.0,3128.0,1600.0,835.0
22,-34,1,1,1,2296.0,2936.0,640.0,781.0
22,-33,15,15,7,2096.0,2816.0,720.0,915.9
22,-32,21,21,11,1000.0,2216.0,1216.0,1101.2
22,-31,3,3,3,1000.0,1008.0,8.0,915.9
23,7,3,57,3,-200.0,656.0,856.0,915.9
23,8,78,90,9,304.0,776.0,472.0,915.9
23,17,1,2,1,-360.0,784.0,1144.0,915.9
23,19,5,24,4,328.0,1208.0,880.0,915.9
23,30,6,6,6,536.0,1192.0,656.0,915.9
23,31,12,12,8,656.0,1392.0,736.0,915.9
23,33,8,8,8,752.0,1192.0,440.0,1101.2
23,34,25,25,12,936.0,1912.0,976.0,1101.2
23,35,1,1,1,816.0,1912.0,1096.0,915.9
23,-35,1,1,1,1320.0,2328.0,1008.0,636.3
23,-34,6,6,5,2056.0,2888.0,832.0,835.0
23,-33,17,17,10,1840.0,2720.0,880.0,1101.2
23,-32,10,10,7,608.0,2104.0,1496.0,1007.8
23,-31,5,5,4,272.0,1144.0,872.0,915.9
23,-30,2,2,2,-1992.0,1008.0,3000.0,835.0
24,5,4,6,4,-496.0,728.0,1224.0,835.0
24,6,4,8,2,-608.0,680.0,1288.0,915.9
24,7,13,21,7,128.0,656.0,528.0,915.9
24,8,20,26,8,8.0,688.0,680.0,915.9
24,30,4,4,4,1000.0,1424.0,424.0,781.0
24,31,1,1,1,1184.0,1424.0,240.0,915.9
24,32,8,8,6,1112.0,1384.0,272.0,835.0
24,33,13,13,8,880.0,1208.0,328.0,915.9
24,34,13,13,8,624.0,1632.0,1008.0,835.0
24,35,18,18,9,584.0,1600.0,1016.0,1007.8
24,-34,1,1,1,1968.0,2672.0,704.0,581.9
24,-33,5,5,5,1624.0,2664.0,1040.0,1007.8
24,-32,4,4,4,768.0,1888.0,1120.0,1101.2
25,5,5,75,4,-352.0,768.0,1120.0,835.0
25,6,10,80,6,160.0,848.0,688.0,915.9
25,28,9,9,6,248.0,1208.0,960.0,915.9
25,29,20,20,11,800.0,1416.0,616.0,915.9
25,30,8,8,7,960.0,1480.0,520.0,915.9
25,31,9,9,6,1152.0,1496.0,344.0,1101.2
25,32,13,13,7,752.0,1304.0,552.0,1007.8
25,33,11,11,7,632.0,1120.0,488.0,915.9
25,35,15,15,4,424.0,824.0,400.0,915.9
25,36,2,2,2,408.0,1128.0,720.0,835.0
25,-34,2,2,2,1496.0,2288.0,792.0,915.9
25,-33,1,1,1,1400.0,2024.0,624.0,636.3
25,-32,3,3,3,-192.0,1680.0,1872.0,1101.2
26,29,4,4,3,1120.0,1456.0,336.0,781.0
26,30,16,16,7,1208.0,1520.0,312.0,835.0
26,31,6,6,4,1048.0,1536.0,488.0,915.9
26,32,1,1,1,640.0,1296.0,656.0,915.9
26,33,11,11,7,576.0,792.0,216.0,915.9
26,35,11,11,7,448.0,712.0,264.0,1101.2
26,-33,5,5,4,1016.0,1616.0,600.0,915.9
27,19,1,10,1,-744.0,776.0,1520.0,345.8
27,29,22,22,7,1248.0,1496.0,248.0,915.9
27,34,13,13,8,592.0,1080.0,488.0,1101.2
28,28,5,5,5,1080.0,1784.0,704.0,915.9
29,28,2,2,2,1360.0,1896.0,536.0,463.9
