# ref base type part cellX cellY x y z rx ry rz scale tris bminx bminy bminz bmaxx bmaxy bmaxz model
0x002457E0 0x000585AA STAT -1 5 -11 23763.412 -41177.168 674.089 0.000000 0.000000 4.712389 1.0000 124 23698.350 -41243.668 664.417 23827.787 -41109.105 684.839 Landscape\Forest\LeafPile02.nif
0x002457CE 0x000C3884 STAT -1 5 -11 24095.514 -41213.035 684.784 0.060525 0.257413 5.923855 1.0000 432 24014.059 -41295.031 662.180 24176.785 -41128.641 723.714 SetDressing\WoodPallets\WoodPallet01.nif
0x0022C5FF 0x00067A94 STAT -1 5 -11 21722.299 -42796.715 413.002 0.000000 0.000000 3.124581 1.0000 68 21704.531 -42900.973 413.002 21740.066 -42692.457 589.002 Interiors\Building\Concrete\Small_WallKit\BldConcSmWallPlugBDblDoor01.nif
0x0022C5FE 0x00067AA6 STAT -1 5 -11 21854.637 -43050.504 413.002 0.000000 0.000000 6.266173 1.0000 12 21740.475 -43180.391 413.002 21744.830 -42924.426 669.002 Interiors\Building\Concrete\Small_WallKit\BldConcSmWall01.nif
0x0022C5FD 0x00067AA6 STAT -1 5 -11 21845.926 -42538.574 413.002 0.000000 0.000000 6.266173 1.0000 12 21731.764 -42668.461 413.002 21736.119 -42412.496 669.002 Interiors\Building\Concrete\Small_WallKit\BldConcSmWall01.nif
0x0022C5FC 0x00067A98 STAT -1 5 -11 21850.281 -42794.539 413.002 0.000000 0.000000 6.266173 1.0000 16 21736.119 -42924.426 413.002 21740.475 -42668.461 669.002 Interiors\Building\Concrete\Small_WallKit\BldConcSmWallScktB02.nif
0x0022C5FB 0x00030BDD STAT -1 5 -11 21594.320 -42798.902 413.002 0.000000 0.000000 4.695376 1.0000 172 21696.127 -42925.113 413.002 21748.477 -42668.336 669.002 Architecture\Buildings\DecoKit\DecoLobbyB1x1OpenFull01.nif
0x0021972E 0x0008E7C5 STAT -1 5 -11 23525.965 -43305.293 783.847 0.000000 0.000000 0.000000 1.0000 2052 23511.391 -43313.496 780.588 23540.742 -43294.863 821.315 SetDressing\LightFixtures\LightOilLampOn.nif
0x00219719 0x0008E7C5 STAT -1 5 -11 21558.191 -43645.137 779.510 0.000000 0.000000 5.303185 1.0000 2052 21546.816 -43661.602 776.252 21572.924 -43633.773 816.979 SetDressing\LightFixtures\LightOilLampOn.nif
0x001F7B0D 0x00106939 STAT -1 5 -11 20908.586 -44737.316 2415.728 0.000000 0.000000 4.202388 1.0000 74 20670.252 -44973.664 2415.978 21138.240 -44505.680 2415.978 SetDressing\Rubble\Rubble_Flat_Trash_Lg01b.nif
0x001F7B0B 0x0010693A STAT -1 5 -11 20493.695 -45013.891 2415.700 0.000000 0.000000 4.712389 1.0000 80 20268.695 -45206.016 2415.950 20698.695 -44800.641 2415.950 SetDressing\Rubble\Rubble_Flat_Trash_Lg01c.nif
0x001F7AA3 0x000C3895 STAT -1 5 -11 20982.779 -44829.926 2415.938 0.000000 0.000000 4.065001 1.0000 1548 20838.572 -44965.383 2400.055 21061.662 -44719.762 2682.438 SetDressing\JunkWalls\JunkWall02.nif
0x001F7AA2 0x000C3897 STAT -1 5 -11 20841.883 -44638.254 2432.381 0.000000 0.000000 3.493185 1.0000 6844 20712.371 -44741.426 2409.881 20988.551 -44561.305 2676.131 SetDressing\JunkWalls\JunkWall03.nif
0x001F7AA1 0x0003A650 STAT -1 5 -11 21016.859 -44629.090 2479.333 0.000000 0.000000 0.300002 1.0000 6572 20910.504 -44780.188 2421.958 21128.090 -44494.754 2536.520 SetDressing\Tires\TirePile02.nif
0x001F7AA0 0x0003A64E STAT -1 5 -11 20802.230 -44649.063 2459.961 0.000000 0.000000 5.923185 1.0000 7590 20673.184 -44824.750 2397.274 20918.865 -44468.996 2522.649 SetDressing\Tires\TirePile01.nif
0x001F7A9E 0x0003A650 STAT -1 5 -11 20905.811 -44584.926 2467.521 0.086354 0.122129 4.422237 1.0000 6572 20761.844 -44671.875 2404.642 21042.281 -44479.098 2527.076 SetDressing\Tires\TirePile02.nif
0x001F7A9D 0x00064136 STAT -1 5 -11 20648.871 -43141.926 2008.025 0.303483 0.010189 3.690072 0.8800 3948 20268.518 -43472.527 1815.963 21032.561 -42842.707 2075.361 Landscape\Roads\HighwayOverpass\HWSingleChunkSmall01.nif
0x001F7A9C 0x00064139 STAT -1 5 -11 20740.326 -42912.230 1916.133 0.204788 -0.041649 3.779917 0.8900 3827 20515.164 -43196.590 1778.410 20979.283 -42623.746 1981.752 Landscape\Roads\HighwayOverpass\HWSingleChunkSmall02.nif
0x001F7A8E 0x0006F99A STAT -1 5 -11 20631.635 -43825.629 2183.929 0.303490 0.041980 1.543816 1.0000 8194 20140.064 -44551.570 1894.730 21176.006 -43119.363 2435.225 Landscape\Roads\HighwayOverpass\HWDoubleChunkLargeTop03.nif
0x001D34A6 0x0019B427 STAT -1 5 -11 24230.520 -43017.887 652.276 -0.098103 -0.031552 2.101499 1.0000 12610 23990.543 -43339.184 627.642 24416.676 -42799.230 768.327 Vehicles\Automotive\Sedan01_Postwar_Static.nif
0x001D34A5 0x001B2DBB MSTT -1 5 -11 23900.635 -42093.387 675.443 0.039690 -0.042993 5.304864 1.0000 9060 23716.619 -42305.121 662.500 24124.594 -41815.051 786.347 Vehicles\Automotive\Coupe03_Postwar.nif
0x001D1749 0x0006B13F STAT -1 5 -11 23372.451 -45044.465 506.384 -0.072192 0.062196 4.552385 0.9400 2322 23228.059 -45199.477 485.210 23428.908 -44996.203 1261.633 SetDressing\TelephonePoleSet\TP_Quad.nif
0x001CD14F 0x0001D1AF STAT -1 5 -11 21876.934 -44832.707 1053.448 0.000000 0.000000 4.512389 1.0000 238 21790.602 -44950.152 1053.448 21941.518 -44730.305 1056.434 SetDressing\Rubble\TrashDecal03.nif
0x001CD14E 0x0001D184 STAT -1 5 -11 21877.559 -44573.734 1053.448 0.000000 0.000000 4.712389 1.0000 111 21799.684 -44678.047 1053.448 21955.434 -44469.422 1057.487 SetDressing\Rubble\TrashDecal01.nif
0x001CD14D 0x0001D1AF STAT -1 5 -11 22747.773 -44260.613 1063.354 0.000000 0.000000 5.292388 1.3800 238 22601.904 -44407.684 1063.354 22886.605 -44140.785 1067.476 SetDressing\Rubble\TrashDecal03.nif
0x001CD14C 0x0001D1AF STAT -1 5 -11 22535.844 -44235.598 1063.354 0.000000 0.000000 4.262388 1.3800 238 22407.867 -44381.434 1063.354 22643.813 -44084.945 1067.476 SetDressing\Rubble\TrashDecal03.nif
0x001CD14B 0x0001D18E STAT -1 5 -11 22575.123 -43949.379 1063.354 0.000000 0.000000 3.712385 1.0000 157 22462.289 -44063.172 1063.354 22693.768 -43820.273 1067.394 SetDressing\Rubble\TrashDecal02.nif
0x001CD14A 0x0001D184 STAT -1 5 -11 22895.529 -44144.387 1063.354 0.000000 0.000000 4.712389 1.0000 111 22817.654 -44248.699 1063.354 22973.404 -44040.074 1067.394 SetDressing\Rubble\TrashDecal01.nif
0x001CD149 0x0001825F STAT -1 5 -11 22340.910 -44208.703 1048.683 0.000000 0.000000 5.302389 0.8100 212 22312.068 -44338.305 1048.683 22470.139 -44208.703 1240.653 Architecture\Roof\RoofChimenyStacks01.nif
0x001CD148 0x00133866 STAT -1 5 -11 21572.998 -44392.090 574.677 -0.124344 -0.061938 4.372388 0.7800 6757 21297.021 -44618.137 497.448 21865.555 -44074.719 713.110 Landscape\Plants\ShrubGroupLarge05.nif
0x001CD147 0x00133868 STAT -1 5 -11 21293.045 -44797.863 573.811 -0.062411 -0.062298 4.472389 0.7800 4432 21128.568 -45072.934 501.678 21468.066 -44525.520 688.138 Landscape\Plants\ShrubGroupMedium03.nif
0x001CD146 0x00133868 STAT -1 5 -11 21506.105 -43874.055 649.870 -0.062411 0.000000 3.222385 0.7800 4432 21245.227 -44070.879 576.615 21768.715 -43709.434 771.753 Landscape\Plants\ShrubGroupMedium03.nif
0x001CD145 0x0002CD28 STAT -1 5 -11 21378.449 -44109.418 603.858 0.000000 0.000000 5.403185 1.0000 863 21312.479 -44177.695 601.460 21440.508 -44042.297 648.764 SetDressing\Building\BathtubBroken01.nif
0x001CD144 0x001BBFC6 STAT -1 5 -11 21421.297 -44235.707 603.706 -0.063504 -0.323516 5.328741 1.0000 3565 21233.824 -44477.328 532.725 21540.707 -44087.828 646.457 Vehicles\Automotive\CarFrame04.nif
0x001CD143 0x001BBFC6 STAT -1 5 -11 21129.904 -44052.848 674.752 -0.220000 0.000000 0.000000 1.0000 3565 20873.404 -44119.207 617.279 21267.279 -43973.129 688.385 Vehicles\Automotive\CarFrame04.nif
0x001CD142 0x000913F6 CONT -1 5 -11 21108.400 -44268.504 591.863 0.510300 -0.404742 1.013066 1.0000 1451 21068.998 -44300.383 565.513 21182.566 -44196.258 678.661 SetDressing\PlayerHouse_Ruin\PlayerHouse_Ruin_Washer01.nif
0x001CD141 0x0003A64E STAT -1 5 -11 20901.836 -44309.047 622.685 -0.062411 0.000000 6.002389 1.0100 7590 20780.082 -44487.984 556.898 21009.928 -44124.645 682.719 SetDressing\Tires\TirePile01.nif
0x001CD140 0x00134442 STAT -1 5 -11 22343.303 -44491.777 530.751 0.000000 0.000000 3.708581 1.0000 682 22261.129 -44535.469 539.587 22446.088 -44419.574 772.251 SetDressing\Greebs\WallGreeb1x1_01.nif
0x001CD13F 0x0016628C CONT -1 5 -11 22067.340 -44413.633 596.045 -0.159912 0.005318 3.174556 1.0000 712 21971.377 -44420.563 511.549 22167.570 -44279.539 601.114 SetDressing\TrashBin\TrashBin01.nif
0x001CD13E 0x000BF83B STAT -1 5 -11 22608.307 -44641.457 615.610 0.000000 0.000000 3.708582 1.0000 2 22554.164 -44675.934 549.172 22662.449 -44606.980 682.047 SetDressing\Signage\GenericPosterGroup02.nif
0x001CD13D 0x001343D4 STAT -1 5 -11 22584.256 -44645.199 725.448 0.000000 0.000000 3.708581 1.0000 104 22577.287 -44662.914 783.729 22625.635 -44616.035 1180.948 SetDressing\Greebs\WallGreeb2x1_01.nif
0x001CD13C 0x000047E1 STAT -1 5 -11 22729.258 -44441.500 1063.354 0.000000 0.000000 4.712389 1.0000 210 22718.359 -44514.875 1063.354 22753.883 -44352.188 1225.979 SetDressing\Greebs\DiamondGreebAntenna04.nif
0x001CD13B 0x000047DE STAT -1 5 -11 22615.389 -44743.047 1317.448 0.000000 0.000000 4.712389 1.0000 81 22591.154 -44843.922 1317.448 22639.779 -44682.859 1536.073 SetDressing\Greebs\DiamondGreebAntenna01.nif
0x001CD13A 0x0001D1AF STAT -1 5 -11 22367.939 -44750.816 1317.448 0.000000 0.000000 1.509203 1.0000 238 22298.674 -44846.695 1317.448 22448.377 -44629.965 1320.434 SetDressing\Rubble\TrashDecal03.nif
0x001CD139 0x0001D18E STAT -1 5 -11 22499.328 -44882.691 1317.448 0.000000 0.000000 0.579203 1.0000 157 22380.184 -45011.699 1317.448 22612.693 -44769.195 1321.487 SetDressing\Rubble\TrashDecal02.nif
0x001CD138 0x0001D184 STAT -1 5 -11 22215.922 -44918.375 1317.448 0.000000 0.000000 6.082389 1.0000 111 22098.174 -44988.297 1317.448 22320.402 -44837.340 1321.487 SetDressing\Rubble\TrashDecal01.nif
0x001CD137 0x00154E59 STAT -1 5 -11 22242.621 -45013.977 1271.364 0.000000 0.000000 3.682387 1.0000 184 22169.834 -45070.320 1271.364 22323.652 -44943.902 1585.364 Architecture\Buildings\DecoKit\DecoMainBAddChimneyATop01.nif
0x001CD136 0x001AC903 STAT -1 5 -11 22248.188 -44692.992 1317.448 0.000000 0.000000 3.695985 0.4300 1448 22167.891 -44776.102 1317.415 22320.707 -44622.844 1439.138 SetDressing\Greebs\GreebLarge09.nif
0x001CD135 0x001AC902 STAT -1 5 -11 22292.551 -44621.344 1317.448 0.000000 0.000000 3.695985 0.6300 294 22195.875 -44709.836 1317.299 22389.227 -44532.852 1440.219 SetDressing\Greebs\GreebLarge08.nif
0x001CD134 0x001AC902 STAT -1 5 -11 22490.713 -44743.277 1317.448 0.000000 0.000000 5.255988 0.5300 294 22416.629 -44824.563 1317.323 22564.797 -44661.992 1420.732 SetDressing\Greebs\GreebLarge08.nif
0x001CD133 0x00096FC8 STAT -1 5 -11 22064.316 -44731.398 1053.448 0.000000 0.000000 4.755778 1.0000 2 21797.453 -44998.262 1053.448 22331.180 -44464.535 1053.448 Architecture\Buildings\DecoKit\DecoRoof2x2Str01.nif
0x001CD132 0x000BFE81 STAT -1 5 -11 22331.180 -44486.742 765.448 0.000000 0.000000 3.184983 1.0000 196 22075.420 -44744.410 1021.448 22369.545 -44431.680 1071.448 Architecture\Buildings\DecoKit\DecoLobbyCTrim1x1Cor01.nif
0x001CD131 0x0009C45E STAT -1 5 -11 22603.545 -44808.996 525.448 0.000000 0.000000 5.279377 1.0000 4 22548.293 -44925.559 525.448 22686.461 -44708.563 781.448 Architecture\Buildings\DecoKit\DecoMainA1x1Win06.nif
0x001CD130 0x0009C45E STAT -1 5 -11 22603.545 -44808.996 781.448 0.000000 0.000000 5.279377 1.0000 4 22548.293 -44925.559 781.448 22686.461 -44708.563 1037.448 Architecture\Buildings\DecoKit\DecoMainA1x1Win06.nif
0x001CD12F 0x00031855 STAT -1 5 -11 22672.293 -44701.027 781.448 0.000000 0.000000 3.708582 1.0000 24 22667.391 -44723.117 781.448 22697.758 -44677.711 1037.448 Architecture\Buildings\DecoKit\DecoMainA1x1Cor02.nif
0x001CD12E 0x00031855 STAT -1 5 -11 21965.471 -44858.094 1037.448 0.000000 0.000000 0.566990 1.0000 24 21940.006 -44881.410 1037.448 21970.373 -44836.004 1293.448 Architecture\Buildings\DecoKit\DecoMainA1x1Cor02.nif
0x001CD12D 0x0009C45E STAT -1 5 -11 22603.545 -44808.996 1037.448 0.000000 0.000000 5.279377 1.0000 4 22548.293 -44925.559 1037.448 22686.461 -44708.563 1293.448 Architecture\Buildings\DecoKit\DecoMainA1x1Win06.nif
0x001CD12C 0x000A6C11 STAT -1 5 -11 22202.943 -44489.203 525.448 0.000000 0.000000 3.184982 1.0000 6 22075.758 -44478.777 525.448 22331.643 -44467.668 781.448 Architecture\Buildings\DecoKit\DecoMainA1x1Win07.nif
0x001CD12B 0x000A6C11 STAT -1 5 -11 22202.943 -44489.203 781.448 0.000000 0.000000 3.184982 1.0000 6 22075.758 -44478.777 781.448 22331.643 -44467.668 1037.448 Architecture\Buildings\DecoKit\DecoMainA1x1Win07.nif
0x001CD12A 0x000A6C11 STAT -1 5 -11 22034.219 -44750.121 1037.448 0.000000 0.000000 2.137785 1.0000 6 21951.975 -44849.500 1037.448 22089.537 -44633.453 1293.448 Architecture\Buildings\DecoKit\DecoMainA1x1Win07.nif
0x001CD129 0x00031854 STAT -1 5 -11 22171.715 -44534.180 1037.448 0.000000 0.000000 2.137785 1.0000 20 22088.799 -44634.613 1037.448 22226.967 -44417.617 1293.448 Architecture\Buildings\DecoKit\DecoMainA1x1Win04.nif
0x001CD128 0x00031853 STAT -1 5 -11 22171.715 -44534.180 781.448 0.000000 0.000000 2.137785 1.0000 2 22089.471 -44633.559 781.448 22226.967 -44417.617 1037.448 Architecture\Buildings\DecoKit\DecoMainA1x1Wall01.nif
0x001CD127 0x00031853 STAT -1 5 -11 22171.715 -44534.180 525.448 0.000000 0.000000 2.137785 1.0000 2 22089.471 -44633.559 525.448 22226.967 -44417.617 781.448 Architecture\Buildings\DecoKit\DecoMainA1x1Wall01.nif
0x001CD126 0x00031855 STAT -1 5 -11 22240.463 -44426.207 525.448 0.000000 0.000000 2.137786 1.0000 24 22217.146 -44431.109 525.448 22262.553 -44400.742 781.448 Architecture\Buildings\DecoKit\DecoMainA1x1Cor02.nif
0x001CD125 0x00031855 STAT -1 5 -11 22240.463 -44426.207 781.448 0.000000 0.000000 2.137786 1.0000 24 22217.146 -44431.109 781.448 22262.553 -44400.742 1037.448 Architecture\Buildings\DecoKit\DecoMainA1x1Cor02.nif
0x001CD124 0x00031855 STAT -1 5 -11 22240.463 -44426.207 1037.448 0.000000 0.000000 2.137786 1.0000 24 22217.146 -44431.109 1037.448 22262.553 -44400.742 1293.448 Architecture\Buildings\DecoKit\DecoMainA1x1Cor02.nif
0x001CD123 0x000A6C11 STAT -1 5 -11 21947.193 -44478.078 525.448 0.000000 0.000000 3.184982 1.0000 6 21820.008 -44467.652 525.448 22075.893 -44456.543 781.448 Architecture\Buildings\DecoKit\DecoMainA1x1Win07.nif
0x001CD122 0x000A6C11 STAT -1 5 -11 21947.193 -44478.078 781.448 0.000000 0.000000 3.184982 1.0000 6 21820.008 -44467.652 781.448 22075.893 -44456.543 1037.448 Architecture\Buildings\DecoKit\DecoMainA1x1Win07.nif
0x001CD121 0x0009C45D STAT -1 5 -11 21814.109 -44592.410 525.448 0.000000 0.000000 1.614186 1.0000 4 21792.518 -44720.844 525.448 21803.676 -44463.836 781.448 Architecture\Buildings\DecoKit\DecoMainA1x1Win05.nif
0x001CD120 0x0009C45D STAT -1 5 -11 21814.109 -44592.410 781.448 0.000000 0.000000 1.614186 1.0000 4 21792.518 -44720.844 781.448 21803.676 -44463.836 1037.448 Architecture\Buildings\DecoKit\DecoMainA1x1Win05.nif
0x001CD11F 0x00031855 STAT -1 5 -11 21819.664 -44464.535 525.448 0.000000 0.000000 1.614186 1.0000 24 21799.162 -44479.824 525.448 21836.344 -44443.859 781.448 Architecture\Buildings\DecoKit\DecoMainA1x1Cor02.nif
0x001CD11E 0x00031855 STAT -1 5 -11 21819.664 -44464.535 781.448 0.000000 0.000000 1.614186 1.0000 24 21799.162 -44479.824 781.448 21836.344 -44443.859 1037.448 Architecture\Buildings\DecoKit\DecoMainA1x1Cor02.nif
0x001CD11D 0x000C0183 STAT -1 5 -11 21819.660 -44464.531 765.448 0.000000 0.000000 1.614186 1.0000 82 21764.598 -44720.289 1021.448 22077.328 -44418.664 1071.448 Architecture\Buildings\DecoKit\DecoLobbyCTrim1x1Cor02.nif
0x001CD11C 0x000BFE61 STAT -1 5 -11 22181.092 -44992.707 765.448 0.000000 0.000000 0.043390 1.0000 36 22051.305 -45042.219 1021.448 22308.971 -44987.156 1071.448 Architecture\Buildings\DecoKit\DecoLobbyCTrim1x1Str01.nif
0x001CD11B 0x000C0183 STAT -1 5 -11 21797.453 -44976.051 765.448 0.000000 0.000000 0.043390 1.0000 82 21751.586 -45031.113 1021.448 22053.213 -44718.383 1071.448 Architecture\Buildings\DecoKit\DecoLobbyCTrim1x1Cor02.nif
0x001CD11A 0x00031855 STAT -1 5 -11 21797.453 -44976.051 525.448 0.000000 0.000000 0.043389 1.0000 24 21776.777 -44996.551 525.448 21812.744 -44959.371 781.448 Architecture\Buildings\DecoKit\DecoMainA1x1Cor02.nif
0x001CD119 0x00031855 STAT -1 5 -11 21797.453 -44976.051 781.448 0.000000 0.000000 0.043389 1.0000 24 21776.777 -44996.551 781.448 21812.744 -44959.371 1037.448 Architecture\Buildings\DecoKit\DecoMainA1x1Cor02.nif
0x001CD118 0x0009C45D STAT -1 5 -11 22181.082 -44992.730 525.448 0.000000 0.000000 0.043389 1.0000 4 22052.508 -45014.320 525.448 22309.516 -45003.164 781.448 Architecture\Buildings\DecoKit\DecoMainA1x1Win05.nif
0x001CD117 0x0009C45D STAT -1 5 -11 22181.082 -44992.730 781.448 0.000000 0.000000 0.043389 1.0000 4 22052.508 -45014.320 781.448 22309.516 -45003.164 1037.448 Architecture\Buildings\DecoKit\DecoMainA1x1Win05.nif
0x001CD116 0x000BFEA0 STAT -1 5 -11 22181.092 -44992.707 269.448 0.000000 0.000000 0.043389 1.0000 8 22051.824 -45030.230 269.448 22308.971 -44987.156 525.448 Architecture\Buildings\DecoKit\DecoBaseA1x1Wall01.nif
0x001CD115 0x000C018A STAT -1 5 -11 21797.453 -44976.051 269.448 0.000000 0.000000 0.043389 1.0000 12 21764.096 -45019.125 269.448 22053.213 -44718.902 525.448 Architecture\Buildings\DecoKit\DecoBaseA1x1Cor01.nif
0x001CD114 0x000A6C11 STAT -1 5 -11 21925.332 -44981.602 525.448 0.000000 0.000000 0.043389 1.0000 6 21796.633 -45003.137 525.448 22052.518 -44992.027 781.448 Architecture\Buildings\DecoKit\DecoMainA1x1Win07.nif
0x001CD113 0x000A6C11 STAT -1 5 -11 21925.332 -44981.602 781.448 0.000000 0.000000 0.043389 1.0000 6 21796.633 -45003.137 781.448 22052.518 -44992.027 1037.448 Architecture\Buildings\DecoKit\DecoMainA1x1Win07.nif
0x001CD112 0x000A6C11 STAT -1 5 -11 22073.389 -44926.668 1037.448 0.000000 0.000000 0.566988 1.0000 6 21956.719 -45008.914 1037.448 22172.766 -44871.348 1293.448 Architecture\Buildings\DecoKit\DecoMainA1x1Win07.nif
0x001CD110 0x00117BA9 STAT -1 5 -11 22541.545 -44921.266 1037.448 0.000000 0.000000 5.279377 1.0000 195 22472.797 -45036.906 1037.448 22639.117 -44813.293 1293.448 Architecture\Buildings\DecoKit\DecoMainC1x1WinBayA01.nif
0x001CD10F 0x00031855 STAT -1 5 -11 22672.346 -44701.203 1037.448 0.000000 0.000000 3.708582 1.0000 24 22667.443 -44723.293 1037.448 22697.811 -44677.887 1293.448 Architecture\Buildings\DecoKit\DecoMainA1x1Cor02.nif
0x001CD10E 0x000318E2 STAT -1 5 -11 22564.375 -44632.453 1037.448 0.000000 0.000000 3.708581 1.0000 4 22463.943 -44687.703 1037.448 22680.939 -44549.539 1293.448 Architecture\Buildings\DecoKit\DecoMainA1x1Win03.nif
0x001CD10D 0x000318E6 STAT -1 5 -11 22348.434 -44494.957 781.448 0.000000 0.000000 3.708581 1.0000 4 22248.002 -44550.207 781.448 22464.998 -44412.043 1037.448 Architecture\Buildings\DecoKit\DecoMainA1x1Win02.nif
0x001CD103 0x0003AA4C STAT -1 5 -11 23237.949 -44093.832 548.857 0.000000 0.000000 3.783181 1.0000 168 23226.379 -44111.797 548.857 23253.887 -44089.625 688.732 SetDressing\Signage\RoadSigns\SignRoad_MPH25_02.nif
0x001CD102 0x001C90EE STAT -1 5 -11 23237.545 -44094.969 623.256 1.526438 -0.710110 3.108929 1.0000 28 23227.373 -44104.277 602.711 23248.406 -44084.773 643.841 SetDressing\Signage\RoadSigns\SignRoad_NoPark_NoPost01.nif
0x001CD101 0x001C90EE STAT -1 5 -11 23688.076 -44284.344 623.256 -1.527933 0.668560 6.248172 1.0000 28 23676.836 -44294.105 602.711 23698.662 -44275.496 643.841 SetDressing\Signage\RoadSigns\SignRoad_NoPark_NoPost01.nif
0x001CD100 0x0003AA4C STAT -1 5 -11 23687.719 -44285.496 548.857 0.000000 0.000000 0.599999 1.0000 168 23671.049 -44289.219 548.857 23699.451 -44268.207 688.732 SetDressing\Signage\RoadSigns\SignRoad_MPH25_02.nif
0x001CD0FF 0x00032F05 STAT -1 5 -11 22588.672 -44934.559 482.532 -0.002046 0.017280 2.171775 1.0000 248 22393.158 -45195.484 412.897 22786.789 -44702.742 483.691 Landscape\Sidewalks\SWCurbCurve02a.nif
0x001CD0F5 0x000047DE STAT -1 5 -11 24178.240 -44963.082 935.677 -0.000177 -0.028478 5.483189 1.0000 81 24104.043 -45036.734 935.463 24241.982 -44921.355 1153.137 SetDressing\Greebs\DiamondGreebAntenna01.nif
0x001CD0F4 0x00019D8A STAT -1 5 -11 24004.320 -44837.070 1030.389 -0.001596 -0.025845 1.642635 0.8100 52 23965.125 -44876.281 1029.562 24043.500 -44797.883 1134.551 Architecture\Roof\RoofChimney01.nif
0x001CD0F3 0x0001825F STAT -1 5 -11 24402.117 -44730.816 917.140 -0.001596 -0.025845 0.071839 0.8100 212 24339.270 -44886.055 917.140 24404.043 -44727.098 1109.984 Architecture\Roof\RoofChimenyStacks01.nif
0x001CD0F2 0x0001825F STAT -1 5 -11 24527.078 -44848.324 986.009 -0.001596 -0.025845 0.071839 0.8100 212 24464.230 -45003.563 986.009 24529.004 -44844.605 1178.854 Architecture\Roof\RoofChimenyStacks01.nif
0x001CD0EF 0x00022A16 STAT -1 5 -11 24522.238 -44702.234 629.882 0.000000 0.000000 0.061655 1.0000 12 24365.148 -44714.059 554.257 24677.305 -44694.789 707.069 Architecture\Buildings\SmallTown\Bld02AddWin01.nif
0x001CD0ED 0x00022A16 STAT -1 5 -11 24264.531 -44610.125 619.719 0.000000 0.000000 0.066376 1.0000 12 24107.479 -44622.684 544.094 24419.539 -44601.938 696.906 Architecture\Buildings\SmallTown\Bld02AddWin01.nif
0x001CD0EC 0x00022A16 STAT -1 5 -11 24264.531 -44610.125 822.194 0.000000 0.000000 0.066376 1.0000 12 24107.479 -44622.684 746.569 24419.539 -44601.938 899.381 Architecture\Buildings\SmallTown\Bld02AddWin01.nif
0x001CD0EB 0x00022A16 STAT -1 5 -11 24000.791 -44654.035 615.435 0.000000 0.000000 0.061657 1.0000 12 23843.701 -44665.859 539.810 24155.857 -44646.590 692.622 Architecture\Buildings\SmallTown\Bld02AddWin01.nif
0x001CD0EA 0x00022A16 STAT -1 5 -11 23889.004 -44647.133 823.435 0.000000 0.000000 0.061657 1.0000 12 23731.914 -44658.957 747.810 24044.070 -44639.688 900.622 Architecture\Buildings\SmallTown\Bld02AddWin01.nif
0x001CD0E7 0x00001B52 STAT -1 5 -11 24000.861 -43723.383 589.200 -0.120877 0.046338 2.022387 1.0000 460 23809.563 -43809.461 584.367 24023.738 -43687.609 1182.692 SetDressing\StreetLamps\StreetLamp01.nif
0x001CD0E5 0x0013384F STAT -1 5 -11 23440.938 -44959.809 499.322 0.000000 0.000000 0.290000 1.0000 913 23329.461 -45082.883 493.838 23541.818 -44836.930 592.197 Landscape\Plants\Bramble03.nif
0x001CD0D2 0x00133855 STAT -1 5 -11 24077.814 -44313.625 648.187 0.071547 -0.036694 3.701562 1.0000 356 23932.984 -44439.027 632.632 24198.373 -44204.227 810.697 Landscape\Plants\DeadShrub03.nif
0x001CD0D1 0x00133856 STAT -1 5 -11 23928.191 -44280.887 658.066 0.041149 -0.069084 4.721455 0.8600 206 23825.213 -44443.840 633.219 24027.266 -44120.816 720.633 Landscape\Plants\DeadShrub04.nif
0x001CD0D0 0x000047E1 STAT -1 5 -11 24102.182 -43837.617 1438.584 0.000000 0.000000 4.501591 1.0000 210 24074.502 -43909.367 1438.584 24138.463 -43752.207 1601.209 SetDressing\Greebs\DiamondGreebAntenna04.nif
0x001CD0CB 0x00022A16 STAT -1 5 -11 24567.424 -43934.395 979.042 0.000000 0.000000 2.221598 1.0000 12 24471.430 -44056.750 903.417 24660.900 -43807.926 1056.229 Architecture\Buildings\SmallTown\Bld02AddWin01.nif
0x001CD0CA 0x00022A16 STAT -1 5 -11 24567.424 -43934.395 1243.536 0.000000 0.000000 2.221598 1.0000 12 24471.430 -44056.750 1167.911 24660.900 -43807.926 1320.724 Architecture\Buildings\SmallTown\Bld02AddWin01.nif
0x001CD0C9 0x00022A16 STAT -1 5 -11 24227.082 -43982.512 1243.536 0.000000 0.000000 3.792394 1.0000 12 24104.729 -44075.988 1167.911 24353.553 -43886.516 1320.724 Architecture\Buildings\SmallTown\Bld02AddWin01.nif
0x001CD0C7 0x000047E0 STAT -1 5 -11 24539.563 -43214.020 1208.795 0.000000 0.000000 4.712389 1.0000 122 24505.844 -43257.082 1208.795 24573.906 -43186.113 1489.795 SetDressing\Greebs\DiamondGreebAntenna03.nif
0x0009224D 0x00019820 STAT -1 5 -11 24264.352 -44612.402 430.194 0.000000 0.000000 0.066376 1.0000 861 24041.020 -45102.816 174.194 24455.930 -44599.668 982.194 Architecture\Buildings\SmallTown\Bld02FrontSidingACom01.nif
0x001CCF4B 0x00123A61 STAT -1 5 -11 21231.555 -43814.164 650.562 0.000000 0.000000 0.000000 1.0000 1764 20954.305 -43945.289 636.788 21508.805 -43683.039 713.843 SetDressing\Rubble\TrashPileWall01.nif
0x001CCF4A 0x00133865 STAT -1 5 -11 20653.959 -44613.977 619.596 0.000000 -0.062419 3.748185 1.0000 6380 20341.682 -45067.734 545.221 21081.611 -44197.844 790.144 Landscape\Plants\ShrubGroupLarge04.nif
0x001CC800 0x00024070 STAT -1 5 -11 24204.395 -41427.512 681.900 -0.002976 0.223792 4.302520 1.0000 2179 23930.164 -41502.410 658.552 24218.898 -41353.285 1483.702 SetDressing\TelephonePoleSet\TP_01.nif
0x001CC7FB 0x0013385C STAT -1 5 -11 24451.516 -41984.980 666.061 0.000000 0.000000 6.163184 0.7800 408 24274.490 -42079.320 633.252 24610.693 -41895.328 786.863 Landscape\Plants\HedgeRow01.nif
0x001CC7F7 0x00133854 STAT -1 5 -11 24438.916 -41312.539 669.675 -0.175959 -0.176499 6.204740 1.0000 442 24301.678 -41470.484 657.265 24558.592 -41213.711 937.130 Landscape\Plants\DeadShrub02.nif
0x001CC7F6 0x00133855 STAT -1 5 -11 24311.129 -41317.852 665.021 -0.110907 0.049255 2.259556 1.0000 356 24196.520 -41480.039 648.467 24433.357 -41197.648 825.468 Landscape\Plants\DeadShrub03.nif
0x001CC7F2 0x0001F510 STAT -1 5 -11 23880.301 -41415.551 636.299 0.010575 -0.038578 1.303183 1.0000 301 23739.936 -41556.703 597.561 24033.324 -41303.203 673.536 Landscape\Roads\RoadAChunk02.nif
0x001CC7F1 0x0001F511 STAT -1 5 -11 23784.918 -41249.785 633.495 0.000000 0.000000 2.543391 1.0000 284 23675.129 -41388.281 592.964 23946.975 -41103.125 674.089 Landscape\Roads\RoadAChunk01.nif
0x001CC7E9 0x000872B7 STAT -1 5 -11 24384.084 -40972.680 922.462 0.000000 0.000000 3.131590 1.0000 360 24256.010 -40981.961 922.462 24512.158 -40963.398 1007.462 Architecture\Buildings\Shell\BldgShellWallIntTrimBtm01.nif
0x001CC7D9 0x001159CF STAT -1 5 -11 24250.645 -41092.664 682.462 0.000000 0.000000 1.560793 1.0000 155 24224.857 -41220.738 682.462 24251.926 -40964.672 938.462 Architecture\Buildings\DecoKit\DecoMainC1x1DoorSingle01Full01.nif
0x001CC7D8 0x00117C70 STAT -1 5 -11 24250.564 -41084.668 938.462 0.000000 0.000000 1.560793 1.0000 197 24241.270 -41229.367 938.308 24251.705 -40955.215 1043.337 Architecture\Buildings\DecoKit\DecoMainCDam1x1WallTrimBtm01.nif
0x001CC7D7 0x001159F0 STAT -1 5 -11 24251.924 -41220.660 682.462 0.000000 0.000000 6.273182 1.0000 44 24239.885 -41232.738 682.462 24260.004 -41212.742 938.462 Architecture\Buildings\DecoKit\DecoMainC1x1Cor01.nif
0x001CC7D6 0x0012378A STAT -1 5 -11 24371.918 -41219.457 938.462 0.000000 0.000000 0.000000 1.0000 255 24227.543 -41227.707 938.071 24516.918 -41219.703 1014.462 Architecture\Buildings\DecoKit\DecoMainCDam1x1WallTrimBtm02.nif
0x001CC787 0x000AEB93 STAT -1 5 -11 23740.025 -41531.570 671.428 -0.033480 -0.026639 5.360013 1.0000 372 23715.309 -41544.285 663.278 24181.256 -41102.379 716.186 SetDressing\StreetLamps\StreetLamp01Post01.nif
0x001CC786 0x000AEB8E STAT -1 5 -11 23702.410 -41591.168 659.202 -0.030100 0.026347 2.289600 1.0000 287 23680.627 -41613.762 656.232 23725.117 -41568.285 726.252 SetDressing\StreetLamps\StreetLamp01Base01.nif
0x001CC784 0x00001B52 STAT -1 5 -11 24336.621 -42430.555 664.317 -0.019919 0.001797 0.679976 1.0000 460 24209.959 -42590.168 661.781 24359.498 -42408.090 1262.702 SetDressing\StreetLamps\StreetLamp01.nif
0x0008F12D 0x0008E7C5 STAT -1 5 -11 21775.783 -42957.145 416.493 0.000000 0.000000 0.700000 1.0000 2052 21759.594 -42972.652 413.235 21787.303 -42945.719 453.962 SetDressing\LightFixtures\LightOilLampOn.nif
0x0008F129 0x00048283 STAT -1 5 -11 22775.164 -42942.219 673.353 0.000000 0.000000 0.460000 1.0000 3706 22737.375 -42979.414 673.358 22814.775 -42902.016 765.824 SetDressing\MetalBarrel\MetalBarrel01StaticFireGrating.nif
0x0003CFA6 0x000FA24B STAT -1 5 -11 22364.516 -42524.879 405.417 0.000000 0.000000 6.266171 1.0000 14 22236.141 -42535.055 405.417 22492.633 -42514.320 661.417 Architecture\Buildings\Metal\MetalIntStairsWall1x1Str01.nif
0x00020F64 0x000B2009 STAT -1 5 -11 21959.775 -43120.785 672.894 0.000000 0.000000 3.124578 1.0000 2 21701.635 -43253.121 672.894 22217.916 -42988.449 672.894 Architecture\ParkingGarage\PGarageInFloor1x2Str01.nif
0x001A7373 0x00107E45 STAT -1 5 -11 20663.434 -42182.910 1073.573 0.000000 0.000000 1.553782 1.0000 156 20637.068 -42435.863 1076.951 20919.000 -42149.078 1154.823 SetDressing\Signage\SignBusStationCor01.nif
0x00174EF8 0x001159F7 STAT -1 5 -11 21972.590 -40977.711 1007.619 0.000000 0.000000 3.141595 1.0000 133 21844.590 -40977.711 1007.619 22100.590 -40952.727 1263.619 Architecture\Buildings\DecoKit\DecoMainC1x1DoorSingle01.nif
0x00174EF7 0x00117BA4 STAT -1 5 -11 21716.590 -40977.711 1007.619 0.000000 0.000000 3.141595 1.0000 34 21588.590 -40977.711 1007.619 21844.590 -40969.711 1263.619 Architecture\Buildings\DecoKit\DecoMainC1x1WinA02.nif
0x00174EEE 0x001159F0 STAT -1 5 -11 20606.166 -41470.094 504.882 0.000000 0.000000 3.141593 1.0000 44 20598.166 -41478.094 504.882 20618.166 -41458.094 760.882 Architecture\Buildings\DecoKit\DecoMainC1x1Cor01.nif
0x00174EED 0x001159F0 STAT -1 5 -11 20606.166 -41470.094 760.882 0.000000 0.000000 3.141593 1.0000 44 20598.166 -41478.094 760.882 20618.166 -41458.094 1016.882 Architecture\Buildings\DecoKit\DecoMainC1x1Cor01.nif
0x00174EEA 0x001159F0 STAT -1 5 -11 22100.590 -40977.711 735.619 0.000000 0.000000 3.141593 1.0000 44 22092.590 -40985.711 735.619 22112.590 -40965.711 991.619 Architecture\Buildings\DecoKit\DecoMainC1x1Cor01.nif
0x00174EE9 0x001159F0 STAT -1 5 -11 22100.590 -40977.711 991.619 0.000000 0.000000 3.141593 1.0000 44 22092.590 -40985.711 991.619 22112.590 -40965.711 1247.619 Architecture\Buildings\DecoKit\DecoMainC1x1Cor01.nif
0x00174EE7 0x00117A84 STAT -1 5 -11 22100.590 -41361.711 735.619 0.000000 0.000000 4.712392 1.0000 4 22100.590 -41489.711 735.619 22108.590 -41233.711 991.619 Architecture\Buildings\DecoKit\DecoMainc1x1Wall01.nif
0x00174EE6 0x00117A84 STAT -1 5 -11 22100.586 -41105.711 735.619 0.000000 0.000000 4.712392 1.0000 4 22100.586 -41233.711 735.619 22108.586 -40977.711 991.619 Architecture\Buildings\DecoKit\DecoMainc1x1Wall01.nif
0x00174EE5 0x00117A84 STAT -1 5 -11 22100.586 -41105.711 991.619 0.000000 0.000000 4.712392 1.0000 4 22100.586 -41233.711 991.619 22108.586 -40977.711 1247.619 Architecture\Buildings\DecoKit\DecoMainc1x1Wall01.nif
0x00174EE4 0x00117A84 STAT -1 5 -11 22100.590 -41361.711 991.619 0.000000 0.000000 4.712392 1.0000 4 22100.590 -41489.711 991.619 22108.590 -41233.711 1247.619 Architecture\Buildings\DecoKit\DecoMainc1x1Wall01.nif
0x00174E7F 0x001159F8 STAT -1 5 -11 21588.586 -41097.711 991.619 0.000000 0.000000 1.570796 1.0000 97 21580.586 -41225.711 991.619 21588.586 -40969.711 1247.619 Architecture\Buildings\DecoKit\DecoMainC1x1WinA01.nif
0x00174E7E 0x001159F8 STAT -1 5 -11 21588.590 -41353.711 991.619 0.000000 0.000000 1.570796 1.0000 97 21580.590 -41481.711 991.619 21588.590 -41225.711 1247.619 Architecture\Buildings\DecoKit\DecoMainC1x1WinA01.nif
0x00174E7D 0x001159F8 STAT -1 5 -11 21588.586 -41097.711 735.619 0.000000 0.000000 1.570796 1.0000 97 21580.586 -41225.711 735.619 21588.586 -40969.711 991.619 Architecture\Buildings\DecoKit\DecoMainC1x1WinA01.nif
0x00174E7C 0x001159F8 STAT -1 5 -11 21588.590 -41353.711 735.619 0.000000 0.000000 1.570796 1.0000 97 21580.590 -41481.711 735.619 21588.590 -41225.711 991.619 Architecture\Buildings\DecoKit\DecoMainC1x1WinA01.nif
0x00174E7B 0x00117C58 STAT -1 5 -11 21716.590 -40977.633 1247.619 0.000000 0.000000 3.141593 1.0000 16 21588.590 -40977.633 1247.619 21844.590 -40969.633 1503.619 Architecture\Buildings\DecoKit\DecoMainC1x1WallPeak01RFull02.nif
0x00174E7A 0x00117C5A STAT -1 5 -11 21972.590 -40977.641 1247.619 0.000000 0.000000 3.141593 1.0000 16 21844.590 -40977.641 1247.619 22100.590 -40969.641 1503.619 Architecture\Buildings\DecoKit\DecoMainC1x1WallPeak01LFull02.nif
0x00174E79 0x000DDB1B STAT -1 5 -11 22100.590 -40977.633 1247.619 0.000000 0.000000 0.000001 1.0000 156 22064.590 -41013.633 1210.869 22152.590 -40925.633 1270.479 Architecture\Buildings\Church\ChurchRoofEdgeAEndCap01.nif
0x00174E78 0x000DDB1B STAT -1 5 -11 21588.590 -40977.633 1247.619 0.000000 0.000000 4.712390 1.0000 156 21536.590 -41013.633 1210.869 21624.590 -40925.633 1270.479 Architecture\Buildings\Church\ChurchRoofEdgeAEndCap01.nif
0x00174E77 0x000DDB1B STAT -1 5 -11 21588.590 -41489.641 1247.619 0.000000 0.000000 3.141593 1.0000 156 21536.590 -41541.641 1210.869 21624.590 -41453.641 1270.479 Architecture\Buildings\Church\ChurchRoofEdgeAEndCap01.nif
0x00174E76 0x000DDB1B STAT -1 5 -11 22100.590 -41489.633 1247.619 0.000000 0.000000 1.570798 1.0000 156 22064.590 -41541.633 1210.869 22152.590 -41453.633 1270.479 Architecture\Buildings\Church\ChurchRoofEdgeAEndCap01.nif
0x00174E75 0x000DD89C STAT -1 5 -11 21844.590 -41537.633 1503.619 0.000000 0.000000 4.712390 1.0000 74 21785.715 -41537.633 1503.206 21903.465 -41485.633 1547.494 Architecture\Buildings\Church\ChurchRoofEdgeA1x1Peak01.nif
0x00174E74 0x000DD885 STAT -1 5 -11 22100.590 -40977.633 1247.619 0.000000 0.000000 4.712390 1.0000 40 21844.590 -40977.633 1247.383 22151.277 -40933.633 1503.619 Architecture\Buildings\Church\ChurchRoofEdgeA1x1Str01.nif
0x00174E73 0x000DD89C STAT -1 5 -11 21844.590 -40977.633 1503.619 0.000000 0.000000 4.712390 1.0000 74 21785.715 -40977.633 1503.206 21903.465 -40925.633 1547.494 Architecture\Buildings\Church\ChurchRoofEdgeA1x1Peak01.nif
0x00174E72 0x000DD88F STAT -1 5 -11 21588.590 -40977.633 1247.619 0.000000 0.000000 4.712390 1.0000 39 21537.902 -40977.633 1247.383 21844.590 -40933.633 1503.619 Architecture\Buildings\Church\ChurchRoofEdgeA1x1Str02.nif
0x00174E71 0x000DD865 STAT -1 5 -11 21844.590 -41105.633 1503.619 0.000000 -0.000000 1.570798 1.0000 79 21800.590 -41233.633 1503.563 21888.590 -40977.633 1535.619 Architecture\Buildings\Church\ChurchRoofCapA1x1Str01.nif
0x00174E70 0x000DD85E STAT -1 5 -11 21588.590 -41105.633 1247.619 0.000000 -0.000000 1.570798 1.0000 58 21540.559 -41233.633 1247.467 21845.090 -40977.633 1503.619 Architecture\Buildings\Church\ChurchRoofA1x1Str01Full01.nif
0x00174E6F 0x000DD85E STAT -1 5 -11 22100.590 -41105.633 1247.619 0.000000 -0.000000 4.712390 1.0000 58 21844.090 -41233.633 1247.467 22148.621 -40977.633 1503.619 Architecture\Buildings\Church\ChurchRoofA1x1Str01Full01.nif
0x00174E6E 0x00117C5A STAT -1 5 -11 21716.590 -41489.711 1247.619 0.000000 0.000000 0.000000 1.0000 16 21588.590 -41497.711 1247.619 21844.590 -41489.711 1503.619 Architecture\Buildings\DecoKit\DecoMainC1x1WallPeak01LFull02.nif
0x00174E6D 0x000DD85E STAT -1 5 -11 21588.590 -41361.633 1247.619 -0.000000 0.000000 1.570798 1.0000 58 21540.559 -41489.633 1247.467 21845.090 -41233.633 1503.619 Architecture\Buildings\Church\ChurchRoofA1x1Str01Full01.nif
0x00174E6C 0x000DD865 STAT -1 5 -11 21844.590 -41361.633 1503.619 -0.000000 0.000000 4.712391 1.0000 79 21800.590 -41489.633 1503.563 21888.590 -41233.633 1535.619 Architecture\Buildings\Church\ChurchRoofCapA1x1Str01.nif
0x00174E6B 0x000DD885 STAT -1 5 -11 21588.590 -41489.641 1247.619 0.000000 0.000000 1.570798 1.0000 40 21537.902 -41533.641 1247.383 21844.590 -41489.641 1503.619 Architecture\Buildings\Church\ChurchRoofEdgeA1x1Str01.nif
0x00174E6A 0x000DD85E STAT -1 5 -11 22100.584 -41361.637 1247.619 -0.000000 0.000000 4.712391 1.0000 58 21844.084 -41489.637 1247.467 22148.615 -41233.637 1503.619 Architecture\Buildings\Church\ChurchRoofA1x1Str01Full01.nif
0x00174E69 0x000DD88F STAT -1 5 -11 22100.590 -41489.633 1247.619 0.000000 0.000000 1.570798 1.0000 39 21844.590 -41533.633 1247.383 22151.277 -41489.633 1503.619 Architecture\Buildings\Church\ChurchRoofEdgeA1x1Str02.nif
0x00174E68 0x001159F8 STAT -1 5 -11 21716.590 -41489.711 991.619 0.000000 0.000000 0.000000 1.0000 97 21588.590 -41497.711 991.619 21844.590 -41489.711 1247.619 Architecture\Buildings\DecoKit\DecoMainC1x1WinA01.nif
0x00174E67 0x000C018A STAT -1 5 -11 22100.590 -40977.711 479.619 0.000000 0.000000 3.141593 1.0000 12 21844.590 -41233.711 479.619 22132.590 -40945.711 735.619 Architecture\Buildings\DecoKit\DecoBaseA1x1Cor01.nif
0x00174E66 0x000C018A STAT -1 5 -11 22100.590 -41489.711 479.619 0.000000 0.000000 4.712389 1.0000 12 21844.590 -41521.711 479.619 22132.590 -41233.711 735.619 Architecture\Buildings\DecoKit\DecoBaseA1x1Cor01.nif
0x00174E65 0x000C018A STAT -1 5 -11 21588.590 -40977.711 479.619 0.000000 0.000000 1.570797 1.0000 12 21556.590 -41233.711 479.619 21844.590 -40945.711 735.619 Architecture\Buildings\DecoKit\DecoBaseA1x1Cor01.nif
0x00174E64 0x000C018A STAT -1 5 -11 21588.590 -41489.711 479.619 0.000000 0.000000 0.000000 1.0000 12 21556.590 -41521.711 479.619 21844.590 -41233.711 735.619 Architecture\Buildings\DecoKit\DecoBaseA1x1Cor01.nif
0x00174E63 0x00117C58 STAT -1 5 -11 21972.590 -41489.711 1247.619 0.000000 0.000000 0.000000 1.0000 16 21844.590 -41497.711 1247.619 22100.590 -41489.711 1503.619 Architecture\Buildings\DecoKit\DecoMainC1x1WallPeak01RFull02.nif
0x00174E62 0x00117C5B STAT -1 5 -11 21972.590 -41489.711 735.619 0.000000 0.000000 0.000000 1.0000 256 21840.590 -41560.773 735.619 22104.590 -41489.711 991.619 Architecture\Buildings\DecoKit\DecoMainC1x1WinBayA02.nif
0x00174E61 0x001159F8 STAT -1 5 -11 21972.590 -41489.711 991.619 0.000000 0.000000 0.000000 1.0000 97 21844.590 -41497.711 991.619 22100.590 -41489.711 1247.619 Architecture\Buildings\DecoKit\DecoMainC1x1WinA01.nif
0x00174E60 0x001159F0 STAT -1 5 -11 22100.590 -40977.711 735.619 0.000000 0.000000 3.141593 1.0000 44 22092.590 -40985.711 735.619 22112.590 -40965.711 991.619 Architecture\Buildings\DecoKit\DecoMainC1x1Cor01.nif
0x00174E5F 0x001159F0 STAT -1 5 -11 22100.590 -40977.711 991.619 0.000000 0.000000 3.141593 1.0000 44 22092.590 -40985.711 991.619 22112.590 -40965.711 1247.619 Architecture\Buildings\DecoKit\DecoMainC1x1Cor01.nif
0x00174E5E 0x001159F0 STAT -1 5 -11 22100.590 -41489.711 735.619 0.000000 0.000000 4.712389 1.0000 44 22092.590 -41501.711 735.619 22112.590 -41481.711 991.619 Architecture\Buildings\DecoKit\DecoMainC1x1Cor01.nif
0x00174E5D 0x001159F0 STAT -1 5 -11 22100.590 -41489.711 991.619 0.000000 0.000000 4.712389 1.0000 44 22092.590 -41501.711 991.619 22112.590 -41481.711 1247.619 Architecture\Buildings\DecoKit\DecoMainC1x1Cor01.nif
0x00174E5C 0x001159F0 STAT -1 5 -11 21588.590 -40977.711 735.619 0.000000 0.000000 1.570796 1.0000 44 21576.590 -40985.711 735.619 21596.590 -40965.711 991.619 Architecture\Buildings\DecoKit\DecoMainC1x1Cor01.nif
0x00174E5B 0x001159F0 STAT -1 5 -11 21588.590 -40977.711 991.619 0.000000 0.000000 1.570796 1.0000 44 21576.590 -40985.711 991.619 21596.590 -40965.711 1247.619 Architecture\Buildings\DecoKit\DecoMainC1x1Cor01.nif
0x00174E5A 0x001159F0 STAT -1 5 -11 21588.590 -41489.711 991.619 0.000000 0.000000 0.000000 1.0000 44 21576.590 -41501.711 991.619 21596.590 -41481.711 1247.619 Architecture\Buildings\DecoKit\DecoMainC1x1Cor01.nif
0x00174E59 0x001159F0 STAT -1 5 -11 21588.590 -41489.711 735.619 0.000000 0.000000 0.000000 1.0000 44 21576.590 -41501.711 735.619 21596.590 -41481.711 991.619 Architecture\Buildings\DecoKit\DecoMainC1x1Cor01.nif
0x00174E58 0x00117BA3 STAT -1 5 -11 21716.590 -41489.711 735.619 0.000000 0.000000 0.000000 1.0000 210 21588.590 -41501.711 735.619 21844.590 -41442.711 991.619 Architecture\Buildings\DecoKit\DecoMainC1x1DoorSingle02.nif
0x00174E56 0x001159F0 STAT 1 5 -11 20525.678 -41562.836 729.845 0.000000 0.000000 6.248376 1.0000 44 20513.545 -41575.105 729.845 20533.951 -41555.121 985.845 Architecture\Buildings\DecoKit\DecoMainC1x1Cor01.nif
0x00174E56 0x001159F0 STAT 2 5 -11 20525.678 -41562.836 985.845 0.000000 0.000000 6.248376 1.0000 44 20513.545 -41575.105 985.845 20533.951 -41555.121 1241.845 Architecture\Buildings\DecoKit\DecoMainC1x1Cor01.nif
0x00174E56 0x001159F0 STAT 3 5 -11 20507.859 -41051.145 985.845 0.000000 0.000000 6.248376 1.0000 44 20495.588 -41059.418 985.845 20515.576 -41039.012 1241.845 Architecture\Buildings\DecoKit\DecoMainC1x1Cor01.nif
0x00174E56 0x001159F0 STAT 4 5 -11 20507.859 -41051.145 729.845 0.000000 0.000000 6.248376 1.0000 44 20495.588 -41059.418 729.845 20515.576 -41039.012 985.845 Architecture\Buildings\DecoKit\DecoMainC1x1Cor01.nif
0x00174E56 0x001159F0 STAT 5 5 -11 21019.549 -41033.328 729.845 0.000000 0.000000 6.248376 1.0000 44 21011.275 -41041.043 729.845 21031.682 -41021.059 985.845 Architecture\Buildings\DecoKit\DecoMainC1x1Cor01.nif
0x00174E56 0x001159F0 STAT 6 5 -11 21019.549 -41033.328 985.845 0.000000 0.000000 6.248376 1.0000 44 21011.275 -41041.043 985.845 21031.682 -41021.059 1241.845 Architecture\Buildings\DecoKit\DecoMainC1x1Cor01.nif
0x00174E56 0x001159F0 STAT 7 5 -11 21037.367 -41545.020 729.845 0.000000 0.000000 6.248376 1.0000 44 21029.650 -41557.152 729.845 21049.639 -41536.746 985.845 Architecture\Buildings\DecoKit\DecoMainC1x1Cor01.nif
0x00174E56 0x001159F0 STAT 8 5 -11 21037.367 -41545.020 985.845 0.000000 0.000000 6.248376 1.0000 44 21029.650 -41557.152 985.845 21049.639 -41536.746 1241.845 Architecture\Buildings\DecoKit\DecoMainC1x1Cor01.nif
0x00174E56 0x000301F2 STAT 9 5 -11 20640.236 -41174.613 1497.845 0.000000 0.000000 6.248376 1.0000 2 20507.859 -41306.992 1497.845 20772.613 -41042.234 1497.845 Architecture\Buildings\DecoKit\DecoRoof1x1Str01.nif
0x00174E56 0x000301F2 STAT 10 5 -11 20649.145 -41430.461 1497.845 0.000000 0.000000 6.248376 1.0000 2 20516.768 -41562.840 1497.845 20781.521 -41298.082 1497.845 Architecture\Buildings\DecoKit\DecoRoof1x1Str01.nif
0x00174E56 0x000301F2 STAT 11 5 -11 20896.082 -41165.703 1497.845 0.000000 0.000000 6.248376 1.0000 2 20763.705 -41298.082 1497.845 21028.459 -41033.324 1497.845 Architecture\Buildings\DecoKit\DecoRoof1x1Str01.nif
0x00174E56 0x000301F2 STAT 12 5 -11 20904.990 -41421.551 1497.845 0.000000 0.000000 6.248376 1.0000 2 20772.613 -41553.930 1497.845 21037.367 -41289.172 1497.845 Architecture\Buildings\DecoKit\DecoRoof1x1Str01.nif
0x00174E56 0x00117BA9 STAT 13 5 -11 20653.600 -41558.383 729.845 0.000000 0.000000 6.248376 1.0000 195 20521.957 -41631.531 729.845 20785.799 -41553.930 985.845 Architecture\Buildings\DecoKit\DecoMainC1x1WinBayA01.nif
0x00174E56 0x00117BA9 STAT 14 5 -11 20653.600 -41558.383 985.845 0.000000 0.000000 6.248376 1.0000 195 20521.957 -41631.531 985.845 20785.799 -41553.930 1241.845 Architecture\Buildings\DecoKit\DecoMainC1x1WinBayA01.nif
0x00174E56 0x00117C38 STAT 15 5 -11 20635.781 -41046.691 1241.845 0.000000 0.000000 6.248376 1.0000 235 20506.537 -41051.145 1209.845 20763.703 -40998.293 1517.845 Architecture\Buildings\DecoKit\DecoMainC1x1RoofWinA01.nif
0x00174E56 0x00117C38 STAT 16 5 -11 20653.600 -41558.383 1241.845 0.000000 0.000000 6.248376 1.0000 235 20525.678 -41606.781 1209.845 20782.844 -41553.930 1517.845 Architecture\Buildings\DecoKit\DecoMainC1x1RoofWinA01.nif
0x00174E56 0x00117C38 STAT 17 5 -11 20909.445 -41549.473 1241.845 0.000000 0.000000 6.248376 1.0000 235 20781.523 -41597.871 1209.845 21038.689 -41545.020 1517.845 Architecture\Buildings\DecoKit\DecoMainC1x1RoofWinA01.nif
0x00174E56 0x00117C38 STAT 18 5 -11 20891.627 -41037.781 1241.845 0.000000 0.000000 6.248376 1.0000 235 20762.383 -41042.234 1209.845 21019.549 -40989.383 1517.845 Architecture\Buildings\DecoKit\DecoMainC1x1RoofWinA01.nif
0x00174E56 0x001159F7 STAT 19 5 -11 20891.627 -41037.781 729.845 0.000000 0.000000 6.248376 1.0000 133 20763.426 -41042.234 729.845 21019.549 -41010.012 985.845 Architecture\Buildings\DecoKit\DecoMainC1x1DoorSingle01.nif
0x00174E56 0x00129C17 STAT 20 5 -11 20909.445 -41549.473 729.845 0.000000 0.000000 6.248376 1.0000 310 20781.551 -41581.910 729.748 21038.342 -41389.941 1033.845 Architecture\Buildings\DecoKit\DecoMainC1x1DoorSingle03.nif
0x00174E56 0x000C018A STAT 21 5 -11 20525.678 -41562.836 473.845 0.000000 0.000000 6.248376 1.0000 12 20484.787 -41595.930 473.845 20782.637 -41306.992 729.845 Architecture\Buildings\DecoKit\DecoBaseA1x1Cor01.nif
0x00174E56 0x000C018A STAT 22 5 -11 20507.859 -41051.145 473.845 0.000000 0.000000 6.248376 1.0000 12 20474.766 -41308.102 473.845 20763.705 -41010.254 729.845 Architecture\Buildings\DecoKit\DecoBaseA1x1Cor01.nif
0x00174E56 0x000C018A STAT 23 5 -11 21019.549 -41033.328 473.845 0.000000 0.000000 6.248376 1.0000 12 20762.590 -41289.172 473.845 21060.439 -41000.234 729.845 Architecture\Buildings\DecoKit\DecoBaseA1x1Cor01.nif
0x00174E56 0x000C018A STAT 24 5 -11 21037.367 -41545.020 473.845 0.000000 0.000000 6.248376 1.0000 12 20781.521 -41585.910 473.845 21070.461 -41288.063 729.845 Architecture\Buildings\DecoKit\DecoBaseA1x1Cor01.nif
0x00174E56 0x00117C37 STAT 25 5 -11 20512.314 -41179.070 1241.845 0.000000 0.000000 6.248376 1.0000 71 20469.883 -41308.316 1209.845 20516.770 -41051.148 1517.845 Architecture\Buildings\DecoKit\DecoMainC1x1RoofWall01.nif
0x00174E56 0x00117C37 STAT 26 5 -11 20521.223 -41434.914 1241.845 0.000000 0.000000 6.248376 1.0000 71 20478.791 -41564.160 1209.845 20525.678 -41306.992 1517.845 Architecture\Buildings\DecoKit\DecoMainC1x1RoofWall01.nif
0x00174E56 0x00117C37 STAT 27 5 -11 21032.912 -41417.094 1241.845 0.000000 0.000000 6.248376 1.0000 71 21028.457 -41545.016 1209.845 21075.344 -41287.848 1517.845 Architecture\Buildings\DecoKit\DecoMainC1x1RoofWall01.nif
0x00174E56 0x00117C37 STAT 28 5 -11 21024.004 -41161.250 1241.845 0.000000 0.000000 6.248376 1.0000 71 21019.549 -41289.172 1209.845 21066.436 -41032.004 1517.845 Architecture\Buildings\DecoKit\DecoMainC1x1RoofWall01.nif
0x00174E56 0x00117BA4 STAT 29 5 -11 20521.223 -41434.914 985.845 0.000000 0.000000 6.248376 1.0000 34 20508.773 -41563.113 985.845 20525.678 -41306.992 1241.845 Architecture\Buildings\DecoKit\DecoMainC1x1WinA02.nif
0x00174E56 0x00117BA4 STAT 30 5 -11 20521.223 -41434.914 729.845 0.000000 0.000000 6.248376 1.0000 34 20508.773 -41563.113 729.845 20525.678 -41306.992 985.845 Architecture\Buildings\DecoKit\DecoMainC1x1WinA02.nif
0x00174E56 0x00117BA4 STAT 31 5 -11 21024.004 -41161.250 729.845 0.000000 0.000000 6.248376 1.0000 34 21019.549 -41289.172 729.845 21036.453 -41033.051 985.845 Architecture\Buildings\DecoKit\DecoMainC1x1WinA02.nif
0x00174E56 0x00117BA4 STAT 32 5 -11 21024.004 -41161.250 985.845 0.000000 0.000000 6.248376 1.0000 34 21019.549 -41289.172 985.845 21036.453 -41033.051 1241.845 Architecture\Buildings\DecoKit\DecoMainC1x1WinA02.nif
0x00174E56 0x001159F8 STAT 33 5 -11 20635.781 -41046.691 729.845 0.000000 0.000000 6.248376 1.0000 97 20507.580 -41051.145 729.845 20763.703 -41034.242 985.845 Architecture\Buildings\DecoKit\DecoMainC1x1WinA01.nif
0x00174E56 0x001159F8 STAT 34 5 -11 20635.781 -41046.691 985.845 0.000000 0.000000 6.248376 1.0000 97 20507.580 -41051.145 985.845 20763.703 -41034.242 1241.845 Architecture\Buildings\DecoKit\DecoMainC1x1WinA01.nif
0x00174E56 0x001159F8 STAT 35 5 -11 20891.627 -41037.781 985.845 0.000000 0.000000 6.248376 1.0000 97 20763.426 -41042.234 985.845 21019.549 -41025.332 1241.845 Architecture\Buildings\DecoKit\DecoMainC1x1WinA01.nif
0x00174E56 0x001159F8 STAT 36 5 -11 20909.445 -41549.473 985.845 0.000000 0.000000 6.248376 1.0000 97 20781.523 -41561.922 985.845 21037.646 -41545.020 1241.845 Architecture\Buildings\DecoKit\DecoMainC1x1WinA01.nif
0x00174E56 0x00117BA7 STAT 37 5 -11 20512.314 -41179.070 985.845 0.000000 0.000000 6.248376 1.0000 34 20499.865 -41307.270 985.845 20516.770 -41051.148 1241.845 Architecture\Buildings\DecoKit\DecoMainC1x1WinA03.nif
0x00174E56 0x00117BA7 STAT 38 5 -11 20512.314 -41179.070 729.845 0.000000 0.000000 6.248376 1.0000 34 20499.865 -41307.270 729.845 20516.770 -41051.148 985.845 Architecture\Buildings\DecoKit\DecoMainC1x1WinA03.nif
0x00174E56 0x00117BA7 STAT 39 5 -11 21032.912 -41417.094 729.845 0.000000 0.000000 6.248376 1.0000 34 21028.457 -41545.016 729.845 21045.361 -41288.895 985.845 Architecture\Buildings\DecoKit\DecoMainC1x1WinA03.nif
0x00174E56 0x00117BA7 STAT 40 5 -11 21032.912 -41417.094 985.845 0.000000 0.000000 6.248376 1.0000 34 21028.457 -41545.016 985.845 21045.361 -41288.895 1241.845 Architecture\Buildings\DecoKit\DecoMainC1x1WinA03.nif
0x00174E56 0x00117C1D STAT 41 5 -11 20507.859 -41051.145 1241.845 0.000000 0.000000 6.248376 1.0000 120 20468.561 -41052.469 1209.845 20507.859 -41013.168 1517.845 Architecture\Buildings\DecoKit\DecoMainC1x1RoofCorCap01.nif
0x00174E56 0x00117C1D STAT 42 5 -11 20525.678 -41562.836 1241.845 0.000000 0.000000 6.248376 1.0000 120 20487.701 -41602.137 1209.845 20527.000 -41562.836 1517.845 Architecture\Buildings\DecoKit\DecoMainC1x1RoofCorCap01.nif
0x00174E56 0x00117C1D STAT 43 5 -11 21037.367 -41545.020 1241.845 0.000000 0.000000 6.248376 1.0000 120 21037.367 -41582.996 1209.845 21076.666 -41543.695 1517.845 Architecture\Buildings\DecoKit\DecoMainC1x1RoofCorCap01.nif
0x00174E56 0x00117C1D STAT 44 5 -11 21019.549 -41033.328 1241.845 0.000000 0.000000 6.248376 1.0000 120 21018.227 -41033.328 1209.845 21057.525 -40994.027 1517.845 Architecture\Buildings\DecoKit\DecoMainC1x1RoofCorCap01.nif
0x00174E56 0x00117C63 STAT 45 5 -11 20635.781 -41046.691 985.845 0.000000 0.000000 6.248376 1.0000 220 20511.006 -41044.328 1049.845 20758.732 -41026.449 1225.220 Architecture\Buildings\DecoKit\DecoMainC1x1WinA01Add01.nif
0x00174E56 0x00117C63 STAT 46 5 -11 20635.781 -41046.691 729.845 0.000000 0.000000 6.248376 1.0000 220 20511.006 -41044.328 793.845 20758.732 -41026.449 969.220 Architecture\Buildings\DecoKit\DecoMainC1x1WinA01Add01.nif
0x00174E56 0x00117C63 STAT 47 5 -11 20891.627 -41037.781 985.845 0.000000 0.000000 6.248376 1.0000 220 20766.852 -41035.418 1049.845 21014.578 -41017.539 1225.220 Architecture\Buildings\DecoKit\DecoMainC1x1WinA01Add01.nif
0x00174E56 0x00117C63 STAT 48 5 -11 20909.445 -41549.473 985.845 0.000000 0.000000 6.248376 1.0000 220 20786.494 -41569.715 1049.845 21034.221 -41551.836 1225.220 Architecture\Buildings\DecoKit\DecoMainC1x1WinA01Add01.nif
0x00174E53 0x00117D37 STAT -1 5 -11 22132.590 -41489.711 671.619 1.240004 -0.000004 0.000001 1.0000 116 22132.590 -41486.512 670.301 22260.590 -41330.301 727.699 SetDressing\FencesGrates\Wood\FenceWoodStr01.nif
0x00174E52 0x001159F8 STAT -1 5 -11 22420.590 -41505.711 943.619 0.000000 0.000000 0.000003 1.0000 97 22292.590 -41513.711 943.619 22548.590 -41505.711 1199.619 Architecture\Buildings\DecoKit\DecoMainC1x1WinA01.nif
0x00174E51 0x001159F8 STAT -1 5 -11 22676.590 -41505.711 943.619 0.000000 0.000000 0.000003 1.0000 97 22548.590 -41513.711 943.619 22804.590 -41505.711 1199.619 Architecture\Buildings\DecoKit\DecoMainC1x1WinA01.nif
0x00174E50 0x001159F8 STAT -1 5 -11 22932.590 -41505.711 943.619 0.000000 0.000000 0.000003 1.0000 97 22804.590 -41513.711 943.619 23060.590 -41505.711 1199.619 Architecture\Buildings\DecoKit\DecoMainC1x1WinA01.nif
0x00174E4E 0x000BFEA0 STAT -1 5 -11 23188.592 -40977.715 431.619 0.000000 0.000000 3.141596 1.0000 8 23060.592 -40977.715 431.619 23316.592 -40945.715 687.619 Architecture\Buildings\DecoKit\DecoBaseA1x1Wall01.nif
0x00174E4D 0x000C018A STAT -1 5 -11 23572.592 -40977.715 431.619 0.000000 0.000000 3.141596 1.0000 12 23316.592 -41233.715 431.619 23604.592 -40945.715 687.619 Architecture\Buildings\DecoKit\DecoBaseA1x1Cor01.nif
0x00174E4C 0x000BFEA0 STAT -1 5 -11 22932.592 -40977.711 431.619 0.000000 0.000000 3.141596 1.0000 8 22804.592 -40977.711 431.619 23060.592 -40945.711 687.619 Architecture\Buildings\DecoKit\DecoBaseA1x1Wall01.nif
0x00174E4B 0x000BFEA0 STAT -1 5 -11 22676.592 -40977.711 431.619 0.000000 0.000000 3.141596 1.0000 8 22548.592 -40977.711 431.619 22804.592 -40945.711 687.619 Architecture\Buildings\DecoKit\DecoBaseA1x1Wall01.nif
0x00174E4A 0x000C018A STAT -1 5 -11 22292.592 -40977.711 431.619 0.000000 0.000000 1.570799 1.0000 12 22260.592 -41233.711 431.619 22548.592 -40945.711 687.619 Architecture\Buildings\DecoKit\DecoBaseA1x1Cor01.nif
0x00174E49 0x000C017F STAT -1 5 -11 22292.592 -40977.711 943.619 0.000000 0.000000 1.570800 1.0000 16 22268.592 -40977.711 943.619 22292.592 -40953.711 1199.619 Architecture\Buildings\DecoKit\DecoLobbyC1x1Cor01.nif
0x00174E48 0x000C017F STAT -1 5 -11 22292.592 -40977.711 687.619 0.000000 0.000000 1.570800 1.0000 16 22268.592 -40977.711 687.619 22292.592 -40953.711 943.619 Architecture\Buildings\DecoKit\DecoLobbyC1x1Cor01.nif
0x00174E47 0x00117A84 STAT -1 5 -11 22420.592 -40961.711 687.619 0.000000 0.000000 3.141597 1.0000 4 22292.592 -40961.711 687.619 22548.592 -40953.711 943.619 Architecture\Buildings\DecoKit\DecoMainc1x1Wall01.nif
0x00174E46 0x00117A84 STAT -1 5 -11 22676.592 -40961.711 687.619 0.000000 0.000000 3.141597 1.0000 4 22548.592 -40961.711 687.619 22804.592 -40953.711 943.619 Architecture\Buildings\DecoKit\DecoMainc1x1Wall01.nif
0x00174E45 0x00117A84 STAT -1 5 -11 22932.592 -40961.711 687.619 0.000000 0.000000 3.141597 1.0000 4 22804.592 -40961.711 687.619 23060.592 -40953.711 943.619 Architecture\Buildings\DecoKit\DecoMainc1x1Wall01.nif
0x00174E44 0x00117A84 STAT -1 5 -11 23188.592 -40961.715 687.619 0.000000 0.000000 3.141597 1.0000 4 23060.592 -40961.715 687.619 23316.592 -40953.715 943.619 Architecture\Buildings\DecoKit\DecoMainc1x1Wall01.nif
0x00174E43 0x00117A84 STAT -1 5 -11 23444.592 -40961.715 687.619 0.000000 0.000000 3.141597 1.0000 4 23316.592 -40961.715 687.619 23572.592 -40953.715 943.619 Architecture\Buildings\DecoKit\DecoMainc1x1Wall01.nif
0x00174E42 0x000C017F STAT -1 5 -11 22292.590 -41489.711 687.619 0.000000 0.000000 0.000003 1.0000 16 22268.590 -41513.711 687.619 22292.590 -41489.711 943.619 Architecture\Buildings\DecoKit\DecoLobbyC1x1Cor01.nif
0x00174E41 0x000C017F STAT -1 5 -11 22292.590 -41489.711 943.619 0.000000 0.000000 0.000003 1.0000 16 22268.590 -41513.711 943.619 22292.590 -41489.711 1199.619 Architecture\Buildings\DecoKit\DecoLobbyC1x1Cor01.nif
0x00174E40 0x00117A84 STAT -1 5 -11 23444.592 -40961.715 943.619 0.000000 0.000000 3.141597 1.0000 4 23316.592 -40961.715 943.619 23572.592 -40953.715 1199.619 Architecture\Buildings\DecoKit\DecoMainc1x1Wall01.nif
0x00174E3F 0x00117A84 STAT -1 5 -11 22932.592 -40961.711 943.619 0.000000 0.000000 3.141597 1.0000 4 22804.592 -40961.711 943.619 23060.592 -40953.711 1199.619 Architecture\Buildings\DecoKit\DecoMainc1x1Wall01.nif
0x00174E3E 0x00117A84 STAT -1 5 -11 23188.592 -40961.715 943.619 0.000000 0.000000 3.141597 1.0000 4 23060.592 -40961.715 943.619 23316.592 -40953.715 1199.619 Architecture\Buildings\DecoKit\DecoMainc1x1Wall01.nif
0x00174E3D 0x00117A84 STAT -1 5 -11 22420.592 -40961.711 943.619 0.000000 0.000000 3.141597 1.0000 4 22292.592 -40961.711 943.619 22548.592 -40953.711 1199.619 Architecture\Buildings\DecoKit\DecoMainc1x1Wall01.nif
0x00174E3C 0x00117A84 STAT -1 5 -11 22676.592 -40961.711 943.619 0.000000 0.000000 3.141597 1.0000 4 22548.592 -40961.711 943.619 22804.592 -40953.711 1199.619 Architecture\Buildings\DecoKit\DecoMainc1x1Wall01.nif
0x00174E3B 0x00031853 STAT -1 5 -11 22292.592 -41105.711 687.619 0.000000 0.000000 1.570800 1.0000 2 22276.592 -41233.711 687.619 22276.592 -40977.711 943.619 Architecture\Buildings\DecoKit\DecoMainA1x1Wall01.nif
0x00174E3A 0x00031853 STAT -1 5 -11 22292.590 -41361.711 687.619 0.000000 0.000000 1.570800 1.0000 2 22276.590 -41489.711 687.619 22276.590 -41233.711 943.619 Architecture\Buildings\DecoKit\DecoMainA1x1Wall01.nif
0x00174E39 0x00117A84 STAT -1 5 -11 22284.590 -41105.707 943.619 0.000000 0.000000 1.570799 1.0000 4 22276.590 -41233.707 943.619 22284.590 -40977.707 1199.619 Architecture\Buildings\DecoKit\DecoMainc1x1Wall01.nif
0x00174E38 0x00117A84 STAT -1 5 -11 22284.590 -41361.707 943.619 0.000000 0.000000 1.570799 1.0000 4 22276.590 -41489.707 943.619 22284.590 -41233.707 1199.619 Architecture\Buildings\DecoKit\DecoMainc1x1Wall01.nif
0x00174E37 0x00117A84 STAT -1 5 -11 22420.590 -41505.711 687.619 0.000000 0.000000 0.000003 1.0000 4 22292.590 -41513.711 687.619 22548.590 -41505.711 943.619 Architecture\Buildings\DecoKit\DecoMainc1x1Wall01.nif
0x00174E36 0x000C018A STAT -1 5 -11 22292.590 -41489.707 431.619 0.000000 0.000000 0.000003 1.0000 12 22260.590 -41521.707 431.619 22548.590 -41233.707 687.619 Architecture\Buildings\DecoKit\DecoBaseA1x1Cor01.nif
0x00174E35 0x000BFEA0 STAT -1 5 -11 22676.590 -41489.707 431.619 0.000000 0.000000 0.000003 1.0000 8 22548.590 -41521.707 431.619 22804.590 -41489.707 687.619 Architecture\Buildings\DecoKit\DecoBaseA1x1Wall01.nif
0x00174E34 0x000BFEA0 STAT -1 5 -11 22932.590 -41489.711 431.619 0.000000 0.000000 0.000003 1.0000 8 22804.590 -41521.711 431.619 23060.590 -41489.711 687.619 Architecture\Buildings\DecoKit\DecoBaseA1x1Wall01.nif
0x00174E33 0x000BFEA0 STAT -1 5 -11 23188.590 -41489.711 431.619 0.000000 0.000000 0.000003 1.0000 8 23060.590 -41521.711 431.619 23316.590 -41489.711 687.619 Architecture\Buildings\DecoKit\DecoBaseA1x1Wall01.nif
0x00174E32 0x000C018A STAT -1 5 -11 23572.590 -41489.711 431.619 0.000000 0.000000 4.712391 1.0000 12 23316.590 -41521.711 431.619 23604.590 -41233.711 687.619 Architecture\Buildings\DecoKit\DecoBaseA1x1Cor01.nif
0x00174E31 0x0007C60E STAT -1 5 -11 23444.590 -41361.711 687.619 0.000000 0.000000 4.712391 1.0000 246 23548.590 -41489.711 687.619 23596.590 -41233.711 943.619 Architecture\Buildings\DecoKit\DecoLobbyC1x1WinB01Full03.nif
0x00174E30 0x000C017F STAT -1 5 -11 23572.592 -40977.715 687.619 0.000000 0.000000 3.141596 1.0000 16 23572.592 -40977.715 687.619 23596.592 -40953.715 943.619 Architecture\Buildings\DecoKit\DecoLobbyC1x1Cor01.nif
0x00174E2F 0x000C017F STAT -1 5 -11 23572.592 -40977.715 943.619 0.000000 0.000000 3.141596 1.0000 16 23572.592 -40977.715 943.619 23596.592 -40953.715 1199.619 Architecture\Buildings\DecoKit\DecoLobbyC1x1Cor01.nif
0x00174E2E 0x00117A85 STAT -1 5 -11 22420.590 -41505.707 687.619 0.000000 0.000000 0.000003 1.0000 12 22292.590 -41513.707 687.619 22548.590 -41505.707 943.619 Architecture\Buildings\DecoKit\DecoMainC1x1Wall01Full01.nif
0x00174E2D 0x00117A84 STAT -1 5 -11 22676.590 -41505.711 687.619 0.000000 0.000000 0.000003 1.0000 4 22548.590 -41513.711 687.619 22804.590 -41505.711 943.619 Architecture\Buildings\DecoKit\DecoMainc1x1Wall01.nif
0x00174E2C 0x001159F7 STAT -1 5 -11 22932.590 -41505.711 687.619 0.000000 0.000000 0.000003 1.0000 133 22804.590 -41530.695 687.619 23060.590 -41505.711 943.619 Architecture\Buildings\DecoKit\DecoMainC1x1DoorSingle01.nif
0x00174E2B 0x00115996 STAT -1 5 -11 23357.793 -41514.508 825.106 0.000000 0.000000 0.000000 0.8400 2 23149.053 -41514.719 731.971 23566.533 -41514.719 940.711 SetDressing\Signage\BillboardSmSign02.nif
0x00174E2A 0x00117A84 STAT -1 5 -11 23444.590 -41505.711 687.619 0.000000 0.000000 0.000003 1.0000 4 23316.590 -41513.711 687.619 23572.590 -41505.711 943.619 Architecture\Buildings\DecoKit\DecoMainc1x1Wall01.nif
0x00174E29 0x00117A84 STAT -1 5 -11 23188.590 -41505.711 687.619 0.000000 0.000000 0.000003 1.0000 4 23060.590 -41513.711 687.619 23316.590 -41505.711 943.619 Architecture\Buildings\DecoKit\DecoMainc1x1Wall01.nif
0x00174E28 0x00117A84 STAT -1 5 -11 23188.590 -41505.711 943.619 0.000000 0.000000 0.000003 1.0000 4 23060.590 -41513.711 943.619 23316.590 -41505.711 1199.619 Architecture\Buildings\DecoKit\DecoMainc1x1Wall01.nif
0x00174E27 0x001159F8 STAT -1 5 -11 23444.590 -41505.715 943.619 0.000000 0.000000 0.000003 1.0000 97 23316.590 -41513.715 943.619 23572.590 -41505.715 1199.619 Architecture\Buildings\DecoKit\DecoMainC1x1WinA01.nif
0x00174E26 0x000C017F STAT -1 5 -11 23572.590 -41489.711 687.619 0.000000 0.000000 4.712391 1.0000 16 23572.590 -41513.711 687.619 23596.590 -41489.711 943.619 Architecture\Buildings\DecoKit\DecoLobbyC1x1Cor01.nif
0x00174E25 0x000C017F STAT -1 5 -11 23572.590 -41489.711 943.619 0.000000 0.000000 4.712391 1.0000 16 23572.590 -41513.711 943.619 23596.590 -41489.711 1199.619 Architecture\Buildings\DecoKit\DecoLobbyC1x1Cor01.nif
0x00174E24 0x00117BA7 STAT -1 5 -11 23588.590 -41105.711 943.619 0.000000 0.000000 4.712391 1.0000 34 23588.590 -41233.711 943.619 23596.590 -40977.711 1199.619 Architecture\Buildings\DecoKit\DecoMainC1x1WinA03.nif
0x00174E23 0x00117BA4 STAT -1 5 -11 23588.590 -41361.711 943.619 0.000000 0.000000 4.712391 1.0000 34 23588.590 -41489.711 943.619 23596.590 -41233.711 1199.619 Architecture\Buildings\DecoKit\DecoMainC1x1WinA02.nif
0x00174E22 0x0003468B STAT -1 5 -11 23572.592 -40977.711 975.619 0.000000 0.000000 3.141595 1.0000 58 23316.592 -41233.711 1199.619 23620.592 -40929.711 1232.619 Architecture\Buildings\DecoKit\DecoRoofATrimA1x1Cor02.nif
0x00174E21 0x00034697 STAT -1 5 -11 22676.592 -40977.711 975.619 0.000000 0.000000 3.141595 1.0000 38 22548.592 -40977.711 1199.619 22804.592 -40929.711 1232.619 Architecture\Buildings\DecoKit\DecoRoofATrimA1x1Str01.nif
0x00174E20 0x00034697 STAT -1 5 -11 22932.592 -40977.711 975.619 0.000000 0.000000 3.141595 1.0000 38 22804.592 -40977.711 1199.619 23060.592 -40929.711 1232.619 Architecture\Buildings\DecoKit\DecoRoofATrimA1x1Str01.nif
0x00174E1F 0x00034697 STAT -1 5 -11 23188.592 -40977.711 975.619 0.000000 0.000000 3.141595 1.0000 38 23060.592 -40977.711 1199.619 23316.592 -40929.711 1232.619 Architecture\Buildings\DecoKit\DecoRoofATrimA1x1Str01.nif
0x0016CA88 0x0003468B STAT -1 5 -11 22292.592 -40977.711 975.619 0.000000 0.000000 1.570798 1.0000 58 22244.592 -41233.711 1199.619 22548.592 -40929.711 1232.619 Architecture\Buildings\DecoKit\DecoRoofATrimA1x1Cor02.nif
0x00171EA1 0x0001F48B STAT -1 5 -11 23367.975 -44893.703 500.924 0.062411 -0.062298 0.729204 1.0000 80 23338.980 -44923.559 499.336 23387.578 -44874.531 510.576 SetDressing\Rubble\SWChunk04.nif
0x00171EA0 0x0001F184 STAT -1 5 -11 23408.713 -44807.313 497.413 0.062411 -0.062298 4.712389 1.0000 75 23390.811 -44823.668 495.973 23427.113 -44790.496 506.969 SetDressing\Rubble\SWChunk02.nif
0x00171E09 0x00030E52 STAT -1 5 -11 21604.916 -44615.359 733.448 0.000000 0.000000 0.043390 1.0000 220 21413.098 -44623.688 733.448 21800.205 -44527.105 938.948 Architecture\Buildings\SmallTown\BldgSidingAddUppr1x1LrgRoof01.nif
0x00171E07 0x00117BA9 STAT -1 5 -11 21412.721 -44742.703 710.967 0.000000 0.000000 1.614186 1.0000 195 21338.686 -44874.230 710.967 21418.273 -44610.480 966.967 Architecture\Buildings\DecoKit\DecoMainC1x1WinBayA01.nif
0x00171E06 0x00030E35 STAT -1 5 -11 21604.916 -44615.359 477.448 0.000000 0.000000 0.043389 1.0000 60 21413.098 -44623.688 237.448 21798.123 -44575.063 733.448 Architecture\Buildings\SmallTown\BldgSidingAddGrnd1x1MedWin01.nif
0x00171E01 0x00031853 STAT -1 5 -11 22348.434 -44494.957 525.448 0.000000 0.000000 3.708581 1.0000 2 22249.057 -44550.207 525.448 22464.998 -44412.711 781.448 Architecture\Buildings\DecoKit\DecoMainA1x1Wall01.nif
0x00171E00 0x00050C07 STAT -1 5 -11 22348.434 -44494.957 1037.448 0.000000 0.000000 3.708581 1.0000 64 22249.057 -44550.207 1037.448 22464.998 -44412.711 1293.448 Architecture\Buildings\DecoKit\DecoMainA1x1Wall01Vent01.nif
0x00171DFE 0x000C0183 STAT -1 5 -11 22240.467 -44426.234 1029.448 0.000000 0.000000 2.137785 1.0000 82 22065.855 -44642.176 1285.448 22480.041 -44365.488 1335.448 Architecture\Buildings\DecoKit\DecoLobbyCTrim1x1Cor02.nif
0x00171DFD 0x000C0183 STAT -1 5 -11 21965.475 -44858.117 1029.448 0.000000 0.000000 0.566989 1.0000 82 21904.727 -45032.727 1285.448 22181.416 -44618.543 1335.448 Architecture\Buildings\DecoKit\DecoLobbyCTrim1x1Cor02.nif
0x00171DF5 0x000301F2 STAT -1 5 -11 22279.686 -44602.930 1317.448 0.000000 0.000000 5.279377 1.0000 2 22102.967 -44779.648 1317.448 22456.404 -44426.211 1317.448 Architecture\Buildings\DecoKit\DecoRoof1x1Str01.nif
0x00171DF4 0x000301F2 STAT -1 5 -11 22142.191 -44818.875 1317.448 0.000000 0.000000 5.279377 1.0000 2 21965.473 -44995.594 1317.448 22318.910 -44642.156 1317.448 Architecture\Buildings\DecoKit\DecoRoof1x1Str01.nif
0x00171DF3 0x00030151 STAT -1 5 -11 22358.131 -44956.367 1317.448 0.000000 0.000000 5.279377 1.0000 8 22181.412 -45084.316 1317.448 22534.850 -44779.648 1317.448 Architecture\Buildings\DecoKit\DecoRoof1x1Cor01.nif
0x00171DF2 0x000318E2 STAT -1 5 -11 22564.373 -44632.449 781.448 0.000000 0.000000 3.708581 1.0000 4 22463.941 -44687.699 781.448 22680.938 -44549.535 1037.448 Architecture\Buildings\DecoKit\DecoMainA1x1Win03.nif
0x00171DF1 0x000318E2 STAT -1 5 -11 22564.373 -44632.449 525.448 0.000000 0.000000 3.708581 1.0000 4 22463.941 -44687.699 525.448 22680.938 -44549.535 781.448 Architecture\Buildings\DecoKit\DecoMainA1x1Win03.nif
0x00171DF0 0x00031855 STAT -1 5 -11 22672.346 -44701.203 525.448 0.000000 0.000000 3.708582 1.0000 24 22667.443 -44723.293 525.448 22697.811 -44677.887 781.448 Architecture\Buildings\DecoKit\DecoMainA1x1Cor02.nif
0x00171DEE 0x00117BA9 STAT -1 5 -11 22541.545 -44921.266 525.448 0.000000 0.000000 5.279377 1.0000 195 22472.797 -45036.906 525.448 22639.117 -44813.293 781.448 Architecture\Buildings\DecoKit\DecoMainC1x1WinBayA01.nif
0x00171DED 0x00117BA9 STAT -1 5 -11 22541.545 -44921.266 781.448 0.000000 0.000000 5.279377 1.0000 195 22472.797 -45036.906 781.448 22639.117 -44813.293 1037.448 Architecture\Buildings\DecoKit\DecoMainC1x1WinBayA01.nif
0x00171DEC 0x000C0183 STAT -1 5 -11 22672.346 -44701.203 1029.448 0.000000 0.000000 3.708581 1.0000 82 22456.404 -44940.777 1285.448 22733.094 -44526.594 1335.448 Architecture\Buildings\DecoKit\DecoLobbyCTrim1x1Cor02.nif
0x00171DEB 0x000C018A STAT -1 5 -11 22672.299 -44701.047 269.448 0.000000 0.000000 3.708581 1.0000 12 22456.357 -44934.176 269.448 22716.479 -44536.559 525.448 Architecture\Buildings\DecoKit\DecoBaseA1x1Cor01.nif
0x00171DEA 0x000301F2 STAT -1 5 -11 22495.627 -44740.426 1317.448 0.000000 0.000000 5.279377 1.0000 2 22318.908 -44917.145 1317.448 22672.346 -44563.707 1317.448 Architecture\Buildings\DecoKit\DecoRoof1x1Str01.nif
0x00171DAE 0x00030E4E STAT -1 5 -11 23689.938 -44858.398 487.435 0.000000 0.000000 4.774046 1.0000 339 23630.197 -45051.020 247.435 23717.738 -44663.805 743.435 Architecture\Buildings\SmallTown\BldgSidingAddGrnd1x1LrgDoor01.nif
0x00171DA7 0x0004A075 STAT 1 5 -11 24466.758 -41980.852 562.008 0.000000 0.000000 4.568587 0.4256 179 24444.717 -42044.000 555.110 24678.473 -41877.152 1324.849 Landscape\Trees\TreeMapleForest3.nif
0x00171DA7 0x0004A075 STAT 2 5 -11 24350.402 -41981.344 542.143 0.000000 0.000000 4.568587 0.4928 179 24271.740 -42250.586 532.478 24491.730 -41957.441 1413.304 Landscape\Trees\TreeMapleForest3.nif
0x00171DA7 0x0004A076 STAT 3 5 -11 24532.529 -41953.508 661.389 0.000000 0.000000 4.568587 0.3808 167 24519.930 -42095.121 653.140 24715.740 -41928.324 1227.167 Landscape\Trees\TreeMapleForest4.nif
0x00171DA7 0x0004A076 STAT 4 5 -11 24356.740 -42008.148 596.700 0.000000 0.000000 4.568587 0.3808 167 24330.277 -42023.027 589.816 24510.502 -41888.457 1169.487 Landscape\Trees\TreeMapleForest4.nif
0x00171DA7 0x0004A071 STAT 5 5 -11 24539.521 -41950.133 573.232 0.000000 0.000000 4.568587 0.4200 114 24460.635 -42080.922 568.466 24589.564 -41940.266 1103.243 Landscape\Trees\TreeMapleForest5.nif
0x00171DA7 0x0004A072 STAT 6 5 -11 24448.682 -41966.000 597.594 0.000000 0.000000 4.568587 0.5264 124 24437.164 -42076.477 591.743 24517.939 -41948.789 1241.456 Landscape\Trees\TreeMapleForest6.nif
0x00171DA6 0x00022B48 STAT -1 5 -11 24277.566 -44018.484 656.281 0.000000 0.000000 3.792394 0.8900 1522 23895.695 -44325.934 442.682 24413.518 -43844.965 1155.572 Architecture\Buildings\SmallTown\Bld03AddPorchSidingA01.nif
0x00171DA4 0x001159F0 STAT 1 5 -11 23018.414 -44105.145 775.355 0.000000 0.000000 5.293186 1.0000 44 23016.115 -44116.223 775.355 23032.836 -44092.918 1031.354 Architecture\Buildings\DecoKit\DecoMainC1x1Cor01.nif
0x00171DA4 0x001159F0 STAT 2 5 -11 23018.414 -44105.145 519.355 0.000000 0.000000 5.293186 1.0000 44 23016.115 -44116.223 519.355 23032.836 -44092.918 775.355 Architecture\Buildings\DecoKit\DecoMainC1x1Cor01.nif
0x00171DA4 0x001159F0 STAT 3 5 -11 22590.367 -43824.215 775.355 0.000000 0.000000 5.293186 1.0000 44 22578.141 -43826.512 775.355 22601.445 -43809.793 1031.354 Architecture\Buildings\DecoKit\DecoMainC1x1Cor01.nif
0x00171DA4 0x001159F0 STAT 4 5 -11 22590.367 -43824.215 519.355 0.000000 0.000000 5.293186 1.0000 44 22578.141 -43826.512 519.355 22601.445 -43809.793 775.355 Architecture\Buildings\DecoKit\DecoMainC1x1Cor01.nif
0x00171DA4 0x001159F0 STAT 5 5 -11 22737.484 -44533.191 519.355 0.000000 0.000000 5.293186 1.0000 44 22726.406 -44547.613 519.355 22749.711 -44530.895 775.355 Architecture\Buildings\DecoKit\DecoMainC1x1Cor01.nif
0x00171DA4 0x001159F0 STAT 6 5 -11 22737.484 -44533.191 775.355 0.000000 0.000000 5.293186 1.0000 44 22726.406 -44547.613 775.355 22749.711 -44530.895 1031.354 Architecture\Buildings\DecoKit\DecoMainC1x1Cor01.nif
0x00171DA4 0x001159F0 STAT 7 5 -11 22309.438 -44252.262 775.355 0.000000 0.000000 5.293186 1.0000 44 22295.016 -44264.488 775.355 22311.736 -44241.184 1031.354 Architecture\Buildings\DecoKit\DecoMainC1x1Cor01.nif
0x00171DA4 0x001159F0 STAT 8 5 -11 22309.438 -44252.262 519.355 0.000000 0.000000 5.293186 1.0000 44 22295.016 -44264.488 519.355 22311.736 -44241.184 775.355 Architecture\Buildings\DecoKit\DecoMainC1x1Cor01.nif
0x00171DA4 0x000301F2 STAT 9 5 -11 22841.170 -44141.926 1063.354 0.000000 0.000000 5.293186 1.0000 2 22663.926 -44319.168 1063.354 23018.414 -43964.684 1063.354 Architecture\Buildings\DecoKit\DecoRoof1x1Str01.nif
0x00171DA4 0x000301F2 STAT 10 5 -11 22627.146 -44001.461 1063.354 0.000000 0.000000 5.293186 1.0000 2 22449.902 -44178.703 1063.354 22804.391 -43824.219 1063.354 Architecture\Buildings\DecoKit\DecoRoof1x1Str01.nif
0x00171DA4 0x000301F2 STAT 11 5 -11 22486.682 -44215.480 1063.354 0.000000 0.000000 5.293186 1.0000 2 22309.438 -44392.723 1063.354 22663.926 -44038.238 1063.354 Architecture\Buildings\DecoKit\DecoRoof1x1Str01.nif
0x00171DA4 0x000301F2 STAT 12 5 -11 22700.705 -44355.945 1063.354 0.000000 0.000000 5.293186 1.0000 2 22523.461 -44533.188 1063.354 22877.949 -44178.703 1063.354 Architecture\Buildings\DecoKit\DecoRoof1x1Str01.nif
0x00171DA4 0x00117C5B STAT 13 5 -11 22807.717 -44426.180 775.355 0.000000 0.000000 5.293186 1.0000 256 22737.484 -44540.926 775.355 22905.570 -44319.168 1031.354 Architecture\Buildings\DecoKit\DecoMainC1x1WinBayA02.nif
0x00171DA4 0x001159F7 STAT 14 5 -11 22520.135 -43931.227 519.355 0.000000 0.000000 5.293186 1.0000 133 22443.215 -44038.238 519.355 22590.367 -43819.824 775.355 Architecture\Buildings\DecoKit\DecoMainC1x1DoorSingle01.nif
0x00171DA4 0x00129C17 STAT 15 5 -11 22948.182 -44212.156 519.355 0.000000 0.000000 5.293186 1.0000 310 22760.697 -44334.531 519.258 23041.822 -44039.457 823.355 Architecture\Buildings\DecoKit\DecoMainC1x1DoorSingle03.nif
0x00171DA4 0x000C018A STAT 16 5 -11 23018.414 -44105.145 263.355 0.000000 0.000000 5.293186 1.0000 12 22804.391 -44336.727 263.355 23062.725 -43937.926 519.355 Architecture\Buildings\DecoKit\DecoBaseA1x1Cor01.nif
0x00171DA4 0x000C018A STAT 17 5 -11 22590.367 -43824.215 263.355 0.000000 0.000000 5.293186 1.0000 12 22423.150 -44038.238 263.355 22821.947 -43779.902 519.355 Architecture\Buildings\DecoKit\DecoBaseA1x1Cor01.nif
0x00171DA4 0x000C018A STAT 18 5 -11 22737.484 -44533.191 263.355 0.000000 0.000000 5.293186 1.0000 12 22505.904 -44577.504 263.355 22904.701 -44319.168 519.355 Architecture\Buildings\DecoKit\DecoBaseA1x1Cor01.nif
0x00171DA4 0x000C018A STAT 19 5 -11 22309.438 -44252.262 263.355 0.000000 0.000000 5.293186 1.0000 12 22265.127 -44419.480 263.355 22523.461 -44020.680 519.355 Architecture\Buildings\DecoKit\DecoBaseA1x1Cor01.nif
0x00171DA4 0x00117BA4 STAT 20 5 -11 22697.379 -43894.449 775.355 0.000000 0.000000 5.293186 1.0000 34 22590.367 -43964.680 775.355 22808.779 -43817.527 1031.354 Architecture\Buildings\DecoKit\DecoMainC1x1WinA02.nif
0x00171DA4 0x00117BA4 STAT 21 5 -11 22697.379 -43894.449 519.355 0.000000 0.000000 5.293186 1.0000 34 22590.367 -43964.680 519.355 22808.779 -43817.527 775.355 Architecture\Buildings\DecoKit\DecoMainC1x1WinA02.nif
0x00171DA4 0x00117BA4 STAT 22 5 -11 22630.473 -44462.957 775.355 0.000000 0.000000 5.293186 1.0000 34 22519.072 -44539.879 775.355 22737.484 -44392.723 1031.354 Architecture\Buildings\DecoKit\DecoMainC1x1WinA02.nif
0x00171DA4 0x00117BA4 STAT 23 5 -11 22630.473 -44462.957 519.355 0.000000 0.000000 5.293186 1.0000 34 22519.072 -44539.879 519.355 22737.484 -44392.723 775.355 Architecture\Buildings\DecoKit\DecoMainC1x1WinA02.nif
0x00171DA4 0x001159F8 STAT 24 5 -11 22948.182 -44212.156 775.355 0.000000 0.000000 5.293186 1.0000 97 22877.949 -44323.559 775.355 23025.102 -44105.145 1031.354 Architecture\Buildings\DecoKit\DecoMainC1x1WinA01.nif
0x00171DA4 0x001159F8 STAT 25 5 -11 22520.135 -43931.227 775.355 0.000000 0.000000 5.293186 1.0000 97 22443.215 -44038.238 775.355 22590.367 -43819.824 1031.354 Architecture\Buildings\DecoKit\DecoMainC1x1WinA01.nif
0x00171DA4 0x001159F8 STAT 26 5 -11 22807.717 -44426.180 519.355 0.000000 0.000000 5.293186 1.0000 97 22737.484 -44537.582 519.355 22884.637 -44319.168 775.355 Architecture\Buildings\DecoKit\DecoMainC1x1WinA01.nif
0x00171DA4 0x001159F8 STAT 27 5 -11 22379.670 -44145.250 519.355 0.000000 0.000000 5.293186 1.0000 97 22302.750 -44252.262 519.355 22449.902 -44033.848 775.355 Architecture\Buildings\DecoKit\DecoMainC1x1WinA01.nif
0x00171DA4 0x001159F8 STAT 28 5 -11 22379.670 -44145.250 775.355 0.000000 0.000000 5.293186 1.0000 97 22302.750 -44252.262 775.355 22449.902 -44033.848 1031.354 Architecture\Buildings\DecoKit\DecoMainC1x1WinA01.nif
0x00171DA4 0x00117BA7 STAT 29 5 -11 22911.402 -44034.914 775.355 0.000000 0.000000 5.293186 1.0000 34 22804.391 -44105.145 775.355 23022.803 -43957.992 1031.354 Architecture\Buildings\DecoKit\DecoMainC1x1WinA03.nif
0x00171DA4 0x00117BA7 STAT 30 5 -11 22911.402 -44034.914 519.355 0.000000 0.000000 5.293186 1.0000 34 22804.391 -44105.145 519.355 23022.803 -43957.992 775.355 Architecture\Buildings\DecoKit\DecoMainC1x1WinA03.nif
0x00171DA4 0x00117BA7 STAT 31 5 -11 22416.449 -44322.492 775.355 0.000000 0.000000 5.293186 1.0000 34 22305.049 -44399.414 775.355 22523.461 -44252.258 1031.354 Architecture\Buildings\DecoKit\DecoMainC1x1WinA03.nif
0x00171DA4 0x00117BA7 STAT 32 5 -11 22416.449 -44322.492 519.355 0.000000 0.000000 5.293186 1.0000 34 22305.049 -44399.414 519.355 22523.461 -44252.258 775.355 Architecture\Buildings\DecoKit\DecoMainC1x1WinA03.nif
0x00171DA4 0x000C0183 STAT 33 5 -11 23018.414 -44105.145 775.355 0.000000 0.000000 5.293186 1.0000 82 22804.391 -44343.309 1031.354 23079.342 -43927.895 1081.354 Architecture\Buildings\DecoKit\DecoLobbyCTrim1x1Cor02.nif
0x00171DA4 0x000C0183 STAT 34 5 -11 22590.367 -43824.215 775.355 0.000000 0.000000 5.293186 1.0000 82 22413.117 -44038.238 1031.354 22828.531 -43763.289 1081.354 Architecture\Buildings\DecoKit\DecoLobbyCTrim1x1Cor02.nif
0x00171DA4 0x000C0183 STAT 35 5 -11 22737.484 -44533.191 775.355 0.000000 0.000000 5.293186 1.0000 82 22499.320 -44594.117 1031.354 22914.734 -44319.168 1081.354 Architecture\Buildings\DecoKit\DecoLobbyCTrim1x1Cor02.nif
0x00171DA4 0x000C0183 STAT 36 5 -11 22309.438 -44252.262 775.355 0.000000 0.000000 5.293186 1.0000 82 22248.510 -44429.512 1031.354 22523.461 -44014.098 1081.354 Architecture\Buildings\DecoKit\DecoLobbyCTrim1x1Cor02.nif
0x00171DA4 0x00117C63 STAT 37 5 -11 22948.182 -44212.156 775.355 0.000000 0.000000 5.293186 1.0000 220 22887.426 -44319.781 839.355 23023.432 -44112.551 1014.730 Architecture\Buildings\DecoKit\DecoMainC1x1WinA01Add01.nif
0x00171DA4 0x00117C63 STAT 38 5 -11 22520.135 -43931.227 775.355 0.000000 0.000000 5.293186 1.0000 220 22444.885 -44030.832 839.355 22580.891 -43823.602 1014.730 Architecture\Buildings\DecoKit\DecoMainC1x1WinA01Add01.nif
0x00171DA4 0x00117C63 STAT 39 5 -11 22379.670 -44145.250 775.355 0.000000 0.000000 5.293186 1.0000 220 22304.420 -44244.855 839.355 22440.426 -44037.625 1014.730 Architecture\Buildings\DecoKit\DecoMainC1x1WinA01Add01.nif
0x00171DA4 0x00117C63 STAT 40 5 -11 22379.670 -44145.250 519.355 0.000000 0.000000 5.293186 1.0000 220 22304.420 -44244.855 583.355 22440.426 -44037.625 758.730 Architecture\Buildings\DecoKit\DecoMainC1x1WinA01Add01.nif
0x00171DA1 0x00154E6C STAT -1 5 -11 22883.186 -44481.449 505.452 -0.066752 0.064406 5.302324 1.0000 294 22493.811 -44960.113 423.866 23253.865 -43970.094 551.082 Landscape\Sidewalks\Park\SWParkStr01.nif
0x00171DA0 0x00154EB7 STAT -1 5 -11 23309.543 -43846.516 575.457 -0.066752 0.064406 5.302324 1.0000 162 23062.148 -44113.637 517.207 23538.174 -43547.012 597.752 Landscape\Sidewalks\Park\SWParkStr02.nif
0x00171D9F 0x00154E6C STAT -1 5 -11 23748.219 -44337.387 557.374 -0.074566 0.022838 2.121111 1.0000 294 23393.096 -44853.246 483.865 24125.752 -43849.438 594.778 Landscape\Sidewalks\Park\SWParkStr01.nif
0x00171D9E 0x00154E6C STAT -1 5 -11 24254.471 -43475.855 634.850 -0.074566 0.022838 2.121111 1.0000 294 23899.348 -43991.715 561.342 24632.004 -42987.906 672.254 Landscape\Sidewalks\Park\SWParkStr01.nif
0x00171D9D 0x0003E1FF STAT -1 5 -11 23962.279 -44049.910 480.281 0.000000 0.000000 0.560800 0.9000 332 23873.477 -44273.629 480.281 24246.227 -43934.922 668.944 Landscape\RetainingWall\Residential\RWResStrShort01Grass.nif
0x00171D9B 0x00031853 STAT -1 5 -11 24431.957 -43472.398 920.795 0.000000 0.000000 0.650802 1.0000 2 24320.428 -43562.672 920.795 24524.100 -43407.582 1176.795 Architecture\Buildings\DecoKit\DecoMainA1x1Wall01.nif
0x00171D9A 0x00031853 STAT -1 5 -11 24431.957 -43472.398 664.795 0.000000 0.000000 0.650802 1.0000 2 24320.428 -43562.672 664.795 24524.100 -43407.582 920.795 Architecture\Buildings\DecoKit\DecoMainA1x1Wall01.nif
0x00171D99 0x00031855 STAT -1 5 -11 24330.121 -43394.855 664.795 0.000000 0.000000 0.650802 1.0000 24 24304.516 -43418.039 664.795 24333.158 -43372.434 920.795 Architecture\Buildings\DecoKit\DecoMainA1x1Cor02.nif
0x00171D98 0x00031855 STAT -1 5 -11 24330.121 -43394.855 920.795 0.000000 0.000000 0.650802 1.0000 24 24304.516 -43418.039 920.795 24333.158 -43372.434 1176.795 Architecture\Buildings\DecoKit\DecoMainA1x1Cor02.nif
0x00171D74 0x00117BA9 STAT -1 5 -11 24407.666 -43293.016 664.795 0.000000 0.000000 2.221597 1.0000 195 24308.684 -43394.852 664.795 24485.211 -43183.148 920.795 Architecture\Buildings\DecoKit\DecoMainC1x1WinBayA01.nif
0x00171D72 0x00117BA9 STAT -1 5 -11 24407.666 -43293.016 920.795 0.000000 0.000000 2.221597 1.0000 195 24308.684 -43394.852 920.795 24485.211 -43183.148 1176.795 Architecture\Buildings\DecoKit\DecoMainC1x1WinBayA01.nif
0x00171D71 0x000C0183 STAT -1 5 -11 24330.123 -43394.852 920.795 0.000000 0.000000 0.650801 1.0000 82 24268.461 -43584.949 1176.795 24533.797 -43164.523 1226.795 Architecture\Buildings\DecoKit\DecoLobbyCTrim1x1Cor02.nif
0x00171D6F 0x000C018A STAT -1 5 -11 24330.123 -43394.852 408.795 0.000000 0.000000 0.650801 1.0000 12 24285.277 -43575.402 408.795 24533.797 -43171.793 664.795 Architecture\Buildings\DecoKit\DecoBaseA1x1Cor01.nif
0x00171D6D 0x000301F2 STAT -1 5 -11 24509.504 -43370.563 1208.795 0.000000 0.000000 2.221597 1.0000 2 24330.121 -43549.945 1208.795 24688.887 -43191.180 1208.795 Architecture\Buildings\DecoKit\DecoRoof1x1Str01.nif
0x00171D60 0x000DF45A FURN -1 5 -11 24447.623 -42091.770 667.293 0.000000 0.000000 2.973185 1.0000 2284 24360.027 -42117.742 667.293 24530.051 -42035.195 730.168 Furniture\ParkBench01.nif
0x00171D5F 0x00129AB7 STAT -1 5 -11 24452.025 -41990.250 666.514 0.000000 0.000000 4.553181 1.0000 50 24315.498 -42073.734 666.512 24588.553 -41906.766 682.514 Landscape\RetainingWall\Residential\RWPlanterStr01.nif
0x00171D5D 0x0005BA45 MSTT -1 5 -11 24489.285 -41805.355 665.961 0.000000 0.000000 0.000000 1.0000 190 24471.457 -41823.230 665.968 24507.066 -41787.637 737.398 SetDressing\SidewalkClutter\BollardDest.nif
0x00171D5B 0x0005BA45 MSTT -1 5 -11 24555.033 -42235.859 661.121 0.000000 0.000000 0.000000 1.0000 190 24537.205 -42253.734 661.128 24572.814 -42218.141 732.559 SetDressing\SidewalkClutter\BollardDest.nif
0x00171D59 0x0005BA45 MSTT -1 5 -11 24228.775 -42168.652 662.183 0.000000 0.000000 0.000000 1.0000 190 24210.947 -42186.527 662.190 24246.557 -42150.934 733.621 SetDressing\SidewalkClutter\BollardDest.nif
0x00171D57 0x0010950E STAT -1 5 -11 24432.270 -42025.691 668.312 -0.009872 -0.001599 6.122583 1.0000 926 24154.160 -42483.324 645.276 24847.129 -41717.246 678.437 Landscape\Sidewalks\SWIsland01.nif
0x00171CA2 0x001159C9 STAT -1 5 -11 24379.918 -41219.379 682.462 0.000000 0.000000 6.273182 1.0000 93 24251.924 -41228.660 682.462 24508.912 -41218.090 938.462 Architecture\Buildings\DecoKit\DecoMainC1x1WinA01Full01.nif
0x00171C9B 0x00087261 STAT -1 5 -11 24384.084 -41092.680 938.462 0.000000 0.000000 6.273182 1.0000 750 24257.371 -41221.953 906.462 24513.357 -40963.406 938.462 Architecture\Buildings\Shell\BldgShellFloorWoodCornerDam02.nif
0x00171C83 0x000872B1 STAT -1 5 -11 24512.078 -41091.398 682.462 0.000000 0.000000 1.560793 1.0000 322 24502.799 -41091.477 681.869 24520.078 -40963.324 922.462 Architecture\Buildings\Shell\BldgShellWallIntTrimHalf02.nif
0x00171C77 0x000872B2 STAT -1 5 -11 24506.631 -41090.105 682.462 0.000000 0.000000 1.560793 1.0000 331 24498.631 -41218.180 682.462 24515.910 -41089.691 922.462 Architecture\Buildings\Shell\BldgShellWallIntTrimHalf02L.nif
0x00092233 0x0003E200 STAT -1 5 -11 24119.855 -43567.457 485.777 -0.039792 0.030283 0.650199 1.0000 494 23951.373 -43789.285 481.090 24368.154 -43416.199 681.364 Landscape\RetainingWall\Residential\RWResStairs02.nif
0x00129005 0x0013385F STAT -1 5 -11 21141.256 -41227.402 706.014 -0.081603 -0.460053 4.711143 0.8600 732 20995.061 -41640.348 648.511 21344.848 -40899.965 1010.566 Landscape\Plants\HedgeRow04.nif
0x00129000 0x0013385F STAT -1 5 -11 22512.225 -44504.680 452.422 -0.006236 -0.259723 0.590401 0.7800 732 22219.961 -44723.977 380.324 22822.795 -44243.418 685.777 Landscape\Plants\HedgeRow04.nif
0x00128FFD 0x00133865 STAT -1 5 -11 22214.473 -43951.805 588.691 0.000000 0.000000 5.010660 0.7800 6380 21906.422 -44288.016 542.720 22507.395 -43646.043 719.439 Landscape\Plants\ShrubGroupLarge04.nif
0x00128FF5 0x000393CD STAT 1 5 -11 20477.725 -44327.590 557.274 -0.027412 0.023321 4.889319 1.0296 1083 20300.027 -44463.121 543.833 20540.703 -44260.988 1444.175 Landscape\Trees\TreeBlasted02.nif
0x00128FF5 0x0004A076 STAT 2 5 -11 20677.131 -44324.637 596.705 -0.027412 0.023321 4.889319 0.6344 167 20551.732 -44556.285 584.959 20887.074 -44298.531 1526.261 Landscape\Trees\TreeMapleForest4.nif
0x00128FF5 0x000531AE STAT 3 5 -11 20648.799 -44301.027 580.940 -0.027412 0.023321 4.889319 0.7696 219 20630.168 -44437.539 573.200 20794.992 -44233.859 1560.513 Landscape\Trees\TreeMapleblasted04.nif
0x00128FF5 0x000531B3 STAT 4 5 -11 20631.100 -44333.754 538.147 -0.027412 0.023321 4.889319 1.0088 263 20563.318 -44564.082 533.493 20683.080 -44295.078 1259.321 Landscape\Trees\TreeMapleblasted05.nif
0x00128FF4 0x0004D93B STAT 1 5 -11 20802.447 -44928.898 571.434 -0.007656 -0.032876 4.374512 0.7700 1074 20638.984 -45189.227 573.966 21018.789 -44869.938 1463.491 Landscape\Trees\TreeMapleblasted01.nif
0x00128FF4 0x000531BC STAT 2 5 -11 20830.854 -44697.828 538.410 -0.007656 -0.032876 4.374512 0.7700 300 20756.895 -44729.555 576.717 20851.135 -44649.938 931.691 Landscape\Trees\TreeMapleblasted06.nif
0x00128FF4 0x0003E0D1 STAT 3 5 -11 20876.574 -44791.973 616.218 -0.007656 -0.032876 4.374512 0.7000 227 20810.738 -44833.531 605.227 20961.900 -44529.820 1691.944 Landscape\Trees\TreeMapleForest7.nif
0x00128FF4 0x000531B3 STAT 4 5 -11 20911.887 -44804.738 563.254 -0.007656 -0.032876 4.374512 0.7400 263 20888.654 -44827.047 558.497 21017.256 -44633.031 1076.417 Landscape\Trees\TreeMapleblasted05.nif
0x000922E8 0x0001C35E STAT -1 5 -11 21604.916 -44615.359 509.448 0.000000 0.000000 0.043389 1.0000 1013 21392.980 -45134.348 269.448 21796.736 -44607.004 1109.448 Architecture\Buildings\SmallTown\Bld02FrontSidingACom04.nif
0x00092289 0x0003E1FF STAT -1 5 -11 24081.416 -43860.219 480.281 0.000000 0.000000 0.560800 0.9000 332 23992.613 -44083.938 480.281 24365.363 -43745.230 668.944 Landscape\RetainingWall\Residential\RWResStrShort01Grass.nif
0x00092288 0x0003E1FF STAT -1 5 -11 24084.326 -44458.648 480.001 0.000000 0.000000 4.753985 0.9000 332 23935.561 -44495.922 480.001 24235.449 -44189.508 668.663 Landscape\RetainingWall\Residential\RWResStrShort01Grass.nif
0x00092286 0x0002FFDF STAT -1 5 -11 23664.000 -41568.000 681.691 0.000000 0.000000 4.712389 1.0000 32 23600.000 -41632.000 663.707 23767.563 -41502.625 681.691 Landscape\Sidewalks\SWCurb1x1Str02.nif
0x00092282 0x00030F3F STAT -1 5 -11 23621.178 -41184.000 681.691 0.000000 0.000000 4.712389 1.0000 151 23557.178 -41504.000 663.535 23724.740 -40862.500 682.751 Landscape\Sidewalks\SWCurb5x1Str01.nif
0x00092276 0x0004A076 STAT 1 5 -11 23487.486 -44944.500 397.723 0.000000 0.000000 0.186197 0.4968 167 23471.322 -44963.336 386.050 23654.291 -44638.176 1094.376 Landscape\Trees\TreeMapleForest4.nif
0x00092276 0x000531AE STAT 2 5 -11 23470.959 -45006.270 365.541 0.000000 0.000000 0.186197 0.6408 219 23454.645 -45288.609 357.543 23589.836 -44988.879 1150.902 Landscape\Trees\TreeMapleblasted04.nif
0x00092276 0x0004A075 STAT 3 5 -11 23514.012 -44913.879 296.003 0.000000 0.000000 0.186197 0.5544 179 23306.840 -44943.219 285.211 23540.410 -44604.824 1273.952 Landscape\Trees\TreeMapleForest3.nif
0x00092276 0x000503B6 STAT 4 5 -11 23478.889 -45060.309 435.572 0.000000 0.000000 0.186197 0.5472 1103 23468.260 -45186.254 422.343 23680.420 -44951.688 1029.798 Landscape\Trees\TreeMapleblasted02.nif
0x00092276 0x000521BB STAT 5 5 -11 23428.916 -44903.902 445.064 0.000000 0.000000 0.186197 0.3816 320 23437.254 -44926.879 445.733 23457.912 -44882.043 556.924 Landscape\Trees\TreeMapleblasted03.nif
0x00092276 0x0003B2E0 STAT 6 5 -11 23465.414 -44957.344 500.505 0.000000 0.000000 0.186197 0.7200 93 23437.047 -44982.176 488.169 23490.023 -44935.613 529.875 Landscape\Rocks\RockS01.nif
0x00092276 0x0003B2E0 STAT 7 5 -11 23418.285 -44982.805 500.336 0.000000 0.000000 0.186197 0.5400 93 23398.879 -45000.168 489.896 23434.195 -44958.305 521.631 Landscape\Rocks\RockS01.nif
0x00092276 0x0004A073 STAT 8 5 -11 23461.658 -45026.684 252.874 0.000000 0.000000 0.186197 0.5112 300 23237.795 -45215.906 250.451 23596.719 -44855.004 988.307 Landscape\Trees\TreeMapleForest1.nif
0x0009226C 0x0003E094 STAT -1 5 -11 24428.029 -44472.953 480.001 0.000000 0.000000 4.753985 0.9000 638 24169.172 -44515.184 479.636 24692.783 -44191.895 670.688 Landscape\RetainingWall\Residential\RWResStr01Grass.nif
0x0009226A 0x0003E095 STAT -1 5 -11 23783.572 -44334.445 480.281 0.000000 0.000000 0.560800 0.9000 766 23736.344 -44484.531 479.382 24152.465 -44114.707 668.607 Landscape\RetainingWall\Residential\RWResCor01Grass.nif
0x00092250 0x0001C356 STAT -1 5 -11 23880.877 -44648.922 487.435 0.000000 0.000000 0.061657 1.0000 1013 23660.666 -45168.035 247.435 24072.514 -44637.063 1087.435 Architecture\Buildings\SmallTown\Bld02FrontSidingACom04.nif
0x00092221 0x0001981F STAT -1 5 -11 24572.684 -43921.438 656.281 0.000000 0.000000 2.221598 1.0000 1059 24024.828 -44137.832 416.281 24737.482 -43438.660 1560.281 Architecture\Buildings\SmallTown\Bld03FrontSidingACom01.nif
0x000780A5 0x00000032 STAT -1 5 -11 22628.590 -41585.711 697.128 0.000000 0.000000 3.183188 1.0000 18 22598.150 -41646.129 697.128 22659.029 -41556.035 830.128 MarkerCOCHeading.nif
0x0016CA19 0x000A6C0D STAT -1 5 -11 23572.590 -41105.711 687.619 0.000000 0.000000 4.712391 1.0000 114 23492.590 -41233.711 687.619 23592.590 -40977.711 943.619 Architecture\Buildings\DecoKit\DecoMainA1x1DoorDouble01.nif
0x0016CA60 0x000301F2 STAT -1 5 -11 23444.592 -41361.711 1231.619 0.000000 0.000000 4.712391 1.0000 2 23316.592 -41489.711 1231.619 23572.592 -41233.711 1231.619 Architecture\Buildings\DecoKit\DecoRoof1x1Str01.nif
0x0016CA61 0x0003468B STAT -1 5 -11 22292.590 -41489.711 975.619 0.000000 0.000000 0.000001 1.0000 58 22244.590 -41537.711 1199.619 22548.590 -41233.711 1232.619 Architecture\Buildings\DecoKit\DecoRoofATrimA1x1Cor02.nif
0x0016CA62 0x000301F2 STAT -1 5 -11 23444.592 -41105.711 1231.619 0.000000 0.000000 4.712391 1.0000 2 23316.592 -41233.711 1231.619 23572.592 -40977.711 1231.619 Architecture\Buildings\DecoKit\DecoRoof1x1Str01.nif
0x0016CA69 0x000301F2 STAT -1 5 -11 23188.592 -41105.711 1231.619 0.000000 0.000000 4.712391 1.0000 2 23060.592 -41233.711 1231.619 23316.592 -40977.711 1231.619 Architecture\Buildings\DecoKit\DecoRoof1x1Str01.nif
0x0016CA6A 0x000301F2 STAT -1 5 -11 23188.592 -41361.711 1231.619 0.000000 0.000000 4.712391 1.0000 2 23060.592 -41489.711 1231.619 23316.592 -41233.711 1231.619 Architecture\Buildings\DecoKit\DecoRoof1x1Str01.nif
0x0016CA6E 0x000301F2 STAT -1 5 -11 22676.592 -41105.711 1231.619 0.000000 0.000000 4.712391 1.0000 2 22548.592 -41233.711 1231.619 22804.592 -40977.711 1231.619 Architecture\Buildings\DecoKit\DecoRoof1x1Str01.nif
0x0016CA6F 0x000301F2 STAT -1 5 -11 22676.592 -41361.711 1231.619 0.000000 0.000000 4.712391 1.0000 2 22548.592 -41489.711 1231.619 22804.592 -41233.711 1231.619 Architecture\Buildings\DecoKit\DecoRoof1x1Str01.nif
0x0016CA73 0x000301F2 STAT -1 5 -11 22932.592 -41105.711 1231.619 0.000000 0.000000 4.712391 1.0000 2 22804.592 -41233.711 1231.619 23060.592 -40977.711 1231.619 Architecture\Buildings\DecoKit\DecoRoof1x1Str01.nif
0x0016CA74 0x000301F2 STAT -1 5 -11 22932.592 -41361.711 1231.619 0.000000 0.000000 4.712391 1.0000 2 22804.592 -41489.711 1231.619 23060.592 -41233.711 1231.619 Architecture\Buildings\DecoKit\DecoRoof1x1Str01.nif
0x0016CA78 0x000301F2 STAT -1 5 -11 22420.592 -41361.711 1231.619 0.000000 0.000000 4.712391 1.0000 2 22292.592 -41489.711 1231.619 22548.592 -41233.711 1231.619 Architecture\Buildings\DecoKit\DecoRoof1x1Str01.nif
0x0016CA79 0x000301F2 STAT -1 5 -11 22420.592 -41105.711 1231.619 0.000000 0.000000 4.712391 1.0000 2 22292.592 -41233.711 1231.619 22548.592 -40977.711 1231.619 Architecture\Buildings\DecoKit\DecoRoof1x1Str01.nif
0x0016CA7E 0x00034697 STAT -1 5 -11 22676.590 -41489.711 975.619 0.000000 0.000000 0.000001 1.0000 38 22548.590 -41537.711 1199.619 22804.590 -41489.711 1232.619 Architecture\Buildings\DecoKit\DecoRoofATrimA1x1Str01.nif
0x0016CA7F 0x00034697 STAT -1 5 -11 22932.592 -41489.711 975.619 0.000000 0.000000 0.000001 1.0000 38 22804.592 -41537.711 1199.619 23060.592 -41489.711 1232.619 Architecture\Buildings\DecoKit\DecoRoofATrimA1x1Str01.nif
0x0016CA80 0x00034697 STAT -1 5 -11 23188.592 -41489.711 975.619 0.000000 0.000000 0.000001 1.0000 38 23060.592 -41537.711 1199.619 23316.592 -41489.711 1232.619 Architecture\Buildings\DecoKit\DecoRoofATrimA1x1Str01.nif
0x0016CA81 0x0003468B STAT -1 5 -11 23572.592 -41489.711 975.619 0.000000 0.000000 4.712391 1.0000 58 23316.592 -41537.711 1199.619 23620.592 -41233.711 1232.619 Architecture\Buildings\DecoKit\DecoRoofATrimA1x1Cor02.nif
0x0016CA97 0x000FCE4D STAT -1 5 -11 21581.469 -43447.066 929.573 0.000000 0.000000 3.124578 1.0000 12 21453.215 -43449.242 929.573 21709.451 -43428.891 1185.573 Architecture\Buildings\DecoKit\DecoMainA1x1Wall01Full01.nif
0x0016CA9A 0x000FCE4D STAT -1 5 -11 21837.434 -43442.711 929.573 0.000000 0.000000 3.124578 1.0000 12 21709.180 -43444.887 929.573 21965.416 -43424.535 1185.573 Architecture\Buildings\DecoKit\DecoMainA1x1Wall01Full01.nif
0x0016CA9B 0x000FCE4D STAT -1 5 -11 22093.398 -43438.352 929.573 0.000000 0.000000 3.124578 1.0000 12 21965.145 -43440.527 929.573 22221.381 -43420.176 1185.573 Architecture\Buildings\DecoKit\DecoMainA1x1Wall01Full01.nif
0x0016CA9E 0x000FCE4D STAT -1 5 -11 22349.357 -43433.992 929.573 0.000000 0.000000 3.124578 1.0000 12 22221.104 -43436.168 929.573 22477.340 -43415.816 1185.573 Architecture\Buildings\DecoKit\DecoMainA1x1Wall01Full01.nif
0x0016CA9F 0x000FCE4D STAT -1 5 -11 22605.318 -43429.633 929.573 0.000000 0.000000 3.124578 1.0000 12 22477.064 -43431.809 929.573 22733.301 -43411.457 1185.573 Architecture\Buildings\DecoKit\DecoMainA1x1Wall01Full01.nif
0x0016CAA1 0x0018481D STAT -1 5 -11 22861.283 -43425.281 929.573 0.000000 0.000000 3.124578 1.0000 12 22733.029 -43427.457 929.573 22989.266 -43407.105 1057.573 architecture\buildings\decokit\DecoMainA1x1Wall01Half01Full01.nif
0x0016CAA3 0x0018481D STAT -1 5 -11 22865.646 -43681.254 929.573 0.000000 0.000000 6.266172 1.0000 12 22737.664 -43699.430 929.573 22993.900 -43679.078 1057.573 architecture\buildings\decokit\DecoMainA1x1Wall01Half01Full01.nif
0x0016CAA6 0x000FCE4D STAT -1 5 -11 22609.680 -43685.609 929.573 0.000000 0.000000 6.266172 1.0000 12 22481.697 -43703.785 929.573 22737.934 -43683.434 1185.573 Architecture\Buildings\DecoKit\DecoMainA1x1Wall01Full01.nif
0x0016CAA7 0x000FCE4D STAT -1 5 -11 22353.719 -43689.961 929.573 0.000000 0.000000 6.266172 1.0000 12 22225.736 -43708.137 929.573 22481.973 -43687.785 1185.573 Architecture\Buildings\DecoKit\DecoMainA1x1Wall01Full01.nif
0x0016CAAA 0x000FCE4D STAT -1 5 -11 22097.760 -43694.320 929.573 0.000000 0.000000 6.266172 1.0000 12 21969.777 -43712.496 929.573 22226.014 -43692.145 1185.573 Architecture\Buildings\DecoKit\DecoMainA1x1Wall01Full01.nif
0x0016CAAB 0x000FCE4D STAT -1 5 -11 21841.791 -43698.664 929.573 0.000000 0.000000 6.266172 1.0000 12 21713.809 -43716.840 929.573 21970.045 -43696.488 1185.573 Architecture\Buildings\DecoKit\DecoMainA1x1Wall01Full01.nif
0x0016CAAD 0x000FCE4D STAT -1 5 -11 21585.826 -43703.031 929.573 0.000000 0.000000 6.266172 1.0000 12 21457.844 -43721.207 929.573 21714.080 -43700.855 1185.573 Architecture\Buildings\DecoKit\DecoMainA1x1Wall01Full01.nif
0x0016CAAF 0x000301F2 STAT -1 5 -11 23119.230 -43549.109 1089.573 0.000000 0.000000 4.695376 1.0000 2 22989.072 -43679.270 1089.573 23249.389 -43418.949 1089.573 Architecture\Buildings\DecoKit\DecoRoof1x1Str01.nif
0x0016CAB0 0x0003468B STAT -1 5 -11 23249.389 -43674.918 833.573 0.000000 0.000000 4.695376 1.0000 58 22993.426 -43727.266 1057.573 23298.199 -43418.137 1090.573 Architecture\Buildings\DecoKit\DecoRoofATrimA1x1Cor02.nif
0x0016CAB1 0x000A129F STAT -1 5 -11 22603.139 -43301.664 1089.573 0.000000 0.000000 4.695376 1.0000 4 22472.980 -43431.824 1057.573 22733.297 -43171.504 1089.573 Architecture\Buildings\DecoKit\DecoRoof1x1Str01Full01.nif
0x0016CAB2 0x000301F2 STAT -1 5 -11 22607.496 -43557.625 1089.573 0.000000 0.000000 4.695376 1.0000 2 22477.338 -43687.785 1089.573 22737.654 -43427.465 1089.573 Architecture\Buildings\DecoKit\DecoRoof1x1Str01.nif
0x0016CAB3 0x00034697 STAT -1 5 -11 22609.678 -43685.602 833.573 0.000000 0.000000 6.266171 1.0000 38 22481.695 -43735.773 1057.573 22738.477 -43683.422 1090.573 Architecture\Buildings\DecoKit\DecoRoofATrimA1x1Str01.nif
0x0016CAB4 0x00034697 STAT -1 5 -11 22353.721 -43689.953 833.573 0.000000 0.000000 6.266171 1.0000 38 22225.738 -43740.125 1057.573 22482.520 -43687.773 1090.573 Architecture\Buildings\DecoKit\DecoRoofATrimA1x1Str01.nif
0x0016CAB5 0x000301F2 STAT -1 5 -11 22351.543 -43561.980 1089.573 0.000000 0.000000 4.695376 1.0000 2 22221.385 -43692.141 1089.573 22481.701 -43431.820 1089.573 Architecture\Buildings\DecoKit\DecoRoof1x1Str01.nif
0x0016CAB6 0x000A129F STAT -1 5 -11 22347.186 -43306.020 1089.573 0.000000 0.000000 4.695376 1.0000 4 22217.027 -43436.180 1057.573 22477.344 -43175.859 1089.573 Architecture\Buildings\DecoKit\DecoRoof1x1Str01Full01.nif
0x0016CAB7 0x00034697 STAT -1 5 -11 22097.762 -43694.313 833.573 0.000000 0.000000 6.266171 1.0000 38 21969.779 -43744.484 1057.573 22226.561 -43692.133 1090.573 Architecture\Buildings\DecoKit\DecoRoofATrimA1x1Str01.nif
0x0016CAB8 0x000301F2 STAT -1 5 -11 22095.578 -43566.328 1089.573 0.000000 0.000000 4.695376 1.0000 2 21965.420 -43696.488 1089.573 22225.736 -43436.168 1089.573 Architecture\Buildings\DecoKit\DecoRoof1x1Str01.nif
0x0016CAB9 0x000A129F STAT -1 5 -11 22091.215 -43310.359 1089.573 0.000000 0.000000 4.695376 1.0000 4 21961.057 -43440.520 1057.573 22221.373 -43180.199 1089.573 Architecture\Buildings\DecoKit\DecoRoof1x1Str01Full01.nif
0x0016CABA 0x00034697 STAT -1 5 -11 21841.795 -43698.660 833.573 0.000000 0.000000 6.266171 1.0000 38 21713.813 -43748.832 1057.573 21970.594 -43696.480 1090.573 Architecture\Buildings\DecoKit\DecoRoofATrimA1x1Str01.nif
0x0016CABB 0x000301F2 STAT -1 5 -11 21839.615 -43570.684 1089.573 0.000000 0.000000 4.695376 1.0000 2 21709.457 -43700.844 1089.573 21969.773 -43440.523 1089.573 Architecture\Buildings\DecoKit\DecoRoof1x1Str01.nif
0x0016CABC 0x000A129F STAT -1 5 -11 21835.248 -43314.734 1089.573 0.000000 0.000000 4.695376 1.0000 4 21705.090 -43444.895 1057.573 21965.406 -43184.574 1089.573 Architecture\Buildings\DecoKit\DecoRoof1x1Str01Full01.nif
0x0016CABD 0x000301F2 STAT -1 5 -11 20815.764 -43588.105 1089.573 0.000000 0.000000 1.553782 1.0000 2 20685.605 -43718.266 1089.573 20945.922 -43457.945 1089.573 Architecture\Buildings\DecoKit\DecoRoof1x1Str01.nif
0x0016CABE 0x0003468B STAT -1 5 -11 20689.953 -43718.262 833.573 0.000000 0.000000 6.266170 1.0000 58 20637.604 -43767.070 1057.573 20946.732 -43462.297 1090.573 Architecture\Buildings\DecoKit\DecoRoofATrimA1x1Cor02.nif
0x0016CABF 0x000A129F STAT -1 5 -11 20811.396 -43332.152 1089.573 0.000000 0.000000 1.553782 1.0000 4 20681.238 -43462.313 1057.573 20941.555 -43201.992 1089.573 Architecture\Buildings\DecoKit\DecoRoof1x1Str01Full01.nif
0x0016CAC0 0x00034697 STAT -1 5 -11 20683.418 -43334.324 833.573 0.000000 0.000000 1.553782 1.0000 38 20633.248 -43463.121 1057.573 20685.596 -43206.344 1090.573 Architecture\Buildings\DecoKit\DecoRoofATrimA1x1Str01.nif
0x0016CAC3 0x00035E47 STAT -1 5 -11 22463.900 -42184.059 945.573 0.000000 0.000000 3.124578 1.0000 2 22335.646 -42170.238 945.573 22591.609 -42165.883 1073.573 Architecture\Buildings\DecoKit\DecoMainA1x1Wall01Half01.nif
0x0016CAC4 0x00035E47 STAT -1 5 -11 22463.900 -42184.059 945.573 0.000000 0.000000 6.266172 1.0000 2 22336.191 -42202.234 945.573 22592.154 -42197.879 1073.573 Architecture\Buildings\DecoKit\DecoMainA1x1Wall01Half01.nif
0x0016CAC6 0x00034697 STAT -1 5 -11 23242.846 -43290.977 833.573 0.000000 0.000000 4.695374 1.0000 38 23240.668 -43418.957 1057.573 23293.018 -43162.180 1090.573 Architecture\Buildings\DecoKit\DecoRoofATrimA1x1Str01.nif
0x0016CAC7 0x000A129F STAT -1 5 -11 23114.867 -43293.148 1089.573 0.000000 0.000000 4.695374 1.0000 4 22984.707 -43423.309 1057.573 23245.027 -43162.988 1089.573 Architecture\Buildings\DecoKit\DecoRoof1x1Str01Full01.nif
0x0016CAC9 0x00034697 STAT -1 5 -11 23238.490 -43035.004 833.573 0.000000 0.000000 4.695374 1.0000 38 23236.313 -43162.984 1057.573 23288.662 -42906.207 1090.573 Architecture\Buildings\DecoKit\DecoRoofATrimA1x1Str01.nif
0x0016CACB 0x000A129F STAT -1 5 -11 22342.820 -43050.059 1089.573 0.000000 0.000000 4.695376 1.0000 4 22212.662 -43180.219 1057.573 22472.979 -42919.898 1089.573 Architecture\Buildings\DecoKit\DecoRoof1x1Str01Full01.nif
0x0016CACF 0x00034697 STAT -1 5 -11 20679.061 -43078.363 833.573 0.000000 0.000000 1.553782 1.0000 38 20628.891 -43207.160 1057.573 20681.238 -42950.383 1090.573 Architecture\Buildings\DecoKit\DecoRoofATrimA1x1Str01.nif
0x0016CAD1 0x00034697 STAT -1 5 -11 23234.135 -42779.047 833.573 0.000000 0.000000 4.695374 1.0000 38 23231.957 -42907.027 1057.573 23284.307 -42650.250 1090.573 Architecture\Buildings\DecoKit\DecoRoofATrimA1x1Str01.nif
0x0016CAD3 0x000A129F STAT -1 5 -11 22338.467 -42794.086 1089.573 0.000000 0.000000 4.695376 1.0000 4 22208.309 -42924.246 1057.573 22468.625 -42663.926 1089.573 Architecture\Buildings\DecoKit\DecoRoof1x1Str01Full01.nif
0x0016CAD7 0x00034697 STAT -1 5 -11 20674.707 -42822.406 833.573 0.000000 0.000000 1.553782 1.0000 38 20624.537 -42951.203 1057.573 20676.885 -42694.426 1090.573 Architecture\Buildings\DecoKit\DecoRoofATrimA1x1Str01.nif
0x0016CAD8 0x000DB385 STAT -1 5 -11 23097.260 -42269.516 1089.573 0.000000 0.000000 3.124578 1.0000 52 22967.102 -42399.676 1057.573 23227.418 -42141.535 1089.573 Architecture\Buildings\DecoKit\DecoRoof1x1Cor01Full01.nif
0x0016CAD9 0x000A129F STAT -1 5 -11 22585.531 -42278.023 1089.573 0.000000 0.000000 4.695376 1.0000 4 22455.373 -42408.184 1057.573 22715.689 -42147.863 1089.573 Architecture\Buildings\DecoKit\DecoRoof1x1Str01Full01.nif
0x0016CADA 0x000A129F STAT -1 5 -11 22329.574 -42282.371 1089.573 0.000000 0.000000 4.695376 1.0000 4 22199.416 -42412.531 1057.573 22459.732 -42152.211 1089.573 Architecture\Buildings\DecoKit\DecoRoof1x1Str01Full01.nif
0x0016CADB 0x000A129F STAT -1 5 -11 22073.607 -42286.719 1089.573 0.000000 0.000000 4.695376 1.0000 4 21943.449 -42416.879 1057.573 22203.766 -42156.559 1089.573 Architecture\Buildings\DecoKit\DecoRoof1x1Str01Full01.nif
0x0016CADC 0x000A129F STAT -1 5 -11 21817.648 -42291.082 1089.573 0.000000 0.000000 4.695376 1.0000 4 21687.490 -42421.242 1057.573 21947.807 -42160.922 1089.573 Architecture\Buildings\DecoKit\DecoRoof1x1Str01Full01.nif
0x0016CADD 0x00034699 STAT -1 5 -11 23223.059 -42139.348 833.573 0.000000 0.000000 3.124578 1.0000 200 22966.279 -42395.313 1057.573 23275.375 -42093.531 1090.573 Architecture\Buildings\DecoKit\DecoRoofATrimA1x1Cor01.nif
0x0016CADE 0x000DB385 STAT -1 5 -11 20793.787 -42308.500 1089.573 0.000000 0.000000 1.553782 1.0000 52 20665.805 -42438.660 1057.573 20923.947 -42178.340 1089.573 Architecture\Buildings\DecoKit\DecoRoof1x1Cor01Full01.nif
0x0016CADF 0x00034699 STAT -1 5 -11 20663.625 -42182.703 833.573 0.000000 0.000000 1.553782 1.0000 200 20617.811 -42439.484 1057.573 20919.588 -42130.387 1090.573 Architecture\Buildings\DecoKit\DecoRoofATrimA1x1Cor01.nif
0x0016CAE0 0x00034697 STAT -1 5 -11 22327.393 -42154.375 833.573 0.000000 0.000000 3.124578 1.0000 38 22198.594 -42156.555 1057.573 22455.375 -42104.203 1090.573 Architecture\Buildings\DecoKit\DecoRoofATrimA1x1Str01.nif
0x0016CAE1 0x00034697 STAT -1 5 -11 22071.420 -42158.738 833.573 0.000000 0.000000 3.124578 1.0000 38 21942.621 -42160.918 1057.573 22199.402 -42108.566 1090.573 Architecture\Buildings\DecoKit\DecoRoofATrimA1x1Str01.nif
0x0016CAE2 0x00034697 STAT -1 5 -11 21815.461 -42163.102 833.573 0.000000 0.000000 3.124578 1.0000 38 21686.662 -42165.281 1057.573 21943.443 -42112.930 1090.573 Architecture\Buildings\DecoKit\DecoRoofATrimA1x1Str01.nif
0x0016CAE3 0x00034697 STAT -1 5 -11 22583.354 -42150.031 833.573 0.000000 0.000000 3.124578 1.0000 38 22454.555 -42152.211 1057.573 22711.336 -42099.859 1090.573 Architecture\Buildings\DecoKit\DecoRoofATrimA1x1Str01.nif
0x0016CAE4 0x00035E47 STAT -1 5 -11 22207.934 -42188.406 945.573 0.000000 0.000000 3.124578 1.0000 2 22079.680 -42174.586 945.573 22335.643 -42170.230 1073.573 Architecture\Buildings\DecoKit\DecoMainA1x1Wall01Half01.nif
0x0016CAE5 0x00035E47 STAT -1 5 -11 22207.934 -42188.406 945.573 0.000000 0.000000 6.266172 1.0000 2 22080.225 -42206.582 945.573 22336.188 -42202.227 1073.573 Architecture\Buildings\DecoKit\DecoMainA1x1Wall01Half01.nif
0x0016CAE6 0x00035E47 STAT -1 5 -11 21951.975 -42192.770 945.573 0.000000 0.000000 3.124578 1.0000 2 21823.721 -42178.949 945.573 22079.684 -42174.594 1073.573 Architecture\Buildings\DecoKit\DecoMainA1x1Wall01Half01.nif
0x0016CAE7 0x00035E47 STAT -1 5 -11 21951.975 -42192.770 945.573 0.000000 0.000000 6.266172 1.0000 2 21824.266 -42210.945 945.573 22080.229 -42206.590 1073.573 Architecture\Buildings\DecoKit\DecoMainA1x1Wall01Half01.nif
0x0016CAE8 0x00035E47 STAT -1 5 -11 21696.014 -42197.137 945.573 0.000000 0.000000 3.124578 1.0000 2 21567.760 -42183.316 945.573 21823.723 -42178.961 1073.573 Architecture\Buildings\DecoKit\DecoMainA1x1Wall01Half01.nif
0x0016CAE9 0x00035E47 STAT -1 5 -11 21696.014 -42197.137 945.573 0.000000 0.000000 6.266172 1.0000 2 21568.305 -42215.313 945.573 21824.268 -42210.957 1073.573 Architecture\Buildings\DecoKit\DecoMainA1x1Wall01Half01.nif
0x0016CAEA 0x0002670B STAT -1 5 -11 23314.580 -43823.637 567.871 0.032792 -0.074693 2.106804 0.9400 1158 23267.965 -43880.188 546.790 23465.645 -43723.027 1321.656 SetDressing\TelephonePoleSet\TP_04.nif
0x0016CAF3 0x00034697 STAT -1 5 -11 22839.115 -42145.875 833.573 0.000000 0.000000 3.124578 1.0000 38 22710.316 -42148.055 1057.573 22967.098 -42095.703 1090.573 Architecture\Buildings\DecoKit\DecoRoofATrimA1x1Str01.nif
0x0016CAF5 0x0018481D STAT -1 5 -11 23121.410 -43677.098 929.573 0.000000 0.000000 6.266172 1.0000 12 22993.428 -43695.273 929.573 23249.664 -43674.922 1057.573 architecture\buildings\decokit\DecoMainA1x1Wall01Half01Full01.nif
0x0016CAF6 0x0018481D STAT -1 5 -11 23117.043 -43421.133 929.573 0.000000 0.000000 3.124578 1.0000 12 22988.789 -43423.309 929.573 23245.025 -43402.957 1057.573 architecture\buildings\decokit\DecoMainA1x1Wall01Half01Full01.nif
0x0016CAF8 0x00034697 STAT -1 5 -11 22865.439 -43681.441 833.573 0.000000 0.000000 6.266171 1.0000 38 22737.457 -43731.613 1057.573 22994.238 -43679.262 1090.573 Architecture\Buildings\DecoKit\DecoRoofATrimA1x1Str01.nif
0x0016CAF9 0x000301F2 STAT -1 5 -11 22863.264 -43553.469 1089.573 0.000000 0.000000 4.695376 1.0000 2 22733.105 -43683.629 1089.573 22993.422 -43423.309 1089.573 Architecture\Buildings\DecoKit\DecoRoof1x1Str01.nif
0x0016CAFA 0x000A129F STAT -1 5 -11 22858.900 -43297.508 1089.573 0.000000 0.000000 4.695376 1.0000 4 22728.742 -43427.668 1057.573 22989.059 -43167.348 1089.573 Architecture\Buildings\DecoKit\DecoRoof1x1Str01Full01.nif
0x0016CAFD 0x000A129F STAT -1 5 -11 22841.297 -42273.863 1089.573 0.000000 0.000000 4.695376 1.0000 4 22711.139 -42404.023 1057.573 22971.455 -42143.703 1089.573 Architecture\Buildings\DecoKit\DecoRoof1x1Str01Full01.nif
0x0016CAFE 0x00035E47 STAT -1 5 -11 22975.830 -42175.359 945.573 0.000000 0.000000 3.124578 1.0000 2 22847.576 -42161.539 945.573 23103.539 -42157.184 1073.573 Architecture\Buildings\DecoKit\DecoMainA1x1Wall01Half01.nif
0x0016CB01 0x00035E47 STAT -1 5 -11 22975.830 -42175.359 945.573 0.000000 0.000000 6.266172 1.0000 2 22848.121 -42193.535 945.573 23104.084 -42189.180 1073.573 Architecture\Buildings\DecoKit\DecoMainA1x1Wall01Half01.nif
0x0016CB02 0x00001E1B STAT -1 5 -11 23266.115 -43706.441 561.573 0.000000 0.000000 1.859787 1.0000 608 23189.250 -43955.762 497.573 23270.023 -43702.473 727.573 SetDressing\FencesGrates\FenceChainlink01.nif
0x0016CB03 0x000430B8 STAT -1 5 -11 23193.158 -43951.824 561.573 0.000000 0.000000 2.645185 1.0000 886 22964.010 -44077.336 497.573 23197.236 -43948.238 727.573 SetDressing\FencesGrates\FenceChainlinkDown64.nif
0x0016CB04 0x0002670B STAT -1 5 -11 22711.303 -41631.957 512.138 -0.079639 -0.095267 3.413758 0.9400 1158 22700.297 -41788.508 490.750 22837.117 -41587.215 1263.782 SetDressing\TelephonePoleSet\TP_04.nif
0x00185A40 0x000BFEA0 STAT -1 5 -11 23238.498 -43035.000 417.573 0.000000 0.000000 4.695376 1.0000 8 23236.320 -43162.980 417.573 23272.672 -42906.473 673.573 Architecture\Buildings\DecoKit\DecoBaseA1x1Wall01.nif
0x00185A43 0x000BFEA0 STAT -1 5 -11 22839.313 -42145.680 417.573 0.000000 0.000000 3.124579 1.0000 8 22710.787 -42147.855 417.573 22967.295 -42111.508 673.573 Architecture\Buildings\DecoKit\DecoBaseA1x1Wall01.nif
0x00185A44 0x000BFEA0 STAT -1 5 -11 22583.350 -42150.035 417.573 0.000000 0.000000 3.124579 1.0000 8 22454.824 -42152.211 417.573 22711.332 -42115.863 673.573 Architecture\Buildings\DecoKit\DecoBaseA1x1Wall01.nif
0x00185A45 0x000BFEA0 STAT -1 5 -11 22071.424 -42158.746 417.573 0.000000 0.000000 3.124579 1.0000 8 21942.898 -42160.922 417.573 22199.406 -42124.574 673.573 Architecture\Buildings\DecoKit\DecoBaseA1x1Wall01.nif
0x00185A46 0x000BFEA0 STAT -1 5 -11 22327.387 -42154.391 417.573 0.000000 0.000000 3.124579 1.0000 8 22198.861 -42156.566 417.573 22455.369 -42120.219 673.573 Architecture\Buildings\DecoKit\DecoBaseA1x1Wall01.nif
0x00185A47 0x000BFEA0 STAT -1 5 -11 21815.461 -42163.102 417.573 0.000000 0.000000 3.124579 1.0000 8 21686.936 -42165.277 417.573 21943.443 -42128.930 673.573 Architecture\Buildings\DecoKit\DecoBaseA1x1Wall01.nif
0x00185A48 0x001A8465 STAT -1 5 -11 23036.721 -42462.367 1089.573 0.000000 0.000000 1.553783 1.0000 2 22971.641 -42527.445 1089.573 23101.801 -42397.289 1089.573 Architecture\Buildings\DecoKit\DecoRoof1x1Str01Half01.nif
0x00185A4A 0x000A129F STAT -1 5 -11 22333.920 -42538.324 1089.573 0.000000 0.000000 4.695376 1.0000 4 22203.762 -42668.484 1057.573 22464.078 -42408.164 1089.573 Architecture\Buildings\DecoKit\DecoRoof1x1Str01Full01.nif
0x00185A4F 0x00034697 STAT -1 5 -11 20670.160 -42566.645 833.573 0.000000 0.000000 1.553782 1.0000 38 20619.990 -42695.441 1057.573 20672.338 -42438.664 1090.573 Architecture\Buildings\DecoKit\DecoRoofATrimA1x1Str01.nif
0x00185A50 0x00034697 STAT -1 5 -11 23229.588 -42523.285 833.573 0.000000 0.000000 4.695374 1.0000 38 23227.410 -42651.266 1057.573 23279.760 -42394.488 1090.573 Architecture\Buildings\DecoKit\DecoRoofATrimA1x1Str01.nif
0x00185A51 0x000A129F STAT -1 5 -11 21561.684 -42295.441 1089.573 0.000000 0.000000 4.695376 1.0000 4 21431.525 -42425.602 1057.573 21691.842 -42165.281 1089.573 Architecture\Buildings\DecoKit\DecoRoof1x1Str01Full01.nif
0x00185A52 0x000A129F STAT -1 5 -11 21566.031 -42551.410 1089.573 0.000000 0.000000 4.695376 1.0000 4 21435.873 -42681.570 1057.573 21696.189 -42421.250 1089.573 Architecture\Buildings\DecoKit\DecoRoof1x1Str01Full01.nif
0x00185A53 0x000A129F STAT -1 5 -11 21570.578 -42807.172 1089.573 0.000000 0.000000 4.695376 1.0000 4 21440.420 -42937.332 1057.573 21700.736 -42677.012 1089.573 Architecture\Buildings\DecoKit\DecoRoof1x1Str01Full01.nif
0x00185A54 0x000A129F STAT -1 5 -11 21574.932 -43063.141 1089.573 0.000000 0.000000 4.695376 1.0000 4 21444.773 -43193.301 1057.573 21705.090 -42932.980 1089.573 Architecture\Buildings\DecoKit\DecoRoof1x1Str01Full01.nif
0x00185A55 0x000A129F STAT -1 5 -11 21579.283 -43319.094 1089.573 0.000000 0.000000 4.695376 1.0000 4 21449.125 -43449.254 1057.573 21709.441 -43188.934 1089.573 Architecture\Buildings\DecoKit\DecoRoof1x1Str01Full01.nif
0x00185A56 0x000301F2 STAT -1 5 -11 21583.650 -43575.043 1089.573 0.000000 0.000000 4.695376 1.0000 2 21453.492 -43705.203 1089.573 21713.809 -43444.883 1089.573 Architecture\Buildings\DecoKit\DecoRoof1x1Str01.nif
0x00185A57 0x00034697 STAT -1 5 -11 21585.830 -43703.020 833.573 0.000000 0.000000 6.266171 1.0000 38 21457.848 -43753.191 1057.573 21714.629 -43700.840 1090.573 Architecture\Buildings\DecoKit\DecoRoofATrimA1x1Str01.nif
0x00185A58 0x00034697 STAT -1 5 -11 21559.496 -42167.461 833.573 0.000000 0.000000 3.124578 1.0000 38 21430.697 -42169.641 1057.573 21687.479 -42117.289 1090.573 Architecture\Buildings\DecoKit\DecoRoofATrimA1x1Str01.nif
0x00185A59 0x000A129F STAT -1 5 -11 21305.721 -42299.797 1089.573 0.000000 0.000000 4.695376 1.0000 4 21175.563 -42429.957 1057.573 21435.879 -42169.637 1089.573 Architecture\Buildings\DecoKit\DecoRoof1x1Str01Full01.nif
0x00185A5A 0x00034697 STAT -1 5 -11 21303.533 -42171.816 833.573 0.000000 0.000000 3.124578 1.0000 38 21174.734 -42173.996 1057.573 21431.516 -42121.645 1090.573 Architecture\Buildings\DecoKit\DecoRoofATrimA1x1Str01.nif
0x00185A5E 0x000A129F STAT -1 5 -11 21323.320 -43323.449 1089.573 0.000000 0.000000 4.695376 1.0000 4 21193.162 -43453.609 1057.573 21453.479 -43193.289 1089.573 Architecture\Buildings\DecoKit\DecoRoof1x1Str01Full01.nif
0x00185A5F 0x000301F2 STAT -1 5 -11 21327.688 -43579.398 1089.573 0.000000 0.000000 4.695376 1.0000 2 21197.529 -43709.559 1089.573 21457.846 -43449.238 1089.573 Architecture\Buildings\DecoKit\DecoRoof1x1Str01.nif
0x00185A60 0x00034697 STAT -1 5 -11 21329.867 -43707.375 833.573 0.000000 0.000000 6.266171 1.0000 38 21201.885 -43757.547 1057.573 21458.666 -43705.195 1090.573 Architecture\Buildings\DecoKit\DecoRoofATrimA1x1Str01.nif
0x00185A61 0x000A129F STAT -1 5 -11 21049.758 -42304.152 1089.573 0.000000 0.000000 4.695376 1.0000 4 20919.600 -42434.313 1057.573 21179.916 -42173.992 1089.573 Architecture\Buildings\DecoKit\DecoRoof1x1Str01Full01.nif
0x00185A62 0x00034697 STAT -1 5 -11 21047.570 -42176.172 833.573 0.000000 0.000000 3.124578 1.0000 38 20918.771 -42178.352 1057.573 21175.553 -42126.000 1090.573 Architecture\Buildings\DecoKit\DecoRoofATrimA1x1Str01.nif
0x00185A66 0x000A129F STAT -1 5 -11 21067.357 -43327.805 1089.573 0.000000 0.000000 4.695376 1.0000 4 20937.199 -43457.965 1057.573 21197.516 -43197.645 1089.573 Architecture\Buildings\DecoKit\DecoRoof1x1Str01Full01.nif
0x00185A67 0x000301F2 STAT -1 5 -11 21071.725 -43583.754 1089.573 0.000000 0.000000 4.695376 1.0000 2 20941.566 -43713.914 1089.573 21201.883 -43453.594 1089.573 Architecture\Buildings\DecoKit\DecoRoof1x1Str01.nif
0x00185A68 0x00034697 STAT -1 5 -11 21073.904 -43711.730 833.573 0.000000 0.000000 6.266171 1.0000 38 20945.922 -43761.902 1057.573 21202.703 -43709.551 1090.573 Architecture\Buildings\DecoKit\DecoRoofATrimA1x1Str01.nif
0x00185A69 0x00035E47 STAT -1 5 -11 21440.051 -42201.492 945.573 0.000000 0.000000 3.124578 1.0000 2 21311.797 -42187.672 945.573 21567.760 -42183.316 1073.573 Architecture\Buildings\DecoKit\DecoMainA1x1Wall01Half01.nif
0x00185A6A 0x00035E47 STAT -1 5 -11 21440.051 -42201.492 945.573 0.000000 0.000000 6.266172 1.0000 2 21312.342 -42219.668 945.573 21568.305 -42215.313 1073.573 Architecture\Buildings\DecoKit\DecoMainA1x1Wall01Half01.nif
0x00185A6B 0x00035E47 STAT -1 5 -11 21184.088 -42205.848 945.573 0.000000 0.000000 3.124578 1.0000 2 21055.834 -42192.027 945.573 21311.797 -42187.672 1073.573 Architecture\Buildings\DecoKit\DecoMainA1x1Wall01Half01.nif
0x00185A6C 0x00035E47 STAT -1 5 -11 21184.088 -42205.848 945.573 0.000000 0.000000 6.266172 1.0000 2 21056.379 -42224.023 945.573 21312.342 -42219.668 1073.573 Architecture\Buildings\DecoKit\DecoMainA1x1Wall01Half01.nif
0x00185A6D 0x0018481D STAT -1 5 -11 20928.125 -42210.203 945.573 0.000000 0.000000 3.124578 1.0000 12 20799.871 -42212.379 945.573 21056.107 -42192.027 1073.573 architecture\buildings\decokit\DecoMainA1x1Wall01Half01Full01.nif
0x00185A6E 0x0018481D STAT -1 5 -11 20928.125 -42210.203 945.573 0.000000 0.000000 6.266172 1.0000 12 20800.143 -42228.379 945.573 21056.379 -42208.027 1073.573 architecture\buildings\decokit\DecoMainA1x1Wall01Half01Full01.nif
0x00185A6F 0x000BFEA0 STAT -1 5 -11 20670.160 -42566.645 417.573 0.000000 0.000000 1.553783 1.0000 8 20635.986 -42695.172 417.573 20672.338 -42438.664 673.573 Architecture\Buildings\DecoKit\DecoBaseA1x1Wall01.nif
0x00185A70 0x000BFEA0 STAT -1 5 -11 22865.445 -43681.457 417.573 0.000000 0.000000 6.266171 1.0000 8 22737.463 -43715.629 417.573 22993.971 -43679.281 673.573 Architecture\Buildings\DecoKit\DecoBaseA1x1Wall01.nif
0x00185A71 0x000FCE4D STAT -1 5 -11 21073.891 -43711.727 929.573 0.000000 0.000000 6.266172 1.0000 12 20945.908 -43729.902 929.573 21202.145 -43709.551 1185.573 Architecture\Buildings\DecoKit\DecoMainA1x1Wall01Full01.nif
0x00185A72 0x000FCE4D STAT -1 5 -11 20817.926 -43716.094 929.573 0.000000 0.000000 6.266172 1.0000 12 20689.943 -43734.270 929.573 20946.180 -43713.918 1185.573 Architecture\Buildings\DecoKit\DecoMainA1x1Wall01Full01.nif
0x00185A73 0x000FCE4D STAT -1 5 -11 21329.859 -43707.383 929.573 0.000000 0.000000 6.266172 1.0000 12 21201.877 -43725.559 929.573 21458.113 -43705.207 1185.573 Architecture\Buildings\DecoKit\DecoMainA1x1Wall01Full01.nif
0x00185A74 0x000FCE4D STAT -1 5 -11 20687.764 -43590.285 929.573 0.000000 0.000000 1.553784 1.0000 12 20669.588 -43718.539 929.573 20689.941 -43462.305 1185.573 Architecture\Buildings\DecoKit\DecoMainA1x1Wall01Full01.nif
0x00185A75 0x000FCE4D STAT -1 5 -11 20813.566 -43460.125 929.573 0.000000 0.000000 3.124578 1.0000 12 20685.313 -43462.301 929.573 20941.549 -43441.949 1185.573 Architecture\Buildings\DecoKit\DecoMainA1x1Wall01Full01.nif
0x00185A76 0x000FCE4D STAT -1 5 -11 21069.531 -43455.770 929.573 0.000000 0.000000 3.124578 1.0000 12 20941.277 -43457.945 929.573 21197.514 -43437.594 1185.573 Architecture\Buildings\DecoKit\DecoMainA1x1Wall01Full01.nif
0x00185A77 0x000FCE4D STAT -1 5 -11 21325.496 -43451.410 929.573 0.000000 0.000000 3.124578 1.0000 12 21197.242 -43453.586 929.573 21453.479 -43433.234 1185.573 Architecture\Buildings\DecoKit\DecoMainA1x1Wall01Full01.nif
0x00185A79 0x00030F8E STAT -1 5 -11 21172.186 -41614.949 682.424 0.000000 0.000000 3.083195 1.0000 117 20966.953 -41732.289 618.799 21179.506 -41538.023 682.424 Landscape\Sidewalks\SWEndCap01b.nif
0x00185A7A 0x00030F8E STAT -1 5 -11 21957.662 -42086.465 672.271 0.000000 0.000000 6.259789 1.0000 117 21953.889 -42167.703 608.646 22163.063 -41974.113 672.271 Landscape\Sidewalks\SWEndCap01b.nif
0x00185A7B 0x00030F3F STAT -1 5 -11 21619.422 -41588.801 682.424 0.000000 0.000000 6.224788 1.0000 151 21296.232 -41710.672 664.267 21946.297 -41506.234 683.483 Landscape\Sidewalks\SWCurb5x1Str01.nif
0x00185A7C 0x00030F3F STAT -1 5 -11 21509.779 -42096.980 672.271 0.000000 0.000000 3.118195 1.0000 151 21185.992 -42168.449 654.115 21831.189 -41986.035 673.331 Landscape\Sidewalks\SWCurb5x1Str01.nif
0x00185A7D 0x0002FFDF STAT -1 5 -11 21893.674 -42088.000 672.271 0.000000 0.000000 3.118195 1.0000 32 21825.941 -42153.480 654.287 21959.154 -41983.016 672.271 Landscape\Sidewalks\SWCurb1x1Str02.nif
0x00185A7E 0x0002FFDF STAT -1 5 -11 21236.076 -41611.215 682.424 0.000000 0.000000 6.224788 1.0000 32 21168.449 -41718.219 664.439 21307.264 -41543.590 682.424 Landscape\Sidewalks\SWCurb1x1Str02.nif
0x00185A80 0x00030FBC STAT -1 5 -11 21189.865 -42104.477 672.271 0.000000 0.000000 6.259789 1.0000 129 20976.035 -42172.664 598.584 21191.363 -42001.020 672.271 Landscape\Sidewalks\SWEndCap01a.nif
0x00185A81 0x00030FBC STAT -1 5 -11 21938.877 -41570.121 682.424 0.000000 0.000000 3.083195 1.0000 129 21935.143 -41673.320 608.736 22153.357 -41496.117 682.424 Landscape\Sidewalks\SWEndCap01a.nif
0x00185A83 0x00030F8E STAT -1 5 -11 21045.637 -42105.008 662.262 -0.007573 -0.024992 6.247796 1.0000 117 21040.248 -42184.328 595.054 21249.346 -41990.430 661.721 Landscape\Sidewalks\SWEndCap01b.nif
0x00185A84 0x00030F3F STAT -1 5 -11 20565.219 -41650.484 686.936 -0.006998 -0.024999 6.224788 1.0000 151 20241.730 -41772.297 660.975 20891.846 -41567.750 695.378 Landscape\Sidewalks\SWCurb5x1Str01.nif
0x00185A86 0x0002FFDF STAT -1 5 -11 20981.697 -42107.281 663.843 -0.007573 -0.024992 3.106203 1.0000 32 20912.393 -42173.516 645.023 21047.900 -42001.445 664.883 Landscape\Sidewalks\SWCurb1x1Str02.nif
0x00185A8A 0x00030FBC STAT -1 5 -11 20884.572 -41631.762 693.278 0.000000 -0.024999 3.083195 1.0000 129 20880.438 -41734.961 617.934 21097.270 -41557.758 693.371 Landscape\Sidewalks\SWEndCap01a.nif
0x00185A85 0x00030F3F STAT -1 5 -11 20598.057 -42120.953 673.330 -0.007573 -0.024992 3.106203 1.0000 151 20272.838 -42196.293 648.888 20920.021 -42006.070 682.950 Landscape\Sidewalks\SWCurb5x1Str01.nif
0x00185A8B 0x00051488 STAT -1 5 -11 23119.221 -43549.121 673.573 0.000000 0.000000 4.695376 1.0000 134 23245.025 -43674.926 673.573 23273.377 -43418.555 929.573 Architecture\Buildings\DecoKit\DecoLobbyB1x1Win02Full01.nif
0x00185A8E 0x00051487 STAT -1 5 -11 23114.457 -43269.164 673.573 0.000000 0.000000 6.266172 1.0000 18 22988.652 -43423.320 673.573 23245.023 -43394.969 929.573 Architecture\Buildings\DecoKit\DecoLobbyB1x1Wall02Full01.nif
0x00185A8F 0x00107E4B STAT -1 5 -11 22858.494 -43273.520 673.573 0.000000 0.000000 6.266172 1.0000 100 22732.689 -43427.676 673.573 22989.061 -43399.324 929.573 Architecture\Buildings\DecoKit\DecoLobbyB1x1DoorSingle01Full01.nif
0x00185A90 0x00051487 STAT -1 5 -11 22346.568 -43282.230 673.573 0.000000 0.000000 6.266172 1.0000 18 22220.764 -43436.387 673.573 22477.135 -43408.035 929.573 Architecture\Buildings\DecoKit\DecoLobbyB1x1Wall02Full01.nif
0x00185A91 0x00051487 STAT -1 5 -11 21322.711 -43299.672 673.573 0.000000 0.000000 6.266172 1.0000 18 21196.906 -43453.828 673.573 21453.277 -43425.477 929.573 Architecture\Buildings\DecoKit\DecoLobbyB1x1Wall02Full01.nif
0x00185A92 0x00051487 STAT -1 5 -11 21834.643 -43290.941 673.573 0.000000 0.000000 6.266172 1.0000 18 21708.838 -43445.098 673.573 21965.209 -43416.746 929.573 Architecture\Buildings\DecoKit\DecoLobbyB1x1Wall02Full01.nif
0x00185A94 0x00051487 STAT -1 5 -11 20810.791 -43308.359 673.573 0.000000 0.000000 6.266172 1.0000 18 20684.986 -43462.516 673.573 20941.357 -43434.164 929.573 Architecture\Buildings\DecoKit\DecoLobbyB1x1Wall02Full01.nif
0x00185A95 0x00107E4B STAT -1 5 -11 21066.754 -43304.008 673.573 0.000000 0.000000 6.266172 1.0000 100 20940.949 -43458.164 673.573 21197.320 -43429.813 929.573 Architecture\Buildings\DecoKit\DecoLobbyB1x1DoorSingle01Full01.nif
0x00185A96 0x0018481D STAT -1 5 -11 23247.201 -43546.941 929.573 0.000000 0.000000 4.695375 1.0000 12 23245.023 -43674.922 929.573 23265.377 -43418.688 1057.573 architecture\buildings\decokit\DecoMainA1x1Wall01Half01Full01.nif
0x00185A97 0x002041B8 STAT -1 5 -11 21503.578 -42408.379 683.004 0.000000 0.000000 3.024579 1.0000 29100 20975.766 -42585.754 666.316 21971.414 -42212.434 955.754 Vehicles\Automotive\Bus01.nif
0x00185A99 0x00051487 STAT -1 5 -11 20815.555 -43588.320 673.573 0.000000 0.000000 6.266172 1.0000 18 20689.750 -43742.477 673.573 20946.121 -43714.125 929.573 Architecture\Buildings\DecoKit\DecoLobbyB1x1Wall02Full01.nif
0x00185A9A 0x00051488 STAT -1 5 -11 21071.518 -43583.965 673.573 0.000000 0.000000 6.266172 1.0000 134 20945.713 -43738.121 673.573 21202.084 -43709.770 929.573 Architecture\Buildings\DecoKit\DecoLobbyB1x1Win02Full01.nif
0x00185A9B 0x00051487 STAT -1 5 -11 21327.480 -43579.609 673.573 0.000000 0.000000 6.266172 1.0000 18 21201.676 -43733.766 673.573 21458.047 -43705.414 929.573 Architecture\Buildings\DecoKit\DecoLobbyB1x1Wall02Full01.nif
0x00185A9C 0x00051488 STAT -1 5 -11 21583.443 -43575.254 673.573 0.000000 0.000000 6.266172 1.0000 134 21457.639 -43729.410 673.573 21714.010 -43701.059 929.573 Architecture\Buildings\DecoKit\DecoLobbyB1x1Win02Full01.nif
0x00185A9E 0x00051488 STAT -1 5 -11 22607.295 -43557.836 673.573 0.000000 0.000000 6.266172 1.0000 134 22481.490 -43711.992 673.573 22737.861 -43683.641 929.573 Architecture\Buildings\DecoKit\DecoLobbyB1x1Win02Full01.nif
0x00185A9F 0x00051487 STAT -1 5 -11 22351.332 -43562.188 673.573 0.000000 0.000000 6.266172 1.0000 18 22225.527 -43716.344 673.573 22481.898 -43687.992 929.573 Architecture\Buildings\DecoKit\DecoLobbyB1x1Wall02Full01.nif
0x00185AA0 0x00051488 STAT -1 5 -11 22095.369 -43566.543 673.573 0.000000 0.000000 6.266172 1.0000 134 21969.564 -43720.699 673.573 22225.936 -43692.348 929.573 Architecture\Buildings\DecoKit\DecoLobbyB1x1Win02Full01.nif
0x00185AA1 0x00051487 STAT -1 5 -11 21839.406 -43570.902 673.573 0.000000 0.000000 6.266172 1.0000 18 21713.602 -43725.059 673.573 21969.973 -43696.707 929.573 Architecture\Buildings\DecoKit\DecoLobbyB1x1Wall02Full01.nif
0x00185AA2 0x00051488 STAT -1 5 -11 23119.221 -43549.121 673.573 0.000000 0.000000 6.266172 1.0000 134 22993.416 -43703.277 673.573 23249.787 -43674.926 929.573 Architecture\Buildings\DecoKit\DecoLobbyB1x1Win02Full01.nif
0x00185AA3 0x00051487 STAT -1 5 -11 22863.258 -43553.480 673.573 0.000000 0.000000 6.266172 1.0000 18 22737.453 -43707.637 673.573 22993.824 -43679.285 929.573 Architecture\Buildings\DecoKit\DecoLobbyB1x1Wall02Full01.nif
0x00185AA4 0x00030E21 STAT -1 5 -11 22975.967 -42183.359 673.573 0.000000 0.000000 3.124580 1.0000 40 22847.555 -42184.203 673.573 23103.926 -42155.855 929.573 Architecture\Buildings\DecoKit\DecoLobbyB1x1Wall03.nif
0x00185AAC 0x00051488 STAT -1 5 -11 20535.594 -43593.086 673.573 0.000000 0.000000 4.695376 1.0000 134 20661.398 -43718.891 673.573 20689.750 -43462.520 929.573 Architecture\Buildings\DecoKit\DecoLobbyB1x1Win02Full01.nif
0x00185AAD 0x00057D37 STAT -1 5 -11 22863.063 -43553.660 1073.573 0.000000 0.000000 3.124579 1.0000 36 22732.904 -43683.820 1041.573 22993.221 -43423.500 1073.573 Architecture\Buildings\Shell\BldgShellFloorConcrete01Full.nif
0x00185AAE 0x00057D37 STAT -1 5 -11 23119.033 -43549.324 1073.573 0.000000 0.000000 3.124579 1.0000 36 22988.875 -43679.484 1041.573 23249.191 -43419.164 1073.573 Architecture\Buildings\Shell\BldgShellFloorConcrete01Full.nif
0x00185AAF 0x00057D37 STAT -1 5 -11 22607.094 -43558.000 1073.573 0.000000 0.000000 3.124579 1.0000 36 22476.936 -43688.160 1041.573 22737.252 -43427.840 1073.573 Architecture\Buildings\Shell\BldgShellFloorConcrete01Full.nif
0x00185AB0 0x00057D37 STAT -1 5 -11 22351.141 -43562.371 1073.573 0.000000 0.000000 3.124579 1.0000 36 22220.982 -43692.531 1041.573 22481.299 -43432.211 1073.573 Architecture\Buildings\Shell\BldgShellFloorConcrete01Full.nif
0x00185AB1 0x00057D37 STAT -1 5 -11 21839.211 -43571.082 1073.573 0.000000 0.000000 3.124579 1.0000 36 21709.053 -43701.242 1041.573 21969.369 -43440.922 1073.573 Architecture\Buildings\Shell\BldgShellFloorConcrete01Full.nif
0x00185AB2 0x00057D37 STAT -1 5 -11 22095.182 -43566.746 1073.573 0.000000 0.000000 3.124579 1.0000 36 21965.023 -43696.906 1041.573 22225.340 -43436.586 1073.573 Architecture\Buildings\Shell\BldgShellFloorConcrete01Full.nif
0x00185AB3 0x00057D37 STAT -1 5 -11 21583.242 -43575.422 1073.573 0.000000 0.000000 3.124579 1.0000 36 21453.084 -43705.582 1041.573 21713.400 -43445.262 1073.573 Architecture\Buildings\Shell\BldgShellFloorConcrete01Full.nif
0x00185AB4 0x00057D37 STAT -1 5 -11 21327.289 -43579.793 1073.573 0.000000 0.000000 3.124579 1.0000 36 21197.131 -43709.953 1041.573 21457.447 -43449.633 1073.573 Architecture\Buildings\Shell\BldgShellFloorConcrete01Full.nif
0x00185AB5 0x00057D37 STAT -1 5 -11 20815.371 -43588.520 1073.573 0.000000 0.000000 3.124579 1.0000 36 20685.213 -43718.680 1041.573 20945.529 -43458.359 1073.573 Architecture\Buildings\Shell\BldgShellFloorConcrete01Full.nif
0x00185AB6 0x00057D37 STAT -1 5 -11 21071.324 -43584.148 1073.573 0.000000 0.000000 3.124579 1.0000 36 20941.166 -43714.309 1041.573 21201.482 -43453.988 1073.573 Architecture\Buildings\Shell\BldgShellFloorConcrete01Full.nif
0x00185AB7 0x00030F06 STAT -1 5 -11 22975.832 -42175.359 705.573 0.000000 0.000000 3.124579 1.0000 40 22847.193 -42177.535 929.573 23103.814 -42134.531 963.573 Architecture\Buildings\DecoKit\DecoLobbyBTrim1x1Str01.nif
0x00185AB8 0x00030BDD STAT -1 5 -11 22602.939 -43301.867 673.573 0.000000 0.000000 6.266172 1.0000 172 22476.727 -43456.023 673.573 22733.506 -43403.676 929.573 Architecture\Buildings\DecoKit\DecoLobbyB1x1OpenFull01.nif
0x00185AB9 0x00030BDD STAT -1 5 -11 21579.088 -43319.289 673.573 0.000000 0.000000 6.266172 1.0000 172 21452.875 -43473.445 673.573 21709.654 -43421.098 929.573 Architecture\Buildings\DecoKit\DecoLobbyB1x1OpenFull01.nif
0x00185ABA 0x000316BC STAT -1 5 -11 23103.813 -42173.180 705.573 0.000000 0.000000 3.124579 1.0000 48 23103.154 -42173.180 929.573 23142.463 -42134.527 963.573 Architecture\Buildings\DecoKit\DecoLobbyBTrim1x1Cor02.nif
0x00185ABB 0x000316BC STAT -1 5 -11 23103.813 -42173.180 705.573 0.000000 0.000000 4.695376 1.0000 48 23103.813 -42211.832 929.573 23142.463 -42172.523 963.573 Architecture\Buildings\DecoKit\DecoLobbyBTrim1x1Cor02.nif
0x00185ABC 0x00030F06 STAT -1 5 -11 22975.832 -42175.359 705.573 0.000000 0.000000 6.266172 1.0000 40 22847.850 -42216.188 929.573 23104.471 -42173.184 963.573 Architecture\Buildings\DecoKit\DecoLobbyBTrim1x1Str01.nif
0x00185ABD 0x00030F06 STAT -1 5 -11 22463.902 -42184.070 705.573 0.000000 0.000000 3.124579 1.0000 40 22335.264 -42186.246 929.573 22591.885 -42143.242 963.573 Architecture\Buildings\DecoKit\DecoLobbyBTrim1x1Str01.nif
0x00185ABE 0x00030F06 STAT -1 5 -11 22463.902 -42184.070 705.573 0.000000 0.000000 6.266172 1.0000 40 22335.920 -42224.898 929.573 22592.541 -42181.895 963.573 Architecture\Buildings\DecoKit\DecoLobbyBTrim1x1Str01.nif
0x00185ABF 0x00030F06 STAT -1 5 -11 21951.977 -42192.781 705.573 0.000000 0.000000 3.124579 1.0000 40 21823.338 -42194.957 929.573 22079.959 -42151.953 963.573 Architecture\Buildings\DecoKit\DecoLobbyBTrim1x1Str01.nif
0x00185AC0 0x00030F06 STAT -1 5 -11 21951.977 -42192.781 705.573 0.000000 0.000000 6.266172 1.0000 40 21823.994 -42233.609 929.573 22080.615 -42190.605 963.573 Architecture\Buildings\DecoKit\DecoLobbyBTrim1x1Str01.nif
0x00185AC1 0x00030F06 STAT -1 5 -11 22207.939 -42188.426 705.573 0.000000 0.000000 3.124579 1.0000 40 22079.301 -42190.602 929.573 22335.922 -42147.598 963.573 Architecture\Buildings\DecoKit\DecoLobbyBTrim1x1Str01.nif
0x00185AC2 0x00030F06 STAT -1 5 -11 22207.939 -42188.426 705.573 0.000000 0.000000 6.266172 1.0000 40 22079.957 -42229.254 929.573 22336.578 -42186.250 963.573 Architecture\Buildings\DecoKit\DecoLobbyBTrim1x1Str01.nif
0x00185AC3 0x00030F06 STAT -1 5 -11 21440.051 -42201.492 705.573 0.000000 0.000000 3.124579 1.0000 40 21311.412 -42203.668 929.573 21568.033 -42160.664 963.573 Architecture\Buildings\DecoKit\DecoLobbyBTrim1x1Str01.nif
0x00185AC4 0x00030F06 STAT -1 5 -11 21440.051 -42201.492 705.573 0.000000 0.000000 6.266172 1.0000 40 21312.068 -42242.320 929.573 21568.689 -42199.316 963.573 Architecture\Buildings\DecoKit\DecoLobbyBTrim1x1Str01.nif
0x00185AC5 0x00030F06 STAT -1 5 -11 21696.014 -42197.137 705.573 0.000000 0.000000 3.124579 1.0000 40 21567.375 -42199.313 929.573 21823.996 -42156.309 963.573 Architecture\Buildings\DecoKit\DecoLobbyBTrim1x1Str01.nif
0x00185AC6 0x00030F06 STAT -1 5 -11 21696.014 -42197.137 705.573 0.000000 0.000000 6.266172 1.0000 40 21568.031 -42237.965 929.573 21824.652 -42194.961 963.573 Architecture\Buildings\DecoKit\DecoLobbyBTrim1x1Str01.nif
0x00185AC7 0x00030F06 STAT -1 5 -11 20928.125 -42210.199 705.573 0.000000 0.000000 3.124579 1.0000 40 20799.486 -42212.375 929.573 21056.107 -42169.371 963.573 Architecture\Buildings\DecoKit\DecoLobbyBTrim1x1Str01.nif
0x00185AC8 0x00030F06 STAT -1 5 -11 21048.107 -42208.160 705.573 0.000000 0.000000 6.266172 1.0000 40 20920.125 -42248.988 929.573 21176.746 -42205.984 963.573 Architecture\Buildings\DecoKit\DecoLobbyBTrim1x1Str01.nif
0x00185AC9 0x00030F06 STAT -1 5 -11 21184.088 -42205.844 705.573 0.000000 0.000000 3.124579 1.0000 40 21055.449 -42208.020 929.573 21312.070 -42165.016 963.573 Architecture\Buildings\DecoKit\DecoLobbyBTrim1x1Str01.nif
0x00185ACA 0x00030F06 STAT -1 5 -11 21184.088 -42205.844 705.573 0.000000 0.000000 6.266172 1.0000 40 21056.105 -42246.672 929.573 21312.727 -42203.668 963.573 Architecture\Buildings\DecoKit\DecoLobbyBTrim1x1Str01.nif
0x00185ACB 0x000316BC STAT -1 5 -11 20800.143 -42212.379 705.573 0.000000 0.000000 1.553784 1.0000 48 20761.492 -42213.035 929.573 20800.143 -42173.727 963.573 Architecture\Buildings\DecoKit\DecoLobbyBTrim1x1Cor02.nif
0x00185ACC 0x000316BC STAT -1 5 -11 20800.143 -42212.379 705.573 0.000000 0.000000 6.266172 1.0000 48 20761.492 -42251.031 929.573 20800.801 -42212.379 963.573 Architecture\Buildings\DecoKit\DecoLobbyBTrim1x1Cor02.nif
0x00185ACF 0x00030F06 STAT -1 5 -11 20928.125 -42210.199 705.573 0.000000 0.000000 6.266172 1.0000 40 20800.143 -42251.027 929.573 21056.764 -42208.023 963.573 Architecture\Buildings\DecoKit\DecoLobbyBTrim1x1Str01.nif
0x00185AD0 0x00030F06 STAT -1 5 -11 20817.732 -43716.301 705.573 0.000000 0.000000 6.266173 1.0000 40 20689.750 -43757.129 929.573 20946.371 -43714.125 963.573 Architecture\Buildings\DecoKit\DecoLobbyBTrim1x1Str01.nif
0x00185AD1 0x000316BC STAT -1 5 -11 20689.750 -43718.480 705.573 0.000000 0.000000 6.266173 1.0000 48 20651.100 -43757.133 929.573 20690.408 -43718.480 963.573 Architecture\Buildings\DecoKit\DecoLobbyBTrim1x1Cor02.nif
0x00185AD2 0x000346A8 STAT -1 5 -11 20685.395 -43462.516 705.573 0.000000 0.000000 1.553783 1.0000 104 20646.744 -43719.137 929.573 20941.357 -43419.512 963.573 Architecture\Buildings\DecoKit\DecoLobbyBTrim1x1Cor03.nif
0x00185AD3 0x00030F06 STAT -1 5 -11 21069.340 -43455.984 705.573 0.000000 0.000000 3.124580 1.0000 40 20940.701 -43458.160 929.573 21197.322 -43415.156 963.573 Architecture\Buildings\DecoKit\DecoLobbyBTrim1x1Str01.nif
0x00185AD4 0x00030F06 STAT -1 5 -11 21325.303 -43451.629 705.573 0.000000 0.000000 3.124580 1.0000 40 21196.664 -43453.805 929.573 21453.285 -43410.801 963.573 Architecture\Buildings\DecoKit\DecoLobbyBTrim1x1Str01.nif
0x00185AD5 0x00030F06 STAT -1 5 -11 21837.229 -43442.918 705.573 0.000000 0.000000 3.124580 1.0000 40 21708.590 -43445.094 929.573 21965.211 -43402.090 963.573 Architecture\Buildings\DecoKit\DecoLobbyBTrim1x1Str01.nif
0x00185AD6 0x00030F06 STAT -1 5 -11 21581.266 -43447.273 705.573 0.000000 0.000000 3.124580 1.0000 40 21452.627 -43449.449 929.573 21709.248 -43406.445 963.573 Architecture\Buildings\DecoKit\DecoLobbyBTrim1x1Str01.nif
0x00185AD7 0x00030F06 STAT -1 5 -11 22605.117 -43429.852 705.573 0.000000 0.000000 3.124580 1.0000 40 22476.479 -43432.027 929.573 22733.100 -43389.023 963.573 Architecture\Buildings\DecoKit\DecoLobbyBTrim1x1Str01.nif
0x00185AD8 0x00030F06 STAT -1 5 -11 22861.080 -43425.496 705.573 0.000000 0.000000 3.124580 1.0000 40 22732.441 -43427.672 929.573 22989.063 -43384.668 963.573 Architecture\Buildings\DecoKit\DecoLobbyBTrim1x1Str01.nif
0x00185AD9 0x00030F06 STAT -1 5 -11 22349.154 -43434.207 705.573 0.000000 0.000000 3.124580 1.0000 40 22220.516 -43436.383 929.573 22477.137 -43393.379 963.573 Architecture\Buildings\DecoKit\DecoLobbyBTrim1x1Str01.nif
0x00185ADA 0x00030F06 STAT -1 5 -11 22093.191 -43438.563 705.573 0.000000 0.000000 3.124580 1.0000 40 21964.553 -43440.738 929.573 22221.174 -43397.734 963.573 Architecture\Buildings\DecoKit\DecoLobbyBTrim1x1Str01.nif
0x00185ADB 0x00030F06 STAT -1 5 -11 23117.043 -43421.141 705.573 0.000000 0.000000 3.124580 1.0000 40 22988.404 -43423.316 929.573 23245.025 -43380.313 963.573 Architecture\Buildings\DecoKit\DecoLobbyBTrim1x1Str01.nif
0x00185ADC 0x000316BC STAT -1 5 -11 23245.023 -43418.965 705.573 0.000000 0.000000 3.124580 1.0000 48 23244.365 -43418.965 929.573 23283.674 -43380.313 963.573 Architecture\Buildings\DecoKit\DecoLobbyBTrim1x1Cor02.nif
0x00185ADD 0x000346A8 STAT -1 5 -11 23249.379 -43674.926 705.573 0.000000 0.000000 4.695376 1.0000 104 22993.416 -43717.930 929.573 23288.029 -43418.305 963.573 Architecture\Buildings\DecoKit\DecoLobbyBTrim1x1Cor03.nif
0x00185ADE 0x00030F06 STAT -1 5 -11 20817.727 -43716.301 705.573 0.000000 0.000000 6.266173 1.0000 40 20689.744 -43757.129 929.573 20946.365 -43714.125 963.573 Architecture\Buildings\DecoKit\DecoLobbyBTrim1x1Str01.nif
0x00185ADF 0x00030F06 STAT -1 5 -11 21073.691 -43711.945 705.573 0.000000 0.000000 6.266173 1.0000 40 20945.709 -43752.773 929.573 21202.330 -43709.770 963.573 Architecture\Buildings\DecoKit\DecoLobbyBTrim1x1Str01.nif
0x00185AE0 0x00030F06 STAT -1 5 -11 21329.656 -43707.590 705.573 0.000000 0.000000 6.266173 1.0000 40 21201.674 -43748.418 929.573 21458.295 -43705.414 963.573 Architecture\Buildings\DecoKit\DecoLobbyBTrim1x1Str01.nif
0x00185AE1 0x00030F06 STAT -1 5 -11 21585.619 -43703.238 705.573 0.000000 0.000000 6.266173 1.0000 40 21457.637 -43744.066 929.573 21714.258 -43701.063 963.573 Architecture\Buildings\DecoKit\DecoLobbyBTrim1x1Str01.nif
0x00185AE2 0x00030F06 STAT -1 5 -11 21841.578 -43698.879 705.573 0.000000 0.000000 6.266173 1.0000 40 21713.596 -43739.707 929.573 21970.217 -43696.703 963.573 Architecture\Buildings\DecoKit\DecoLobbyBTrim1x1Str01.nif
0x00185AE3 0x00030F06 STAT -1 5 -11 22097.543 -43694.523 705.573 0.000000 0.000000 6.266173 1.0000 40 21969.561 -43735.352 929.573 22226.182 -43692.348 963.573 Architecture\Buildings\DecoKit\DecoLobbyBTrim1x1Str01.nif
0x00185AE4 0x00030F06 STAT -1 5 -11 22353.504 -43690.168 705.573 0.000000 0.000000 6.266173 1.0000 40 22225.521 -43730.996 929.573 22482.143 -43687.992 963.573 Architecture\Buildings\DecoKit\DecoLobbyBTrim1x1Str01.nif
0x00185AE5 0x00030F06 STAT -1 5 -11 22609.469 -43685.813 705.573 0.000000 0.000000 6.266173 1.0000 40 22481.486 -43726.641 929.573 22738.107 -43683.637 963.573 Architecture\Buildings\DecoKit\DecoLobbyBTrim1x1Str01.nif
0x00185AE6 0x00030F06 STAT -1 5 -11 22865.430 -43681.461 705.573 0.000000 0.000000 6.266173 1.0000 40 22737.447 -43722.289 929.573 22994.068 -43679.285 963.573 Architecture\Buildings\DecoKit\DecoLobbyBTrim1x1Str01.nif
0x00185AE8 0x000B20B4 STAT -1 5 -11 22971.650 -42399.465 673.573 0.000000 0.000000 3.124578 1.0000 70 22710.379 -42651.070 417.573 23287.961 -42082.203 673.573 Architecture\ParkingGarage\PGarageFound2x2Cor01.nif
0x00185AE9 0x000B20AE STAT -1 5 -11 22980.361 -42911.391 673.573 0.000000 0.000000 4.695375 1.0000 26 23231.969 -43163.000 417.573 23296.672 -42650.121 674.573 Architecture\ParkingGarage\PGarageFound1x2Str01.nif
0x00185AEA 0x000B2009 STAT -1 5 -11 22982.539 -43039.371 673.573 0.000000 0.000000 3.124578 1.0000 2 22724.398 -43171.707 673.573 23240.680 -42907.035 673.573 Architecture\ParkingGarage\PGarageInFloor1x2Str01.nif
0x00185AEB 0x000B2009 STAT -1 5 -11 22986.895 -43295.336 673.573 0.000000 0.000000 3.124578 1.0000 2 22728.754 -43427.672 673.573 23245.035 -43163.000 673.573 Architecture\ParkingGarage\PGarageInFloor1x2Str01.nif
0x00185AEC 0x000B20AE STAT -1 5 -11 22472.453 -43294.355 672.345 0.000000 0.000000 3.124579 1.0000 26 22211.182 -43042.746 416.345 22724.061 -42978.047 673.345 Architecture\ParkingGarage\PGarageFound1x2Str01.nif
0x00185AED 0x000B20AE STAT -1 5 -11 22457.273 -42264.199 670.862 0.000000 0.000000 6.266171 1.0000 26 22205.666 -42580.508 414.862 22718.545 -42515.809 671.862 Architecture\ParkingGarage\PGarageFound1x2Str01.nif
0x00185AEE 0x000B2009 STAT -1 5 -11 22973.828 -42527.445 673.573 0.000000 0.000000 3.124578 1.0000 2 22715.688 -42659.781 673.573 23231.969 -42395.109 673.573 Architecture\ParkingGarage\PGarageInFloor1x2Str01.nif
0x00185AEF 0x000B2009 STAT -1 5 -11 22978.184 -42783.410 673.573 0.000000 0.000000 3.124578 1.0000 2 22720.043 -42915.746 673.573 23236.324 -42651.074 673.573 Architecture\ParkingGarage\PGarageInFloor1x2Str01.nif
0x00185AF0 0x000B20B4 STAT -1 5 -11 22989.072 -43423.316 673.573 0.000000 0.000000 4.695374 1.0000 70 22737.465 -43739.625 417.573 23306.336 -43162.047 673.573 Architecture\ParkingGarage\PGarageFound2x2Cor01.nif
0x00185AF2 0x000B2009 STAT -1 5 -11 22460.539 -42456.168 673.498 0.000000 0.000000 3.124578 1.0000 2 22202.398 -42588.504 673.498 22718.680 -42323.832 673.498 Architecture\ParkingGarage\PGarageInFloor1x2Str01.nif
0x00185AF3 0x000B2009 STAT -1 5 -11 22471.701 -43112.074 672.894 0.000000 0.000000 3.124578 1.0000 2 22213.561 -43244.410 672.894 22729.842 -42979.738 672.894 Architecture\ParkingGarage\PGarageInFloor1x2Str01.nif
0x00185AF4 0x000B2009 STAT -1 5 -11 22969.473 -42271.480 673.573 0.000000 0.000000 3.124578 1.0000 2 22711.332 -42403.816 673.573 23227.613 -42139.145 673.573 Architecture\ParkingGarage\PGarageInFloor1x2Str01.nif
0x00185AF5 0x000B2009 STAT -1 5 -11 22457.545 -42280.195 673.573 0.000000 0.000000 3.124578 1.0000 2 22199.404 -42412.531 673.573 22715.686 -42147.859 673.573 Architecture\ParkingGarage\PGarageInFloor1x2Str01.nif
0x00185AF6 0x000B20AE STAT -1 5 -11 22459.723 -42408.176 673.573 0.000000 0.000000 3.124578 1.0000 26 22198.451 -42156.570 417.573 22711.330 -42091.867 674.573 Architecture\ParkingGarage\PGarageFound1x2Str01.nif
0x00185AF7 0x000B20AE STAT -1 5 -11 21947.797 -42416.887 673.573 0.000000 0.000000 3.124578 1.0000 26 21686.525 -42165.281 417.573 22199.404 -42100.578 674.573 Architecture\ParkingGarage\PGarageFound1x2Str01.nif
0x00185AF8 0x000B20AE STAT -1 5 -11 21435.871 -42425.598 673.573 0.000000 0.000000 3.124578 1.0000 26 21174.600 -42173.992 417.573 21687.479 -42109.289 674.573 Architecture\ParkingGarage\PGarageFound1x2Str01.nif
0x00185AF9 0x000B20B4 STAT -1 5 -11 20923.945 -42434.309 673.573 0.000000 0.000000 1.553783 1.0000 70 20606.682 -42695.578 417.573 21175.553 -42118.000 673.573 Architecture\ParkingGarage\PGarageFound2x2Cor01.nif
0x00185AFA 0x000B20AE STAT -1 5 -11 20932.656 -42946.234 673.573 0.000000 0.000000 1.553783 1.0000 26 20616.346 -43207.504 417.573 20681.049 -42694.625 674.573 Architecture\ParkingGarage\PGarageFound1x2Str01.nif
0x00185AFB 0x000B20B4 STAT -1 5 -11 20941.367 -43458.160 673.573 0.000000 0.000000 6.266171 1.0000 70 20625.057 -43775.422 417.573 21202.639 -43206.551 673.573 Architecture\ParkingGarage\PGarageFound2x2Cor01.nif
0x00185AFC 0x000B20AE STAT -1 5 -11 21453.293 -43449.449 673.573 0.000000 0.000000 6.266171 1.0000 26 21201.686 -43765.758 417.573 21714.564 -43701.059 674.573 Architecture\ParkingGarage\PGarageFound1x2Str01.nif
0x00185AFD 0x000B20AE STAT -1 5 -11 21965.219 -43440.738 673.573 0.000000 0.000000 6.266171 1.0000 26 21713.611 -43757.047 417.573 22226.490 -43692.348 674.573 Architecture\ParkingGarage\PGarageFound1x2Str01.nif
0x00185AFE 0x000B20AE STAT -1 5 -11 22477.146 -43432.027 673.573 0.000000 0.000000 6.266171 1.0000 26 22225.539 -43748.336 417.573 22738.418 -43683.637 674.573 Architecture\ParkingGarage\PGarageFound1x2Str01.nif
0x00185AFF 0x000B2009 STAT -1 5 -11 22474.969 -43304.047 673.573 0.000000 0.000000 3.124578 1.0000 2 22216.828 -43436.383 673.573 22733.109 -43171.711 673.573 Architecture\ParkingGarage\PGarageInFloor1x2Str01.nif
0x00185B00 0x000B2009 STAT -1 5 -11 21963.041 -43312.758 673.573 0.000000 0.000000 3.124578 1.0000 2 21704.900 -43445.094 673.573 22221.182 -43180.422 673.573 Architecture\ParkingGarage\PGarageInFloor1x2Str01.nif
0x00185B01 0x000B2009 STAT -1 5 -11 21959.775 -43120.785 672.894 0.000000 0.000000 3.124578 1.0000 2 21701.635 -43253.121 672.894 22217.916 -42988.449 672.894 Architecture\ParkingGarage\PGarageInFloor1x2Str01.nif
0x00185B02 0x000B2009 STAT -1 5 -11 21446.760 -43065.504 673.573 0.000000 0.000000 3.124578 1.0000 2 21188.619 -43197.840 673.573 21704.900 -42933.168 673.573 Architecture\ParkingGarage\PGarageInFloor1x2Str01.nif
0x00185B03 0x000B2009 STAT -1 5 -11 21451.115 -43321.469 673.573 0.000000 0.000000 3.124578 1.0000 2 21192.975 -43453.805 673.573 21709.256 -43189.133 673.573 Architecture\ParkingGarage\PGarageInFloor1x2Str01.nif
0x00185B04 0x000B2009 STAT -1 5 -11 20934.834 -43074.215 673.573 0.000000 0.000000 3.124578 1.0000 2 20676.693 -43206.551 673.573 21192.975 -42941.879 673.573 Architecture\ParkingGarage\PGarageInFloor1x2Str01.nif
0x00185B05 0x000B2009 STAT -1 5 -11 20939.189 -43330.180 673.573 0.000000 0.000000 3.124578 1.0000 2 20681.049 -43462.516 673.573 21197.330 -43197.844 673.573 Architecture\ParkingGarage\PGarageInFloor1x2Str01.nif
0x00185B06 0x000B2009 STAT -1 5 -11 20926.123 -42562.289 673.573 0.000000 0.000000 3.124578 1.0000 2 20667.982 -42694.625 673.573 21184.264 -42429.953 673.573 Architecture\ParkingGarage\PGarageInFloor1x2Str01.nif
0x00185B07 0x000B2009 STAT -1 5 -11 20930.479 -42818.254 673.573 0.000000 0.000000 3.124578 1.0000 2 20672.338 -42950.590 673.573 21188.619 -42685.918 673.573 Architecture\ParkingGarage\PGarageInFloor1x2Str01.nif
0x00185B08 0x000B2009 STAT -1 5 -11 20921.768 -42306.328 673.573 0.000000 0.000000 3.124578 1.0000 2 20663.627 -42438.664 673.573 21179.908 -42173.992 673.573 Architecture\ParkingGarage\PGarageInFloor1x2Str01.nif
0x00185B09 0x000B2009 STAT -1 5 -11 21433.693 -42297.617 673.573 0.000000 0.000000 3.124578 1.0000 2 21175.553 -42429.953 673.573 21691.834 -42165.281 673.573 Architecture\ParkingGarage\PGarageInFloor1x2Str01.nif
0x00185B0A 0x000B2009 STAT -1 5 -11 21438.049 -42553.578 673.573 0.000000 0.000000 3.124578 1.0000 2 21179.908 -42685.914 673.573 21696.189 -42421.242 673.573 Architecture\ParkingGarage\PGarageInFloor1x2Str01.nif
0x00185B0B 0x000B2009 STAT -1 5 -11 21945.619 -42288.906 673.573 0.000000 0.000000 3.124578 1.0000 2 21687.479 -42421.242 673.573 22203.760 -42156.570 673.573 Architecture\ParkingGarage\PGarageInFloor1x2Str01.nif
0x00185B0C 0x000B2009 STAT -1 5 -11 21948.613 -42464.879 673.498 0.000000 0.000000 3.124578 1.0000 2 21690.473 -42597.215 673.498 22206.754 -42332.543 673.498 Architecture\ParkingGarage\PGarageInFloor1x2Str01.nif
0x00185B0D 0x000B20AE STAT -1 5 -11 21960.527 -43303.066 672.345 0.000000 0.000000 3.124579 1.0000 26 21699.256 -43051.457 416.345 22212.135 -42986.758 673.345 Architecture\ParkingGarage\PGarageFound1x2Str01.nif
0x00185B0E 0x000B20AE STAT -1 5 -11 21945.348 -42272.910 670.862 0.000000 0.000000 6.266171 1.0000 26 21693.740 -42589.219 414.862 22206.619 -42524.520 671.862 Architecture\ParkingGarage\PGarageFound1x2Str01.nif
0x00185B0F 0x000B2009 STAT -1 5 -11 21442.404 -42809.543 673.573 0.000000 0.000000 3.124578 1.0000 2 21184.264 -42941.879 673.573 21700.545 -42677.207 673.573 Architecture\ParkingGarage\PGarageInFloor1x2Str01.nif
0x00185B13 0x000B2087 STAT -1 5 -11 22419.076 -43000.906 661.285 0.000000 0.000000 3.124579 0.9200 92 22220.123 -43046.602 661.285 22618.488 -42982.809 718.497 Architecture\ParkingGarage\PGarageTopRail1x2Str01.nif
0x00185B14 0x000B20C5 STAT -1 5 -11 21861.885 -43010.434 661.285 0.000000 0.000000 3.124579 0.9200 229 21752.693 -43054.539 661.285 21825.811 -42996.340 718.497 Architecture\ParkingGarage\PGarageTopRail1x1EndR01.nif
0x00185B15 0x000B2087 STAT -1 5 -11 22021.861 -43007.711 661.285 0.000000 0.000000 3.124579 0.9200 92 21822.908 -43053.406 661.285 22221.273 -42989.613 718.497 Architecture\ParkingGarage\PGarageTopRail1x2Str01.nif
0x00185B16 0x000B9168 STAT -1 5 -11 22580.727 -42998.250 661.285 0.000000 0.000000 3.124579 0.9200 229 22617.271 -43039.938 661.285 22690.389 -42981.738 718.497 Architecture\ParkingGarage\PGarageTopRail1x1EndL01.nif
0x00185B17 0x000B9168 STAT -1 5 -11 21844.361 -42570.918 661.583 0.000000 0.000000 6.266171 0.9200 229 21734.699 -42587.430 661.583 21807.816 -42529.230 718.795 Architecture\ParkingGarage\PGarageTopRail1x1EndL01.nif
0x00185B18 0x000B2087 STAT -1 5 -11 22004.336 -42568.195 661.583 0.000000 0.000000 6.266171 0.9200 92 21804.924 -42586.293 661.583 22203.289 -42522.500 718.795 Architecture\ParkingGarage\PGarageTopRail1x2Str01.nif
0x00185B19 0x000B2087 STAT -1 5 -11 22401.627 -42561.598 661.583 0.000000 0.000000 6.266171 0.9200 92 22202.215 -42579.695 661.583 22600.580 -42515.902 718.795 Architecture\ParkingGarage\PGarageTopRail1x2Str01.nif
0x00185B1A 0x000B20C5 STAT -1 5 -11 22562.645 -42558.492 661.665 0.000000 0.000000 6.266172 0.9200 229 22598.719 -42572.586 661.665 22671.836 -42514.387 718.878 Architecture\ParkingGarage\PGarageTopRail1x1EndR01.nif
0x00185B1B 0x000B20B9 STAT -1 5 -11 21736.803 -42708.465 661.002 0.000000 0.000000 4.695376 0.9200 92 21693.111 -42790.133 661.002 21752.898 -42627.254 718.214 Architecture\ParkingGarage\PGarageTopRail1x1Str01.nif
0x00185B1C 0x000B20C5 STAT -1 5 -11 21735.889 -42664.594 661.002 0.000000 0.000000 4.695376 0.9200 229 21691.783 -42628.520 661.002 21749.980 -42555.402 718.214 Architecture\ParkingGarage\PGarageTopRail1x1EndR01.nif
0x00185B1D 0x000B9168 STAT -1 5 -11 21740.275 -42912.531 661.002 0.000000 0.000000 4.695377 0.9200 229 21698.588 -43022.191 661.002 21756.785 -42949.074 718.214 Architecture\ParkingGarage\PGarageTopRail1x1EndL01.nif
0x00185B22 0x000B9A09 STAT -1 5 -11 23006.484 -42961.598 673.573 0.000000 0.000000 4.695376 0.9200 320 22990.150 -42978.125 673.573 23022.818 -42945.070 732.453 Architecture\ParkingGarage\PGarageClutterBollard01.nif
0x00185B23 0x000B9A09 STAT -1 5 -11 22992.572 -42585.891 673.573 0.000000 0.000000 4.695376 0.9200 320 22976.238 -42602.418 673.573 23008.906 -42569.363 732.453 Architecture\ParkingGarage\PGarageClutterBollard01.nif
0x00185B24 0x000B9A09 STAT -1 5 -11 22814.512 -42964.867 673.573 0.000000 0.000000 4.695376 0.9200 320 22798.178 -42981.395 673.573 22830.846 -42948.340 732.453 Architecture\ParkingGarage\PGarageClutterBollard01.nif
0x00185B25 0x000B9A09 STAT -1 5 -11 22800.600 -42589.160 673.573 0.000000 0.000000 4.695376 0.9200 320 22784.266 -42605.688 673.573 22816.934 -42572.633 732.453 Architecture\ParkingGarage\PGarageClutterBollard01.nif
0x00185B26 0x000B9A09 STAT -1 5 -11 20980.922 -42961.414 673.573 0.000000 0.000000 4.695376 0.9200 320 20964.588 -42977.941 673.573 20997.256 -42944.887 732.453 Architecture\ParkingGarage\PGarageClutterBollard01.nif
0x00185B27 0x000B9A09 STAT -1 5 -11 20976.295 -42689.453 673.573 0.000000 0.000000 4.695376 0.9200 320 20959.961 -42705.980 673.573 20992.629 -42672.926 732.453 Architecture\ParkingGarage\PGarageClutterBollard01.nif
0x00185B28 0x000B9A09 STAT -1 5 -11 21172.895 -42958.145 673.573 0.000000 0.000000 4.695376 0.9200 320 21156.561 -42974.672 673.573 21189.229 -42941.617 732.453 Architecture\ParkingGarage\PGarageClutterBollard01.nif
0x00185B29 0x000B9A09 STAT -1 5 -11 21168.268 -42686.184 673.573 0.000000 0.000000 4.695376 0.9200 320 21151.934 -42702.711 673.573 21184.602 -42669.656 732.453 Architecture\ParkingGarage\PGarageClutterBollard01.nif
0x00185B2A 0x000B9A09 STAT -1 5 -11 21392.234 -42682.375 673.573 0.000000 0.000000 4.695376 0.9200 320 21375.900 -42698.902 673.573 21408.568 -42665.848 732.453 Architecture\ParkingGarage\PGarageClutterBollard01.nif
0x00185B2B 0x000B9A09 STAT -1 5 -11 21396.861 -42954.336 673.573 0.000000 0.000000 4.695376 0.9200 320 21380.527 -42970.863 673.573 21413.195 -42937.809 732.453 Architecture\ParkingGarage\PGarageClutterBollard01.nif
0x00185B37 0x000DF45A FURN -1 5 -11 21069.258 -42755.125 673.573 0.000000 0.000000 3.192999 1.0000 2284 20986.879 -42771.859 673.573 21153.047 -42707.379 736.448 Furniture\ParkBench01.nif
0x00185B39 0x000DF45A FURN -1 5 -11 20956.805 -42845.563 673.573 0.000000 0.000000 1.384577 1.0000 2284 20898.953 -42933.633 673.573 20984.154 -42763.227 736.448 Furniture\ParkBench01.nif
0x001A6998 0x001A5162 STAT -1 5 -11 22215.967 -42784.609 480.000 0.000000 0.000000 1.553782 1.0000 2547 21941.727 -42996.934 352.000 22219.506 -42576.641 544.063 Architecture\Commercial\EscalatorDoubleEnd02.nif
0x001A6999 0x001A5163 STAT -1 5 -11 22471.930 -42780.254 608.000 0.000000 0.000000 1.553782 1.0000 768 22212.428 -42992.578 416.000 22475.469 -42572.285 672.063 Architecture\Commercial\EscalatorDoubleMid01.nif
0x001A699A 0x001A5164 STAT -1 5 -11 22727.893 -42775.898 672.000 0.000000 0.000000 1.553782 1.0000 2540 22468.391 -42988.223 544.000 22744.383 -42567.961 735.594 Architecture\Commercial\EscalatorDoubleEnd01.nif
0x001A699B 0x000B20B9 STAT -1 5 -11 21739.525 -42868.441 661.002 0.000000 0.000000 4.695376 0.9200 92 21695.834 -42950.109 661.002 21755.621 -42787.230 718.214 Architecture\ParkingGarage\PGarageTopRail1x1Str01.nif
0x001A699C 0x000B2009 STAT -1 5 -11 21882.994 -42663.922 416.493 0.000000 0.000000 3.124578 1.0000 2 21624.854 -42796.258 416.493 22141.135 -42531.586 416.493 Architecture\ParkingGarage\PGarageInFloor1x2Str01.nif
0x001A699D 0x000B2009 STAT -1 5 -11 21871.352 -42920.156 416.493 0.000000 0.000000 3.124578 1.0000 2 21613.211 -43052.492 416.493 22129.492 -42787.820 416.493 Architecture\ParkingGarage\PGarageInFloor1x2Str01.nif
0x001A8704 0x000317DC STAT -1 5 -11 22316.869 -43564.551 964.605 0.000000 0.000000 3.124580 1.1300 122 22169.789 -43711.629 928.445 22463.951 -43417.613 964.613 Architecture\Buildings\DecoKit\DecoLobbyBCeiling1x1Str01.nif
0x001A8705 0x000317DC STAT -1 5 -11 22604.828 -43559.652 964.605 0.000000 0.000000 3.124580 1.1300 122 22457.748 -43706.730 928.445 22751.910 -43412.715 964.613 Architecture\Buildings\DecoKit\DecoLobbyBCeiling1x1Str01.nif
0x001A8706 0x000317DC STAT -1 5 -11 23127.219 -43548.984 961.573 0.000000 0.000000 3.124580 1.0000 122 22997.061 -43679.145 929.573 23257.379 -43418.949 961.581 Architecture\Buildings\DecoKit\DecoLobbyBCeiling1x1Str01.nif
0x001A8707 0x000317DC STAT -1 5 -11 22871.256 -43553.340 961.573 0.000000 0.000000 3.124580 1.0000 122 22741.098 -43683.500 929.573 23001.416 -43423.305 961.581 Architecture\Buildings\DecoKit\DecoLobbyBCeiling1x1Str01.nif
0x001A8708 0x000317DC STAT -1 5 -11 21740.951 -43574.348 964.605 0.000000 0.000000 3.124580 1.1300 122 21593.871 -43721.426 928.445 21888.033 -43427.410 964.613 Architecture\Buildings\DecoKit\DecoLobbyBCeiling1x1Str01.nif
0x001A8709 0x000317DC STAT -1 5 -11 22028.910 -43569.449 964.605 0.000000 0.000000 3.124580 1.1300 122 21881.830 -43716.527 928.445 22175.992 -43422.512 964.613 Architecture\Buildings\DecoKit\DecoLobbyBCeiling1x1Str01.nif
0x001A870A 0x000317DC STAT -1 5 -11 21165.035 -43584.148 964.605 0.000000 0.000000 3.124580 1.1300 122 21017.955 -43731.227 928.445 21312.117 -43437.211 964.613 Architecture\Buildings\DecoKit\DecoLobbyBCeiling1x1Str01.nif
0x001A870B 0x000317DC STAT -1 5 -11 21452.994 -43579.250 964.605 0.000000 0.000000 3.124580 1.1300 122 21305.914 -43726.328 928.445 21600.076 -43432.313 964.613 Architecture\Buildings\DecoKit\DecoLobbyBCeiling1x1Str01.nif
0x001A870C 0x000317DC STAT -1 5 -11 20877.078 -43589.047 964.605 0.000000 0.000000 3.124580 1.1300 122 20729.998 -43736.125 928.445 21024.160 -43442.109 964.613 Architecture\Buildings\DecoKit\DecoLobbyBCeiling1x1Str01.nif
0x001A870D 0x00051488 STAT -1 5 -11 20588.939 -43591.754 673.416 0.000000 0.000000 4.695376 1.0000 134 20714.744 -43717.559 673.416 20743.096 -43461.188 929.416 Architecture\Buildings\DecoKit\DecoLobbyB1x1Win02Full01.nif
0x001A870E 0x00051487 STAT -1 5 -11 22586.789 -43555.020 666.679 0.000000 0.000000 4.695376 1.0600 18 22720.141 -43688.371 666.679 22750.193 -43416.617 938.039 Architecture\Buildings\DecoKit\DecoLobbyB1x1Wall02Full01.nif
0x001A870F 0x00107E4B STAT -1 5 -11 22588.844 -43559.832 673.573 0.000000 0.000000 1.553784 1.0000 100 22434.688 -43690.398 673.573 22463.039 -43434.027 929.573 Architecture\Buildings\DecoKit\DecoLobbyB1x1DoorSingle01Full01.nif
0x001A8710 0x00107E4B STAT -1 5 -11 22034.936 -43567.672 673.573 0.000000 0.000000 1.553784 1.0000 100 21880.779 -43698.238 673.573 21909.131 -43441.867 929.573 Architecture\Buildings\DecoKit\DecoLobbyB1x1DoorSingle01Full01.nif
0x001A8711 0x00051487 STAT -1 5 -11 21148.090 -43585.047 669.811 0.000000 0.000000 4.695376 1.0500 18 21280.184 -43717.141 669.811 21309.953 -43447.953 938.611 Architecture\Buildings\DecoKit\DecoLobbyB1x1Wall02Full01.nif
0x001A872C 0x00176E2C STAT -1 5 -11 22606.016 -43403.820 673.573 0.000000 0.000000 4.712391 1.0000 600 22542.016 -43427.820 673.573 22670.016 -43379.820 729.573 SetDressing\Counter\CounterMid01.nif
0x001A872D 0x00176E2D STAT -1 5 -11 22606.016 -43403.820 673.573 0.000000 0.000000 4.712391 1.0000 286 22542.016 -43385.820 673.573 22670.016 -43361.820 751.573 SetDressing\Counter\CounterOuterMid01.nif
0x001A872E 0x00176E84 STAT -1 5 -11 22542.367 -43427.426 673.573 0.000000 0.000000 3.141595 1.0000 782 22476.367 -43427.387 673.573 22542.373 -43361.488 751.573 SetDressing\Counter\CounterOuterCornerSharp01.nif
0x001A872F 0x00176E84 STAT -1 5 -11 22669.814 -43427.207 673.573 0.000000 0.000000 4.712392 1.0000 782 22669.854 -43427.215 673.573 22735.752 -43361.207 751.573 SetDressing\Counter\CounterOuterCornerSharp01.nif
0x001A8730 0x00176E84 STAT -1 5 -11 21644.656 -43446.664 673.573 0.000000 0.000000 4.712392 1.0000 782 21644.695 -43446.672 673.573 21710.594 -43380.664 751.573 SetDressing\Counter\CounterOuterCornerSharp01.nif
0x001A8731 0x00176E2D STAT -1 5 -11 21580.857 -43423.277 673.573 0.000000 0.000000 4.712391 1.0000 286 21516.857 -43405.277 673.573 21644.857 -43381.277 751.573 SetDressing\Counter\CounterOuterMid01.nif
0x001A8732 0x00176E84 STAT -1 5 -11 21517.209 -43446.883 673.573 0.000000 0.000000 3.141595 1.0000 782 21451.209 -43446.844 673.573 21517.215 -43380.945 751.573 SetDressing\Counter\CounterOuterCornerSharp01.nif
0x001A8733 0x00176E2C STAT -1 5 -11 21580.857 -43423.277 673.573 0.000000 0.000000 4.712391 1.0000 600 21516.857 -43447.277 673.573 21644.857 -43399.277 729.573 SetDressing\Counter\CounterMid01.nif
0x001A8734 0x00107E4B STAT -1 5 -11 22090.605 -43286.586 673.573 0.000000 0.000000 6.266172 1.0000 100 21964.801 -43440.742 673.573 22221.172 -43412.391 929.573 Architecture\Buildings\DecoKit\DecoLobbyB1x1DoorSingle01Full01.nif
0x001A8735 0x00018C93 DOOR -1 5 -11 22093.396 -43417.320 673.573 0.000000 0.000000 3.124580 1.0000 364 22045.369 -43426.590 674.573 22143.717 -43411.430 841.573 Interiors\Industrial\Doors\IndMetalDoor01.nif
0x001A8737 0x0007E290 DOOR -1 5 -11 22860.900 -43413.578 673.726 0.000000 0.000000 3.124580 1.0000 364 22810.727 -43421.473 674.726 22908.961 -43406.313 841.726 Interiors\Industrial\Doors\IndMetalDoor02.nif
0x001A8739 0x00018C93 DOOR -1 5 -11 21903.471 -43569.055 673.573 0.000000 0.000000 4.695376 1.0000 364 21894.203 -43619.375 674.573 21909.361 -43521.027 841.573 Interiors\Industrial\Doors\IndMetalDoor01.nif
0x001A873A 0x00018FB6 STAT -1 5 -11 21070.453 -43432.016 878.907 0.000000 0.000000 3.124580 1.0000 4 21051.873 -43431.129 873.821 21088.992 -43430.496 883.993 SetDressing\Signage\SignRestroom01.nif
0x001A873B 0x00018FB5 STAT -1 5 -11 20976.006 -43434.699 779.003 0.000000 0.000000 3.124581 1.0000 4 20965.838 -43433.668 761.596 20986.133 -43433.324 796.409 SetDressing\Signage\SignRestroomMale01.nif
0x001A873C 0x00018FB6 STAT -1 5 -11 22859.396 -43402.320 871.680 0.000000 0.000000 3.124580 1.0000 4 22840.816 -43401.434 866.594 22877.936 -43400.801 876.766 SetDressing\Signage\SignRestroom01.nif
0x001A873D 0x00018FB4 STAT -1 5 -11 22950.734 -43401.078 779.777 0.000000 0.000000 3.124580 1.0000 4 22940.590 -43400.047 762.371 22960.838 -43399.703 797.184 SetDressing\Signage\SignRestroomFemale01.nif
0x001A873E 0x0002CD27 STAT -1 5 -11 23184.416 -43629.445 673.573 0.000000 0.000000 3.124580 1.0000 830 23161.779 -43660.047 673.573 23219.260 -43596.512 743.698 SetDressing\Building\ToiletBroken01.nif
0x001A873F 0x0002CD27 STAT -1 5 -11 20810.996 -43684.980 673.573 0.000000 0.000000 3.124580 1.0000 830 20788.359 -43715.582 673.573 20845.840 -43652.047 743.698 SetDressing\Building\ToiletBroken01.nif
0x001A8740 0x00034A3E STAT -1 5 -11 21283.141 -43665.988 677.569 0.000000 0.000000 1.553784 1.0000 379 21243.189 -43689.492 708.991 21283.537 -43643.152 758.944 SetDressing\Building\SinkBroken02.nif
0x001A8741 0x00091431 CONT -1 5 -11 21282.650 -43664.723 804.872 0.000000 0.000000 1.553784 1.0000 1848 21269.258 -43689.336 778.466 21282.803 -43641.000 831.028 SetDressing\PlayerHouse_Ruin\PlayerHouse_Ruin_BathroomMirror02.nif
0x001A8743 0x00034A3D STAT -1 5 -11 22747.891 -43629.488 684.090 0.000000 0.000000 4.695376 1.0000 633 22745.992 -43652.688 697.137 22787.832 -43605.457 766.652 SetDressing\Building\SinkBroken01.nif
0x001A8744 0x000305A8 STAT -1 5 -11 21016.205 -43713.035 668.252 0.000000 0.000000 3.124580 1.0000 972 20999.002 -43713.332 699.236 21033.188 -43680.102 795.314 SetDressing\Building\UrinalBroken01.nif
0x001A8745 0x0004B6EA CONT -1 5 -11 21281.484 -43524.832 775.510 0.000000 0.000000 4.695376 1.0000 1590 21264.406 -43542.801 746.025 21281.777 -43506.121 778.621 SetDressing\FirstAidHanging\FirstAidKitHangingWhite.nif
0x001A8746 0x00036929 CONT -1 5 -11 23146.357 -43626.625 673.573 0.000000 0.000000 5.983186 1.0000 800 23130.865 -43646.824 673.868 23161.895 -43606.426 700.604 SetDressing\Cooler\Cooler01.nif
0x001A8747 0x00118340 STAT -1 5 -11 22647.859 -43647.352 673.573 0.000000 0.000000 3.083188 1.0000 1818 22580.930 -43682.926 673.585 22714.707 -43606.395 779.510 SetDressing\Office\OfficeFileCabine01Static.nif
0x001A8748 0x00118341 STAT -1 5 -11 21611.893 -43665.543 673.573 0.000000 0.000000 3.083189 1.0000 1818 21533.480 -43698.480 673.029 21687.793 -43631.750 787.510 SetDressing\Office\OfficeFileCabine02Static.nif
0x001A8749 0x00118342 STAT -1 5 -11 22176.400 -43659.125 673.573 0.000000 0.000000 3.083189 1.0000 1212 22131.191 -43696.684 673.585 22222.557 -43628.582 779.510 SetDressing\Office\OfficeFileCabine03Static.nif
0x001A874A 0x000BD52E CONT -1 5 -11 22106.303 -43669.211 673.573 0.000000 0.000000 3.109186 1.0000 828 22085.355 -43697.309 673.589 22126.807 -43619.734 779.573 SetDressing\Office\OfficeFileCabinet02.nif
0x001A874B 0x000EF2D1 STAT -1 5 -11 21785.945 -43699.832 843.931 0.000000 0.000000 3.124580 1.0000 615 21764.059 -43700.199 822.071 21807.645 -43688.465 865.790 Props\Clocks\Clock02_Wall.nif
0x001A874C 0x000F9232 STAT -1 5 -11 22719.279 -43555.930 865.573 0.000000 0.000000 1.553784 1.0000 771 22710.477 -43600.512 820.635 22726.615 -43511.230 910.510 Props\Clocks\Clock03_Wall.nif
0x001A874D 0x000BC249 STAT -1 5 -11 22566.723 -43407.730 730.728 0.000000 0.000000 6.099174 1.0000 4486 22543.035 -43434.512 730.728 22591.025 -43386.977 767.791 SetDressing\Office\TerminalBroken01.nif
0x001A874E 0x0011259E TERM -1 5 -11 21619.449 -43426.480 673.466 0.000000 0.000000 0.115990 1.0000 7526 21592.768 -43519.891 673.065 21642.189 -43406.793 766.544 Furniture\Terminals\TerminalOnChairFolding.nif
0x001A874F 0x000AE440 FURN -1 5 -11 22615.178 -43465.195 673.573 0.000000 0.000000 5.883187 1.0000 1386 22594.676 -43495.648 673.187 22640.902 -43447.273 732.917 SetDressing\Vault\Vault_ChairFolding02.nif
0x001A8738 0x00018C93 DOOR -1 5 -11 22458.980 -43561.723 673.573 0.000000 0.000000 4.695376 1.0000 364 22449.713 -43612.043 674.573 22464.871 -43513.695 841.573 Interiors\Industrial\Doors\IndMetalDoor01.nif
0x001A8736 0x00018C93 DOOR -1 5 -11 21068.574 -43435.578 673.573 0.000000 0.000000 3.124580 1.0000 364 21020.547 -43444.848 674.573 21118.895 -43429.688 841.573 Interiors\Industrial\Doors\IndMetalDoor01.nif
0x001A8750 0x0008B671 STAT -1 5 -11 23046.779 -43410.922 659.767 0.000000 0.000000 0.321000 1.0000 1087 22937.922 -43515.160 644.314 23151.400 -43300.590 698.142 SetDressing\Rubble\TrashClump03.nif
0x001A8752 0x0008B5F5 STAT -1 5 -11 22031.865 -42257.535 673.573 0.000000 0.000000 6.252386 1.0000 913 21768.416 -42327.766 658.714 22293.430 -42175.996 704.182 SetDressing\Rubble\TrashPileWall02.nif
0x001A8753 0x0008B5F6 STAT -1 5 -11 22867.189 -42257.219 671.952 0.000000 0.000000 6.229994 1.0000 1764 22587.787 -42380.590 658.178 23139.980 -42127.684 735.233 SetDressing\Rubble\TrashPileWall01.nif
0x001A8754 0x0008954E STAT -1 5 -11 23201.613 -43032.711 673.573 -0.079678 0.007183 4.802101 1.0000 888 23100.941 -43163.590 636.661 23304.475 -42897.281 694.069 SetDressing\Rubble\TrashClump02.nif
0x001A8755 0x0008B5F5 STAT -1 5 -11 22415.275 -43355.563 673.573 0.000000 0.000000 3.123188 1.0000 913 22153.104 -43434.125 658.714 22678.574 -43283.379 704.182 SetDressing\Rubble\TrashPileWall02.nif
0x001A8756 0x0008954E STAT -1 5 -11 21301.346 -43428.055 674.386 0.000000 0.000000 2.783189 1.0000 888 21174.166 -43545.809 646.792 21423.436 -43340.328 694.105 SetDressing\Rubble\TrashClump02.nif
0x001A8759 0x0008B617 STAT -1 5 -11 20933.631 -42270.520 673.573 0.000000 0.000000 6.272389 1.0000 1080 20709.523 -42348.195 657.729 21156.980 -42190.066 715.573 SetDressing\Rubble\TrashPileWall03.nif
0x001A875A 0x0008A5D7 STAT -1 5 -11 20965.357 -42703.602 673.573 0.000000 0.000000 4.852388 1.0000 393 20892.006 -42801.887 672.626 21042.568 -42606.359 682.370 SetDressing\Rubble\TrashEdge01.nif
0x001A875B 0x0001D18E STAT -1 5 -11 20868.693 -43384.410 673.573 0.000000 0.000000 1.528402 1.0000 157 20751.375 -43449.742 673.573 20985.719 -43313.777 677.612 SetDressing\Rubble\TrashDecal02.nif
0x001A875C 0x0001D1C3 STAT -1 5 -11 21193.230 -43360.125 673.573 0.000000 0.000000 3.679600 1.0000 148 21104.311 -43442.254 673.243 21279.775 -43266.789 675.415 SetDressing\Rubble\TrashDecal05.nif
0x001A875D 0x0001D1B5 STAT -1 5 -11 21267.336 -42456.406 673.573 0.000000 0.000000 4.203674 1.0000 104 21180.949 -42517.137 673.573 21340.717 -42396.359 675.573 SetDressing\Rubble\TrashDecal04.nif
0x001A875E 0x0001D184 STAT -1 5 -11 20835.279 -42553.691 673.573 0.000000 0.000000 2.398010 1.0000 111 20740.057 -42627.047 673.573 20964.773 -42446.184 677.612 SetDressing\Rubble\TrashDecal01.nif
0x001A8760 0x0001D1B5 STAT -1 5 -11 21305.090 -43017.492 673.573 0.000000 0.000000 3.309021 1.0000 104 21249.469 -43091.992 673.573 21359.529 -42946.637 675.573 SetDressing\Rubble\TrashDecal04.nif
0x001A8761 0x0001D1B5 STAT -1 5 -11 21733.633 -43356.059 673.573 0.000000 0.000000 1.768954 1.0000 104 21663.701 -43413.348 673.573 21807.871 -43300.938 675.573 SetDressing\Rubble\TrashDecal04.nif
0x001A8763 0x0001D1B5 STAT -1 5 -11 21628.197 -42616.656 673.573 0.000000 0.000000 5.628887 1.0000 104 21567.156 -42686.102 673.573 21686.510 -42530.957 675.573 SetDressing\Rubble\TrashDecal04.nif
0x001A8764 0x0001D1C3 STAT -1 5 -11 21242.088 -42648.105 673.573 0.000000 0.000000 3.077579 1.0000 148 21169.990 -42712.105 673.243 21305.883 -42576.215 675.415 SetDressing\Rubble\TrashDecal05.nif
0x001A8765 0x0001D184 STAT -1 5 -11 22047.023 -43224.406 673.573 0.000000 0.000000 6.006544 1.0000 111 21925.408 -43301.117 673.573 22150.471 -43143.023 677.612 SetDressing\Rubble\TrashDecal01.nif
0x001A8766 0x0001D1B5 STAT -1 5 -11 22749.217 -43209.305 673.573 0.000000 0.000000 5.198546 1.0000 104 22680.781 -43268.215 673.573 22809.104 -43136.004 675.573 SetDressing\Rubble\TrashDecal04.nif
0x001A8767 0x0001D1AF STAT -1 5 -11 22398.855 -43222.613 673.573 0.000000 0.000000 1.164414 1.0000 238 22322.670 -43331.082 673.573 22490.883 -43114.383 676.559 SetDressing\Rubble\TrashDecal03.nif
0x001A8768 0x0001D1AF STAT -1 5 -11 22847.230 -42497.195 673.573 0.000000 0.000000 2.231153 1.0000 238 22743.379 -42586.602 673.573 22954.219 -42395.723 676.559 SetDressing\Rubble\TrashDecal03.nif
0x001A8769 0x0001D1AF STAT -1 5 -11 23036.572 -42478.094 673.573 0.000000 0.000000 3.896374 1.0000 238 22944.883 -42585.707 673.573 23131.215 -42371.281 676.559 SetDressing\Rubble\TrashDecal03.nif
0x001A876A 0x0001D1AF STAT -1 5 -11 21834.557 -42666.270 416.493 0.000000 0.000000 4.645270 1.0000 238 21753.854 -42787.027 416.493 21903.645 -42570.094 419.480 SetDressing\Rubble\TrashDecal03.nif
0x001A876B 0x0001D1AF STAT -1 5 -11 21914.059 -42879.355 416.493 0.000000 0.000000 4.398319 1.0000 238 21824.105 -42992.305 416.493 21985.428 -42773.039 419.480 SetDressing\Rubble\TrashDecal03.nif
0x001A876C 0x0001D1AF STAT -1 5 -11 22114.707 -43563.648 673.573 0.000000 0.000000 0.678230 1.0000 238 22014.461 -43668.133 673.573 22204.605 -43456.469 676.559 SetDressing\Rubble\TrashDecal03.nif
0x001A876D 0x0001D1AF STAT -1 5 -11 22232.775 -43564.141 673.573 0.000000 0.000000 1.981982 1.0000 238 22141.084 -43643.770 673.573 22333.570 -43449.125 676.559 SetDressing\Rubble\TrashDecal03.nif
0x001A876E 0x0001D1AF STAT -1 5 -11 22542.742 -43565.078 673.573 0.000000 0.000000 5.105268 1.0000 238 22442.654 -43680.816 673.573 22633.305 -43486.371 676.559 SetDressing\Rubble\TrashDecal03.nif
0x001A876F 0x0001D1AF STAT -1 5 -11 22630.766 -43537.344 673.573 0.000000 0.000000 1.722238 1.0000 238 22556.230 -43619.648 673.573 22718.488 -43415.777 676.559 SetDressing\Rubble\TrashDecal03.nif
0x001A8770 0x0001D1AF STAT -1 5 -11 22927.480 -43543.934 673.573 0.000000 0.000000 5.053124 1.0000 238 22829.592 -43661.516 673.573 23014.666 -43466.047 676.559 SetDressing\Rubble\TrashDecal03.nif
0x001A8771 0x0001D1AF STAT -1 5 -11 23094.363 -43543.660 673.573 0.000000 0.000000 4.085876 1.0000 238 23000.568 -43649.645 673.573 23179.350 -43433.797 676.559 SetDressing\Rubble\TrashDecal03.nif
0x001A8772 0x0001D1AF STAT -1 5 -11 21420.984 -43607.703 673.573 0.000000 0.000000 2.558465 1.0000 238 21310.975 -43701.508 673.573 21526.057 -43524.137 676.559 SetDressing\Rubble\TrashDecal03.nif
0x001A8773 0x0001D1AF STAT -1 5 -11 21670.086 -43564.668 673.573 0.000000 0.000000 2.919314 1.0000 238 21566.813 -43651.797 673.573 21786.773 -43498.691 676.559 SetDressing\Rubble\TrashDecal03.nif
0x001A8774 0x0001D1AF STAT -1 5 -11 21149.057 -43565.438 673.573 0.000000 0.000000 2.438823 1.0000 238 21039.951 -43658.789 673.573 21256.160 -43478.344 676.559 SetDressing\Rubble\TrashDecal03.nif
0x001A8775 0x0001D1AF STAT -1 5 -11 20921.008 -43567.734 673.573 0.000000 0.000000 5.683702 1.0000 238 20815.568 -43651.855 673.573 21030.986 -43473.910 676.559 SetDressing\Rubble\TrashDecal03.nif
0x001A8776 0x0001D1AF STAT -1 5 -11 21042.568 -43183.598 673.573 0.000000 0.000000 3.651432 1.0000 238 20958.441 -43287.621 673.573 21153.033 -43086.363 676.559 SetDressing\Rubble\TrashDecal03.nif
0x001A8777 0x0008954A STAT -1 5 -11 21913.643 -42589.227 416.493 0.000000 0.000000 0.900000 1.0000 521 21811.154 -42701.145 365.400 22001.180 -42452.563 439.822 SetDressing\Rubble\TrashClump01.nif
0x001A8778 0x0008954A STAT -1 5 -11 21820.953 -43006.504 414.276 0.000000 0.000000 2.383188 1.0000 521 21708.578 -43100.535 363.182 21957.129 -42900.598 437.604 SetDressing\Rubble\TrashClump01.nif
0x001A8779 0x00180A15 CONT -1 5 -11 22649.420 -43410.613 729.573 0.000000 0.000000 0.000000 1.0000 1581 22632.514 -43423.621 729.573 22668.295 -43398.191 766.167 SetDressing\CashRegister\CashRegister.nif
0x001A877A 0x00180A15 CONT -1 5 -11 21536.645 -43431.234 728.960 0.000000 0.000000 0.000000 1.0000 1581 21519.738 -43444.242 728.960 21555.520 -43418.813 765.553 SetDressing\CashRegister\CashRegister.nif
0x001A877B 0x0006D4C3 CONT -1 5 -11 22513.486 -43687.453 737.573 0.000000 0.000000 3.124581 1.0000 1165 22492.516 -43687.727 724.487 22534.389 -43681.785 750.753 SetDressing\SafeWall\SafeWall01.nif
0x001A877C 0x000BD53C CONT -1 5 -11 22261.256 -43474.031 673.573 0.000000 0.000000 0.000000 1.0000 882 22194.693 -43507.813 673.287 22327.818 -43439.719 730.073 SetDressing\Office\OfficeDesk01.nif
0x001A877E 0x000BC249 STAT -1 5 -11 22301.725 -43467.793 729.692 0.000000 0.000000 0.315989 1.0000 4486 22275.316 -43496.305 729.691 22326.846 -43444.996 766.754 SetDressing\Office\TerminalBroken01.nif
0x001A8783 0x00064A3C CONT -1 5 -11 21491.230 -42316.328 798.987 0.000000 0.000000 6.108767 1.0000 1146 21453.629 -42344.078 798.958 21528.709 -42288.531 818.768 SetDressing\Suitcase\Suitcase01.nif
0x001A8784 0x001A4D3F MSTT -1 5 -11 21237.529 -42379.797 797.357 0.000000 0.000000 2.734579 1.0000 9188 21201.508 -42411.711 797.939 21282.537 -42362.883 929.107 SetDressing\Skeletons\SkeletonClothed02.nif
0x001A8785 0x001A4D42 MSTT -1 5 -11 21440.139 -42460.195 794.346 0.406630 -0.094241 2.498324 1.0000 9912 21418.494 -42475.207 788.294 21490.682 -42403.754 915.095 SetDressing\Skeletons\SkeletonClothed01.nif
0x001A8786 0x00082DA4 STAT -1 5 -11 23119.232 -43549.121 673.573 0.000000 0.000000 3.124578 1.0000 8 22989.074 -43679.281 673.573 23249.391 -43418.961 673.573 Interiors\Building\Brick\Small_FloorCeilKit\BldBrickSmFlrOnly01.nif
0x001A8787 0x00082DA4 STAT -1 5 -11 22863.268 -43553.477 673.573 0.000000 0.000000 3.124578 1.0000 8 22733.109 -43683.637 673.573 22993.426 -43423.316 673.573 Interiors\Building\Brick\Small_FloorCeilKit\BldBrickSmFlrOnly01.nif
0x001A8788 0x00082DA4 STAT -1 5 -11 22607.307 -43557.832 673.573 0.000000 0.000000 3.124578 1.0000 8 22477.148 -43687.992 673.573 22737.465 -43427.672 673.573 Interiors\Building\Brick\Small_FloorCeilKit\BldBrickSmFlrOnly01.nif
0x001A8789 0x00082DA4 STAT -1 5 -11 22351.342 -43562.188 673.573 0.000000 0.000000 3.124578 1.0000 8 22221.184 -43692.348 673.573 22481.500 -43432.027 673.573 Interiors\Building\Brick\Small_FloorCeilKit\BldBrickSmFlrOnly01.nif
0x001A878A 0x00082DA4 STAT -1 5 -11 22095.381 -43566.543 673.573 0.000000 0.000000 3.124578 1.0000 8 21965.223 -43696.703 673.573 22225.539 -43436.383 673.573 Interiors\Building\Brick\Small_FloorCeilKit\BldBrickSmFlrOnly01.nif
0x001A878B 0x00082DA4 STAT -1 5 -11 21839.416 -43570.898 673.573 0.000000 0.000000 3.124578 1.0000 8 21709.258 -43701.059 673.573 21969.574 -43440.738 673.573 Interiors\Building\Brick\Small_FloorCeilKit\BldBrickSmFlrOnly01.nif
0x001A878C 0x00082DA4 STAT -1 5 -11 21583.455 -43575.254 673.573 0.000000 0.000000 3.124578 1.0000 8 21453.297 -43705.414 673.573 21713.613 -43445.094 673.573 Interiors\Building\Brick\Small_FloorCeilKit\BldBrickSmFlrOnly01.nif
0x001A878D 0x00082DA4 STAT -1 5 -11 21327.490 -43579.609 673.573 0.000000 0.000000 3.124578 1.0000 8 21197.332 -43709.770 673.573 21457.648 -43449.449 673.573 Interiors\Building\Brick\Small_FloorCeilKit\BldBrickSmFlrOnly01.nif
0x001A878E 0x00082DA4 STAT -1 5 -11 21071.529 -43583.965 673.573 0.000000 0.000000 3.124578 1.0000 8 20941.371 -43714.125 673.573 21201.688 -43453.805 673.573 Interiors\Building\Brick\Small_FloorCeilKit\BldBrickSmFlrOnly01.nif
0x001A878F 0x00082DA4 STAT -1 5 -11 20815.564 -43588.320 673.573 0.000000 0.000000 3.124578 1.0000 8 20685.406 -43718.480 673.573 20945.723 -43458.160 673.573 Interiors\Building\Brick\Small_FloorCeilKit\BldBrickSmFlrOnly01.nif
0x001C9ED0 0x000D43F9 STAT -1 5 -11 23221.406 -42971.301 673.573 0.000000 0.000000 4.695376 1.0000 658 23184.068 -43008.641 673.573 23258.744 -42933.961 1057.573 Interiors\Building\Deco\Med_WallKit\BldDecoMdWallPillarBg01.nif
0x001C9ED1 0x000D43F9 STAT -1 5 -11 21663.506 -42637.754 673.573 0.000000 0.000000 4.695376 1.0000 658 21626.168 -42675.094 673.573 21700.844 -42600.414 1057.573 Interiors\Building\Deco\Med_WallKit\BldDecoMdWallPillarBg01.nif
0x001C9ED2 0x000D43F9 STAT -1 5 -11 20800.145 -42212.379 673.573 0.000000 0.000000 4.695376 1.0000 658 20762.807 -42249.719 673.573 20837.482 -42175.039 1057.573 Interiors\Building\Deco\Med_WallKit\BldDecoMdWallPillarBg01.nif
0x001C9ED3 0x000D43F9 STAT -1 5 -11 23103.813 -42173.180 673.573 0.000000 0.000000 4.695376 1.0000 658 23066.475 -42210.520 673.573 23141.150 -42135.840 1057.573 Interiors\Building\Deco\Med_WallKit\BldDecoMdWallPillarBg01.nif
0x001C9ED4 0x000D43F9 STAT -1 5 -11 22847.850 -42177.539 673.573 0.000000 0.000000 4.695376 1.0000 658 22810.512 -42214.879 673.573 22885.188 -42140.199 1057.573 Interiors\Building\Deco\Med_WallKit\BldDecoMdWallPillarBg01.nif
0x001C9ED5 0x00030F06 STAT -1 5 -11 22719.867 -42179.715 705.573 0.000000 0.000000 3.124579 1.0000 40 22591.229 -42181.891 929.573 22847.850 -42138.887 963.573 Architecture\Buildings\DecoKit\DecoLobbyBTrim1x1Str01.nif
0x001C9ED6 0x00030F06 STAT -1 5 -11 22719.867 -42179.715 705.573 0.000000 0.000000 6.266172 1.0000 40 22591.885 -42220.543 929.573 22848.506 -42177.539 963.573 Architecture\Buildings\DecoKit\DecoLobbyBTrim1x1Str01.nif
0x001C9ED7 0x00030E21 STAT -1 5 -11 22975.695 -42167.359 673.573 0.000000 0.000000 6.266172 1.0000 40 22847.736 -42194.863 673.573 23104.107 -42166.516 929.573 Architecture\Buildings\DecoKit\DecoLobbyB1x1Wall03.nif
0x001C9ED8 0x00035E47 STAT -1 5 -11 22719.867 -42179.715 945.573 0.000000 0.000000 3.124578 1.0000 2 22591.613 -42165.895 945.573 22847.576 -42161.539 1073.573 Architecture\Buildings\DecoKit\DecoMainA1x1Wall01Half01.nif
0x001C9ED9 0x00035E47 STAT -1 5 -11 22719.867 -42179.715 945.573 0.000000 0.000000 6.266172 1.0000 2 22592.158 -42197.891 945.573 22848.121 -42193.535 1073.573 Architecture\Buildings\DecoKit\DecoMainA1x1Wall01Half01.nif
0x001C9EDA 0x000D43F9 STAT -1 5 -11 22335.922 -42186.250 673.573 0.000000 0.000000 4.695376 1.0000 658 22298.584 -42223.590 673.573 22373.260 -42148.910 1057.573 Interiors\Building\Deco\Med_WallKit\BldDecoMdWallPillarBg01.nif
0x001C9EDB 0x00030E21 STAT -1 5 -11 22208.076 -42196.430 673.573 0.000000 0.000000 3.124580 1.0000 40 22079.664 -42197.273 673.573 22336.035 -42168.926 929.573 Architecture\Buildings\DecoKit\DecoLobbyB1x1Wall03.nif
0x001C9EDC 0x00030E21 STAT -1 5 -11 22207.805 -42180.430 673.573 0.000000 0.000000 6.266172 1.0000 40 22079.846 -42207.934 673.573 22336.217 -42179.586 929.573 Architecture\Buildings\DecoKit\DecoLobbyB1x1Wall03.nif
0x001C9EDD 0x000D43F9 STAT -1 5 -11 21568.033 -42199.316 673.573 0.000000 0.000000 4.695376 1.0000 658 21530.695 -42236.656 673.573 21605.371 -42161.977 1057.573 Interiors\Building\Deco\Med_WallKit\BldDecoMdWallPillarBg01.nif
0x001C9EDE 0x00051488 STAT -1 5 -11 21954.361 -42332.938 673.573 0.000000 0.000000 3.124580 1.0000 134 21823.795 -42207.133 673.573 22080.166 -42178.781 929.573 Architecture\Buildings\DecoKit\DecoLobbyB1x1Win02Full01.nif
0x001C9EDF 0x00030E21 STAT -1 5 -11 20928.260 -42218.203 673.573 0.000000 0.000000 3.124580 1.0000 40 20799.848 -42219.047 673.573 21056.219 -42190.699 929.573 Architecture\Buildings\DecoKit\DecoLobbyB1x1Wall03.nif
0x001C9EE0 0x00030E21 STAT -1 5 -11 20927.988 -42202.203 673.573 0.000000 0.000000 6.266172 1.0000 40 20800.029 -42229.707 673.573 21056.400 -42201.359 929.573 Architecture\Buildings\DecoKit\DecoLobbyB1x1Wall03.nif
0x001C9EE1 0x000D43F9 STAT -1 5 -11 21056.107 -42208.023 673.573 0.000000 0.000000 4.695376 1.0000 658 21018.770 -42245.363 673.573 21093.445 -42170.684 1057.573 Interiors\Building\Deco\Med_WallKit\BldDecoMdWallPillarBg01.nif
0x001C9EE2 0x00030E21 STAT -1 5 -11 21696.150 -42205.137 673.573 0.000000 0.000000 3.124580 1.0000 40 21567.738 -42205.980 673.573 21824.109 -42177.633 929.573 Architecture\Buildings\DecoKit\DecoLobbyB1x1Wall03.nif
0x001C9EE3 0x00030E21 STAT -1 5 -11 21695.879 -42189.137 673.573 0.000000 0.000000 6.266172 1.0000 40 21567.920 -42216.641 673.573 21824.291 -42188.293 929.573 Architecture\Buildings\DecoKit\DecoLobbyB1x1Wall03.nif
0x001C9EE4 0x00154F0C STAT -1 5 -11 23119.221 -43549.121 1025.573 0.000000 0.000000 4.695376 1.0700 134 22979.678 -43704.574 1299.493 23258.766 -43393.805 1470.693 Architecture\Buildings\DecoKit\DecoMainA1x1WinDBayRoofStr01Full01.nif
0x001C9EE5 0x00154EFC STAT -1 5 -11 23207.207 -43547.625 1025.573 0.000000 0.000000 4.695376 1.0700 54 23204.586 -43701.816 1299.493 23295.418 -43392.109 1470.693 Architecture\Buildings\DecoKit\DecoMainA1x1WinDBayRoofEnd01.nif
0x001C9EE6 0x00154EFC STAT -1 5 -11 23031.234 -43550.617 1025.573 0.000000 0.000000 1.553783 1.0700 54 22943.023 -43706.133 1299.493 23033.855 -43396.426 1470.693 Architecture\Buildings\DecoKit\DecoMainA1x1WinDBayRoofEnd01.nif
0x001C9EE7 0x00154EFC STAT -1 5 -11 23117.723 -43461.133 1025.573 0.000000 0.000000 3.124579 1.0700 54 22962.209 -43463.754 1299.493 23271.914 -43372.922 1470.693 Architecture\Buildings\DecoKit\DecoMainA1x1WinDBayRoofEnd01.nif
0x001C9EE8 0x00154EFC STAT -1 5 -11 23120.719 -43637.109 1025.573 0.000000 0.000000 6.266172 1.0700 54 22966.527 -43725.320 1299.493 23276.232 -43634.488 1470.693 Architecture\Buildings\DecoKit\DecoMainA1x1WinDBayRoofEnd01.nif
0x001C9EE9 0x00154F0C STAT -1 5 -11 23119.221 -43549.121 1025.573 0.000000 0.000000 6.266172 1.0700 134 22963.770 -43688.668 1299.493 23274.539 -43409.578 1470.693 Architecture\Buildings\DecoKit\DecoMainA1x1WinDBayRoofStr01Full01.nif
0x001C9EEA 0x000D43F9 STAT -1 5 -11 23245.027 -43418.961 1057.573 3.141593 -0.000000 1.587809 1.0000 658 23207.689 -43456.301 673.573 23282.365 -43381.621 1057.573 Interiors\Building\Deco\Med_WallKit\BldDecoMdWallPillarBg01.nif
0x001C9EEE 0x000D453D STAT -1 5 -11 22989.063 -43423.316 1057.573 0.000000 0.000000 4.695376 1.0000 658 22952.631 -43459.750 1057.573 23025.494 -43386.883 1313.573 Interiors\Building\Deco\Small_WallKit\BldDecoSmWallPillarBg01.nif
0x001C9EEF 0x000D453D STAT -1 5 -11 22993.416 -43679.281 1057.573 0.000000 0.000000 4.695376 1.0000 658 22956.984 -43715.715 1057.573 23029.848 -43642.848 1313.573 Interiors\Building\Deco\Small_WallKit\BldDecoSmWallPillarBg01.nif
0x001C9EF0 0x000D453D STAT -1 5 -11 23245.025 -43418.961 1057.573 0.000000 0.000000 4.695376 1.0000 658 23208.594 -43455.395 1057.573 23281.457 -43382.527 1313.573 Interiors\Building\Deco\Small_WallKit\BldDecoSmWallPillarBg01.nif
0x001C9EF1 0x000D453D STAT -1 5 -11 23249.379 -43674.926 1057.573 0.000000 0.000000 4.695376 1.0000 658 23212.947 -43711.359 1057.573 23285.811 -43638.492 1313.573 Interiors\Building\Deco\Small_WallKit\BldDecoSmWallPillarBg01.nif
0x001C9EF2 0x00154C0A STAT -1 5 -11 23117.723 -43461.133 1025.573 0.000000 0.000000 3.124579 1.0700 114 22972.225 -43463.609 1025.573 23263.355 -43384.145 1299.493 Architecture\Buildings\DecoKit\DecoMainA1x1WinDBayMid01Full01.nif
0x001C9EF3 0x00154C0A STAT -1 5 -11 23031.234 -43550.617 1025.573 0.000000 0.000000 1.553783 1.0700 114 22954.244 -43696.117 1025.573 23033.711 -43404.984 1299.493 Architecture\Buildings\DecoKit\DecoMainA1x1WinDBayMid01Full01.nif
0x001C9EF4 0x00154C0A STAT -1 5 -11 23120.719 -43637.109 1025.573 0.000000 0.000000 6.266172 1.0700 114 22975.086 -43714.098 1025.573 23266.217 -43634.633 1299.493 Architecture\Buildings\DecoKit\DecoMainA1x1WinDBayMid01Full01.nif
0x001C9EF5 0x00154C0A STAT -1 5 -11 23207.207 -43547.625 1025.573 0.000000 0.000000 4.695376 1.0700 114 23204.732 -43693.258 1025.573 23284.197 -43402.125 1299.493 Architecture\Buildings\DecoKit\DecoMainA1x1WinDBayMid01Full01.nif
0x001C9EF6 0x000AAFC2 STAT -1 5 -11 22850.191 -42785.590 1185.573 0.000000 0.000000 4.695376 1.0000 533 22590.889 -43045.016 1185.573 23109.494 -42526.164 1339.573 Architecture\Buildings\DecoKit\DecoRoof2x2SkyLight01Full01.nif
0x001C9EF7 0x0018481D STAT -1 5 -11 22719.869 -42179.727 593.573 0.000000 0.000000 3.124578 1.0000 12 22591.615 -42181.902 593.573 22847.852 -42161.551 721.573 architecture\buildings\decokit\DecoMainA1x1Wall01Half01Full01.nif
0x001C9EF8 0x0018481D STAT -1 5 -11 22463.902 -42184.070 593.573 0.000000 0.000000 3.124578 1.0000 12 22335.648 -42186.246 593.573 22591.885 -42165.895 721.573 architecture\buildings\decokit\DecoMainA1x1Wall01Half01Full01.nif
0x001C9EF9 0x0018481D STAT -1 5 -11 22719.869 -42179.727 593.573 0.000000 0.000000 6.266172 1.0000 12 22591.887 -42197.902 593.573 22848.123 -42177.551 721.573 architecture\buildings\decokit\DecoMainA1x1Wall01Half01Full01.nif
0x001C9EFA 0x0018481D STAT -1 5 -11 22463.902 -42184.070 593.573 0.000000 0.000000 6.266172 1.0000 12 22335.920 -42202.246 593.573 22592.156 -42181.895 721.573 architecture\buildings\decokit\DecoMainA1x1Wall01Half01Full01.nif
0x001C9EFB 0x0018481D STAT -1 5 -11 21440.055 -42201.504 593.573 0.000000 0.000000 3.124578 1.0000 12 21311.801 -42203.680 593.573 21568.037 -42183.328 721.573 architecture\buildings\decokit\DecoMainA1x1Wall01Half01Full01.nif
0x001C9EFC 0x0018481D STAT -1 5 -11 21184.088 -42205.848 593.573 0.000000 0.000000 3.124578 1.0000 12 21055.834 -42208.023 593.573 21312.070 -42187.672 721.573 architecture\buildings\decokit\DecoMainA1x1Wall01Half01Full01.nif
0x001C9EFD 0x0018481D STAT -1 5 -11 21440.055 -42201.504 593.573 0.000000 0.000000 6.266172 1.0000 12 21312.072 -42219.680 593.573 21568.309 -42199.328 721.573 architecture\buildings\decokit\DecoMainA1x1Wall01Half01Full01.nif
0x001C9EFE 0x0018481D STAT -1 5 -11 21184.088 -42205.848 593.573 0.000000 0.000000 6.266172 1.0000 12 21056.105 -42224.023 593.573 21312.342 -42203.672 721.573 architecture\buildings\decokit\DecoMainA1x1Wall01Half01Full01.nif
0x001C9EFF 0x0010FCE0 STAT -1 5 -11 22591.885 -42181.895 681.573 0.000000 0.000000 4.695376 1.0000 316 22341.797 -42187.992 683.620 22841.848 -42175.801 747.698 Landscape\Pier\PierRailingLong01.nif
0x001C9F00 0x0010FCE0 STAT -1 5 -11 21312.070 -42203.672 681.573 0.000000 0.000000 4.695376 1.0000 316 21061.982 -42209.770 683.620 21562.033 -42197.578 747.698 Landscape\Pier\PierRailingLong01.nif
0x001C9F02 0x000D43F9 STAT -1 5 -11 20685.396 -43462.512 1057.573 3.141593 0.000000 4.729402 1.0000 658 20648.059 -43499.852 673.573 20722.734 -43425.172 1057.573 Interiors\Building\Deco\Med_WallKit\BldDecoMdWallPillarBg01.nif
0x001C9F03 0x000D43F9 STAT -1 5 -11 20945.715 -43714.121 1057.573 3.141593 -0.000001 1.587809 1.0000 658 20908.377 -43751.461 673.573 20983.053 -43676.781 1057.573 Interiors\Building\Deco\Med_WallKit\BldDecoMdWallPillarBg01.nif
0x001C9F04 0x000D43F9 STAT -1 5 -11 20689.752 -43718.477 1057.573 3.141593 0.000000 4.729402 1.0000 658 20652.414 -43755.816 673.573 20727.090 -43681.137 1057.573 Interiors\Building\Deco\Med_WallKit\BldDecoMdWallPillarBg01.nif
0x001C9F05 0x000F9232 STAT -1 5 -11 23279.197 -43546.398 1345.573 0.000000 0.000000 4.695376 1.0000 771 23271.861 -43591.098 1300.635 23288.000 -43501.816 1390.510 Props\Clocks\Clock03_Wall.nif
0x001C9F06 0x000F9232 STAT -1 5 -11 23121.943 -43709.098 1345.573 0.000000 0.000000 6.266173 1.0000 771 23077.244 -43717.902 1300.635 23166.523 -43701.762 1390.510 Props\Clocks\Clock03_Wall.nif
0x001C9F08 0x0017CAE2 STAT -1 5 -11 20783.559 -43588.863 1177.573 0.000000 0.000000 3.124580 1.0300 274 20648.654 -43772.359 1177.416 20918.463 -43405.367 1352.673 Architecture\Buildings\Church\ChurchRoofA1x1Peak01Full01.nif
0x001C9F09 0x000DD877 STAT -1 5 -11 20679.574 -43590.633 1185.573 0.000000 0.000000 1.553784 0.5700 5 20672.533 -43590.711 1185.573 20684.133 -43444.656 1331.493 Architecture\Buildings\Church\ChurchMainA1x1EndCap01Full01.nif
0x001C9F0A 0x000DD877 STAT -1 5 -11 20679.574 -43590.633 1185.573 0.000000 0.000000 4.695376 0.5700 5 20675.016 -43736.609 1185.573 20686.615 -43590.555 1331.493 Architecture\Buildings\Church\ChurchMainA1x1EndCap01Full01.nif
0x001C9F0B 0x00031855 STAT -1 5 -11 20685.395 -43462.512 929.573 0.000000 0.000000 1.553784 1.0000 24 20665.125 -43478.781 929.573 20701.119 -43442.309 1185.573 Architecture\Buildings\DecoKit\DecoMainA1x1Cor02.nif
0x001C9F0C 0x00031855 STAT -1 5 -11 20689.750 -43718.477 929.573 0.000000 0.000000 6.266173 1.0000 24 20669.549 -43738.746 929.573 20706.020 -43702.750 1185.573 Architecture\Buildings\DecoKit\DecoMainA1x1Cor02.nif
0x001C9F0D 0x0017CAE0 STAT -1 5 -11 21047.520 -43584.371 1177.573 0.000000 0.000000 6.266172 1.0300 214 20912.615 -43767.867 1177.416 21182.424 -43400.875 1352.673 Architecture\Buildings\Church\ChurchRoofA1x1Peak01Full03.nif
0x001C9F0E 0x0017CAE1 STAT -1 5 -11 21311.482 -43579.879 1177.573 0.000000 0.000000 3.124580 1.0300 316 21176.578 -43763.375 1177.416 21446.387 -43396.383 1352.673 Architecture\Buildings\Church\ChurchRoofA1x1Peak01Full02.nif
0x001C9F0F 0x0017CAE2 STAT -1 5 -11 21575.443 -43575.387 1177.573 0.000000 0.000000 6.266173 1.0300 274 21440.539 -43758.883 1177.416 21710.348 -43391.891 1352.673 Architecture\Buildings\Church\ChurchRoofA1x1Peak01Full01.nif
0x001C9F10 0x0017CAE0 STAT -1 5 -11 22367.328 -43561.914 1177.573 0.000000 0.000000 3.124580 1.0300 214 22232.424 -43745.410 1177.416 22502.232 -43378.418 1352.673 Architecture\Buildings\Church\ChurchRoofA1x1Peak01Full03.nif
0x001C9F11 0x0017CAE1 STAT -1 5 -11 22631.289 -43557.422 1177.573 0.000000 0.000000 3.124580 1.0300 316 22496.385 -43740.918 1177.416 22766.193 -43373.926 1352.673 Architecture\Buildings\Church\ChurchRoofA1x1Peak01Full02.nif
0x001C9F12 0x0017CAE2 STAT -1 5 -11 22103.367 -43566.406 1177.573 0.000000 0.000000 3.124580 1.0300 274 21968.463 -43749.902 1177.416 22238.271 -43382.910 1352.673 Architecture\Buildings\Church\ChurchRoofA1x1Peak01Full01.nif
0x001C9F13 0x0017CAE0 STAT -1 5 -11 21839.406 -43570.898 1177.573 0.000000 0.000000 3.124580 1.0300 214 21704.502 -43754.395 1177.416 21974.311 -43387.402 1352.673 Architecture\Buildings\Church\ChurchRoofA1x1Peak01Full03.nif
0x001C9F14 0x000FCE4D STAT -1 5 -11 22735.275 -43555.652 929.573 0.000000 0.000000 4.695374 1.0000 12 22733.098 -43683.633 929.573 22753.451 -43427.398 1185.573 Architecture\Buildings\DecoKit\DecoMainA1x1Wall01Full01.nif
0x001C9F15 0x00031855 STAT -1 5 -11 22733.100 -43427.672 929.573 0.000000 0.000000 3.124580 1.0000 24 22716.830 -43443.398 929.573 22753.301 -43407.402 1185.573 Architecture\Buildings\DecoKit\DecoMainA1x1Cor02.nif
0x001C9F16 0x00031855 STAT -1 5 -11 22737.455 -43683.637 929.573 0.000000 0.000000 4.695377 1.0000 24 22721.730 -43703.840 929.573 22757.725 -43667.367 1185.573 Architecture\Buildings\DecoKit\DecoMainA1x1Cor02.nif
0x001C9F17 0x000DD877 STAT -1 5 -11 22743.275 -43555.520 1185.573 0.000000 0.000000 4.695376 0.5700 5 22738.717 -43701.496 1185.573 22750.316 -43555.441 1331.493 Architecture\Buildings\Church\ChurchMainA1x1EndCap01Full01.nif
0x001C9F18 0x000DD877 STAT -1 5 -11 22743.275 -43555.520 1185.573 0.000000 0.000000 1.553784 0.5700 5 22736.234 -43555.598 1185.573 22747.834 -43409.543 1331.493 Architecture\Buildings\Church\ChurchMainA1x1EndCap01Full01.nif
0x001C9F19 0x0018481D STAT -1 5 -11 22974.090 -42543.445 1065.573 0.000000 0.000000 3.124578 1.0000 12 22845.836 -42545.621 1065.573 23102.072 -42525.270 1193.573 architecture\buildings\decokit\DecoMainA1x1Wall01Half01Full01.nif
0x001C9F1A 0x001A8465 STAT -1 5 -11 23164.701 -42460.191 1089.573 0.000000 0.000000 1.553783 1.0000 2 23099.621 -42525.270 1089.573 23229.781 -42395.113 1089.573 Architecture\Buildings\DecoKit\DecoRoof1x1Str01Half01.nif
0x001C9F1B 0x0018481D STAT -1 5 -11 23087.979 -42653.523 1065.573 0.000000 0.000000 4.695374 1.0000 12 23085.801 -42781.504 1065.573 23106.154 -42525.270 1193.573 architecture\buildings\decokit\DecoMainA1x1Wall01Half01Full01.nif
0x001C9F1C 0x0009C45F STAT -1 5 -11 23086.074 -42541.543 1065.573 0.000000 0.000000 3.124580 1.0000 24 23069.693 -42557.270 1065.573 23106.275 -42521.168 1193.573 Architecture\Buildings\DecoKit\DecoMainA1x1Cor02Half01.nif
0x001C9F1D 0x0003468B STAT -1 5 -11 23086.074 -42541.543 961.573 0.000000 0.000000 3.124578 0.9400 58 22844.701 -42782.148 1172.133 23135.281 -42495.660 1203.153 Architecture\Buildings\DecoKit\DecoRoofATrimA1x1Cor02.nif
0x001C9F1E 0x0018481D STAT -1 5 -11 23092.334 -42909.488 1065.573 0.000000 0.000000 4.695374 1.0000 12 23090.156 -43037.469 1065.573 23110.510 -42781.234 1193.573 architecture\buildings\decokit\DecoMainA1x1Wall01Half01Full01.nif
0x001C9F1F 0x0018481D STAT -1 5 -11 22982.256 -43023.375 1065.573 0.000000 0.000000 6.266172 1.0000 12 22854.273 -43041.551 1065.573 23110.510 -43021.199 1193.573 architecture\buildings\decokit\DecoMainA1x1Wall01Half01Full01.nif
0x001C9F20 0x0009C45F STAT -1 5 -11 23094.240 -43021.473 1065.573 0.000000 0.000000 4.695376 1.0000 24 23078.516 -43041.676 1065.573 23114.617 -43005.090 1193.573 Architecture\Buildings\DecoKit\DecoMainA1x1Cor02Half01.nif
0x001C9F21 0x0003468B STAT -1 5 -11 23094.240 -43021.473 961.573 0.000000 0.000000 4.695374 0.9400 58 22853.635 -43070.680 1172.133 23140.121 -42780.102 1203.153 Architecture\Buildings\DecoKit\DecoRoofATrimA1x1Cor02.nif
0x001C9F22 0x001A8465 STAT -1 5 -11 23036.721 -42462.367 1057.573 -3.141592 -0.000000 4.729403 1.0000 2 22971.641 -42527.445 1057.573 23101.801 -42397.289 1057.573 Architecture\Buildings\DecoKit\DecoRoof1x1Str01Half01.nif
0x001C9F23 0x001A8465 STAT -1 5 -11 23164.701 -42460.191 1057.573 -3.141592 -0.000000 4.729403 1.0000 2 23099.621 -42525.270 1057.573 23229.781 -42395.113 1057.573 Architecture\Buildings\DecoKit\DecoRoof1x1Str01Half01.nif
0x001C9F24 0x001A8465 STAT -1 5 -11 23166.879 -42588.172 1089.573 0.000000 0.000000 4.695378 1.0000 2 23101.799 -42653.250 1089.573 23231.959 -42523.094 1089.573 Architecture\Buildings\DecoKit\DecoRoof1x1Str01Half01.nif
0x001C9F25 0x001A8465 STAT -1 5 -11 23166.879 -42588.172 1057.573 3.141592 0.000000 1.587808 1.0000 2 23101.799 -42653.250 1057.573 23231.959 -42523.094 1057.573 Architecture\Buildings\DecoKit\DecoRoof1x1Str01Half01.nif
0x001C9F26 0x001A8465 STAT -1 5 -11 23171.234 -42844.133 1057.573 3.141592 0.000000 1.587808 1.0000 2 23106.154 -42909.211 1057.573 23236.314 -42779.055 1057.573 Architecture\Buildings\DecoKit\DecoRoof1x1Str01Half01.nif
0x001C9F27 0x001A8465 STAT -1 5 -11 23171.234 -42844.133 1089.573 0.000000 0.000000 4.695378 1.0000 2 23106.154 -42909.211 1089.573 23236.314 -42779.055 1089.573 Architecture\Buildings\DecoKit\DecoRoof1x1Str01Half01.nif
0x001C9F28 0x001A8465 STAT -1 5 -11 23169.057 -42716.152 1089.573 0.000000 0.000000 1.553783 1.0000 2 23103.977 -42781.230 1089.573 23234.137 -42651.074 1089.573 Architecture\Buildings\DecoKit\DecoRoof1x1Str01Half01.nif
0x001C9F29 0x001A8465 STAT -1 5 -11 23169.057 -42716.152 1057.573 -3.141592 -0.000000 4.729403 1.0000 2 23103.977 -42781.230 1057.573 23234.137 -42651.074 1057.573 Architecture\Buildings\DecoKit\DecoRoof1x1Str01Half01.nif
0x001C9F2A 0x0018481D STAT -1 5 -11 22718.127 -42547.801 1065.573 0.000000 0.000000 3.124578 1.0000 12 22589.873 -42549.977 1065.573 22846.109 -42529.625 1193.573 architecture\buildings\decokit\DecoMainA1x1Wall01Half01Full01.nif
0x001C9F2B 0x001A8465 STAT -1 5 -11 23175.590 -43100.098 1057.573 3.141592 0.000000 1.587808 1.0000 2 23110.510 -43165.176 1057.573 23240.670 -43035.020 1057.573 Architecture\Buildings\DecoKit\DecoRoof1x1Str01Half01.nif
0x001C9F2C 0x001A8465 STAT -1 5 -11 23173.412 -42972.117 1057.573 -3.141592 -0.000000 4.729402 1.0000 2 23108.332 -43037.195 1057.573 23238.492 -42907.039 1057.573 Architecture\Buildings\DecoKit\DecoRoof1x1Str01Half01.nif
0x001C9F2D 0x001A8465 STAT -1 5 -11 23173.412 -42972.117 1089.573 0.000000 0.000000 1.553783 1.0000 2 23108.332 -43037.195 1089.573 23238.492 -42907.039 1089.573 Architecture\Buildings\DecoKit\DecoRoof1x1Str01Half01.nif
0x001C9F2E 0x001A8465 STAT -1 5 -11 23175.590 -43100.098 1089.573 0.000000 0.000000 4.695378 1.0000 2 23110.510 -43165.176 1089.573 23240.670 -43035.020 1089.573 Architecture\Buildings\DecoKit\DecoRoof1x1Str01Half01.nif
0x001C9F2F 0x001A8465 STAT -1 5 -11 23047.609 -43102.273 1057.573 3.141592 0.000000 1.587808 1.0000 2 22982.529 -43167.352 1057.573 23112.689 -43037.195 1057.573 Architecture\Buildings\DecoKit\DecoRoof1x1Str01Half01.nif
0x001C9F30 0x001A8465 STAT -1 5 -11 23047.609 -43102.273 1089.573 0.000000 0.000000 4.695378 1.0000 2 22982.529 -43167.352 1089.573 23112.689 -43037.195 1089.573 Architecture\Buildings\DecoKit\DecoRoof1x1Str01Half01.nif
0x001C9F31 0x001A8465 STAT -1 5 -11 22791.646 -43106.629 1089.573 0.000000 0.000000 4.695378 1.0000 2 22726.566 -43171.707 1089.573 22856.727 -43041.551 1089.573 Architecture\Buildings\DecoKit\DecoRoof1x1Str01Half01.nif
0x001C9F32 0x001A8465 STAT -1 5 -11 22919.627 -43104.453 1057.573 3.141592 0.000000 1.587808 1.0000 2 22854.547 -43169.531 1057.573 22984.707 -43039.375 1057.573 Architecture\Buildings\DecoKit\DecoRoof1x1Str01Half01.nif
0x001C9F33 0x001A8465 STAT -1 5 -11 22791.646 -43106.629 1057.573 3.141592 0.000000 1.587808 1.0000 2 22726.566 -43171.707 1057.573 22856.727 -43041.551 1057.573 Architecture\Buildings\DecoKit\DecoRoof1x1Str01Half01.nif
0x001C9F34 0x001A8465 STAT -1 5 -11 22919.627 -43104.453 1089.573 0.000000 0.000000 4.695378 1.0000 2 22854.547 -43169.531 1089.573 22984.707 -43039.375 1089.573 Architecture\Buildings\DecoKit\DecoRoof1x1Str01Half01.nif
0x001C9F35 0x001A8465 STAT -1 5 -11 22535.684 -43110.984 1089.573 0.000000 0.000000 4.695378 1.0000 2 22470.604 -43176.063 1089.573 22600.764 -43045.906 1089.573 Architecture\Buildings\DecoKit\DecoRoof1x1Str01Half01.nif
0x001C9F36 0x001A8465 STAT -1 5 -11 22663.664 -43108.809 1057.573 3.141592 0.000000 1.587808 1.0000 2 22598.584 -43173.887 1057.573 22728.744 -43043.730 1057.573 Architecture\Buildings\DecoKit\DecoRoof1x1Str01Half01.nif
0x001C9F37 0x001A8465 STAT -1 5 -11 22535.684 -43110.984 1057.573 3.141592 0.000000 1.587808 1.0000 2 22470.604 -43176.063 1057.573 22600.764 -43045.906 1057.573 Architecture\Buildings\DecoKit\DecoRoof1x1Str01Half01.nif
0x001C9F38 0x001A8465 STAT -1 5 -11 22663.664 -43108.809 1089.573 0.000000 0.000000 4.695378 1.0000 2 22598.584 -43173.887 1089.573 22728.744 -43043.730 1089.573 Architecture\Buildings\DecoKit\DecoRoof1x1Str01Half01.nif
0x001C9F39 0x001A8465 STAT -1 5 -11 22533.506 -42983.004 1057.573 3.141592 0.000000 4.729401 1.0000 2 22468.426 -43048.082 1057.573 22598.586 -42917.926 1057.573 Architecture\Buildings\DecoKit\DecoRoof1x1Str01Half01.nif
0x001C9F3A 0x001A8465 STAT -1 5 -11 22533.506 -42983.004 1089.573 0.000000 0.000000 1.553785 1.0000 2 22468.426 -43048.082 1089.573 22598.586 -42917.926 1089.573 Architecture\Buildings\DecoKit\DecoRoof1x1Str01Half01.nif
0x001C9F3B 0x001A8465 STAT -1 5 -11 22529.150 -42727.039 1089.573 0.000000 0.000000 1.553785 1.0000 2 22464.070 -42792.117 1089.573 22594.230 -42661.961 1089.573 Architecture\Buildings\DecoKit\DecoRoof1x1Str01Half01.nif
0x001C9F3C 0x001A8465 STAT -1 5 -11 22531.328 -42855.020 1089.573 0.000000 0.000000 4.695378 1.0000 2 22466.248 -42920.098 1089.573 22596.408 -42789.941 1089.573 Architecture\Buildings\DecoKit\DecoRoof1x1Str01Half01.nif
0x001C9F3D 0x001A8465 STAT -1 5 -11 22531.328 -42855.020 1057.573 3.141592 0.000000 1.587808 1.0000 2 22466.248 -42920.098 1057.573 22596.408 -42789.941 1057.573 Architecture\Buildings\DecoKit\DecoRoof1x1Str01Half01.nif
0x001C9F3E 0x001A8465 STAT -1 5 -11 22529.150 -42727.039 1057.573 3.141592 0.000000 4.729401 1.0000 2 22464.070 -42792.117 1057.573 22594.230 -42661.961 1057.573 Architecture\Buildings\DecoKit\DecoRoof1x1Str01Half01.nif
0x001C9F3F 0x001A8465 STAT -1 5 -11 22524.795 -42471.078 1089.573 0.000000 0.000000 1.553785 1.0000 2 22459.715 -42536.156 1089.573 22589.875 -42406.000 1089.573 Architecture\Buildings\DecoKit\DecoRoof1x1Str01Half01.nif
0x001C9F40 0x001A8465 STAT -1 5 -11 22526.973 -42599.059 1089.573 0.000000 0.000000 4.695378 1.0000 2 22461.893 -42664.137 1089.573 22592.053 -42533.980 1089.573 Architecture\Buildings\DecoKit\DecoRoof1x1Str01Half01.nif
0x001C9F41 0x001A8465 STAT -1 5 -11 22526.973 -42599.059 1057.573 3.141592 0.000000 1.587808 1.0000 2 22461.893 -42664.137 1057.573 22592.053 -42533.980 1057.573 Architecture\Buildings\DecoKit\DecoRoof1x1Str01Half01.nif
0x001C9F42 0x001A8465 STAT -1 5 -11 22524.795 -42471.078 1057.573 3.141592 0.000000 4.729401 1.0000 2 22459.715 -42536.156 1057.573 22589.875 -42406.000 1057.573 Architecture\Buildings\DecoKit\DecoRoof1x1Str01Half01.nif
0x001C9F43 0x001A8465 STAT -1 5 -11 22780.758 -42466.723 1057.573 -3.141592 -0.000000 4.729403 1.0000 2 22715.678 -42531.801 1057.573 22845.838 -42401.645 1057.573 Architecture\Buildings\DecoKit\DecoRoof1x1Str01Half01.nif
0x001C9F44 0x001A8465 STAT -1 5 -11 22908.738 -42464.547 1057.573 -3.141592 -0.000000 4.729403 1.0000 2 22843.658 -42529.625 1057.573 22973.818 -42399.469 1057.573 Architecture\Buildings\DecoKit\DecoRoof1x1Str01Half01.nif
0x001C9F45 0x001A8465 STAT -1 5 -11 22908.738 -42464.547 1089.573 0.000000 0.000000 1.553783 1.0000 2 22843.658 -42529.625 1089.573 22973.818 -42399.469 1089.573 Architecture\Buildings\DecoKit\DecoRoof1x1Str01Half01.nif
0x001C9F46 0x001A8465 STAT -1 5 -11 22780.758 -42466.723 1089.573 0.000000 0.000000 1.553783 1.0000 2 22715.678 -42531.801 1089.573 22845.838 -42401.645 1089.573 Architecture\Buildings\DecoKit\DecoRoof1x1Str01Half01.nif
0x001C9F47 0x001A8465 STAT -1 5 -11 22652.775 -42468.898 1089.573 0.000000 0.000000 1.553783 1.0000 2 22587.695 -42533.977 1089.573 22717.855 -42403.820 1089.573 Architecture\Buildings\DecoKit\DecoRoof1x1Str01Half01.nif
0x001C9F48 0x001A8465 STAT -1 5 -11 22652.775 -42468.898 1057.573 -3.141592 -0.000000 4.729403 1.0000 2 22587.695 -42533.977 1057.573 22717.855 -42403.820 1057.573 Architecture\Buildings\DecoKit\DecoRoof1x1Str01Half01.nif
0x001C9F49 0x0018481D STAT -1 5 -11 22608.049 -42661.688 1065.573 0.000000 0.000000 1.553783 1.0000 12 22589.873 -42789.941 1065.573 22610.227 -42533.707 1193.573 architecture\buildings\decokit\DecoMainA1x1Wall01Half01Full01.nif
0x001C9F4A 0x0018481D STAT -1 5 -11 22612.404 -42917.652 1065.573 0.000000 0.000000 1.553783 1.0000 12 22594.229 -43045.906 1065.573 22614.582 -42789.672 1193.573 architecture\buildings\decokit\DecoMainA1x1Wall01Half01Full01.nif
0x001C9F4B 0x0018481D STAT -1 5 -11 22726.293 -43027.730 1065.573 0.000000 0.000000 6.266172 1.0000 12 22598.311 -43045.906 1065.573 22854.547 -43025.555 1193.573 architecture\buildings\decokit\DecoMainA1x1Wall01Half01Full01.nif
0x001C9F4C 0x0009C45F STAT -1 5 -11 22614.311 -43029.637 1065.573 0.000000 0.000000 6.266173 1.0000 24 22594.109 -43050.012 1065.573 22630.691 -43013.910 1193.573 Architecture\Buildings\DecoKit\DecoMainA1x1Cor02Half01.nif
0x001C9F4D 0x0009C45F STAT -1 5 -11 22606.145 -42549.703 1065.573 0.000000 0.000000 1.553784 1.0000 24 22585.768 -42566.086 1065.573 22621.869 -42529.500 1193.573 Architecture\Buildings\DecoKit\DecoMainA1x1Cor02Half01.nif
0x001C9F4E 0x0003468B STAT -1 5 -11 22606.145 -42549.703 961.573 0.000000 0.000000 1.553782 0.9400 58 22560.264 -42791.074 1172.133 22846.750 -42500.496 1203.153 Architecture\Buildings\DecoKit\DecoRoofATrimA1x1Cor02.nif
0x001C9F4F 0x0003468B STAT -1 5 -11 22614.311 -43029.637 961.573 0.000000 0.000000 6.266171 0.9400 58 22565.104 -43075.520 1172.133 22855.684 -42789.031 1203.153 Architecture\Buildings\DecoKit\DecoRoofATrimA1x1Cor02.nif
0x001C9F50 0x00034697 STAT -1 5 -11 22592.051 -42661.961 833.573 0.000000 0.000000 4.695374 1.0000 38 22589.873 -42789.941 1057.573 22642.223 -42533.164 1090.573 Architecture\Buildings\DecoKit\DecoRoofATrimA1x1Str01.nif
0x001C9F51 0x00034697 STAT -1 5 -11 22596.406 -42917.926 833.573 0.000000 0.000000 4.695374 1.0000 38 22594.229 -43045.906 1057.573 22646.578 -42789.129 1090.573 Architecture\Buildings\DecoKit\DecoRoofATrimA1x1Str01.nif
0x001C9F52 0x00034697 STAT -1 5 -11 22726.566 -43043.727 833.573 0.000000 0.000000 3.124578 1.0000 38 22597.768 -43045.906 1057.573 22854.549 -42993.555 1090.573 Architecture\Buildings\DecoKit\DecoRoofATrimA1x1Str01.nif
0x001C9F53 0x00034697 STAT -1 5 -11 22982.529 -43039.371 833.573 0.000000 0.000000 3.124578 1.0000 38 22853.730 -43041.551 1057.573 23110.512 -42989.199 1090.573 Architecture\Buildings\DecoKit\DecoRoofATrimA1x1Str01.nif
0x001C9F54 0x00034697 STAT -1 5 -11 23108.332 -42909.215 833.573 0.000000 0.000000 1.553782 1.0000 38 23058.162 -43038.012 1057.573 23110.510 -42781.234 1090.573 Architecture\Buildings\DecoKit\DecoRoofATrimA1x1Str01.nif
0x001C9F55 0x00034697 STAT -1 5 -11 23103.979 -42653.250 833.573 0.000000 0.000000 1.553782 1.0000 38 23053.809 -42782.047 1057.573 23106.156 -42525.270 1090.573 Architecture\Buildings\DecoKit\DecoRoofATrimA1x1Str01.nif
0x001C9F56 0x00034697 STAT -1 5 -11 22973.818 -42527.445 833.573 0.000000 0.000000 6.266171 1.0000 38 22845.836 -42577.617 1057.573 23102.617 -42525.270 1090.573 Architecture\Buildings\DecoKit\DecoRoofATrimA1x1Str01.nif
0x001C9F57 0x00034697 STAT -1 5 -11 22717.855 -42531.801 833.573 0.000000 0.000000 6.266171 1.0000 38 22589.873 -42581.973 1057.573 22846.654 -42529.625 1090.573 Architecture\Buildings\DecoKit\DecoRoofATrimA1x1Str01.nif
0x001C9F58 0x001A8465 STAT -1 5 -11 20733.055 -42501.563 1089.573 0.000000 0.000000 1.553785 1.0000 2 20667.975 -42566.641 1089.573 20798.135 -42436.484 1089.573 Architecture\Buildings\DecoKit\DecoRoof1x1Str01Half01.nif
0x001C9F59 0x001A8465 STAT -1 5 -11 20861.035 -42499.383 1089.573 0.000000 0.000000 1.553783 1.0000 2 20795.955 -42564.461 1089.573 20926.115 -42434.305 1089.573 Architecture\Buildings\DecoKit\DecoRoof1x1Str01Half01.nif
0x001C9F5A 0x001A8465 STAT -1 5 -11 20989.018 -42497.207 1089.573 0.000000 0.000000 1.553783 1.0000 2 20923.938 -42562.285 1089.573 21054.098 -42432.129 1089.573 Architecture\Buildings\DecoKit\DecoRoof1x1Str01Half01.nif
0x001C9F5B 0x001A8465 STAT -1 5 -11 21116.998 -42495.031 1089.573 0.000000 0.000000 1.553783 1.0000 2 21051.918 -42560.109 1089.573 21182.078 -42429.953 1089.573 Architecture\Buildings\DecoKit\DecoRoof1x1Str01Half01.nif
0x001C9F5C 0x001A8465 STAT -1 5 -11 21244.980 -42492.852 1089.573 0.000000 0.000000 1.553783 1.0000 2 21179.900 -42557.930 1089.573 21310.061 -42427.773 1089.573 Architecture\Buildings\DecoKit\DecoRoof1x1Str01Half01.nif
0x001C9F5D 0x001A8465 STAT -1 5 -11 21372.961 -42490.676 1089.573 0.000000 0.000000 1.553783 1.0000 2 21307.881 -42555.754 1089.573 21438.041 -42425.598 1089.573 Architecture\Buildings\DecoKit\DecoRoof1x1Str01Half01.nif
0x001C9F5E 0x001A8465 STAT -1 5 -11 21375.139 -42618.656 1089.573 0.000000 0.000000 4.695378 1.0000 2 21310.059 -42683.734 1089.573 21440.219 -42553.578 1089.573 Architecture\Buildings\DecoKit\DecoRoof1x1Str01Half01.nif
0x001C9F5F 0x001A8465 STAT -1 5 -11 21377.316 -42746.637 1089.573 0.000000 0.000000 1.553783 1.0000 2 21312.236 -42811.715 1089.573 21442.396 -42681.559 1089.573 Architecture\Buildings\DecoKit\DecoRoof1x1Str01Half01.nif
0x001C9F60 0x001A8465 STAT -1 5 -11 21379.494 -42874.617 1089.573 0.000000 0.000000 4.695378 1.0000 2 21314.414 -42939.695 1089.573 21444.574 -42809.539 1089.573 Architecture\Buildings\DecoKit\DecoRoof1x1Str01Half01.nif
0x001C9F61 0x001A8465 STAT -1 5 -11 21381.672 -43002.602 1089.573 0.000000 0.000000 1.553783 1.0000 2 21316.592 -43067.680 1089.573 21446.752 -42937.523 1089.573 Architecture\Buildings\DecoKit\DecoRoof1x1Str01Half01.nif
0x001C9F62 0x001A8465 STAT -1 5 -11 21383.850 -43130.582 1089.573 0.000000 0.000000 4.695378 1.0000 2 21318.770 -43195.660 1089.573 21448.930 -43065.504 1089.573 Architecture\Buildings\DecoKit\DecoRoof1x1Str01Half01.nif
0x001C9F63 0x001A8465 STAT -1 5 -11 21255.869 -43132.758 1089.573 0.000000 0.000000 4.695378 1.0000 2 21190.789 -43197.836 1089.573 21320.949 -43067.680 1089.573 Architecture\Buildings\DecoKit\DecoRoof1x1Str01Half01.nif
0x001C9F64 0x001A8465 STAT -1 5 -11 21127.887 -43134.938 1089.573 0.000000 0.000000 4.695378 1.0000 2 21062.807 -43200.016 1089.573 21192.967 -43069.859 1089.573 Architecture\Buildings\DecoKit\DecoRoof1x1Str01Half01.nif
0x001C9F65 0x001A8465 STAT -1 5 -11 20999.906 -43137.113 1089.573 0.000000 0.000000 4.695378 1.0000 2 20934.826 -43202.191 1089.573 21064.986 -43072.035 1089.573 Architecture\Buildings\DecoKit\DecoRoof1x1Str01Half01.nif
0x001C9F66 0x001A8465 STAT -1 5 -11 20871.924 -43139.293 1089.573 0.000000 0.000000 4.695378 1.0000 2 20806.844 -43204.371 1089.573 20937.004 -43074.215 1089.573 Architecture\Buildings\DecoKit\DecoRoof1x1Str01Half01.nif
0x001C9F67 0x001A8465 STAT -1 5 -11 20743.943 -43141.469 1089.573 0.000000 0.000000 4.695378 1.0000 2 20678.863 -43206.547 1089.573 20809.023 -43076.391 1089.573 Architecture\Buildings\DecoKit\DecoRoof1x1Str01Half01.nif
0x001C9F68 0x001A8465 STAT -1 5 -11 20741.766 -43013.488 1089.573 0.000000 0.000000 1.553785 1.0000 2 20676.686 -43078.566 1089.573 20806.846 -42948.410 1089.573 Architecture\Buildings\DecoKit\DecoRoof1x1Str01Half01.nif
0x001C9F69 0x001A8465 STAT -1 5 -11 20739.588 -42885.504 1089.573 0.000000 0.000000 4.695378 1.0000 2 20674.508 -42950.582 1089.573 20804.668 -42820.426 1089.573 Architecture\Buildings\DecoKit\DecoRoof1x1Str01Half01.nif
0x001C9F6A 0x001A8465 STAT -1 5 -11 20737.410 -42757.523 1089.573 0.000000 0.000000 1.553785 1.0000 2 20672.330 -42822.602 1089.573 20802.490 -42692.445 1089.573 Architecture\Buildings\DecoKit\DecoRoof1x1Str01Half01.nif
0x001C9F6B 0x001A8465 STAT -1 5 -11 20735.232 -42629.543 1089.573 0.000000 0.000000 4.695378 1.0000 2 20670.152 -42694.621 1089.573 20800.313 -42564.465 1089.573 Architecture\Buildings\DecoKit\DecoRoof1x1Str01Half01.nif
0x001C9F6C 0x001A8465 STAT -1 5 -11 21375.139 -42618.656 1057.573 3.141592 0.000000 1.587808 1.0000 2 21310.059 -42683.734 1057.573 21440.219 -42553.578 1057.573 Architecture\Buildings\DecoKit\DecoRoof1x1Str01Half01.nif
0x001C9F6D 0x001A8465 STAT -1 5 -11 21372.961 -42490.676 1057.573 -3.141592 -0.000000 4.729403 1.0000 2 21307.881 -42555.754 1057.573 21438.041 -42425.598 1057.573 Architecture\Buildings\DecoKit\DecoRoof1x1Str01Half01.nif
0x001C9F6E 0x001A8465 STAT -1 5 -11 21244.980 -42492.852 1057.573 -3.141592 -0.000000 4.729403 1.0000 2 21179.900 -42557.930 1057.573 21310.061 -42427.773 1057.573 Architecture\Buildings\DecoKit\DecoRoof1x1Str01Half01.nif
0x001C9F6F 0x001A8465 STAT -1 5 -11 21116.998 -42495.031 1057.573 -3.141592 -0.000000 4.729403 1.0000 2 21051.918 -42560.109 1057.573 21182.078 -42429.953 1057.573 Architecture\Buildings\DecoKit\DecoRoof1x1Str01Half01.nif
0x001C9F70 0x001A8465 STAT -1 5 -11 20733.055 -42501.563 1057.573 3.141592 0.000000 4.729401 1.0000 2 20667.975 -42566.641 1057.573 20798.135 -42436.484 1057.573 Architecture\Buildings\DecoKit\DecoRoof1x1Str01Half01.nif
0x001C9F71 0x001A8465 STAT -1 5 -11 20861.035 -42499.383 1057.573 -3.141592 -0.000000 4.729403 1.0000 2 20795.955 -42564.461 1057.573 20926.115 -42434.305 1057.573 Architecture\Buildings\DecoKit\DecoRoof1x1Str01Half01.nif
0x001C9F72 0x001A8465 STAT -1 5 -11 20989.018 -42497.207 1057.573 -3.141592 -0.000000 4.729403 1.0000 2 20923.938 -42562.285 1057.573 21054.098 -42432.129 1057.573 Architecture\Buildings\DecoKit\DecoRoof1x1Str01Half01.nif
0x001C9F73 0x001A8465 STAT -1 5 -11 20735.232 -42629.543 1057.573 3.141592 0.000000 1.587808 1.0000 2 20670.152 -42694.621 1057.573 20800.313 -42564.465 1057.573 Architecture\Buildings\DecoKit\DecoRoof1x1Str01Half01.nif
0x001C9F74 0x001A8465 STAT -1 5 -11 20737.410 -42757.523 1057.573 3.141592 0.000000 4.729401 1.0000 2 20672.330 -42822.602 1057.573 20802.490 -42692.445 1057.573 Architecture\Buildings\DecoKit\DecoRoof1x1Str01Half01.nif
0x001C9F75 0x001A8465 STAT -1 5 -11 20739.588 -42885.504 1057.573 3.141592 0.000000 1.587808 1.0000 2 20674.508 -42950.582 1057.573 20804.668 -42820.426 1057.573 Architecture\Buildings\DecoKit\DecoRoof1x1Str01Half01.nif
0x001C9F76 0x001A8465 STAT -1 5 -11 20741.766 -43013.488 1057.573 3.141592 0.000000 4.729401 1.0000 2 20676.686 -43078.566 1057.573 20806.846 -42948.410 1057.573 Architecture\Buildings\DecoKit\DecoRoof1x1Str01Half01.nif
0x001C9F77 0x001A8465 STAT -1 5 -11 20743.943 -43141.469 1057.573 3.141592 0.000000 1.587808 1.0000 2 20678.863 -43206.547 1057.573 20809.023 -43076.391 1057.573 Architecture\Buildings\DecoKit\DecoRoof1x1Str01Half01.nif
0x001C9F78 0x001A8465 STAT -1 5 -11 20871.924 -43139.293 1057.573 3.141592 0.000000 1.587808 1.0000 2 20806.844 -43204.371 1057.573 20937.004 -43074.215 1057.573 Architecture\Buildings\DecoKit\DecoRoof1x1Str01Half01.nif
0x001C9F79 0x001A8465 STAT -1 5 -11 20999.906 -43137.113 1057.573 3.141592 0.000000 1.587808 1.0000 2 20934.826 -43202.191 1057.573 21064.986 -43072.035 1057.573 Architecture\Buildings\DecoKit\DecoRoof1x1Str01Half01.nif
0x001C9F7A 0x001A8465 STAT -1 5 -11 21127.887 -43134.938 1057.573 3.141592 0.000000 1.587808 1.0000 2 21062.807 -43200.016 1057.573 21192.967 -43069.859 1057.573 Architecture\Buildings\DecoKit\DecoRoof1x1Str01Half01.nif
0x001C9F7B 0x001A8465 STAT -1 5 -11 21255.869 -43132.758 1057.573 3.141592 0.000000 1.587808 1.0000 2 21190.789 -43197.836 1057.573 21320.949 -43067.680 1057.573 Architecture\Buildings\DecoKit\DecoRoof1x1Str01Half01.nif
0x001C9F7C 0x001A8465 STAT -1 5 -11 21383.850 -43130.582 1057.573 3.141592 0.000000 1.587808 1.0000 2 21318.770 -43195.660 1057.573 21448.930 -43065.504 1057.573 Architecture\Buildings\DecoKit\DecoRoof1x1Str01Half01.nif
0x001C9F7D 0x001A8465 STAT -1 5 -11 21381.672 -43002.602 1057.573 -3.141592 -0.000000 4.729402 1.0000 2 21316.592 -43067.680 1057.573 21446.752 -42937.523 1057.573 Architecture\Buildings\DecoKit\DecoRoof1x1Str01Half01.nif
0x001C9F7E 0x001A8465 STAT -1 5 -11 21379.494 -42874.617 1057.573 3.141592 0.000000 1.587808 1.0000 2 21314.414 -42939.695 1057.573 21444.574 -42809.539 1057.573 Architecture\Buildings\DecoKit\DecoRoof1x1Str01Half01.nif
0x001C9F7F 0x001A8465 STAT -1 5 -11 21377.316 -42746.637 1057.573 -3.141592 -0.000000 4.729403 1.0000 2 21312.236 -42811.715 1057.573 21442.396 -42681.559 1057.573 Architecture\Buildings\DecoKit\DecoRoof1x1Str01Half01.nif
0x001C9F80 0x0018481D STAT -1 5 -11 20816.309 -42692.172 1065.573 0.000000 0.000000 1.553783 1.0000 12 20798.133 -42820.426 1065.573 20818.486 -42564.191 1193.573 architecture\buildings\decokit\DecoMainA1x1Wall01Half01Full01.nif
0x001C9F81 0x0018481D STAT -1 5 -11 20820.664 -42948.137 1065.573 0.000000 0.000000 1.553783 1.0000 12 20802.488 -43076.391 1065.573 20822.842 -42820.156 1193.573 architecture\buildings\decokit\DecoMainA1x1Wall01Half01Full01.nif
0x001C9F82 0x0018481D STAT -1 5 -11 20934.553 -43058.215 1065.573 0.000000 0.000000 6.266172 1.0000 12 20806.570 -43076.391 1065.573 21062.807 -43056.039 1193.573 architecture\buildings\decokit\DecoMainA1x1Wall01Half01Full01.nif
0x001C9F83 0x0018481D STAT -1 5 -11 21190.516 -43053.859 1065.573 0.000000 0.000000 6.266172 1.0000 12 21062.533 -43072.035 1065.573 21318.770 -43051.684 1193.573 architecture\buildings\decokit\DecoMainA1x1Wall01Half01Full01.nif
0x001C9F84 0x00034697 STAT -1 5 -11 21190.789 -43069.855 833.573 0.000000 0.000000 3.124578 1.0000 38 21061.990 -43072.035 1057.573 21318.771 -43019.684 1090.573 Architecture\Buildings\DecoKit\DecoRoofATrimA1x1Str01.nif
0x001C9F85 0x00034697 STAT -1 5 -11 20934.826 -43074.211 833.573 0.000000 0.000000 3.124578 1.0000 38 20806.027 -43076.391 1057.573 21062.809 -43024.039 1090.573 Architecture\Buildings\DecoKit\DecoRoofATrimA1x1Str01.nif
0x001C9F86 0x00034697 STAT -1 5 -11 20804.666 -42948.410 833.573 0.000000 0.000000 4.695374 1.0000 38 20802.488 -43076.391 1057.573 20854.838 -42819.613 1090.573 Architecture\Buildings\DecoKit\DecoRoofATrimA1x1Str01.nif
0x001C9F87 0x00034697 STAT -1 5 -11 20800.311 -42692.445 833.573 0.000000 0.000000 4.695374 1.0000 38 20798.133 -42820.426 1057.573 20850.482 -42563.648 1090.573 Architecture\Buildings\DecoKit\DecoRoofATrimA1x1Str01.nif
0x001C9F88 0x00034697 STAT -1 5 -11 20926.115 -42562.285 833.573 0.000000 0.000000 6.266171 1.0000 38 20798.133 -42612.457 1057.573 21054.914 -42560.109 1090.573 Architecture\Buildings\DecoKit\DecoRoofATrimA1x1Str01.nif
0x001C9F89 0x00034697 STAT -1 5 -11 21182.078 -42557.930 833.573 0.000000 0.000000 6.266171 1.0000 38 21054.096 -42608.102 1057.573 21310.877 -42555.754 1090.573 Architecture\Buildings\DecoKit\DecoRoofATrimA1x1Str01.nif
0x001C9F8A 0x00034697 STAT -1 5 -11 21312.238 -42683.734 833.573 0.000000 0.000000 1.553782 1.0000 38 21262.068 -42812.531 1057.573 21314.416 -42555.754 1090.573 Architecture\Buildings\DecoKit\DecoRoofATrimA1x1Str01.nif
0x001C9F8B 0x00034697 STAT -1 5 -11 21316.592 -42939.699 833.573 0.000000 0.000000 1.553782 1.0000 38 21266.422 -43068.496 1057.573 21318.770 -42811.719 1090.573 Architecture\Buildings\DecoKit\DecoRoofATrimA1x1Str01.nif
0x001C9F8C 0x0018481D STAT -1 5 -11 21300.594 -42939.973 1065.573 0.000000 0.000000 4.695374 1.0000 12 21298.416 -43067.953 1065.573 21318.770 -42811.719 1193.573 architecture\buildings\decokit\DecoMainA1x1Wall01Half01Full01.nif
0x001C9F8D 0x0018481D STAT -1 5 -11 21296.238 -42684.008 1065.573 0.000000 0.000000 4.695374 1.0000 12 21294.061 -42811.988 1065.573 21314.414 -42555.754 1193.573 architecture\buildings\decokit\DecoMainA1x1Wall01Half01Full01.nif
0x001C9F8E 0x0009C45F STAT -1 5 -11 21302.500 -43051.957 1065.573 0.000000 0.000000 4.695376 1.0000 24 21286.775 -43072.160 1065.573 21322.877 -43035.574 1193.573 Architecture\Buildings\DecoKit\DecoMainA1x1Cor02Half01.nif
0x001C9F8F 0x0009C45F STAT -1 5 -11 21294.334 -42572.027 1065.573 0.000000 0.000000 3.124580 1.0000 24 21277.953 -42587.754 1065.573 21314.535 -42551.652 1193.573 Architecture\Buildings\DecoKit\DecoMainA1x1Cor02Half01.nif
0x001C9F90 0x0018481D STAT -1 5 -11 21182.350 -42573.930 1065.573 0.000000 0.000000 3.124578 1.0000 12 21054.096 -42576.105 1065.573 21310.332 -42555.754 1193.573 architecture\buildings\decokit\DecoMainA1x1Wall01Half01Full01.nif
0x001C9F91 0x0018481D STAT -1 5 -11 20926.387 -42578.285 1065.573 0.000000 0.000000 3.124578 1.0000 12 20798.133 -42580.461 1065.573 21054.369 -42560.109 1193.573 architecture\buildings\decokit\DecoMainA1x1Wall01Half01Full01.nif
0x001C9F92 0x0009C45F STAT -1 5 -11 20814.404 -42580.188 1065.573 0.000000 0.000000 1.553784 1.0000 24 20794.027 -42596.570 1065.573 20830.129 -42559.984 1193.573 Architecture\Buildings\DecoKit\DecoMainA1x1Cor02Half01.nif
0x001C9F93 0x0003468B STAT -1 5 -11 21294.334 -42572.027 961.573 0.000000 0.000000 3.124578 0.9400 58 21052.961 -42812.633 1172.133 21343.541 -42526.145 1203.153 Architecture\Buildings\DecoKit\DecoRoofATrimA1x1Cor02.nif
0x001C9F94 0x0003468B STAT -1 5 -11 20814.404 -42580.188 961.573 0.000000 0.000000 1.553782 0.9400 58 20768.523 -42821.559 1172.133 21055.010 -42530.980 1203.153 Architecture\Buildings\DecoKit\DecoRoofATrimA1x1Cor02.nif
0x001C9F95 0x0003468B STAT -1 5 -11 21302.500 -43051.957 961.573 0.000000 0.000000 4.695374 0.9400 58 21061.895 -43101.164 1172.133 21348.381 -42810.586 1203.153 Architecture\Buildings\DecoKit\DecoRoofATrimA1x1Cor02.nif
0x001C9F96 0x0003468B STAT -1 5 -11 20822.570 -43060.121 961.573 0.000000 0.000000 6.266171 0.9400 58 20773.363 -43106.004 1172.133 21063.943 -42819.516 1203.153 Architecture\Buildings\DecoKit\DecoRoofATrimA1x1Cor02.nif
0x001C9F97 0x0009C45F STAT -1 5 -11 20822.570 -43060.121 1065.573 0.000000 0.000000 6.266173 1.0000 24 20802.369 -43080.496 1065.573 20838.951 -43044.395 1193.573 Architecture\Buildings\DecoKit\DecoMainA1x1Cor02Half01.nif
0x001C9F98 0x000AAFC2 STAT -1 5 -11 21058.451 -42816.074 1185.573 0.000000 0.000000 4.695376 1.0000 533 20799.148 -43075.500 1185.573 21317.754 -42556.648 1339.573 Architecture\Buildings\DecoKit\DecoRoof2x2SkyLight01Full01.nif
0x001C9F99 0x001A8465 STAT -1 5 -11 21756.906 -42484.141 1089.573 0.000000 0.000000 1.553783 1.0000 2 21691.826 -42549.219 1089.573 21821.986 -42419.063 1089.573 Architecture\Buildings\DecoKit\DecoRoof1x1Str01Half01.nif
0x001C9F9A 0x001A8465 STAT -1 5 -11 21884.889 -42481.965 1089.573 0.000000 0.000000 1.553783 1.0000 2 21819.809 -42547.043 1089.573 21949.969 -42416.887 1089.573 Architecture\Buildings\DecoKit\DecoRoof1x1Str01Half01.nif
0x001C9F9B 0x001A8465 STAT -1 5 -11 22012.869 -42479.789 1089.573 0.000000 0.000000 1.553783 1.0000 2 21947.789 -42544.867 1089.573 22077.949 -42414.711 1089.573 Architecture\Buildings\DecoKit\DecoRoof1x1Str01Half01.nif
0x001C9F9C 0x001A8465 STAT -1 5 -11 22140.852 -42477.609 1089.573 0.000000 0.000000 1.553783 1.0000 2 22075.771 -42542.688 1089.573 22205.932 -42412.531 1089.573 Architecture\Buildings\DecoKit\DecoRoof1x1Str01Half01.nif
0x001C9F9D 0x001A8465 STAT -1 5 -11 22151.740 -43117.516 1089.573 0.000000 0.000000 4.695378 1.0000 2 22086.660 -43182.594 1089.573 22216.820 -43052.438 1089.573 Architecture\Buildings\DecoKit\DecoRoof1x1Str01Half01.nif
0x001C9F9E 0x001A8465 STAT -1 5 -11 22023.758 -43119.695 1089.573 0.000000 0.000000 4.695378 1.0000 2 21958.678 -43184.773 1089.573 22088.838 -43054.617 1089.573 Architecture\Buildings\DecoKit\DecoRoof1x1Str01Half01.nif
0x001C9F9F 0x001A8465 STAT -1 5 -11 21895.777 -43121.871 1089.573 0.000000 0.000000 4.695378 1.0000 2 21830.697 -43186.949 1089.573 21960.857 -43056.793 1089.573 Architecture\Buildings\DecoKit\DecoRoof1x1Str01Half01.nif
0x001C9FA0 0x001A8465 STAT -1 5 -11 21767.795 -43124.051 1089.573 0.000000 0.000000 4.695378 1.0000 2 21702.715 -43189.129 1089.573 21832.875 -43058.973 1089.573 Architecture\Buildings\DecoKit\DecoRoof1x1Str01Half01.nif
0x001C9FA1 0x001A8465 STAT -1 5 -11 22140.852 -42477.609 1057.573 -3.141592 -0.000000 4.729403 1.0000 2 22075.771 -42542.688 1057.573 22205.932 -42412.531 1057.573 Architecture\Buildings\DecoKit\DecoRoof1x1Str01Half01.nif
0x001C9FA2 0x001A8465 STAT -1 5 -11 22012.869 -42479.789 1057.573 -3.141592 -0.000000 4.729403 1.0000 2 21947.789 -42544.867 1057.573 22077.949 -42414.711 1057.573 Architecture\Buildings\DecoKit\DecoRoof1x1Str01Half01.nif
0x001C9FA3 0x001A8465 STAT -1 5 -11 21756.906 -42484.141 1057.573 -3.141592 -0.000000 4.729403 1.0000 2 21691.826 -42549.219 1057.573 21821.986 -42419.063 1057.573 Architecture\Buildings\DecoKit\DecoRoof1x1Str01Half01.nif
0x001C9FA4 0x001A8465 STAT -1 5 -11 21884.889 -42481.965 1057.573 -3.141592 -0.000000 4.729403 1.0000 2 21819.809 -42547.043 1057.573 21949.969 -42416.887 1057.573 Architecture\Buildings\DecoKit\DecoRoof1x1Str01Half01.nif
0x001C9FA5 0x001A8465 STAT -1 5 -11 21767.795 -43124.051 1057.573 3.141592 0.000000 1.587808 1.0000 2 21702.715 -43189.129 1057.573 21832.875 -43058.973 1057.573 Architecture\Buildings\DecoKit\DecoRoof1x1Str01Half01.nif
0x001C9FA6 0x001A8465 STAT -1 5 -11 21895.777 -43121.871 1057.573 3.141592 0.000000 1.587808 1.0000 2 21830.697 -43186.949 1057.573 21960.857 -43056.793 1057.573 Architecture\Buildings\DecoKit\DecoRoof1x1Str01Half01.nif
0x001C9FA7 0x001A8465 STAT -1 5 -11 22023.758 -43119.695 1057.573 3.141592 0.000000 1.587808 1.0000 2 21958.678 -43184.773 1057.573 22088.838 -43054.617 1057.573 Architecture\Buildings\DecoKit\DecoRoof1x1Str01Half01.nif
0x001C9FA8 0x001A8465 STAT -1 5 -11 22151.740 -43117.516 1057.573 3.141592 0.000000 1.587808 1.0000 2 22086.660 -43182.594 1057.573 22216.820 -43052.438 1057.573 Architecture\Buildings\DecoKit\DecoRoof1x1Str01Half01.nif
0x001C9FA9 0x0018481D STAT -1 5 -11 21712.180 -42676.930 1065.573 0.000000 0.000000 1.553783 1.0000 12 21694.004 -42805.184 1065.573 21714.357 -42548.949 1193.573 architecture\buildings\decokit\DecoMainA1x1Wall01Half01Full01.nif
0x001C9FAA 0x0018481D STAT -1 5 -11 21716.535 -42932.895 1065.573 0.000000 0.000000 1.553783 1.0000 12 21698.359 -43061.148 1065.573 21718.713 -42804.914 1193.573 architecture\buildings\decokit\DecoMainA1x1Wall01Half01Full01.nif
0x001C9FAB 0x0018481D STAT -1 5 -11 21830.424 -43042.973 1065.573 0.000000 0.000000 6.266172 1.0000 12 21702.441 -43061.148 1065.573 21958.678 -43040.797 1193.573 architecture\buildings\decokit\DecoMainA1x1Wall01Half01Full01.nif
0x001C9FAC 0x0018481D STAT -1 5 -11 22086.387 -43038.617 1065.573 0.000000 0.000000 6.266172 1.0000 12 21958.404 -43056.793 1065.573 22214.641 -43036.441 1193.573 architecture\buildings\decokit\DecoMainA1x1Wall01Half01Full01.nif
0x001C9FAD 0x00034697 STAT -1 5 -11 22086.660 -43054.613 833.573 0.000000 0.000000 3.124578 1.0000 38 21957.861 -43056.793 1057.573 22214.643 -43004.441 1090.573 Architecture\Buildings\DecoKit\DecoRoofATrimA1x1Str01.nif
0x001C9FAE 0x00034697 STAT -1 5 -11 21830.697 -43058.969 833.573 0.000000 0.000000 3.124578 1.0000 38 21701.898 -43061.148 1057.573 21958.680 -43008.797 1090.573 Architecture\Buildings\DecoKit\DecoRoofATrimA1x1Str01.nif
0x001C9FAF 0x00034697 STAT -1 5 -11 21700.537 -42933.168 833.573 0.000000 0.000000 4.695374 1.0000 38 21698.359 -43061.148 1057.573 21750.709 -42804.371 1090.573 Architecture\Buildings\DecoKit\DecoRoofATrimA1x1Str01.nif
0x001C9FB0 0x00034697 STAT -1 5 -11 21696.182 -42677.203 833.573 0.000000 0.000000 4.695374 1.0000 38 21694.004 -42805.184 1057.573 21746.354 -42548.406 1090.573 Architecture\Buildings\DecoKit\DecoRoofATrimA1x1Str01.nif
0x001C9FB1 0x00034697 STAT -1 5 -11 21821.986 -42547.043 833.573 0.000000 0.000000 6.266171 1.0000 38 21694.004 -42597.215 1057.573 21950.785 -42544.867 1090.573 Architecture\Buildings\DecoKit\DecoRoofATrimA1x1Str01.nif
0x001C9FB2 0x00034697 STAT -1 5 -11 22077.949 -42542.688 833.573 0.000000 0.000000 6.266171 1.0000 38 21949.967 -42592.859 1057.573 22206.748 -42540.512 1090.573 Architecture\Buildings\DecoKit\DecoRoofATrimA1x1Str01.nif
0x001C9FB3 0x00034697 STAT -1 5 -11 22208.109 -42668.492 833.573 0.000000 0.000000 1.553782 1.0000 38 22157.939 -42797.289 1057.573 22210.287 -42540.512 1090.573 Architecture\Buildings\DecoKit\DecoRoofATrimA1x1Str01.nif
0x001C9FB4 0x00034697 STAT -1 5 -11 22212.463 -42924.457 833.573 0.000000 0.000000 1.553782 1.0000 38 22162.293 -43053.254 1057.573 22214.641 -42796.477 1090.573 Architecture\Buildings\DecoKit\DecoRoofATrimA1x1Str01.nif
0x001C9FB5 0x0018481D STAT -1 5 -11 22196.465 -42924.730 1065.573 0.000000 0.000000 4.695374 1.0000 12 22194.287 -43052.711 1065.573 22214.641 -42796.477 1193.573 architecture\buildings\decokit\DecoMainA1x1Wall01Half01Full01.nif
0x001C9FB6 0x0018481D STAT -1 5 -11 22192.109 -42668.766 1065.573 0.000000 0.000000 4.695374 1.0000 12 22189.932 -42796.746 1065.573 22210.285 -42540.512 1193.573 architecture\buildings\decokit\DecoMainA1x1Wall01Half01Full01.nif
0x001C9FB7 0x0009C45F STAT -1 5 -11 22198.371 -43036.715 1065.573 0.000000 0.000000 4.695376 1.0000 24 22182.646 -43056.918 1065.573 22218.748 -43020.332 1193.573 Architecture\Buildings\DecoKit\DecoMainA1x1Cor02Half01.nif
0x001C9FB8 0x0009C45F STAT -1 5 -11 22190.205 -42556.785 1065.573 0.000000 0.000000 3.124580 1.0000 24 22173.824 -42572.512 1065.573 22210.406 -42536.410 1193.573 Architecture\Buildings\DecoKit\DecoMainA1x1Cor02Half01.nif
0x001C9FB9 0x0018481D STAT -1 5 -11 22078.221 -42558.688 1065.573 0.000000 0.000000 3.124578 1.0000 12 21949.967 -42560.863 1065.573 22206.203 -42540.512 1193.573 architecture\buildings\decokit\DecoMainA1x1Wall01Half01Full01.nif
0x001C9FBA 0x0018481D STAT -1 5 -11 21822.258 -42563.043 1065.573 0.000000 0.000000 3.124578 1.0000 12 21694.004 -42565.219 1065.573 21950.240 -42544.867 1193.573 architecture\buildings\decokit\DecoMainA1x1Wall01Half01Full01.nif
0x001C9FBB 0x0009C45F STAT -1 5 -11 21710.275 -42564.945 1065.573 0.000000 0.000000 1.553784 1.0000 24 21689.898 -42581.328 1065.573 21726.000 -42544.742 1193.573 Architecture\Buildings\DecoKit\DecoMainA1x1Cor02Half01.nif
0x001C9FBC 0x0003468B STAT -1 5 -11 22190.205 -42556.785 961.573 0.000000 0.000000 3.124578 0.9400 58 21948.832 -42797.391 1172.133 22239.412 -42510.902 1203.153 Architecture\Buildings\DecoKit\DecoRoofATrimA1x1Cor02.nif
0x001C9FBD 0x0003468B STAT -1 5 -11 21710.275 -42564.945 961.573 0.000000 0.000000 1.553782 0.9400 58 21664.395 -42806.316 1172.133 21950.881 -42515.738 1203.153 Architecture\Buildings\DecoKit\DecoRoofATrimA1x1Cor02.nif
0x001C9FBE 0x0003468B STAT -1 5 -11 22198.371 -43036.715 961.573 0.000000 0.000000 4.695374 0.9400 58 21957.766 -43085.922 1172.133 22244.252 -42795.344 1203.153 Architecture\Buildings\DecoKit\DecoRoofATrimA1x1Cor02.nif
0x001C9FBF 0x0003468B STAT -1 5 -11 21718.441 -43044.879 961.573 0.000000 0.000000 6.266171 0.9400 58 21669.234 -43090.762 1172.133 21959.814 -42804.273 1203.153 Architecture\Buildings\DecoKit\DecoRoofATrimA1x1Cor02.nif
0x001C9FC0 0x0009C45F STAT -1 5 -11 21718.441 -43044.879 1065.573 0.000000 0.000000 6.266173 1.0000 24 21698.240 -43065.254 1065.573 21734.822 -43029.152 1193.573 Architecture\Buildings\DecoKit\DecoMainA1x1Cor02Half01.nif
0x001C9FC1 0x000AAFC2 STAT -1 5 -11 21954.322 -42800.832 1185.573 0.000000 0.000000 4.695376 1.0000 533 21695.020 -43060.258 1185.573 22213.625 -42541.406 1339.573 Architecture\Buildings\DecoKit\DecoRoof2x2SkyLight01Full01.nif
0x001C9FC2 0x000D43F9 STAT -1 5 -11 23215.010 -42595.355 673.573 0.000000 0.000000 4.695376 1.0000 658 23177.672 -42632.695 673.573 23252.348 -42558.016 1057.573 Interiors\Building\Deco\Med_WallKit\BldDecoMdWallPillarBg01.nif
0x001C9FC3 0x000D43F9 STAT -1 5 -11 20711.371 -42637.953 673.573 0.000000 0.000000 4.695376 1.0000 658 20674.033 -42675.293 673.573 20748.709 -42600.613 1057.573 Interiors\Building\Deco\Med_WallKit\BldDecoMdWallPillarBg01.nif
0x001C9FC4 0x000D43F9 STAT -1 5 -11 20717.768 -43013.898 673.573 0.000000 0.000000 4.695376 1.0000 658 20680.430 -43051.238 673.573 20755.105 -42976.559 1057.573 Interiors\Building\Deco\Med_WallKit\BldDecoMdWallPillarBg01.nif
0x001C9FC5 0x000D43F9 STAT -1 5 -11 21669.357 -42981.703 673.573 0.000000 0.000000 4.695376 1.0000 658 21632.020 -43019.043 673.573 21706.695 -42944.363 1057.573 Interiors\Building\Deco\Med_WallKit\BldDecoMdWallPillarBg01.nif
0x001C9FC6 0x0018481D STAT -1 5 -11 23219.092 -42835.320 593.573 0.000000 0.000000 1.553784 1.0000 12 23200.916 -42963.574 593.573 23221.270 -42707.340 721.573 architecture\buildings\decokit\DecoMainA1x1Wall01Half01Full01.nif
0x001C9FC7 0x0018481D STAT -1 5 -11 23219.092 -42835.320 593.573 0.000000 0.000000 4.695376 1.0000 12 23216.914 -42963.301 593.573 23237.268 -42707.066 721.573 architecture\buildings\decokit\DecoMainA1x1Wall01Half01Full01.nif
0x001C9FC8 0x0018481D STAT -1 5 -11 23217.186 -42723.336 593.573 0.000000 0.000000 4.695376 1.0000 12 23215.008 -42851.316 593.573 23235.361 -42595.082 721.573 architecture\buildings\decokit\DecoMainA1x1Wall01Half01Full01.nif
0x001C9FC9 0x0018481D STAT -1 5 -11 23217.186 -42723.336 593.573 0.000000 0.000000 1.553784 1.0000 12 23199.010 -42851.590 593.573 23219.363 -42595.355 721.573 architecture\buildings\decokit\DecoMainA1x1Wall01Half01Full01.nif
0x001C9FCA 0x0018481D STAT -1 5 -11 23218.275 -42787.324 588.151 0.000000 0.000000 4.695376 1.0500 12 23215.988 -42921.703 588.151 23237.359 -42652.656 722.551 architecture\buildings\decokit\DecoMainA1x1Wall01Half01Full01.nif
0x001C9FCB 0x0018481D STAT -1 5 -11 23218.275 -42787.324 588.151 0.000000 0.000000 1.553784 1.0500 12 23199.191 -42921.992 588.151 23220.563 -42652.945 722.551 architecture\buildings\decokit\DecoMainA1x1Wall01Half01Full01.nif
0x001C9FCC 0x0010FCE0 STAT -1 5 -11 23218.275 -42787.324 691.743 0.000000 0.000000 3.124580 0.7800 316 23213.521 -42982.395 693.339 23223.031 -42592.352 743.320 Landscape\Pier\PierRailingLong01.nif
0x001C9FCD 0x0010FCE0 STAT -1 5 -11 20718.580 -42829.832 691.743 0.000000 0.000000 3.124580 0.7800 316 20713.826 -43024.902 693.339 20723.336 -42634.859 743.320 Landscape\Pier\PierRailingLong01.nif
0x001C9FCE 0x0018481D STAT -1 5 -11 20713.547 -42765.934 593.573 0.000000 0.000000 1.553784 1.0000 12 20695.371 -42894.188 593.573 20715.725 -42637.953 721.573 architecture\buildings\decokit\DecoMainA1x1Wall01Half01Full01.nif
0x001C9FCF 0x0018481D STAT -1 5 -11 20713.547 -42765.934 593.573 0.000000 0.000000 4.695376 1.0000 12 20711.369 -42893.914 593.573 20731.723 -42637.680 721.573 architecture\buildings\decokit\DecoMainA1x1Wall01Half01Full01.nif
0x001C9FD0 0x0018481D STAT -1 5 -11 20714.637 -42829.922 588.151 0.000000 0.000000 1.553784 1.0500 12 20695.553 -42964.590 588.151 20716.924 -42695.543 722.551 architecture\buildings\decokit\DecoMainA1x1Wall01Half01Full01.nif
0x001C9FD1 0x0018481D STAT -1 5 -11 20714.637 -42829.922 588.151 0.000000 0.000000 4.695376 1.0500 12 20712.350 -42964.301 588.151 20733.721 -42695.254 722.551 architecture\buildings\decokit\DecoMainA1x1Wall01Half01Full01.nif
0x001C9FD2 0x0018481D STAT -1 5 -11 20715.453 -42877.918 593.573 0.000000 0.000000 4.695376 1.0000 12 20713.275 -43005.898 593.573 20733.629 -42749.664 721.573 architecture\buildings\decokit\DecoMainA1x1Wall01Half01Full01.nif
0x001C9FD3 0x0018481D STAT -1 5 -11 20715.453 -42877.918 593.573 0.000000 0.000000 1.553784 1.0000 12 20697.277 -43006.172 593.573 20717.631 -42749.938 721.573 architecture\buildings\decokit\DecoMainA1x1Wall01Half01Full01.nif
0x001C9FD4 0x001A6B15 STAT -1 5 -11 23271.199 -43546.535 969.573 0.000000 0.000000 4.695376 0.8600 36 23269.336 -43656.008 969.573 23275.141 -43437.027 1015.771 Architecture\Commercial\TransitStationSignage01.nif
0x001C9FD5 0x001A6B15 STAT -1 5 -11 23121.807 -43701.098 969.573 0.000000 0.000000 6.266172 0.8600 36 23012.334 -43705.039 969.573 23231.314 -43699.234 1015.771 Architecture\Commercial\TransitStationSignage01.nif
0x001C9FD6 0x001A6B15 STAT -1 5 -11 23116.635 -43397.145 969.573 0.000000 0.000000 3.124580 0.8600 36 23007.127 -43399.008 969.573 23226.107 -43393.203 1015.771 Architecture\Commercial\TransitStationSignage01.nif
0x001C9FD7 0x001C9100 STAT -1 5 -11 23135.740 -42176.180 833.074 -1.570797 -1.551901 0.070001 1.6600 28 23136.141 -42204.297 805.624 23137.205 -42147.992 860.529 SetDressing\Signage\RoadSigns\SignRoad_NoEnter_NoPost01.nif
0x001C9FD8 0x001C9100 STAT -1 5 -11 20653.564 -43459.047 811.330 1.570796 1.523492 3.211593 1.6600 28 20651.301 -43487.180 783.881 20653.963 -43430.930 838.786 SetDressing\Signage\RoadSigns\SignRoad_NoEnter_NoPost01.nif
0x001C9FD9 0x001A6B15 STAT -1 5 -11 20663.576 -43590.902 969.573 0.000000 0.000000 1.553784 0.8600 36 20659.635 -43700.410 969.573 20665.439 -43481.430 1015.771 Architecture\Commercial\TransitStationSignage01.nif
0x001C9FDA 0x001A6B15 STAT -1 5 -11 20812.969 -43436.340 969.573 0.000000 0.000000 3.124581 0.8600 36 20703.461 -43438.203 969.573 20922.441 -43432.398 1015.771 Architecture\Commercial\TransitStationSignage01.nif
0x001C9FDC 0x000BF7C9 STAT -1 5 -11 22530.375 -42799.031 993.573 0.000000 0.000000 4.695376 1.0000 34 22528.197 -42927.012 993.573 22566.391 -42670.473 1057.573 SetDressing\Signage\SignClutterG01.nif
0x001C9FDB 0x001A6B15 STAT -1 5 -11 22558.787 -42798.551 1001.573 0.000000 0.000000 4.695377 1.0000 36 22556.621 -42925.844 1001.573 22563.371 -42671.215 1055.292 Architecture\Commercial\TransitStationSignage01.nif
0x001C9FDD 0x000BF7CD STAT -1 5 -11 22532.553 -42927.016 993.573 0.000000 0.000000 4.695376 1.0000 80 22532.553 -42960.855 993.573 22566.391 -42926.441 1057.573 SetDressing\Signage\SignClutterG01end.nif
0x001C9FDE 0x000BF7CD STAT -1 5 -11 22276.590 -42931.371 993.573 0.000000 0.000000 6.266173 1.0000 80 22242.752 -42965.211 993.573 22277.166 -42931.371 1057.573 SetDressing\Signage\SignClutterG01end.nif
0x001C9FDF 0x000BF7CD STAT -1 5 -11 22528.199 -42671.051 993.573 0.000000 0.000000 3.124580 1.0000 80 22527.623 -42671.051 993.573 22562.037 -42637.211 1057.573 SetDressing\Signage\SignClutterG01end.nif
0x001C9FE0 0x000BF7CD STAT -1 5 -11 22272.236 -42675.406 993.573 0.000000 0.000000 1.553783 1.0000 80 22238.398 -42675.980 993.573 22272.236 -42641.566 1057.573 SetDressing\Signage\SignClutterG01end.nif
0x001C9FE1 0x000BF7C9 STAT -1 5 -11 22274.412 -42803.387 993.573 0.000000 0.000000 1.553784 1.0000 34 22238.396 -42931.945 993.573 22276.590 -42675.406 1057.573 SetDressing\Signage\SignClutterG01.nif
0x001C9FE2 0x000BF7C9 STAT -1 5 -11 22404.572 -42929.191 993.573 0.000000 0.000000 6.266173 1.0000 34 22276.590 -42965.207 993.573 22533.129 -42927.016 1057.573 SetDressing\Signage\SignClutterG01.nif
0x001C9FE3 0x000BF7C9 STAT -1 5 -11 22400.215 -42673.227 993.573 0.000000 0.000000 3.124580 1.0000 34 22271.658 -42675.402 993.573 22528.197 -42637.211 1057.573 SetDressing\Signage\SignClutterG01.nif
0x001C9FE4 0x001A6B15 STAT -1 5 -11 22399.703 -42643.004 1001.573 0.000000 0.000000 3.124581 1.0000 36 22272.367 -42645.168 1001.573 22526.998 -42638.422 1055.292 Architecture\Commercial\TransitStationSignage01.nif
0x001C9FE5 0x001A6B15 STAT -1 5 -11 22245.137 -42803.883 1001.573 0.000000 0.000000 1.553786 1.0000 36 22240.553 -42931.219 1001.573 22247.303 -42676.590 1055.292 Architecture\Commercial\TransitStationSignage01.nif
0x001C9FE6 0x001A6B15 STAT -1 5 -11 22405.076 -42958.863 1001.573 0.000000 0.000000 6.266175 1.0000 36 22277.781 -42963.445 1001.573 22532.412 -42956.699 1055.292 Architecture\Commercial\TransitStationSignage01.nif
0x001C9FE7 0x000AACA7 STAT -1 5 -11 22597.768 -42997.914 833.573 0.000000 0.000000 4.695374 1.0000 92 22595.980 -43047.707 1041.448 22648.377 -42995.309 1093.573 Architecture\Buildings\DecoKit\DecoRoofATrimACorCap01.nif
0x001C9FE8 0x000AACA7 STAT -1 5 -11 22589.875 -42533.980 833.573 0.000000 0.000000 4.695374 1.0000 92 22588.088 -42583.773 1041.448 22640.484 -42531.375 1093.573 Architecture\Buildings\DecoKit\DecoRoofATrimACorCap01.nif
0x001C9FE9 0x000AACA7 STAT -1 5 -11 23053.809 -42526.086 833.573 0.000000 0.000000 4.695374 1.0000 92 23052.021 -42575.879 1041.448 23104.418 -42523.480 1093.573 Architecture\Buildings\DecoKit\DecoRoofATrimACorCap01.nif
0x001C9FEA 0x000AACA7 STAT -1 5 -11 23061.701 -42990.020 833.573 0.000000 0.000000 4.695374 1.0000 92 23059.914 -43039.813 1041.448 23112.311 -42987.414 1093.573 Architecture\Buildings\DecoKit\DecoRoofATrimACorCap01.nif
0x001C9FEB 0x000AACA7 STAT -1 5 -11 22157.938 -42541.328 833.573 0.000000 0.000000 4.695374 1.0000 92 22156.150 -42591.121 1041.448 22208.547 -42538.723 1093.573 Architecture\Buildings\DecoKit\DecoRoofATrimACorCap01.nif
0x001C9FEC 0x000AACA7 STAT -1 5 -11 22165.830 -43005.262 833.573 0.000000 0.000000 4.695374 1.0000 92 22164.043 -43055.055 1041.448 22216.439 -43002.656 1093.573 Architecture\Buildings\DecoKit\DecoRoofATrimACorCap01.nif
0x001C9FED 0x000AACA7 STAT -1 5 -11 21701.896 -43013.156 833.573 0.000000 0.000000 4.695374 1.0000 92 21700.109 -43062.949 1041.448 21752.506 -43010.551 1093.573 Architecture\Buildings\DecoKit\DecoRoofATrimACorCap01.nif
0x001C9FEE 0x000AACA7 STAT -1 5 -11 21694.004 -42549.223 833.573 0.000000 0.000000 4.695374 1.0000 92 21692.217 -42599.016 1041.448 21744.613 -42546.617 1093.573 Architecture\Buildings\DecoKit\DecoRoofATrimACorCap01.nif
0x001C9FEF 0x000AACA7 STAT -1 5 -11 21262.066 -42556.570 833.573 0.000000 0.000000 4.695374 1.0000 92 21260.279 -42606.363 1041.448 21312.676 -42553.965 1093.573 Architecture\Buildings\DecoKit\DecoRoofATrimACorCap01.nif
0x001C9FF0 0x000AACA7 STAT -1 5 -11 21269.959 -43020.504 833.573 0.000000 0.000000 4.695374 1.0000 92 21268.172 -43070.297 1041.448 21320.568 -43017.898 1093.573 Architecture\Buildings\DecoKit\DecoRoofATrimACorCap01.nif
0x001C9FF1 0x000AACA7 STAT -1 5 -11 20806.025 -43028.398 833.573 0.000000 0.000000 4.695374 1.0000 92 20804.238 -43078.191 1041.448 20856.635 -43025.793 1093.573 Architecture\Buildings\DecoKit\DecoRoofATrimACorCap01.nif
0x001C9FF2 0x000AACA7 STAT -1 5 -11 20798.133 -42564.465 833.573 0.000000 0.000000 4.695374 1.0000 92 20796.346 -42614.258 1041.448 20848.742 -42561.859 1093.573 Architecture\Buildings\DecoKit\DecoRoofATrimACorCap01.nif
0x001C9FF3 0x00075CA5 STAT -1 5 -11 22274.412 -42803.387 1017.573 1.570770 -1.553748 3.141619 1.0000 122 22272.230 -42931.367 967.573 22532.557 -42671.043 1018.745 Architecture\Buildings\Metal\MetalRoofC1x1Mid01.nif
0x001C9FF4 0x001C9D48 STAT -1 5 -11 23073.506 -42782.461 1276.477 1.347210 -1.553347 3.365147 3.8800 52 23074.002 -42841.082 1234.500 23076.020 -42723.789 1318.465 SetDressing\Signage\RoadSigns\SignRoad_Metro_NoPost01.nif
0x001C9FF5 0x0001CE9C STAT -1 5 -11 22856.861 -43177.531 1057.573 0.000000 0.000000 6.266173 1.0000 206 22788.516 -43199.637 1016.698 22925.207 -43155.426 1057.573 SetDressing\LightFixtures\FlourescentLightOff02.nif
0x001C9FF6 0x0001CE9C STAT -1 5 -11 22216.818 -43180.418 1057.573 0.000000 0.000000 3.124580 1.0000 206 22148.473 -43202.523 1016.698 22285.164 -43158.313 1057.573 SetDressing\LightFixtures\FlourescentLightOff02.nif
0x001C9FF7 0x0001CE9C STAT -1 5 -11 21064.984 -43200.020 1057.573 0.000000 0.000000 3.124580 1.0000 206 20996.639 -43222.125 1016.698 21133.330 -43177.914 1057.573 SetDressing\LightFixtures\FlourescentLightOff02.nif
0x001C9FF8 0x0001CE9C STAT -1 5 -11 21713.027 -43196.992 1057.573 0.000000 0.000000 6.266173 1.0000 206 21644.682 -43219.098 1016.698 21781.373 -43174.887 1057.573 SetDressing\LightFixtures\FlourescentLightOff02.nif
0x001C9FF9 0x0001CE9C STAT -1 5 -11 22203.752 -42412.527 1057.573 0.000000 0.000000 3.124580 1.0000 206 22135.406 -42434.633 1016.698 22272.098 -42390.422 1057.573 SetDressing\LightFixtures\FlourescentLightOff02.nif
0x001C9FFA 0x0001CE9C STAT -1 5 -11 21699.961 -42429.102 1057.573 0.000000 0.000000 6.266173 1.0000 206 21631.615 -42451.207 1016.698 21768.307 -42406.996 1057.573 SetDressing\LightFixtures\FlourescentLightOff02.nif
0x001C9FFB 0x0001CE9C STAT -1 5 -11 22843.795 -42409.641 1057.573 0.000000 0.000000 6.266173 1.0000 206 22775.449 -42431.746 1016.698 22912.141 -42387.535 1057.573 SetDressing\LightFixtures\FlourescentLightOff02.nif
0x001C9FFC 0x0001CE9C STAT -1 5 -11 21051.918 -42432.129 1057.573 0.000000 0.000000 3.124580 1.0000 206 20983.572 -42454.234 1016.698 21120.264 -42410.023 1057.573 SetDressing\LightFixtures\FlourescentLightOff02.nif
0x001C9FFD 0x00091884 STAT 0 5 -11 20943.377 -42577.996 1135.113 -1.570796 -0.017014 1.570797 1.0000 272 20926.529 -42615.363 1133.274 20961.604 -42588.918 1137.067 SetDressing\LightFixtures\SpotLight_Swivel.nif
0x001C9FFD 0x0008CBE4 STAT 1 5 -11 20943.973 -42612.992 1135.113 -1.570796 -0.017014 1.570797 1.0000 356 20929.887 -42631.445 1115.802 20958.164 -42596.441 1154.745 SetDressing\LightFixtures\SpotLight_Light.nif
0x001C9FFD 0x0008CBE2 STAT 2 5 -11 20943.377 -42577.996 1135.113 -1.570796 -0.017014 1.570797 1.0000 282 20929.393 -42592.094 1118.754 20957.361 -42577.211 1143.277 SetDressing\LightFixtures\SpotLight_Bot.nif
0x001C9FFE 0x00091884 STAT 0 5 -11 21150.355 -42574.477 1137.573 -1.570796 -0.017014 1.570797 1.0000 272 21133.508 -42611.844 1135.734 21168.582 -42585.398 1139.527 SetDressing\LightFixtures\SpotLight_Swivel.nif
0x001C9FFE 0x0008CBE4 STAT 1 5 -11 21150.951 -42609.473 1137.573 -1.570796 -0.017014 1.570797 1.0000 356 21136.865 -42627.926 1118.261 21165.143 -42592.922 1157.205 SetDressing\LightFixtures\SpotLight_Light.nif
0x001C9FFE 0x0008CBE2 STAT 2 5 -11 21150.355 -42574.477 1137.573 -1.570796 -0.017014 1.570797 1.0000 282 21136.371 -42588.574 1121.214 21164.340 -42573.691 1145.737 SetDressing\LightFixtures\SpotLight_Bot.nif
0x001C9FFF 0x00091884 STAT 0 5 -11 21174.518 -43054.133 1137.573 1.570796 0.017013 4.712390 1.0000 272 21156.291 -43043.211 1135.734 21191.365 -43016.766 1139.527 SetDressing\LightFixtures\SpotLight_Swivel.nif
0x001C9FFF 0x0008CBE4 STAT 1 5 -11 21173.922 -43019.137 1137.573 1.570796 0.017013 4.712390 1.0000 356 21159.730 -43035.688 1118.261 21188.008 -43000.684 1157.205 SetDressing\LightFixtures\SpotLight_Light.nif
0x001C9FFF 0x0008CBE2 STAT 2 5 -11 21174.518 -43054.133 1137.573 1.570796 0.017013 4.712390 1.0000 282 21160.533 -43054.918 1121.214 21188.502 -43040.035 1145.737 SetDressing\LightFixtures\SpotLight_Bot.nif
0x001CA000 0x00091884 STAT 0 5 -11 20942.551 -43058.078 1137.573 1.570796 0.017013 4.712390 1.0000 272 20924.324 -43047.156 1135.734 20959.398 -43020.711 1139.527 SetDressing\LightFixtures\SpotLight_Swivel.nif
0x001CA000 0x0008CBE4 STAT 1 5 -11 20941.955 -43023.082 1137.573 1.570796 0.017013 4.712390 1.0000 356 20927.764 -43039.633 1118.261 20956.041 -43004.629 1157.205 SetDressing\LightFixtures\SpotLight_Light.nif
0x001CA000 0x0008CBE2 STAT 2 5 -11 20942.551 -43058.078 1137.573 1.570796 0.017013 4.712390 1.0000 282 20928.566 -43058.863 1121.214 20956.535 -43043.980 1145.737 SetDressing\LightFixtures\SpotLight_Bot.nif
0x001CA001 0x00091884 STAT 0 5 -11 22077.395 -43038.770 1140.033 1.570796 0.017013 4.712390 1.0000 272 22059.168 -43027.848 1138.194 22094.242 -43001.402 1141.987 SetDressing\LightFixtures\SpotLight_Swivel.nif
0x001CA001 0x0008CBE4 STAT 1 5 -11 22076.799 -43003.773 1140.033 1.570796 0.017013 4.712390 1.0000 356 22062.607 -43020.324 1120.721 22090.885 -42985.320 1159.665 SetDressing\LightFixtures\SpotLight_Light.nif
0x001CA001 0x0008CBE2 STAT 2 5 -11 22077.395 -43038.770 1140.033 1.570796 0.017013 4.712390 1.0000 282 22063.410 -43039.555 1123.673 22091.379 -43024.672 1148.197 SetDressing\LightFixtures\SpotLight_Bot.nif
0x001CA002 0x00091884 STAT 0 5 -11 21845.428 -43042.715 1140.033 1.570796 0.017013 4.712390 1.0000 272 21827.201 -43031.793 1138.194 21862.275 -43005.348 1141.987 SetDressing\LightFixtures\SpotLight_Swivel.nif
0x001CA002 0x0008CBE4 STAT 1 5 -11 21844.832 -43007.719 1140.033 1.570796 0.017013 4.712390 1.0000 356 21830.641 -43024.270 1120.721 21858.918 -42989.266 1159.665 SetDressing\LightFixtures\SpotLight_Light.nif
0x001CA002 0x0008CBE2 STAT 2 5 -11 21845.428 -43042.715 1140.033 1.570796 0.017013 4.712390 1.0000 282 21831.443 -43043.500 1123.673 21859.412 -43028.617 1148.197 SetDressing\LightFixtures\SpotLight_Bot.nif
0x001CA003 0x00091884 STAT 0 5 -11 22053.232 -42559.113 1140.033 -1.570796 -0.017014 1.570797 1.0000 272 22036.385 -42596.480 1138.194 22071.459 -42570.035 1141.987 SetDressing\LightFixtures\SpotLight_Swivel.nif
0x001CA003 0x0008CBE4 STAT 1 5 -11 22053.828 -42594.109 1140.033 -1.570796 -0.017014 1.570797 1.0000 356 22039.742 -42612.563 1120.721 22068.020 -42577.559 1159.665 SetDressing\LightFixtures\SpotLight_Light.nif
0x001CA003 0x0008CBE2 STAT 2 5 -11 22053.232 -42559.113 1140.033 -1.570796 -0.017014 1.570797 1.0000 282 22039.248 -42573.211 1123.673 22067.217 -42558.328 1148.197 SetDressing\LightFixtures\SpotLight_Bot.nif
0x001CA004 0x00091884 STAT 0 5 -11 21846.254 -42562.633 1137.573 -1.570796 -0.017014 1.570797 1.0000 272 21829.406 -42600.000 1135.734 21864.480 -42573.555 1139.527 SetDressing\LightFixtures\SpotLight_Swivel.nif
0x001CA004 0x0008CBE4 STAT 1 5 -11 21846.850 -42597.629 1137.573 -1.570796 -0.017014 1.570797 1.0000 356 21832.764 -42616.082 1118.261 21861.041 -42581.078 1157.205 SetDressing\LightFixtures\SpotLight_Light.nif
0x001CA004 0x0008CBE2 STAT 2 5 -11 21846.254 -42562.633 1137.573 -1.570796 -0.017014 1.570797 1.0000 282 21832.270 -42576.730 1121.214 21860.238 -42561.848 1145.737 SetDressing\LightFixtures\SpotLight_Bot.nif
0x001CA005 0x00091884 STAT 0 5 -11 22973.266 -43023.527 1140.033 1.570796 0.017013 4.712390 1.0000 272 22955.039 -43012.605 1138.194 22990.113 -42986.160 1141.987 SetDressing\LightFixtures\SpotLight_Swivel.nif
0x001CA005 0x0008CBE4 STAT 1 5 -11 22972.670 -42988.531 1140.033 1.570796 0.017013 4.712390 1.0000 356 22958.479 -43005.082 1120.721 22986.756 -42970.078 1159.665 SetDressing\LightFixtures\SpotLight_Light.nif
0x001CA005 0x0008CBE2 STAT 2 5 -11 22973.266 -43023.527 1140.033 1.570796 0.017013 4.712390 1.0000 282 22959.281 -43024.313 1123.673 22987.250 -43009.430 1148.197 SetDressing\LightFixtures\SpotLight_Bot.nif
0x001CA006 0x00091884 STAT 0 5 -11 22741.299 -43027.473 1140.033 1.570796 0.017013 4.712390 1.0000 272 22723.072 -43016.551 1138.194 22758.146 -42990.105 1141.987 SetDressing\LightFixtures\SpotLight_Swivel.nif
0x001CA006 0x0008CBE4 STAT 1 5 -11 22740.703 -42992.477 1140.033 1.570796 0.017013 4.712390 1.0000 356 22726.512 -43009.027 1120.721 22754.789 -42974.023 1159.665 SetDressing\LightFixtures\SpotLight_Light.nif
0x001CA006 0x0008CBE2 STAT 2 5 -11 22741.299 -43027.473 1140.033 1.570796 0.017013 4.712390 1.0000 282 22727.314 -43028.258 1123.673 22755.283 -43013.375 1148.197 SetDressing\LightFixtures\SpotLight_Bot.nif
0x001CA007 0x00091884 STAT 0 5 -11 22949.104 -42543.871 1140.033 -1.570796 -0.017014 1.570797 1.0000 272 22932.256 -42581.238 1138.194 22967.330 -42554.793 1141.987 SetDressing\LightFixtures\SpotLight_Swivel.nif
0x001CA007 0x0008CBE4 STAT 1 5 -11 22949.699 -42578.867 1140.033 -1.570796 -0.017014 1.570797 1.0000 356 22935.613 -42597.320 1120.721 22963.891 -42562.316 1159.665 SetDressing\LightFixtures\SpotLight_Light.nif
0x001CA007 0x0008CBE2 STAT 2 5 -11 22949.104 -42543.871 1140.033 -1.570796 -0.017014 1.570797 1.0000 282 22935.119 -42557.969 1123.673 22963.088 -42543.086 1148.197 SetDressing\LightFixtures\SpotLight_Bot.nif
0x001CA008 0x00091884 STAT 0 5 -11 22742.125 -42547.391 1137.573 -1.570796 -0.017014 1.570797 1.0000 272 22725.277 -42584.758 1135.734 22760.352 -42558.313 1139.527 SetDressing\LightFixtures\SpotLight_Swivel.nif
0x001CA008 0x0008CBE4 STAT 1 5 -11 22742.721 -42582.387 1137.573 -1.570796 -0.017014 1.570797 1.0000 356 22728.635 -42600.840 1118.261 22756.912 -42565.836 1157.205 SetDressing\LightFixtures\SpotLight_Light.nif
0x001CA008 0x0008CBE2 STAT 2 5 -11 22742.125 -42547.391 1137.573 -1.570796 -0.017014 1.570797 1.0000 282 22728.141 -42561.488 1121.214 22756.109 -42546.605 1145.737 SetDressing\LightFixtures\SpotLight_Bot.nif
0x001CA009 0x00035E47 STAT -1 5 -11 23219.229 -42843.316 945.573 0.000000 0.000000 4.695375 1.0000 2 23233.049 -42971.027 945.573 23237.404 -42715.063 1073.573 Architecture\Buildings\DecoKit\DecoMainA1x1Wall01Half01.nif
0x001CA00A 0x00035E47 STAT -1 5 -11 23219.229 -42843.316 945.573 0.000000 0.000000 1.553784 1.0000 2 23201.053 -42971.570 945.573 23205.408 -42715.605 1073.573 Architecture\Buildings\DecoKit\DecoMainA1x1Wall01Half01.nif
0x001CA00B 0x00030F06 STAT -1 5 -11 23219.229 -42843.316 705.573 0.000000 0.000000 1.553784 1.0000 40 23178.400 -42971.957 929.573 23221.406 -42715.336 963.573 Architecture\Buildings\DecoKit\DecoLobbyBTrim1x1Str01.nif
0x001CA00C 0x000316BC STAT -1 5 -11 23221.400 -42971.297 705.573 0.000000 0.000000 6.266174 1.0000 48 23182.750 -43009.949 929.573 23222.059 -42971.297 963.573 Architecture\Buildings\DecoKit\DecoLobbyBTrim1x1Cor02.nif
0x001CA00D 0x000316BC STAT -1 5 -11 23221.400 -42971.297 705.573 0.000000 0.000000 4.695376 1.0000 48 23221.400 -43009.949 929.573 23260.051 -42970.641 963.573 Architecture\Buildings\DecoKit\DecoLobbyBTrim1x1Cor02.nif
0x001CA00E 0x00030F06 STAT -1 5 -11 23219.229 -42843.316 705.573 0.000000 0.000000 4.695376 1.0000 40 23217.051 -42971.297 929.573 23260.057 -42714.676 963.573 Architecture\Buildings\DecoKit\DecoLobbyBTrim1x1Str01.nif
0x001CA00F 0x00035E47 STAT -1 5 -11 23217.186 -42723.336 945.573 0.000000 0.000000 1.553783 1.0000 2 23199.010 -42851.590 945.573 23203.365 -42595.625 1073.573 Architecture\Buildings\DecoKit\DecoMainA1x1Wall01Half01.nif
0x001CA010 0x00035E47 STAT -1 5 -11 23217.186 -42723.336 945.573 0.000000 0.000000 4.695377 1.0000 2 23231.006 -42851.047 945.573 23235.361 -42595.082 1073.573 Architecture\Buildings\DecoKit\DecoMainA1x1Wall01Half01.nif
0x001CA011 0x00030F06 STAT -1 5 -11 23217.186 -42723.336 705.573 0.000000 0.000000 4.695377 1.0000 40 23215.008 -42851.316 929.573 23258.014 -42594.695 963.573 Architecture\Buildings\DecoKit\DecoLobbyBTrim1x1Str01.nif
0x001CA012 0x000316BC STAT -1 5 -11 23215.014 -42595.359 705.573 0.000000 0.000000 3.124581 1.0000 48 23214.355 -42595.359 929.573 23253.664 -42556.707 963.573 Architecture\Buildings\DecoKit\DecoLobbyBTrim1x1Cor02.nif
0x001CA013 0x000316BC STAT -1 5 -11 23215.014 -42595.359 705.573 0.000000 0.000000 1.553784 1.0000 48 23176.363 -42596.016 929.573 23215.014 -42556.707 963.573 Architecture\Buildings\DecoKit\DecoLobbyBTrim1x1Cor02.nif
0x001CA014 0x00030F06 STAT -1 5 -11 23217.186 -42723.336 705.573 0.000000 0.000000 1.553784 1.0000 40 23176.357 -42851.977 929.573 23219.363 -42595.355 963.573 Architecture\Buildings\DecoKit\DecoLobbyBTrim1x1Str01.nif
0x001CA015 0x00030F06 STAT -1 5 -11 23218.275 -42787.324 698.261 0.000000 0.000000 4.695377 1.0300 40 23216.033 -42919.145 928.981 23260.328 -42654.824 964.001 Architecture\Buildings\DecoKit\DecoLobbyBTrim1x1Str01.nif
0x001CA016 0x00030F06 STAT -1 5 -11 23218.275 -42787.324 698.261 0.000000 0.000000 1.553784 1.0300 40 23176.223 -42919.824 928.981 23220.518 -42655.504 964.001 Architecture\Buildings\DecoKit\DecoLobbyBTrim1x1Str01.nif
0x001CA017 0x00035E47 STAT -1 5 -11 23218.275 -42787.324 945.573 0.000000 0.000000 4.695377 1.0300 2 23232.510 -42918.863 945.573 23236.996 -42655.223 1077.413 Architecture\Buildings\DecoKit\DecoMainA1x1Wall01Half01.nif
0x001CA018 0x00035E47 STAT -1 5 -11 23218.275 -42787.324 945.573 0.000000 0.000000 1.553783 1.0300 2 23199.555 -42919.426 945.573 23204.041 -42655.785 1077.413 Architecture\Buildings\DecoKit\DecoMainA1x1Wall01Half01.nif
0x001CA019 0x00035E47 STAT -1 5 -11 20714.637 -42829.926 945.573 0.000000 0.000000 4.695377 1.0300 2 20728.871 -42961.465 945.573 20733.357 -42697.824 1077.413 Architecture\Buildings\DecoKit\DecoMainA1x1Wall01Half01.nif
0x001CA01A 0x00030F06 STAT -1 5 -11 20714.637 -42829.926 698.261 0.000000 0.000000 4.695377 1.0300 40 20712.395 -42961.746 928.981 20756.689 -42697.426 964.001 Architecture\Buildings\DecoKit\DecoLobbyBTrim1x1Str01.nif
0x001CA01B 0x00035E47 STAT -1 5 -11 20714.637 -42829.926 945.573 0.000000 0.000000 1.553783 1.0300 2 20695.916 -42962.027 945.573 20700.402 -42698.387 1077.413 Architecture\Buildings\DecoKit\DecoMainA1x1Wall01Half01.nif
0x001CA01C 0x00030F06 STAT -1 5 -11 20714.637 -42829.926 698.261 0.000000 0.000000 1.553784 1.0300 40 20672.584 -42962.426 928.981 20716.879 -42698.105 964.001 Architecture\Buildings\DecoKit\DecoLobbyBTrim1x1Str01.nif
0x001CA01D 0x00030F06 STAT -1 5 -11 20713.547 -42765.938 705.573 0.000000 0.000000 1.553784 1.0000 40 20672.719 -42894.578 929.573 20715.725 -42637.957 963.573 Architecture\Buildings\DecoKit\DecoLobbyBTrim1x1Str01.nif
0x001CA01E 0x00035E47 STAT -1 5 -11 20713.547 -42765.938 945.573 0.000000 0.000000 1.553783 1.0000 2 20695.371 -42894.191 945.573 20699.727 -42638.227 1073.573 Architecture\Buildings\DecoKit\DecoMainA1x1Wall01Half01.nif
0x001CA01F 0x000316BC STAT -1 5 -11 20711.375 -42637.961 705.573 0.000000 0.000000 1.553784 1.0000 48 20672.725 -42638.617 929.573 20711.375 -42599.309 963.573 Architecture\Buildings\DecoKit\DecoLobbyBTrim1x1Cor02.nif
0x001CA020 0x00030F06 STAT -1 5 -11 20713.547 -42765.938 705.573 0.000000 0.000000 4.695377 1.0000 40 20711.369 -42893.918 929.573 20754.375 -42637.297 963.573 Architecture\Buildings\DecoKit\DecoLobbyBTrim1x1Str01.nif
0x001CA021 0x00035E47 STAT -1 5 -11 20713.547 -42765.938 945.573 0.000000 0.000000 4.695377 1.0000 2 20727.367 -42893.648 945.573 20731.723 -42637.684 1073.573 Architecture\Buildings\DecoKit\DecoMainA1x1Wall01Half01.nif
0x001CA022 0x000316BC STAT -1 5 -11 20711.375 -42637.961 705.573 0.000000 0.000000 3.124581 1.0000 48 20710.717 -42637.961 929.573 20750.025 -42599.309 963.573 Architecture\Buildings\DecoKit\DecoLobbyBTrim1x1Cor02.nif
0x001CA023 0x00030F06 STAT -1 5 -11 20715.590 -42885.918 705.573 0.000000 0.000000 4.695376 1.0000 40 20713.412 -43013.898 929.573 20756.418 -42757.277 963.573 Architecture\Buildings\DecoKit\DecoLobbyBTrim1x1Str01.nif
0x001CA024 0x000316BC STAT -1 5 -11 20717.762 -43013.898 705.573 0.000000 0.000000 4.695376 1.0000 48 20717.762 -43052.551 929.573 20756.412 -43013.242 963.573 Architecture\Buildings\DecoKit\DecoLobbyBTrim1x1Cor02.nif
0x001CA025 0x00035E47 STAT -1 5 -11 20715.590 -42885.918 945.573 0.000000 0.000000 4.695375 1.0000 2 20729.410 -43013.629 945.573 20733.766 -42757.664 1073.573 Architecture\Buildings\DecoKit\DecoMainA1x1Wall01Half01.nif
0x001CA026 0x000316BC STAT -1 5 -11 20717.762 -43013.898 705.573 0.000000 0.000000 6.266174 1.0000 48 20679.111 -43052.551 929.573 20718.420 -43013.898 963.573 Architecture\Buildings\DecoKit\DecoLobbyBTrim1x1Cor02.nif
0x001CA027 0x00030F06 STAT -1 5 -11 20715.590 -42885.918 705.573 0.000000 0.000000 1.553784 1.0000 40 20674.762 -43014.559 929.573 20717.768 -42757.938 963.573 Architecture\Buildings\DecoKit\DecoLobbyBTrim1x1Str01.nif
0x001CA028 0x00035E47 STAT -1 5 -11 20715.590 -42885.918 945.573 0.000000 0.000000 1.553784 1.0000 2 20697.414 -43014.172 945.573 20701.770 -42758.207 1073.573 Architecture\Buildings\DecoKit\DecoMainA1x1Wall01Half01.nif
0x001CA029 0x00075CA5 STAT -1 5 -11 21626.506 -42814.410 1081.573 -1.570823 1.553724 6.283159 1.0000 122 21368.357 -42946.762 1031.573 21628.691 -42686.430 1082.745 Architecture\Buildings\Metal\MetalRoofC1x1Mid01.nif
0x001CA02A 0x000305A8 STAT -1 5 -11 21078.695 -43711.973 668.252 0.000000 0.000000 3.124580 1.0000 972 21061.492 -43712.270 699.236 21095.678 -43679.039 795.314 SetDressing\Building\UrinalBroken01.nif
0x001CA02B 0x000305A8 STAT -1 5 -11 21143.127 -43709.965 645.209 0.000000 0.000000 3.124580 1.0000 972 21125.924 -43710.262 676.193 21160.109 -43677.031 772.271 SetDressing\Building\UrinalBroken01.nif
0x001CA02C 0x00080260 STAT -1 5 -11 20897.992 -43730.934 673.573 0.000000 0.000000 3.124580 0.9100 260 20879.814 -43716.477 673.573 20896.635 -43555.559 826.453 SetDressing\Building\Stalls\BRStallLeft01.nif
0x001CA02D 0x00080263 STAT -1 5 -11 23119.324 -43693.141 673.573 0.000000 0.000000 3.124580 0.9100 636 23101.146 -43678.645 673.573 23136.113 -43517.508 826.453 SetDressing\Building\Stalls\BRStallMid03.nif
0x001CA02E 0x0002CD29 STAT -1 5 -11 23059.557 -43631.570 673.573 0.000000 0.000000 3.124580 1.0000 598 23042.070 -43660.430 673.537 23112.596 -43585.410 720.854 SetDressing\Building\ToiletBroken02.nif
0x001CA02F 0x00080262 STAT -1 5 -11 23031.955 -43694.629 673.573 0.000000 0.000000 3.124580 0.9100 716 23013.777 -43680.133 673.573 23047.295 -43518.996 826.453 SetDressing\Building\Stalls\BRStallMid02.nif
0x001CA030 0x0008025B STAT -1 5 -11 22890.793 -43697.637 673.573 0.000000 0.000000 3.124580 0.9100 308 22887.813 -43683.059 673.573 22906.133 -43522.004 826.453 SetDressing\Building\Stalls\BRStallRight01.nif
0x001CA031 0x0002CD27 STAT -1 5 -11 22924.619 -43639.254 673.573 0.000000 0.000000 3.124580 1.0000 830 22901.982 -43669.855 673.573 22959.463 -43606.320 743.698 SetDressing\Building\ToiletBroken01.nif
0x001CA032 0x0019AC73 CONT -1 5 -11 22765.039 -43472.168 673.573 0.000000 0.000000 4.733186 1.0000 1006 22744.293 -43492.914 673.655 22785.785 -43451.422 748.948 SetDressing\HighTech\HighTechTrashcan01.nif
0x001CA033 0x00034A3E STAT -1 5 -11 22747.891 -43559.148 684.090 0.000000 0.000000 4.695376 1.0000 379 22747.494 -43581.984 715.512 22787.842 -43535.645 765.465 SetDressing\Building\SinkBroken02.nif
0x001CA035 0x0019AC73 CONT -1 5 -11 21249.430 -43491.914 673.828 0.000000 0.000000 0.849999 1.0000 1006 21232.963 -43508.254 673.910 21265.896 -43475.574 749.203 SetDressing\HighTech\HighTechTrashcan01.nif
0x001CA036 0x00034A3D STAT -1 5 -11 21281.961 -43596.637 677.569 0.000000 0.000000 1.553784 1.0000 633 21242.020 -43620.668 690.616 21283.859 -43573.438 760.131 SetDressing\Building\SinkBroken01.nif
0x001CA037 0x00091431 CONT -1 5 -11 21281.486 -43596.328 801.739 0.099986 0.001698 1.553869 1.0000 1848 21268.076 -43622.098 773.223 21281.676 -43570.223 829.896 SetDressing\PlayerHouse_Ruin\PlayerHouse_Ruin_BathroomMirror02.nif
0x001CA038 0x0009192B STAT -1 5 -11 20742.168 -43645.574 721.573 0.000000 0.000000 4.695376 1.0000 556 20741.805 -43657.730 707.909 20751.500 -43633.422 735.237 SetDressing\PlayerHouse_Ruin\PlayerHouse_Ruin_BathroomDispenser01.nif
0x001CA039 0x0009192D STAT -1 5 -11 21216.814 -43453.922 769.763 0.000000 0.000000 0.000000 1.0000 778 21196.143 -43470.531 752.341 21236.627 -43453.934 788.654 SetDressing\PlayerHouse_Ruin\PlayerHouse_Ruin_BathroomRadio01.nif
0x001CA03A 0x0009192D STAT -1 5 -11 21171.508 -43453.922 749.115 0.000000 0.000001 0.000000 1.0000 778 21150.836 -43470.531 731.693 21191.320 -43453.934 768.006 SetDressing\PlayerHouse_Ruin\PlayerHouse_Ruin_BathroomRadio01.nif
0x001CA03B 0x0009192B STAT -1 5 -11 23247.838 -43584.316 712.873 0.000000 0.000000 1.553783 1.0000 556 23238.506 -43596.469 699.209 23248.201 -43572.160 726.538 SetDressing\PlayerHouse_Ruin\PlayerHouse_Ruin_BathroomDispenser01.nif
0x001CA03C 0x0009192B STAT -1 5 -11 23032.018 -43570.867 731.464 3.141592 0.086988 4.708121 1.0000 556 23030.629 -43583.023 717.771 23041.240 -43558.711 745.094 SetDressing\PlayerHouse_Ruin\PlayerHouse_Ruin_BathroomDispenser01.nif
0x001CA03D 0x0009192B STAT -1 5 -11 23031.355 -43582.855 743.679 0.000000 -0.115520 1.582849 1.0000 556 23022.078 -43595.012 730.073 23033.215 -43570.703 757.392 SetDressing\PlayerHouse_Ruin\PlayerHouse_Ruin_BathroomDispenser01.nif
0x001CA03E 0x0009192D STAT -1 5 -11 22746.865 -43492.254 778.773 0.000000 0.000000 4.695376 1.0000 778 22746.594 -43512.883 761.352 22763.682 -43472.266 797.664 SetDressing\PlayerHouse_Ruin\PlayerHouse_Ruin_BathroomRadio01.nif
0x001CA03F 0x0009192D STAT -1 5 -11 22855.561 -43682.035 771.328 0.000000 0.000000 3.124581 1.0000 778 22835.572 -43682.309 753.906 22876.189 -43665.219 790.219 SetDressing\PlayerHouse_Ruin\PlayerHouse_Ruin_BathroomRadio01.nif
0x001CBAFF 0x0018C552 CONT -1 5 -11 22748.664 -43629.164 805.435 0.000000 0.000000 4.712389 1.0000 1848 22748.877 -43653.023 779.029 22762.461 -43604.773 831.591 SetDressing\PlayerHouse_Ruin\PlayerHouse_Ruin_BathroomMirror02.nif
0x001CBB00 0x00091431 CONT -1 5 -11 22748.664 -43559.684 807.632 0.000000 0.000000 4.712389 1.0000 1848 22748.877 -43583.543 781.226 22762.461 -43535.293 833.789 SetDressing\PlayerHouse_Ruin\PlayerHouse_Ruin_BathroomMirror02.nif
0x001CBB01 0x000D43F9 STAT -1 5 -11 22079.959 -42190.605 673.573 0.000000 0.000000 4.695376 1.0000 658 22042.621 -42227.945 673.573 22117.297 -42153.266 1057.573 Interiors\Building\Deco\Med_WallKit\BldDecoMdWallPillarBg01.nif
0x001CBB02 0x000D43F9 STAT -1 5 -11 21823.996 -42194.961 673.573 0.000000 0.000000 4.695376 1.0000 658 21786.658 -42232.301 673.573 21861.334 -42157.621 1057.573 Interiors\Building\Deco\Med_WallKit\BldDecoMdWallPillarBg01.nif
0x001CBB03 0x00028718 STAT -1 5 -11 23371.070 -42832.734 657.573 0.000000 0.000000 0.000000 1.0000 129 23370.514 -43000.984 638.901 23538.570 -42832.070 657.573 Landscape\Sidewalks\SWCurb1x1Cor01.nif
0x001CBB04 0x0008B5F5 STAT -1 5 -11 23148.438 -42810.445 665.482 0.000000 0.000000 1.599201 1.0000 913 23068.982 -43074.547 650.622 23229.141 -42548.082 696.091 SetDressing\Rubble\TrashPileWall02.nif
0x001CBB05 0x0008A5D7 STAT -1 5 -11 23164.398 -43137.051 673.573 0.000000 0.000000 4.712389 1.0000 393 23092.211 -43234.426 672.626 23236.586 -43039.676 682.370 SetDressing\Rubble\TrashEdge01.nif
0x001CBB06 0x0008A5E0 STAT -1 5 -11 23239.561 -43159.227 673.573 0.000000 0.000000 4.662388 1.0000 501 23187.408 -43278.797 669.374 23286.979 -43040.121 685.284 SetDressing\Rubble\TrashEdge02.nif
0x001CBB07 0x0008A5D7 STAT -1 5 -11 23192.838 -42562.660 673.573 0.000000 0.000000 4.712389 1.0000 393 23120.650 -42660.035 672.626 23265.025 -42465.285 682.370 SetDressing\Rubble\TrashEdge01.nif
0x001CBB08 0x0008B5FD STAT -1 5 -11 23202.262 -42504.586 673.573 0.000000 0.000000 4.572387 1.0000 185 23149.357 -42623.754 672.177 23248.223 -42385.707 682.370 SetDressing\Rubble\TrashEdge03.nif
0x001CBB09 0x0008B618 STAT -1 5 -11 23128.834 -42771.168 673.573 0.000000 0.000000 4.832389 1.0000 225 23055.775 -42876.328 673.030 23205.418 -42673.789 682.620 SetDressing\Rubble\TrashEdge04.nif
0x001CBB0A 0x0008A5E0 STAT -1 5 -11 23136.299 -42655.258 673.573 0.000000 0.000000 4.902388 1.0000 501 23083.686 -42771.500 669.374 23193.477 -42537.574 685.284 SetDressing\Rubble\TrashEdge02.nif
0x001CBB0B 0x0008B5FD STAT -1 5 -11 23125.510 -42883.391 673.573 0.000000 0.000000 1.579201 1.0000 185 23076.855 -43002.781 672.177 23173.732 -42764.078 682.370 SetDressing\Rubble\TrashEdge03.nif
0x001CBB0C 0x0008B618 STAT -1 5 -11 23119.787 -43024.754 673.573 0.000000 0.000000 1.062384 1.0000 225 23036.178 -43119.773 673.030 23204.695 -42937.691 682.620 SetDressing\Rubble\TrashEdge04.nif
0x001CBB0D 0x00028718 STAT -1 5 -11 23283.355 -42850.230 675.694 0.039994 0.000680 6.266186 1.0000 129 23283.355 -43018.969 657.010 23450.869 -42846.961 680.891 Landscape\Sidewalks\SWCurb1x1Cor01.nif
0x001CBB0E 0x00028718 STAT -1 5 -11 23281.178 -42722.246 675.694 -0.019997 -0.000340 4.695380 1.0000 129 23277.695 -42722.246 657.026 23449.375 -42554.406 675.768 Landscape\Sidewalks\SWCurb1x1Cor01.nif
0x001CBB0F 0x0002FFE0 STAT -1 5 -11 23346.256 -42785.148 675.694 0.000000 0.000000 4.695377 1.0000 32 23281.176 -42850.227 657.709 23450.898 -42718.055 675.694 Landscape\Sidewalks\SWCurb1x1Str01.nif
0x001CBB10 0x00028718 STAT -1 5 -11 23270.533 -42090.266 670.406 0.080003 -0.000340 4.695380 0.8200 129 23267.678 -42091.098 644.167 23408.455 -41953.699 670.406 Landscape\Sidewalks\SWCurb1x1Cor01.nif
0x001CBB11 0x00028718 STAT -1 5 -11 23270.520 -42089.402 670.580 0.039994 0.000680 6.266186 0.8200 129 23270.520 -42227.770 655.260 23407.881 -42086.723 674.842 Landscape\Sidewalks\SWCurb1x1Cor01.nif
0x001CBB12 0x0002244E STAT -1 5 -11 23057.039 -42079.707 666.775 0.000000 0.000000 3.199998 1.0000 409 23053.303 -42159.313 633.056 23336.002 -41945.004 666.775 Landscape\Sidewalks\SWCurb2x1CurveR01.nif
0x001CBB13 0x0008A5D7 STAT -1 5 -11 23268.533 -42015.324 660.530 0.115910 -0.013406 4.712389 1.0000 393 23196.352 -42112.066 649.346 23340.715 -41918.594 671.613 SetDressing\Rubble\TrashEdge01.nif
0x001CBB14 0x0008B5FD STAT -1 5 -11 23299.576 -41985.098 658.288 0.107368 -0.026791 1.869202 1.0000 185 23237.420 -42099.152 645.168 23358.172 -41871.578 671.464 SetDressing\Rubble\TrashEdge03.nif
0x001CBB15 0x0008A5E0 STAT -1 5 -11 23159.246 -42080.254 665.688 0.018370 0.000727 3.142383 1.0000 501 23039.869 -42130.891 661.682 23278.615 -42032.004 677.464 SetDressing\Rubble\TrashEdge02.nif
0x001CBB16 0x0008B5F5 STAT -1 5 -11 22912.975 -42104.039 664.759 0.000000 0.000000 3.139997 1.0000 913 22650.043 -42179.398 649.899 23176.004 -42029.227 695.368 SetDressing\Rubble\TrashPileWall02.nif
0x001CBB17 0x0008A5D7 STAT -1 5 -11 23141.949 -42179.605 673.573 0.000000 0.000000 4.332387 1.0000 393 23058.348 -42269.316 672.626 23206.461 -42088.875 682.370 SetDressing\Rubble\TrashEdge01.nif
0x001CBB18 0x0008A5E0 STAT -1 5 -11 23091.271 -42301.500 673.573 0.000000 0.000000 5.352387 1.0000 501 23011.625 -42400.898 669.374 23179.031 -42201.543 685.284 SetDressing\Rubble\TrashEdge02.nif
0x001CBB19 0x0008B5FD STAT -1 5 -11 22875.703 -42327.645 673.573 0.000000 0.000000 6.232388 1.0000 185 22756.133 -42375.051 672.177 22994.801 -42278.918 682.370 SetDressing\Rubble\TrashEdge03.nif
0x001CBB1A 0x0008B618 STAT -1 5 -11 22983.906 -42364.051 673.573 0.000000 0.000000 6.232388 1.0000 225 22879.963 -42435.457 673.030 23080.857 -42289.688 682.620 SetDressing\Rubble\TrashEdge04.nif
0x001CBB1B 0x0008A5D7 STAT -1 5 -11 22763.797 -42344.789 673.573 0.000000 0.000000 6.232388 1.0000 393 22667.225 -42416.195 672.626 22860.748 -42270.426 682.370 SetDressing\Rubble\TrashEdge01.nif
0x001CBB1C 0x0008A5D7 STAT -1 5 -11 22654.641 -42304.168 673.573 0.000000 0.000000 3.782384 1.0000 393 22565.645 -42387.762 672.626 22740.680 -42218.320 682.370 SetDressing\Rubble\TrashEdge01.nif
0x001CBB1D 0x0008A5E0 STAT -1 5 -11 22539.859 -42218.102 673.573 0.000000 0.000000 3.172382 1.0000 501 22420.467 -42268.031 669.374 22658.965 -42168.305 685.284 SetDressing\Rubble\TrashEdge02.nif
0x001CBB1E 0x0008B5FD STAT -1 5 -11 23027.920 -42061.234 665.400 0.039448 0.000055 6.122389 1.0000 185 22908.980 -42106.770 662.589 23146.619 -42007.348 673.912 SetDressing\Rubble\TrashEdge03.nif
0x001CBB1F 0x0008B618 STAT -1 5 -11 22713.713 -42086.688 668.934 -0.004145 0.000360 2.832387 1.0000 225 22618.055 -42169.039 668.130 22810.102 -42010.578 677.982 SetDressing\Rubble\TrashEdge04.nif
0x001CBB20 0x0008B5FD STAT -1 5 -11 22900.111 -42086.539 666.391 0.039448 0.000055 3.222387 1.0000 185 22780.930 -42134.613 664.328 23018.541 -42034.320 675.420 SetDressing\Rubble\TrashEdge03.nif
0x001CBB21 0x0008B5FD STAT -1 5 -11 22690.426 -42148.410 673.573 0.000000 0.000000 3.012388 1.0000 185 22571.475 -42200.773 672.177 22809.693 -42102.254 682.370 SetDressing\Rubble\TrashEdge03.nif
0x001CBB22 0x000CE940 STAT -1 5 -11 23552.209 -42939.715 660.750 0.000000 0.000000 4.773177 1.0000 4810 23426.299 -43077.961 652.274 23590.643 -42797.262 931.750 SetDressing\JunkWalls\JunkWall01A.nif
0x001CBB23 0x000CE943 STAT -1 5 -11 23386.303 -43419.621 641.684 0.000000 0.000000 5.373178 1.0000 8178 23268.926 -43559.359 619.184 23479.129 -43291.352 904.934 SetDressing\JunkWalls\JunkWall03A.nif
0x001CBB24 0x000CF898 STAT -1 5 -11 23308.197 -42157.863 668.221 0.000000 0.000000 3.929573 1.0000 1408 23098.865 -42214.582 630.658 23503.461 -41950.598 929.471 SetDressing\JunkWalls\JunkWallCorner01A.nif
0x001CBB25 0x00032B2D STAT -1 5 -11 23118.947 -43007.383 1089.573 0.000000 0.000000 4.762389 1.0000 36 23236.395 -43141.820 1089.573 23257.180 -42885.738 1155.573 Architecture\Shacks\ShackWallHalfB01.nif
0x001CBB26 0x00029076 STAT -1 5 -11 23135.578 -42765.652 1088.748 0.000000 0.000000 4.682388 1.0000 843 23131.738 -42893.594 1074.748 23320.336 -42632.480 1299.748 Architecture\Shacks\ShackWallOuter03.nif
0x001CBB27 0x0005BAAB STAT -1 5 -11 23127.922 -42512.012 1088.748 0.000000 0.000000 4.682388 1.0000 733 23124.082 -42639.953 1074.748 23312.680 -42378.840 1299.748 Architecture\Shacks\ShackWallOuter05A.nif
0x001CBB28 0x00075806 STAT -1 5 -11 22533.318 -42030.875 753.573 0.000000 0.000000 0.000000 1.0000 248 22558.990 -42065.094 753.545 22683.443 -41996.656 877.885 Architecture\Shacks\ShackStairs02.nif
0x001CBB29 0x000EC531 STAT -1 5 -11 22501.732 -42055.418 881.573 0.000000 0.000000 0.000000 1.0000 624 22181.732 -42119.418 865.667 22565.732 -41991.418 1111.323 Architecture\Shacks\ShackBalconyStairs01.nif
0x001CBB2A 0x0005BAA8 STAT -1 5 -11 22501.732 -42055.418 881.573 0.000000 0.000000 3.124580 1.0000 80 22437.115 -41992.500 864.948 22564.162 -41984.410 951.885 Architecture\Shacks\ShackBalconyRailing04.nif
0x001CBB2B 0x000349F5 STAT -1 5 -11 22500.779 -41999.426 881.573 0.000000 0.000000 3.124580 1.0000 136 22461.699 -42007.055 655.573 22539.859 -41991.797 872.573 Architecture\Shacks\ShackBridgeFree01Support01.nif
0x001CBB2C 0x000349F5 STAT -1 5 -11 22502.686 -42111.410 881.573 0.000000 0.000000 3.124580 1.0000 136 22463.605 -42119.039 655.573 22541.766 -42103.781 872.573 Architecture\Shacks\ShackBridgeFree01Support01.nif
0x001CBB2D 0x0005BAA9 STAT -1 5 -11 22725.699 -42051.605 761.573 0.000000 0.000000 0.000000 1.0000 152 22661.699 -42115.730 747.573 22789.699 -41987.605 762.393 Architecture\Shacks\ShackBalconyFloor05.nif
0x001CBB2E 0x00075806 STAT -1 5 -11 22712.424 -42211.855 633.573 0.000000 0.000000 1.553784 1.0000 248 22678.646 -42362.289 633.545 22747.629 -42237.066 757.885 Architecture\Shacks\ShackStairs02.nif
0x001CBB2F 0x00033794 STAT -1 5 -11 22727.877 -42179.586 761.573 0.000000 0.000000 0.000000 1.0000 154 22661.502 -42243.586 747.573 22795.439 -42115.586 761.573 Architecture\Shacks\ShackBalconyFloor03.nif
0x001CBB30 0x00043346 STAT -1 5 -11 22726.789 -42115.598 761.573 0.000000 0.000000 4.695376 1.0000 632 22783.813 -42240.668 743.182 22825.350 -41987.926 843.760 Architecture\Shacks\ShackBalconyRailingDbl01.nif
0x001CBB31 0x000349F5 STAT -1 5 -11 22725.154 -42019.609 761.573 0.000000 0.000000 3.124580 1.0000 136 22686.074 -42027.238 535.573 22764.234 -42011.980 752.573 Architecture\Shacks\ShackBridgeFree01Support01.nif
0x001CBB32 0x000349F5 STAT -1 5 -11 22727.061 -42131.594 761.573 0.000000 0.000000 3.124580 1.0000 136 22687.980 -42139.223 535.573 22766.141 -42123.965 752.573 Architecture\Shacks\ShackBridgeFree01Support01.nif
0x001CBB33 0x0005BAA9 STAT -1 5 -11 22117.652 -42053.949 1105.573 0.000000 0.000000 0.000000 1.0000 152 22053.652 -42118.074 1091.573 22181.652 -41989.949 1106.393 Architecture\Shacks\ShackBalconyFloor05.nif
0x001CBB34 0x00043346 STAT -1 5 -11 22085.656 -42054.496 1105.573 0.000000 0.000000 3.124580 1.0000 632 21957.984 -41997.473 1087.182 22210.727 -41955.934 1187.760 Architecture\Shacks\ShackBalconyRailingDbl01.nif
0x001CBB35 0x00033795 STAT -1 5 -11 21989.670 -42056.129 1105.573 0.000000 0.000000 0.000000 1.0000 156 21912.232 -42122.754 1091.573 22064.295 -41987.941 1108.200 Architecture\Shacks\ShackBalconyFloor04.nif
0x001CBB36 0x00062315 STAT -1 5 -11 22161.494 -42148.215 1101.225 -0.139449 0.002553 4.943902 1.0000 139 22095.877 -42246.320 1087.536 22221.543 -42092.156 1110.638 Architecture\Shacks\Shack_Single_Plywood01_Brkn.nif
0x001CBB37 0x00062317 STAT -1 5 -11 22114.199 -42185.633 1099.220 -0.099458 0.001691 4.733984 1.0000 12 22066.416 -42277.918 1090.100 22161.979 -42093.488 1109.765 Architecture\Shacks\Shack_Single_Plywood02.nif
0x001CBB38 0x00062318 STAT -1 5 -11 22006.658 -42160.105 1096.737 -0.198872 0.002791 3.150310 1.0000 139 21939.682 -42206.129 1087.659 22098.646 -42114.586 1107.275 Architecture\Shacks\Shack_Single_Plywood02_Brkn.nif
0x001CBB39 0x001AE17A STAT -1 5 -11 23065.326 -42261.859 1233.573 0.000000 0.000000 4.695376 1.0000 3142 22872.666 -42411.445 1080.823 23279.977 -42104.016 1322.385 SetDressing\Workshop\Safety\GuardTower01.nif
0x001CBB3A 0x0003A461 STAT -1 5 -11 22231.133 -42140.031 1105.573 0.000000 0.000000 1.553784 1.0000 174 22218.234 -42179.891 960.073 22242.016 -41941.957 1095.573 Architecture\Shacks\ShackMidFreeSupports02.nif
0x001CBB3B 0x0003A45D STAT -1 5 -11 21975.170 -42144.387 1105.573 0.000000 0.000000 1.553784 1.0000 100 21963.982 -42161.984 974.948 21986.322 -41946.313 1095.573 Architecture\Shacks\ShackMidFreeSupports01.nif
0x001CBB3C 0x000CE940 STAT -1 5 -11 22951.164 -42135.781 1089.573 0.000000 0.000000 3.124580 1.0000 4810 22808.426 -42253.746 1081.096 23089.803 -42103.324 1360.573 SetDressing\JunkWalls\JunkWall01A.nif
0x001CBB3D 0x00029076 STAT -1 5 -11 22703.064 -42132.004 1105.573 0.000000 0.000000 3.111592 1.0000 843 22569.891 -42135.844 1091.573 22831.008 -41947.246 1316.573 Architecture\Shacks\ShackWallOuter03.nif
0x001CBB3E 0x00028BAC STAT -1 5 -11 22823.047 -42129.965 1105.573 0.000000 0.000000 4.682389 1.0000 1310 22814.738 -42129.906 1091.573 23002.611 -41961.191 1322.948 Architecture\Shacks\ShackWallOuterCrnOut01A.nif
0x001CBB3F 0x0003A461 STAT -1 5 -11 22655.070 -42132.820 1105.573 0.000000 0.000000 1.553784 1.0000 174 22642.172 -42172.680 960.073 22665.953 -41934.746 1095.573 Architecture\Shacks\ShackMidFreeSupports02.nif
0x001CBB40 0x0003A45D STAT -1 5 -11 22919.033 -42128.328 1105.573 0.000000 0.000000 1.553784 1.0000 100 22907.846 -42145.926 974.948 22930.186 -41930.254 1095.573 Architecture\Shacks\ShackMidFreeSupports01.nif
0x001CBB41 0x000CE942 STAT -1 5 -11 21820.334 -42149.930 1089.573 0.000000 0.000000 3.072385 1.0000 1814 21695.420 -42277.285 1073.690 21948.512 -42113.219 1356.073 SetDressing\JunkWalls\JunkWall02A.nif
0x001CBB42 0x0009DFA3 STAT -1 5 -11 23249.113 -43218.875 1105.573 0.000000 0.000000 4.682388 1.0000 1000 23245.273 -43346.816 1091.573 23433.871 -43084.816 1316.573 Architecture\Shacks\ShackWallOuter03B.nif
0x001CBB43 0x0006D134 STAT -1 5 -11 23129.168 -43222.473 1081.573 0.000000 0.000000 3.111593 1.0000 2143 22994.395 -43363.680 1253.073 23260.949 -43087.453 1363.323 Architecture\Shacks\ShackMidRoof04.nif
0x001CBB44 0x0010FFFE STAT -1 5 -11 22865.285 -43230.395 1081.573 0.000000 0.000000 3.111593 1.0000 1376 22727.938 -43392.492 1067.573 23006.117 -43058.422 1368.573 Architecture\Shacks\ShackPrefabMidTop01.nif
0x001CBB45 0x000F0B53 STAT -1 5 -11 23252.953 -43346.816 1113.573 0.000000 0.000000 4.682388 1.0000 248 23262.752 -43354.156 1101.854 23384.961 -43337.227 1299.448 Architecture\Shacks\ShackWallFlatEnd03.nif
0x001CBB46 0x00062317 STAT -1 5 -11 23208.178 -43241.047 1097.293 0.000000 0.180000 4.712389 1.0000 12 23162.850 -43332.672 1089.091 23253.250 -43149.422 1106.903 Architecture\Shacks\Shack_Single_Plywood02.nif
0x001CBB47 0x00043346 STAT -1 5 -11 22889.949 -43648.551 1105.573 0.000000 0.000000 6.266173 1.0000 632 22764.879 -43747.113 1087.182 23017.621 -43705.574 1187.760 Architecture\Shacks\ShackBalconyRailingDbl01.nif
0x001CBB48 0x0002FC43 MSTT -1 5 -11 22990.641 -43344.047 1086.860 0.000000 0.000000 0.000000 1.0000 388 22968.625 -43370.938 1087.021 23009.859 -43323.297 1113.876 SetDressing\SandbagWalls\SmallSandbagPile01.nif
0x001CBB49 0x0002FC43 MSTT -1 5 -11 22748.873 -43349.809 1086.860 0.000000 0.000000 4.593183 1.0000 388 22727.186 -43372.961 1087.021 22775.357 -43328.934 1113.876 SetDressing\SandbagWalls\SmallSandbagPile01.nif
0x001CBB4A 0x0002FC43 MSTT -1 5 -11 22739.938 -43118.246 1086.860 0.000000 0.000000 2.893181 1.0000 388 22717.602 -43140.602 1087.021 22764.178 -43092.625 1113.876 SetDressing\SandbagWalls\SmallSandbagPile01.nif
0x001CBB4B 0x0002FC43 MSTT -1 5 -11 22977.936 -43106.473 1086.860 0.000000 0.000000 4.633182 1.0000 388 22956.529 -43129.281 1087.021 23004.600 -43086.121 1113.876 SetDressing\SandbagWalls\SmallSandbagPile01.nif
0x001CBB4C 0x000F0B52 STAT -1 5 -11 21587.717 -42284.695 1089.573 0.000000 0.000000 3.041592 1.0000 248 21447.027 -42174.094 1088.028 21702.697 -42139.645 1164.385 Architecture\Shacks\ShackWallHalfB02.nif
0x001CBB4D 0x00032B2D STAT -1 5 -11 21351.047 -42317.992 1089.573 0.000000 0.000000 2.911591 1.0000 36 21196.324 -42226.438 1089.573 21447.406 -42160.285 1155.573 Architecture\Shacks\ShackWallHalfB01.nif
0x001CBB4E 0x000CE940 STAT -1 5 -11 21126.201 -42174.074 1089.573 0.000000 0.000000 3.272384 1.0000 4810 20984.654 -42307.367 1081.096 21263.695 -42130.223 1360.573 SetDressing\JunkWalls\JunkWall01A.nif
0x001CBB4F 0x0009DFA4 STAT -1 5 -11 20780.061 -42820.758 1081.573 0.000000 0.000000 1.540796 1.0000 518 20600.496 -42989.531 1067.573 20784.477 -42820.758 1298.948 Architecture\Shacks\ShackWallOuterCrnOut01D.nif
0x001CBB50 0x00029076 STAT -1 5 -11 20768.541 -42436.930 1081.573 0.000000 0.000000 1.540796 1.0000 843 20583.783 -42570.102 1067.573 20772.381 -42308.988 1292.573 Architecture\Shacks\ShackWallOuter03.nif
0x001CBB51 0x0002A919 STAT -1 5 -11 21010.100 -42158.363 1089.573 0.000000 0.000000 1.341591 1.0000 724 20883.342 -42192.594 1076.573 21008.332 -42156.707 1293.323 Architecture\Shacks\ShackWallFlatEnd01.nif
0x001CBB65 0x00062317 STAT -1 5 -11 22697.191 -42164.578 1097.573 -0.198827 -0.005112 3.111097 1.0000 12 22604.213 -42212.578 1088.428 22790.178 -42116.859 1108.121 Architecture\Shacks\Shack_Single_Plywood02.nif
0x001CBB7A 0x000EC531 STAT -1 5 -11 20573.758 -43147.094 865.573 0.000000 0.000000 1.540796 1.0000 624 20500.188 -43212.984 849.667 20639.648 -42825.316 1095.323 Architecture\Shacks\ShackBalconyStairs01.nif
0x001CBB7B 0x00033795 STAT -1 5 -11 20558.398 -42635.324 1089.573 0.000000 0.000000 4.682388 1.0000 156 20489.203 -42712.988 1075.573 20626.115 -42560.520 1092.200 Architecture\Shacks\ShackBalconyFloor04.nif
0x001CBB7C 0x00165A89 STAT -1 5 -11 20640.281 -42696.895 1049.573 0.000000 0.000000 1.540796 1.0000 824 20468.309 -42834.242 1247.448 20802.379 -42556.063 1336.573 Architecture\Shacks\ShackMidRoof03HoleMid01.nif
0x001CBB7D 0x00034730 STAT -1 5 -11 20516.736 -42580.551 1089.573 0.000000 0.000000 3.124580 0.8500 60 20510.715 -42586.570 1089.573 20522.758 -42574.531 1257.873 Architecture\Shacks\ShackFreeColumnInt01.nif
0x001CBB7E 0x00034730 STAT -1 5 -11 20523.936 -42820.441 1089.573 0.000000 0.000000 3.124580 0.8500 60 20517.914 -42826.461 1089.573 20529.957 -42814.422 1257.873 Architecture\Shacks\ShackFreeColumnInt01.nif
0x001CBB7F 0x0005BAA9 STAT -1 5 -11 20562.238 -42763.266 1089.573 0.000000 0.000000 4.682388 1.0000 152 20496.348 -42829.156 1075.573 20628.250 -42697.375 1090.393 Architecture\Shacks\ShackBalconyFloor05.nif
0x001CBB80 0x0005BAA8 STAT -1 5 -11 20718.008 -42886.648 1097.573 0.000000 0.000000 1.540796 1.0000 80 20646.193 -42952.156 1080.948 20655.926 -42825.121 1167.885 Architecture\Shacks\ShackBalconyRailing04.nif
0x001CBB81 0x00043341 STAT -1 5 -11 20721.848 -43014.590 1097.573 0.000000 0.000000 1.540797 1.0000 300 20647.006 -43080.504 1079.213 20663.215 -42951.684 1179.760 Architecture\Shacks\ShackBalconyRailing03.nif
0x001CBB82 0x000EC531 STAT -1 5 -11 20957.584 -43135.574 641.573 0.000000 0.000000 6.253185 1.0000 624 20635.809 -43209.145 625.667 21023.475 -43069.684 871.323 Architecture\Shacks\ShackBalconyStairs01.nif
0x001CBB83 0x00043346 STAT -1 5 -11 20621.734 -43145.652 865.573 0.000000 0.000000 6.253186 1.0000 632 20497.541 -43243.906 847.182 20750.277 -43201.109 947.760 Architecture\Shacks\ShackBalconyRailingDbl01.nif
0x001CBB84 0x00043340 STAT -1 5 -11 20573.758 -43147.094 865.573 0.000000 0.000000 1.540797 1.0000 164 20499.277 -43212.105 849.292 20515.121 -43084.098 939.885 Architecture\Shacks\ShackBalconyRailing02.nif
0x001CBB85 0x00034730 STAT -1 5 -11 20519.461 -43204.750 649.573 0.000000 0.000000 3.124580 1.0700 60 20511.881 -43212.328 649.573 20527.041 -43197.172 861.433 Architecture\Shacks\ShackFreeColumnInt01.nif
0x001CBB86 0x00034730 STAT -1 5 -11 20516.582 -43108.793 649.573 0.000000 0.000000 3.124580 1.0700 60 20509.002 -43116.371 649.573 20524.162 -43101.215 861.433 Architecture\Shacks\ShackFreeColumnInt01.nif
0x001CBB87 0x00034730 STAT -1 5 -11 20740.482 -43102.074 649.573 0.000000 0.000000 3.124580 1.0700 60 20732.902 -43109.652 649.573 20748.063 -43094.496 861.433 Architecture\Shacks\ShackFreeColumnInt01.nif
0x001CBB88 0x00034730 STAT -1 5 -11 20743.361 -43198.031 649.573 0.000000 0.000000 3.124580 1.0700 60 20735.781 -43205.609 649.573 20750.941 -43190.453 861.433 Architecture\Shacks\ShackFreeColumnInt01.nif
0x001CBB89 0x0003A45D STAT -1 5 -11 20679.543 -42671.707 1089.573 0.000000 0.000000 6.266173 1.0000 100 20481.469 -42682.895 958.948 20697.141 -42660.555 1079.573 Architecture\Shacks\ShackMidFreeSupports01.nif
0x001CBB8A 0x0003A461 STAT -1 5 -11 20684.344 -42831.633 1089.573 0.000000 0.000000 6.266173 1.0000 174 20486.270 -42844.531 944.073 20724.205 -42820.750 1079.573 Architecture\Shacks\ShackMidFreeSupports02.nif
0x001CBB8B 0x00043340 STAT -1 5 -11 20725.447 -43134.539 1097.573 0.000000 0.000000 1.540797 1.0000 164 20650.967 -43199.551 1081.292 20666.811 -43071.543 1171.885 Architecture\Shacks\ShackBalconyRailing02.nif
0x001CBB8C 0x000CE943 STAT -1 5 -11 21576.037 -42069.215 665.573 0.000000 0.000000 3.534183 1.0000 8178 21446.236 -42175.277 643.073 21722.367 -41989.746 928.823 SetDressing\JunkWalls\JunkWall03A.nif
0x001CBB8D 0x000CE942 STAT -1 5 -11 21342.750 -42028.797 665.573 0.000000 0.000000 3.102384 1.0000 1814 21217.807 -42155.938 649.690 21469.326 -41992.660 932.073 SetDressing\JunkWalls\JunkWall02A.nif
0x001CBB8E 0x000CE940 STAT -1 5 -11 21110.529 -42090.102 665.573 0.000000 0.000000 2.562381 1.0000 4810 20986.158 -42245.051 657.096 21273.896 -42004.289 936.573 SetDressing\JunkWalls\JunkWall01A.nif
0x001CBB8F 0x001AE17A STAT -1 5 -11 23479.432 -43199.895 787.866 0.000000 0.000000 4.902187 1.0000 3142 23271.520 -43369.641 635.116 23700.186 -43052.078 876.679 SetDressing\Workshop\Safety\GuardTower01.nif
0x001CBB90 0x001B5F15 DOOR -1 5 -11 23617.240 -42566.098 664.619 0.000000 0.000000 4.930589 1.0000 6088 23447.945 -42816.980 656.143 23698.518 -42301.277 984.494 SetDressing\JunkWalls\JunkWallGate01.nif
0x001CBB91 0x000CE942 STAT -1 5 -11 23575.766 -42237.004 660.750 0.000000 0.000000 3.843174 1.0000 1814 23427.672 -42363.211 644.867 23673.787 -42141.559 927.250 SetDressing\JunkWalls\JunkWall02A.nif
0x001CBB92 0x001C9100 STAT -1 5 -11 23630.266 -42275.617 796.117 1.568948 -0.691252 3.441179 1.6600 28 23605.867 -42295.484 764.258 23655.770 -42254.250 827.976 SetDressing\Signage\RoadSigns\SignRoad_NoEnter_NoPost01.nif
0x001CBB93 0x001C9100 STAT -1 5 -11 23587.361 -43320.039 797.126 -1.570403 -0.333957 0.088278 1.6600 28 23560.756 -43330.262 769.277 23614.676 -43311.539 824.979 SetDressing\Signage\RoadSigns\SignRoad_NoEnter_NoPost01.nif
0x001CBB94 0x001C90EE STAT -1 5 -11 23565.143 -42845.969 819.333 -1.570796 -1.510007 6.171593 1.6600 28 23564.551 -42871.008 784.500 23567.598 -42820.953 854.178 SetDressing\Signage\RoadSigns\SignRoad_NoPark_NoPost01.nif
0x001CBB95 0x001C90E0 STAT -1 5 -11 23677.146 -42358.121 789.233 -1.721909 -1.413377 0.326596 1.6600 28 23671.328 -42396.770 757.521 23684.205 -42320.066 820.933 SetDressing\Signage\RoadSigns\SignRoad_WrongWay_NoPost01.nif
0x001CBB96 0x000CE940 STAT -1 5 -11 20646.799 -42207.695 665.573 0.000000 0.000000 3.032381 1.0000 4810 20504.840 -42334.684 657.096 20784.814 -42167.430 936.573 SetDressing\JunkWalls\JunkWall01A.nif
0x001CBB9B 0x000CE942 STAT -1 5 -11 20660.850 -43295.898 1089.573 0.000000 0.000000 1.572383 1.0000 1814 20625.539 -43420.703 1073.690 20787.518 -43171.578 1356.073 SetDressing\JunkWalls\JunkWall02A.nif
0x001CBB9A 0x00183EB1 STAT -1 5 -11 20501.639 -43806.813 663.686 -0.062411 0.000000 3.339204 1.0000 9968 20248.730 -43925.848 653.695 20721.613 -43674.668 815.176 Vehicles\Automotive\PickUpTruck01_Postwar_Static.nif
0x001CBB9F 0x000C387F STAT -1 5 -11 20518.258 -43673.023 648.445 0.000000 0.000000 0.242375 1.0000 4610 20383.068 -43729.320 639.968 20657.611 -43529.332 888.570 SetDressing\JunkWalls\JunkWall01.nif
0x001CBBA3 0x0019463A MSTT -1 5 -11 20764.906 -41887.500 672.184 0.000000 0.000000 0.130000 1.0000 18192 20525.279 -42024.246 666.738 21089.049 -41758.047 788.184 Vehicles\Automotive\Sedan02_Postwar.nif
0x001CBBA6 0x000211F7 STAT -1 5 -11 20571.293 -44095.996 653.299 -0.017551 -0.002477 3.110689 1.0000 396 20544.531 -44149.664 652.482 20598.049 -44042.801 684.018 SetDressing\ConcMuseum\WoodCrate03.nif
0x001CBBA7 0x000211F7 STAT -1 5 -11 20651.986 -44073.668 651.564 -0.062411 -0.124115 4.458326 1.0000 396 20596.449 -44111.656 644.704 20711.330 -44037.078 688.003 SetDressing\ConcMuseum\WoodCrate03.nif
0x001CBBAA 0x001AE928 STAT -1 5 -11 20551.078 -43928.926 751.651 -3.141592 -1.470796 6.253185 1.0000 62 20541.496 -43931.859 639.372 20718.242 -43923.105 751.681 Architecture\Buildings\BldgPlywoodDoorCity01.nif
0x001CBBA8 0x001AE928 STAT -1 5 -11 20541.211 -44022.012 653.307 -3.141592 -1.470796 3.111592 1.0000 62 20541.207 -44027.832 636.506 20717.955 -44019.078 748.815 Architecture\Buildings\BldgPlywoodDoorCity01.nif
0x001CBBA9 0x001AE928 STAT -1 5 -11 20551.078 -43928.926 751.651 -3.141592 -1.470796 1.540796 1.0000 62 20550.691 -44024.965 731.020 20718.338 -43928.844 752.646 Architecture\Buildings\BldgPlywoodDoorCity01.nif
0x001CBBAB 0x001AE928 STAT -1 5 -11 20551.078 -43928.926 751.651 3.111443 0.099954 1.567787 1.0000 62 20533.031 -44024.883 581.601 20552.072 -43923.887 751.751 Architecture\Buildings\BldgPlywoodDoorCity01.nif
0x001CBBAC 0x001AE928 STAT -1 5 -11 20717.951 -44024.891 732.013 3.111443 0.099954 4.709380 1.0000 62 20700.191 -44024.891 564.828 20719.234 -43923.895 734.978 Architecture\Buildings\BldgPlywoodDoorCity01.nif
0x001CBBAD 0x000211F7 STAT -1 5 -11 20600.545 -44075.969 682.702 -0.017533 0.003196 4.752261 1.0000 396 20547.301 -44103.777 682.144 20653.549 -44048.836 713.174 SetDressing\ConcMuseum\WoodCrate03.nif
0x001CBBAE 0x0010C3B6 FURN -1 5 -11 21237.133 -43044.777 673.573 0.000000 0.000000 3.002388 1.0000 10062 21195.766 -43150.957 669.088 21323.715 -43013.930 827.323 SetDressing\Woodfire\Woodfire_Doused.nif
0x001CBBB1 0x0010907A STAT -1 5 -11 22566.543 -43191.387 673.573 0.000000 0.000000 1.460000 1.0000 2468 22431.959 -43276.453 673.565 22701.127 -43106.320 748.760 SetDressing\PoolTable\PoolTable01.nif
0x001CBBB2 0x0008B618 STAT -1 5 -11 22197.580 -43364.648 673.573 0.000000 0.000000 3.032387 1.0000 225 22101.426 -43441.273 673.030 22300.410 -43294.152 682.620 SetDressing\Rubble\TrashEdge04.nif
0x001CBBB3 0x0008B5FD STAT -1 5 -11 22309.432 -43322.230 674.419 0.000000 0.000000 3.372387 1.0000 185 22192.668 -43376.875 673.023 22425.082 -43263.387 683.216 SetDressing\Rubble\TrashEdge03.nif
0x001CBBB4 0x0008A5D7 STAT -1 5 -11 22653.135 -43356.883 673.573 0.000000 0.000000 4.712389 1.0000 393 22580.947 -43454.258 672.626 22725.322 -43259.508 682.370 SetDressing\Rubble\TrashEdge01.nif
0x001CBBB5 0x0008B618 STAT -1 5 -11 22646.813 -43431.105 673.402 0.000000 0.000000 5.392389 1.0000 225 22562.738 -43519.695 672.859 22733.521 -43342.141 682.449 SetDressing\Rubble\TrashEdge04.nif
0x001CBBB6 0x0008B5FD STAT -1 5 -11 22536.031 -43432.059 673.573 0.000000 0.000000 0.179204 1.0000 185 22419.666 -43488.781 672.177 22653.926 -43379.996 682.370 SetDressing\Rubble\TrashEdge03.nif
0x001CBBB7 0x0008A5E0 STAT -1 5 -11 22547.553 -43315.367 673.573 0.000000 0.000000 3.002386 1.0000 501 22428.668 -43369.867 669.374 22666.730 -43265.328 685.284 SetDressing\Rubble\TrashEdge02.nif
0x001CBBB8 0x0008B5FD STAT -1 5 -11 22426.594 -43341.461 673.573 0.000000 0.000000 6.242384 1.0000 185 22307.037 -43389.008 672.177 22545.771 -43292.941 682.370 SetDressing\Rubble\TrashEdge03.nif
0x001CBBB9 0x0016628C CONT -1 5 -11 20824.209 -43753.816 749.727 0.000000 0.000000 0.000000 1.0000 712 20728.084 -43876.203 664.039 20920.584 -43750.328 754.664 SetDressing\TrashBin\TrashBin01.nif
0x001CBBBA 0x00021E7A CONT -1 5 -11 21676.064 -42904.367 673.573 0.000000 0.000000 1.562387 1.0000 1210 21639.879 -42940.762 674.016 21707.479 -42868.762 793.073 SetDressing\Trashcan\trashcan01.nif
0x001CBBBB 0x00021E7A CONT -1 5 -11 21672.779 -42829.539 673.573 0.000000 0.000000 1.672387 1.0000 1210 21634.475 -42867.637 674.016 21706.643 -42791.805 793.073 SetDressing\Trashcan\trashcan01.nif
0x001CBBBC 0x00021E7A CONT -1 5 -11 23276.465 -42705.344 673.573 0.000000 0.000000 4.645569 1.0000 1210 23243.432 -42742.043 674.016 23313.820 -42667.586 793.073 SetDressing\Trashcan\trashcan01.nif
0x001CBBBD 0x0008A5E0 STAT -1 5 -11 21034.582 -42705.656 673.573 0.000000 0.000000 3.132385 1.0000 501 20915.234 -42756.598 669.374 21154.016 -42657.703 685.284 SetDressing\Rubble\TrashEdge02.nif
0x001CBBBE 0x0008B617 STAT -1 5 -11 20770.344 -42805.402 673.573 0.000000 0.000000 4.702385 1.0000 1080 20690.012 -43029.484 657.729 20848.105 -42582.023 715.573 SetDressing\Rubble\TrashPileWall03.nif
0x001CBBBF 0x0008A5D7 STAT -1 5 -11 20791.928 -42801.355 673.573 0.000000 0.000000 2.912388 1.0000 393 20698.434 -42881.801 672.626 20883.938 -42733.480 682.370 SetDressing\Rubble\TrashEdge01.nif
0x001CBBC0 0x0008B5FD STAT -1 5 -11 20820.230 -42699.410 673.573 0.000000 0.000000 1.322385 1.0000 185 20771.459 -42816.789 672.177 20878.211 -42582.004 682.370 SetDressing\Rubble\TrashEdge03.nif
0x001CBBC1 0x0008B618 STAT -1 5 -11 20745.346 -42603.449 673.573 0.000000 0.000000 1.322385 1.0000 225 20672.141 -42698.543 673.030 20826.297 -42504.680 682.620 SetDressing\Rubble\TrashEdge04.nif
0x001CBBC2 0x0008B618 STAT -1 5 -11 20761.391 -43004.281 673.573 0.000000 0.000000 4.752388 1.0000 225 20689.799 -43109.254 673.030 20835.162 -42906.750 682.620 SetDressing\Rubble\TrashEdge04.nif
0x001CBBC3 0x0008B5FD STAT -1 5 -11 20779.969 -42900.879 673.573 0.000000 0.000000 1.952388 1.0000 185 20712.375 -43012.570 672.177 20843.838 -42789.070 682.370 SetDressing\Rubble\TrashEdge03.nif
0x001CBBCB 0x000D43F9 STAT -1 5 -11 20941.359 -43458.156 1057.573 3.141593 0.000000 4.729402 1.0000 658 20904.021 -43495.496 673.573 20978.697 -43420.816 1057.573 Interiors\Building\Deco\Med_WallKit\BldDecoMdWallPillarBg01.nif
0x001CBBCC 0x000D43F9 STAT -1 5 -11 21453.285 -43449.445 1057.573 3.141593 0.000000 4.729402 1.0000 658 21415.947 -43486.785 673.573 21490.623 -43412.105 1057.573 Interiors\Building\Deco\Med_WallKit\BldDecoMdWallPillarBg01.nif
0x001CBBCD 0x000D43F9 STAT -1 5 -11 21709.248 -43445.090 1057.573 3.141593 0.000000 4.729402 1.0000 658 21671.910 -43482.430 673.573 21746.586 -43407.750 1057.573 Interiors\Building\Deco\Med_WallKit\BldDecoMdWallPillarBg01.nif
0x001CBBCE 0x000D43F9 STAT -1 5 -11 22477.137 -43432.027 1057.573 3.141593 0.000000 4.729402 1.0000 658 22439.799 -43469.367 673.573 22514.475 -43394.688 1057.573 Interiors\Building\Deco\Med_WallKit\BldDecoMdWallPillarBg01.nif
0x001CBBCF 0x000D43F9 STAT -1 5 -11 22733.100 -43427.672 1057.573 3.141593 0.000000 4.729402 1.0000 658 22695.762 -43465.012 673.573 22770.438 -43390.332 1057.573 Interiors\Building\Deco\Med_WallKit\BldDecoMdWallPillarBg01.nif
0x001CBBD0 0x000D43F9 STAT -1 5 -11 22989.063 -43423.316 1057.573 3.141593 0.000000 4.729402 1.0000 658 22951.725 -43460.656 673.573 23026.400 -43385.977 1057.573 Interiors\Building\Deco\Med_WallKit\BldDecoMdWallPillarBg01.nif
0x001CBBD1 0x000D43F9 STAT -1 5 -11 23249.381 -43674.926 1057.573 3.141593 -0.000000 1.587809 1.0000 658 23212.043 -43712.266 673.573 23286.719 -43637.586 1057.573 Interiors\Building\Deco\Med_WallKit\BldDecoMdWallPillarBg01.nif
0x001CBBD2 0x000D43F9 STAT -1 5 -11 22993.418 -43679.281 1057.573 3.141593 -0.000000 1.587809 1.0000 658 22956.080 -43716.621 673.573 23030.756 -43641.941 1057.573 Interiors\Building\Deco\Med_WallKit\BldDecoMdWallPillarBg01.nif
0x001CBBD3 0x0008A5D7 STAT -1 5 -11 21645.393 -42984.008 673.573 0.000000 0.000000 4.072387 1.0000 393 21557.635 -43069.734 672.626 21716.963 -42892.359 682.370 SetDressing\Rubble\TrashEdge01.nif
0x001CBBD4 0x0008A5E0 STAT -1 5 -11 21656.279 -42889.426 673.573 0.000000 0.000000 4.802386 1.0000 501 21607.936 -43007.699 669.374 21708.979 -42770.316 685.284 SetDressing\Rubble\TrashEdge02.nif
0x001CBBD5 0x0008B5FD STAT -1 5 -11 21670.555 -42740.344 673.573 0.000000 0.000000 4.612386 1.0000 185 21619.686 -42859.813 672.177 21717.211 -42621.262 682.370 SetDressing\Rubble\TrashEdge03.nif
0x001CBBD6 0x0008B618 STAT -1 5 -11 21699.230 -43066.922 673.573 0.000000 0.000000 0.499200 1.0000 225 21602.223 -43149.957 673.030 21789.705 -42986.121 682.620 SetDressing\Rubble\TrashEdge04.nif
0x001CBBE3 0x0008B618 STAT -1 5 -11 22238.041 -42293.660 673.573 0.000000 0.000000 5.292389 1.0000 225 22155.443 -42387.070 673.030 22322.791 -42203.809 682.620 SetDressing\Rubble\TrashEdge04.nif
0x001CBBE4 0x0008B5FD STAT -1 5 -11 22303.611 -42226.910 673.573 0.000000 0.000000 2.952384 1.0000 185 22185.240 -42282.199 672.177 22422.152 -42181.355 682.370 SetDressing\Rubble\TrashEdge03.nif
0x001CBBE5 0x0008A5E0 STAT -1 5 -11 22098.922 -42285.625 673.573 0.000000 0.000000 0.229203 1.0000 501 21983.244 -42344.406 669.374 22215.725 -42231.059 685.284 SetDressing\Rubble\TrashEdge02.nif
0x001CBBE6 0x0008A5D7 STAT -1 5 -11 21940.910 -42450.660 673.573 0.000000 0.000000 0.229203 1.0000 393 21843.049 -42530.289 672.626 22037.074 -42375.074 682.370 SetDressing\Rubble\TrashEdge01.nif
0x001CBBE7 0x0008B5FD STAT -1 5 -11 21952.715 -42305.773 673.573 0.000000 0.000000 1.719200 1.0000 185 21897.332 -42424.195 672.177 22003.168 -42188.730 682.370 SetDressing\Rubble\TrashEdge03.nif
0x001CBBE8 0x0008B618 STAT -1 5 -11 21990.850 -42244.453 673.573 0.000000 0.000000 0.399198 1.0000 225 21890.270 -42326.926 673.030 22082.852 -42165.035 682.620 SetDressing\Rubble\TrashEdge04.nif
0x001CBBE9 0x0008B618 STAT -1 5 -11 21748.119 -42250.750 673.573 0.000000 0.000000 4.712389 1.0000 225 21675.932 -42355.375 673.030 21820.307 -42153.375 682.620 SetDressing\Rubble\TrashEdge04.nif
0x001CBBEA 0x0008A5D7 STAT -1 5 -11 21109.373 -42278.383 673.573 0.000000 0.000000 0.059203 1.0000 393 21011.379 -42352.875 672.626 21206.926 -42206.395 682.370 SetDressing\Rubble\TrashEdge01.nif
0x001CBBEB 0x0008A5E0 STAT -1 5 -11 20990.199 -42312.172 673.573 0.000000 0.000000 0.059203 1.0000 501 20871.441 -42363.383 669.374 21109.508 -42262.980 685.284 SetDressing\Rubble\TrashEdge02.nif
0x001CBBEC 0x0008B5FD STAT -1 5 -11 20840.912 -42275.645 673.573 0.000000 0.000000 0.059203 1.0000 185 20722.154 -42326.855 672.177 20960.221 -42227.473 682.370 SetDressing\Rubble\TrashEdge03.nif
0x001CBBED 0x0008B618 STAT -1 5 -11 20712.336 -42249.684 673.573 0.000000 0.000000 5.452388 1.0000 225 20627.779 -42338.344 673.030 20800.736 -42160.496 682.620 SetDressing\Rubble\TrashEdge04.nif
0x001CBBEE 0x0002FFDF STAT -1 5 -11 22917.135 -42080.895 668.696 0.000000 0.000000 3.140189 1.0000 32 22851.617 -42144.984 650.712 22981.225 -41977.246 668.696 Landscape\Sidewalks\SWCurb1x1Str02.nif
0x001CBBEF 0x0002FFDF STAT -1 5 -11 22276.416 -41569.797 668.696 0.000000 0.000000 6.281782 1.0000 32 22212.326 -41673.445 650.712 22341.934 -41505.707 668.696 Landscape\Sidewalks\SWCurb1x1Str02.nif
0x001CBBF0 0x00030FBC STAT -1 5 -11 22213.135 -42081.883 668.696 0.000000 0.000000 6.281782 1.0000 129 21999.846 -42146.371 595.008 22213.225 -41978.324 668.696 Landscape\Sidewalks\SWEndCap01a.nif
0x001CBBF1 0x00030FBC STAT -1 5 -11 22980.416 -41568.809 668.696 0.000000 0.000000 3.140189 1.0000 129 22980.326 -41672.367 595.008 23193.705 -41504.320 668.696 Landscape\Sidewalks\SWEndCap01a.nif
0x001CBBF2 0x00030F8E STAT -1 5 -11 22212.416 -41569.887 668.696 0.000000 0.000000 3.140189 1.0000 117 22006.213 -41679.031 605.071 22213.957 -41485.992 668.696 Landscape\Sidewalks\SWEndCap01b.nif
0x001CBBF3 0x00030F8E STAT -1 5 -11 22981.135 -42080.805 668.696 0.000000 0.000000 6.281782 1.0000 117 22979.594 -42164.699 605.071 23187.338 -41971.660 668.696 Landscape\Sidewalks\SWEndCap01b.nif
0x001CBBF4 0x00030F3F STAT -1 5 -11 22660.416 -41569.258 668.696 0.000000 0.000000 6.281782 1.0000 151 22340.326 -41673.266 650.540 22982.059 -41504.809 669.756 Landscape\Sidewalks\SWCurb5x1Str01.nif
0x001CBBF5 0x00030F3F STAT -1 5 -11 22533.135 -42081.434 668.696 0.000000 0.000000 3.140189 1.0000 151 22211.492 -42145.883 650.540 22853.225 -41977.426 669.756 Landscape\Sidewalks\SWCurb5x1Str01.nif
0x001CBBFA 0x00021E7A CONT -1 5 -11 23270.131 -42881.961 673.573 0.000000 0.000000 4.735566 1.0000 1210 23238.316 -42917.930 674.016 23306.352 -42845.254 793.073 SetDressing\Trashcan\trashcan01.nif
0x001CBBFB 0x000625E4 MSTT -1 5 -11 22745.854 -42508.652 673.572 0.000000 0.000000 4.353180 1.0000 2014 22694.182 -42550.129 673.710 22803.539 -42464.125 770.822 SetDressing\ShoppingCart\ShoppingCart.nif
0x001CBBFC 0x0018E4DA MISC -1 5 -11 22490.238 -43166.477 747.593 0.258797 0.028175 0.003716 1.0000 360 22486.734 -43169.977 744.094 22493.742 -43162.977 751.092 Props\Poolballs\Poolball_01.nif
0x001CBBFD 0x0018E4DC MISC -1 5 -11 22511.227 -43180.031 747.593 0.254605 -0.831807 0.005517 1.0000 360 22507.742 -43183.477 744.100 22514.711 -43176.586 751.086 Props\Poolballs\Poolball_03.nif
0x001CBBFE 0x0018E4DE MISC -1 5 -11 22496.842 -43202.461 747.593 1.263952 -0.277426 5.579875 1.0000 360 22493.348 -43205.949 744.125 22500.336 -43198.973 751.061 Props\Poolballs\Poolball_05.nif
0x001CBBFF 0x0018E4D5 MISC -1 5 -11 22542.531 -43202.668 747.593 0.406530 1.248970 4.858544 1.0000 360 22539.029 -43206.137 744.091 22546.033 -43199.199 751.095 Props\Poolballs\Poolball_04.nif
0x001CBC00 0x0018E4E0 MISC -1 5 -11 22520.268 -43223.340 747.593 1.263952 -0.277426 5.579875 1.0000 360 22516.773 -43226.828 744.125 22523.762 -43219.852 751.061 Props\Poolballs\Poolball_06.nif
0x001CBC01 0x00059AFD MISC -1 5 -11 22535.008 -43177.742 747.593 1.263952 -0.277426 5.579875 1.0000 360 22531.514 -43181.230 744.125 22538.502 -43174.254 751.061 Props\Poolballs\Poolball_02.nif
0x001CBC02 0x0018E4E2 MISC -1 5 -11 22583.344 -43185.398 747.593 -1.139065 -0.803381 2.961540 1.0000 360 22579.885 -43188.895 744.120 22586.803 -43181.902 751.067 Props\Poolballs\Poolball_07.nif
0x001CBC03 0x00059AFE MISC -1 5 -11 22653.170 -43216.039 747.593 0.818680 -1.131551 1.552716 1.0000 360 22649.691 -43219.520 744.102 22656.648 -43212.559 751.085 Props\Poolballs\Poolball_08.nif
0x001CBC04 0x0018E4E5 MISC -1 5 -11 22638.932 -43147.180 747.593 2.059759 0.343413 5.616495 1.0000 360 22635.430 -43150.676 744.138 22642.434 -43143.684 751.048 Props\Poolballs\Poolball_09.nif
0x001CBC05 0x00059AFC MISC -1 5 -11 22627.752 -43195.734 747.593 2.059759 0.343413 5.616495 1.0000 360 22624.250 -43199.230 744.138 22631.254 -43192.238 751.048 Props\Poolballs\Poolball_Cue.nif
0x001CBC06 0x000FA3E8 WEAP -1 5 -11 22584.084 -43145.453 744.881 0.011022 -0.007066 2.149949 1.0000 297 22574.455 -43191.281 743.843 22653.580 -43138.934 746.004 Weapons\PoolCue\PoolCue.nif
0x001CBC07 0x0008A5D7 STAT -1 5 -11 22997.443 -43361.984 673.573 0.000000 0.000000 4.712389 1.0000 393 22925.256 -43459.359 672.626 23069.631 -43264.609 682.370 SetDressing\Rubble\TrashEdge01.nif
0x001CBC08 0x0008A5E0 STAT -1 5 -11 23112.668 -43376.035 673.573 0.000000 0.000000 0.119204 1.0000 501 22994.961 -43430.098 669.374 23231.484 -43327.152 685.284 SetDressing\Rubble\TrashEdge02.nif
0x001CBC09 0x0008B618 STAT -1 5 -11 23078.061 -43444.500 673.573 0.000000 0.000000 5.762384 1.0000 225 22991.393 -43528.469 673.030 23172.916 -43359.262 682.620 SetDressing\Rubble\TrashEdge04.nif
0x001CBC0A 0x001C176D FURN -1 5 -11 22404.631 -42356.402 673.573 0.000000 0.000000 5.983183 1.0000 980 22276.037 -42459.914 673.623 22531.977 -42253.098 731.354 SetDressing\Park\PicnicTable01.nif
0x001CBC0B 0x0008E370 MISC -1 5 -11 22419.445 -42360.949 729.776 -0.000552 -0.000821 6.281232 1.0000 504 22415.639 -42364.660 729.774 22423.213 -42357.082 731.797 Props\Cigar\AshTray.nif
0x001CBC0C 0x0008A5D7 STAT -1 5 -11 20559.396 -41639.195 685.091 -0.046393 -0.027282 4.712389 1.0000 393 20487.236 -41736.449 680.211 20631.557 -41541.934 694.739 SetDressing\Rubble\TrashEdge01.nif
0x001CBC0D 0x0008A5E0 STAT -1 5 -11 20706.977 -41642.910 680.887 -0.046393 -0.027282 4.132387 1.0000 501 20629.518 -41746.355 674.456 20779.170 -41535.906 693.801 SetDressing\Rubble\TrashEdge02.nif
0x001CBC0E 0x00065582 STAT -1 5 -11 23048.088 -42827.586 660.377 0.000000 0.000000 0.000000 1.0000 653 22986.994 -42890.992 664.092 23116.463 -42765.523 697.314 Landscape\CampFireMed01_Off_Blocks_NoSkirt.nif
0x001CBC0F 0x0005821A MISC -1 5 -11 22439.020 -42357.188 731.055 1.570158 -0.764200 0.002185 1.0000 156 22437.453 -42358.680 729.769 22447.879 -42348.102 732.346 Props\Cigar\CigarettePack.nif
0x001CBC10 0x00074BB0 FURN -1 5 -11 22945.816 -42903.137 673.573 0.000000 0.000000 0.810000 1.0000 1180 22892.570 -42954.484 673.114 22988.234 -42856.852 736.854 SetDressing\PlayerHouse_Ruin\PlayerHouse_Ruin_Chair01.nif
0x001CBC11 0x00074BB1 FURN -1 5 -11 21879.229 -43064.176 671.526 0.000000 0.000000 3.089999 1.0000 1702 21786.506 -43092.551 671.067 21971.111 -43021.578 734.557 SetDressing\PlayerHouse_Ruin\PlayerHouse_Ruin_Couch01.nif
0x001CBC12 0x00075F4B STAT -1 5 -11 23008.701 -42705.371 673.573 0.000000 0.000000 5.833183 1.0000 668 22976.744 -42735.633 673.335 23040.545 -42673.215 699.198 SetDressing\PlayerHouse_Ruin\PlayerHouse_Ruin_Ottoman01.nif
0x001CBC13 0x000625E4 MSTT -1 5 -11 21581.900 -42731.559 673.696 0.001429 0.003243 2.563569 1.0000 2014 21531.842 -42783.168 673.685 21626.754 -42674.242 770.843 SetDressing\ShoppingCart\ShoppingCart.nif
0x001CBC14 0x000711B5 STAT -1 5 -11 22583.504 -43184.637 673.499 0.000000 0.000000 4.732385 1.0000 79 22443.164 -43278.555 673.398 22669.936 -43084.832 676.193 SetDressing\PlayerHouse_Ruin\PlayerHouse_Ruin_Rug02.nif
0x001CBC15 0x001944B5 STAT 0 5 -11 21065.180 -42874.586 705.573 0.000000 0.000000 4.803183 1.0000 376 21040.365 -42890.605 703.670 21093.646 -42862.137 712.116 SetDressing\ClutterGeneric\ClutterGenDeskD.nif
0x001CBC15 0x001944BC STAT 1 5 -11 21057.598 -42873.891 705.573 0.000000 0.000000 4.803183 1.0000 4 21016.188 -42898.012 705.573 21099.008 -42849.770 705.884 SetDressing\ClutterGeneric\ClutterGenDustA.nif
0x001CBC15 0x0001F449 STAT 2 5 -11 21078.789 -42864.809 673.573 0.000000 0.000000 4.803183 1.0000 164 21012.150 -42902.480 673.573 21145.428 -42827.137 705.573 SetDressing\FederalistFurniture\FederalistCoffeeTable01.nif
0x001CBC15 0x001944B2 STAT 3 5 -11 21109.396 -42857.543 705.573 0.000000 0.000000 4.803183 1.0000 426 21079.691 -42874.297 703.922 21138.959 -42843.668 709.354 SetDressing\ClutterGeneric\ClutterGenDeskC.nif
0x001CBC16 0x0008B618 STAT -1 5 -11 21401.783 -43382.145 673.573 0.000000 0.000000 2.872385 1.0000 225 21306.457 -43463.609 673.030 21499.779 -43307.914 682.620 SetDressing\Rubble\TrashEdge04.nif
0x001CBC17 0x0008B5FD STAT -1 5 -11 21256.068 -43394.578 673.573 0.000000 0.000000 2.892382 1.0000 185 21138.705 -43452.594 672.177 21373.455 -43345.750 682.370 SetDressing\Rubble\TrashEdge03.nif
0x001CBC18 0x0008A5E0 STAT -1 5 -11 21356.920 -43497.742 673.573 0.000000 0.000000 2.722381 1.0000 501 21244.688 -43566.422 669.374 21468.764 -43438.094 685.284 SetDressing\Rubble\TrashEdge02.nif
0x001CBC19 0x00020194 MISC -1 5 -11 21082.756 -42875.426 705.688 -0.000551 -0.007768 6.023189 1.0000 260 21075.652 -42882.484 705.601 21089.889 -42868.367 721.599 SetDressing\PlayerHouse_Ruin\PlayerHouse_Ruin_CoffeeTin01.nif
0x001CBC1A 0x000211C4 MISC -1 5 -11 21104.930 -42878.602 705.573 0.000000 0.000000 5.833184 1.0000 178 21101.967 -42881.566 705.573 21107.893 -42873.215 712.573 SetDressing\Kitchen\CoffeeCup01.nif
0x001CBC1B 0x000211CC MISC -1 5 -11 21124.805 -42848.262 705.573 0.000000 0.000000 0.660000 1.0000 290 21116.773 -42856.105 705.573 21132.836 -42838.680 730.042 SetDressing\Kitchen\CoffeePot01.nif
0x001CBC1C 0x000211C4 MISC -1 5 -11 21062.604 -42855.684 705.573 0.000000 0.000000 5.113182 1.0000 178 21057.115 -42858.652 705.573 21065.572 -42852.715 712.573 SetDressing\Kitchen\CoffeeCup01.nif
0x001CBC1D 0x001AD77A MSTT -1 5 -11 22050.398 -42356.000 673.573 0.000000 0.000000 5.063179 1.0000 1953 22009.598 -42420.238 670.829 22089.014 -42314.699 773.018 SetDressing\Grill\Grill01Dest.nif
0x001CBC1F 0x0003A651 STAT -1 5 -11 20830.586 -43015.793 737.275 0.000000 0.000000 1.902381 1.0000 1226 20749.643 -43094.340 658.088 20904.270 -42937.340 815.463 SetDressing\Tires\TireStack01.nif
0x001CBC20 0x0003A651 STAT -1 5 -11 23129.496 -42269.293 735.734 0.000000 0.000000 0.589999 1.0000 1226 23049.873 -42346.922 656.547 23211.814 -42202.000 813.922 SetDressing\Tires\TireStack01.nif
0x001CBC21 0x001487C1 FURN -1 5 -11 21274.740 -43351.875 673.828 0.000000 0.000000 3.139997 1.0000 9473 21150.549 -43429.125 673.949 21318.068 -43354.254 834.203 Furniture\Workstations\WorkstationChemistryB01.nif
0x001CBC23 0x0012EA9B FURN -1 5 -11 21267.852 -43324.434 1089.573 0.000000 0.000000 3.141593 1.0000 14153 21169.064 -43388.543 1088.112 21339.373 -43271.184 1177.135 Furniture\Workstations\WorkbenchArmor\WorkstationArmorB01.nif
0x001CBC24 0x00037A0D STAT -1 5 -11 21842.205 -43600.789 1065.490 0.519347 0.024132 3.087517 1.0000 324 21696.926 -43594.707 1150.722 21978.809 -43353.055 1390.329 Architecture\Shacks\ShackMidRoof64Up01.nif
0x001CBC25 0x00037A0D STAT -1 5 -11 22630.270 -43588.176 1065.490 0.519781 0.009237 3.113559 1.0000 324 22491.219 -43582.328 1150.722 22768.199 -43340.055 1390.329 Architecture\Shacks\ShackMidRoof64Up01.nif
0x001CBC26 0x0005BA6B STAT -1 5 -11 22366.678 -43477.199 1271.763 0.769398 0.012393 4.712389 1.0000 424 22238.166 -43579.988 1171.518 22495.443 -43384.680 1361.698 Architecture\Shacks\ShackMidFloor02.nif
0x001CBC27 0x000FACB9 STAT -1 5 -11 22367.275 -43518.477 1118.030 -0.769977 -0.011031 4.712389 1.0000 500 22241.555 -43756.906 1170.230 22497.539 -43563.605 1358.254 Architecture\Shacks\Metal\ShackMetalMidRoof01.nif
0x001CBC28 0x0006D135 STAT -1 5 -11 21320.818 -43616.656 1074.874 0.519347 0.024132 3.137516 1.0000 201 21186.596 -43631.578 1180.647 21444.527 -43382.707 1386.571 Architecture\Shacks\ShackMidRoof05.nif
0x001CBC29 0x00029B14 STAT -1 5 -11 21064.602 -43624.008 1062.668 0.519347 0.024132 3.137516 1.0000 980 20924.635 -43638.930 1168.441 21195.771 -43361.871 1393.272 Architecture\Shacks\ShackMidRoof03.nif
0x001CBC2A 0x00037B64 STAT -1 5 -11 21064.602 -43531.020 1093.054 -0.739793 -0.008447 0.023348 1.0000 510 20928.396 -43793.156 1150.141 21204.180 -43569.078 1368.782 Architecture\Shacks\ShackMidRoof02Hole02.nif
0x001CBC2B 0x00037B63 STAT -1 5 -11 21309.398 -43531.012 1104.423 -0.738522 -0.048874 6.262176 1.0000 478 21182.314 -43792.586 1161.509 21457.129 -43566.445 1384.252 Architecture\Shacks\ShackMidRoof02Hole01.nif
0x001CBC2C 0x00165A89 STAT -1 5 -11 21834.508 -43539.227 1058.968 -0.538522 -0.048874 6.262176 1.0000 824 21708.324 -43798.496 1157.510 21981.723 -43525.281 1390.599 Architecture\Shacks\ShackMidRoof03HoleMid01.nif
0x001CBC2D 0x0019559F STAT -1 5 -11 21647.635 -42877.469 1089.573 0.000000 -0.100000 1.510000 1.0000 574 21635.537 -42893.480 1066.997 21701.344 -42861.469 1526.879 SetDressing\TelephonePoleSet\TP_ShortBare.nif
0x001CBC2E 0x0002FC43 MSTT -1 5 -11 21645.811 -42868.441 1086.860 0.000000 0.000000 4.593183 1.0000 388 21624.123 -42891.594 1087.021 21672.295 -42847.566 1113.876 SetDressing\SandbagWalls\SmallSandbagPile01.nif
0x001CBC2F 0x0002FC43 MSTT -1 5 -11 21655.463 -42904.055 1086.860 0.000000 0.000000 2.933180 1.0000 388 21633.541 -42926.242 1087.021 21679.340 -42878.121 1113.876 SetDressing\SandbagWalls\SmallSandbagPile01.nif
0x001CBC30 0x0002FC43 MSTT -1 5 -11 21660.670 -42877.371 1086.860 0.000000 0.000000 0.519994 1.0000 388 21642.143 -42904.781 1087.021 21681.035 -42854.371 1113.876 SetDressing\SandbagWalls\SmallSandbagPile01.nif
0x001CBC31 0x0022BABC ACTI -1 5 -11 21541.791 -43333.898 1089.573 0.000000 0.000000 3.053178 1.0000 7057 21449.467 -43414.934 1086.760 21628.771 -43270.258 1242.948 SetDressing\Generators\GeneratorMedium01.nif
0x001CBC32 0x00004E38 STAT -1 5 -11 21691.064 -42892.074 1495.358 0.018275 0.077889 0.230712 1.1200 674 21688.500 -43023.383 1421.405 22247.084 -42890.273 1543.209 SetDressing\LightFixtures\CageBulbWire03.nif
0x001CBC33 0x00004E38 STAT -1 5 -11 21685.848 -42865.738 1487.243 0.038086 -0.012229 5.022943 0.9600 674 21684.287 -42867.902 1395.571 21836.809 -42398.602 1489.142 SetDressing\LightFixtures\CageBulbWire03.nif
0x001CBC34 0x00004E39 STAT -1 5 -11 21685.941 -42863.727 1495.783 0.038322 -0.011465 3.472951 0.9400 910 20774.545 -42865.582 1382.192 21688.854 -42548.859 1497.445 SetDressing\LightFixtures\CageBulbWire04.nif
0x001CBC35 0x0002FC43 MSTT -1 5 -11 20799.641 -42515.809 1086.860 0.000000 0.000000 0.429995 1.0000 388 20781.525 -42543.574 1087.021 20819.859 -42493.895 1113.876 SetDressing\SandbagWalls\SmallSandbagPile01.nif
0x001CBC36 0x0002FC43 MSTT -1 5 -11 20764.223 -42505.457 1086.860 0.000000 0.000000 5.053178 1.0000 388 20742.801 -42523.680 1087.021 20792.115 -42485.547 1113.876 SetDressing\SandbagWalls\SmallSandbagPile01.nif
0x001CBC37 0x0002FC43 MSTT -1 5 -11 20784.262 -42523.828 1086.860 0.000000 0.000000 2.639992 1.0000 388 20760.160 -42546.742 1087.021 20809.873 -42501.121 1113.876 SetDressing\SandbagWalls\SmallSandbagPile01.nif
0x001CBC38 0x0019559F STAT -1 5 -11 20790.992 -42512.668 1089.573 -0.085372 0.052137 3.627770 1.0000 574 20755.645 -42559.969 1066.997 20802.105 -42500.859 1526.879 SetDressing\TelephonePoleSet\TP_ShortBare.nif
0x001CBC39 0x0002FC43 MSTT -1 5 -11 20763.971 -42548.410 1086.860 0.000000 0.000000 5.053178 1.0000 388 20742.549 -42566.633 1087.021 20791.863 -42528.500 1113.876 SetDressing\SandbagWalls\SmallSandbagPile01.nif
0x001CBC3A 0x0002FC43 MSTT -1 5 -11 20768.770 -42564.551 1086.860 0.000000 0.000000 1.069989 1.0000 388 20746.049 -42588.648 1087.021 20791.684 -42538.941 1113.876 SetDressing\SandbagWalls\SmallSandbagPile01.nif
0x001CBC42 0x00004E39 STAT -1 5 -11 22618.730 -42645.449 1455.029 -0.023948 0.032042 0.969598 0.8700 910 22616.525 -43381.703 1349.897 23123.734 -42643.059 1456.567 SetDressing\LightFixtures\CageBulbWire04.nif
0x001CBC44 0x00004E38 STAT -1 5 -11 23070.447 -42396.414 1497.205 -0.004306 0.090769 2.648181 1.0100 674 22617.336 -42641.605 1390.053 23072.551 -42394.621 1499.305 SetDressing\LightFixtures\CageBulbWire03.nif
0x001CBC4C 0x0008E7C5 STAT -1 5 -11 23155.521 -42372.660 1309.980 0.000000 0.000000 0.000000 1.0000 2052 23140.947 -42380.863 1306.721 23170.299 -42362.230 1347.449 SetDressing\LightFixtures\LightOilLampOn.nif
0x001CBC52 0x00099508 FURN -1 5 -11 21397.834 -42546.117 1089.573 0.000000 0.000000 5.762389 1.0000 244 21322.137 -42634.906 1089.573 21473.531 -42457.328 1099.175 SetDressing\Mattress\Mattress.nif
0x001CBC53 0x00099508 FURN -1 5 -11 21597.686 -42719.363 1089.573 0.000000 0.000000 1.079202 1.0000 244 21508.861 -42793.789 1089.573 21686.510 -42644.938 1099.175 SetDressing\Mattress\Mattress.nif
0x001CBC54 0x000D75BC FURN -1 5 -11 22848.941 -43573.512 1089.573 0.000000 0.000000 2.512384 1.0000 993 22789.037 -43642.234 1089.573 22919.385 -43502.988 1103.776 Furniture\SleepingBag01.nif
0x001CBC55 0x0001D184 STAT -1 5 -11 21667.693 -43070.676 1089.573 0.000000 0.000000 3.602386 1.0000 111 21579.309 -43186.813 1089.573 21783.414 -42975.242 1093.612 SetDressing\Rubble\TrashDecal01.nif
0x001CBC56 0x0001D18E STAT -1 5 -11 21644.029 -42881.387 1089.573 0.000000 0.000000 6.222386 1.0000 157 21572.049 -42999.836 1089.573 21711.410 -42763.359 1093.612 SetDressing\Rubble\TrashDecal02.nif
0x001CBC57 0x0001D1AF STAT -1 5 -11 21714.982 -42480.113 1089.573 0.000000 0.000000 6.032384 1.0000 238 21599.354 -42547.828 1089.573 21819.297 -42392.027 1092.559 SetDressing\Rubble\TrashDecal03.nif
0x001CBC58 0x0008A5E0 STAT -1 5 -11 21844.775 -42512.445 1089.573 0.000000 0.000000 0.069199 1.0000 501 21726.162 -42564.145 1085.374 21964.031 -42463.523 1101.284 SetDressing\Rubble\TrashEdge02.nif
0x001CBC59 0x0008A5D7 STAT -1 5 -11 21948.432 -42490.480 1089.573 0.000000 0.000000 0.069199 1.0000 393 21850.367 -42565.336 1088.626 22045.980 -42418.301 1098.370 SetDressing\Rubble\TrashEdge01.nif
0x001CBC5A 0x0008B5FD STAT -1 5 -11 21664.629 -42179.691 1089.573 0.000000 0.000000 0.069199 1.0000 185 21546.016 -42231.391 1088.177 21783.885 -42131.547 1098.370 SetDressing\Rubble\TrashEdge03.nif
0x001CBC5B 0x0008B618 STAT -1 5 -11 21747.350 -42234.125 1089.573 0.000000 0.000000 0.449199 1.0000 225 21648.432 -42316.980 1089.030 21838.000 -42154.012 1098.620 SetDressing\Rubble\TrashEdge04.nif
0x001CBC5C 0x0008A5E0 STAT -1 5 -11 21227.229 -42533.266 1089.573 0.000000 0.000000 0.109198 1.0000 501 21109.316 -42586.867 1085.374 21346.156 -42484.930 1101.284 SetDressing\Rubble\TrashEdge02.nif
0x001CBC5D 0x0001D1AF STAT -1 5 -11 21110.947 -42477.945 1089.573 0.000000 0.000000 2.772379 1.0000 238 21003.234 -42569.230 1089.573 21221.189 -42403.625 1092.559 SetDressing\Rubble\TrashDecal03.nif
0x001CBC5E 0x0001D18E STAT -1 5 -11 20921.682 -42505.242 1089.573 0.000000 0.000000 1.512376 1.0000 157 20803.377 -42572.359 1089.573 21039.582 -42433.434 1093.612 SetDressing\Rubble\TrashDecal02.nif
0x001CBC5F 0x0002FC43 MSTT -1 5 -11 21230.178 -42293.809 1086.860 0.000000 0.000000 1.949996 1.0000 388 21202.313 -42313.871 1087.021 21251.832 -42275.684 1113.876 SetDressing\SandbagWalls\SmallSandbagPile01.nif
0x001CBC60 0x0002FC43 MSTT -1 5 -11 21099.998 -42245.516 1086.860 0.000000 0.000000 5.843177 1.0000 388 21074.572 -42269.074 1087.021 21123.809 -42222.609 1113.876 SetDressing\SandbagWalls\SmallSandbagPile01.nif
0x001CBC61 0x0002FC43 MSTT -1 5 -11 21007.203 -42259.395 1086.860 0.000000 0.000000 4.163175 1.0000 388 20984.344 -42285.082 1087.021 21029.273 -42235.133 1113.876 SetDressing\SandbagWalls\SmallSandbagPile01.nif
0x001CBC62 0x0002FC43 MSTT -1 5 -11 20761.875 -42319.367 1086.860 0.000000 0.000000 0.019989 1.0000 388 20740.082 -42346.289 1087.021 20780.789 -42298.805 1113.876 SetDressing\SandbagWalls\SmallSandbagPile01.nif
0x001CBC63 0x0002FC43 MSTT -1 5 -11 20746.840 -42314.336 1086.860 0.000000 0.000000 3.853172 1.0000 388 20725.582 -42339.102 1087.021 20765.740 -42288.414 1113.876 SetDressing\SandbagWalls\SmallSandbagPile01.nif
0x001CBC64 0x0008B5FD STAT -1 5 -11 21277.557 -42221.559 1089.573 0.000000 0.000000 6.172382 1.0000 185 21158.150 -42268.035 1088.177 21396.602 -42170.133 1098.370 SetDressing\Rubble\TrashEdge03.nif
0x001CBC65 0x0008B618 STAT -1 5 -11 21211.412 -42251.402 1089.573 0.000000 0.000000 5.982379 1.0000 225 21114.672 -42327.129 1089.030 21307.012 -42169.227 1098.620 SetDressing\Rubble\TrashEdge04.nif
0x001CBC66 0x0008A5D7 STAT -1 5 -11 21341.494 -43092.602 1089.573 0.000000 0.000000 4.872375 1.0000 393 21267.879 -43190.859 1088.626 21419.301 -42995.535 1098.370 SetDressing\Rubble\TrashEdge01.nif
0x001CBC67 0x0008B5FD STAT -1 5 -11 21237.785 -43101.785 1089.573 0.000000 0.000000 3.262374 1.0000 185 21118.988 -43150.754 1088.177 21355.459 -43047.648 1098.370 SetDressing\Rubble\TrashEdge03.nif
0x001CBC68 0x0001D1AF STAT -1 5 -11 21109.836 -43162.688 1089.573 0.000000 0.000000 3.602386 1.0000 238 21027.846 -43265.230 1089.573 21222.701 -43068.094 1092.559 SetDressing\Rubble\TrashDecal03.nif
0x001CBC69 0x0001D1AF STAT -1 5 -11 22207.996 -43286.613 1089.573 0.000000 0.000000 1.402386 1.0000 238 22142.570 -43387.695 1089.573 22293.125 -43168.188 1092.559 SetDressing\Rubble\TrashDecal03.nif
0x001CBC6A 0x0001D1B5 STAT -1 5 -11 22753.848 -43313.184 1089.573 0.000000 0.000000 1.402386 1.0000 104 22677.412 -43374.473 1089.573 22834.760 -43258.125 1091.573 SetDressing\Rubble\TrashDecal04.nif
0x001CBC6B 0x0001D1AF STAT -1 5 -11 23043.082 -43308.145 1089.573 0.000000 0.000000 0.772385 1.0000 238 22949.809 -43415.402 1089.573 23135.107 -43200.520 1092.559 SetDressing\Rubble\TrashDecal03.nif
0x001CBC6C 0x0001D18E STAT -1 5 -11 22902.193 -43509.328 1089.573 0.000000 0.000000 0.072381 1.0000 157 22826.648 -43627.969 1089.573 22970.852 -43392.738 1093.612 SetDressing\Rubble\TrashDecal02.nif
0x001CBC6D 0x0008A5D7 STAT -1 5 -11 22579.861 -43086.648 1089.573 0.000000 0.000000 0.072381 1.0000 393 22481.775 -43161.617 1088.626 22677.406 -43014.406 1098.370 SetDressing\Rubble\TrashEdge01.nif
0x001CBC6E 0x0008A5E0 STAT -1 5 -11 22703.313 -43071.520 1089.573 0.000000 0.000000 6.155566 1.0000 501 22584.031 -43121.109 1085.374 22822.273 -43017.301 1101.284 SetDressing\Rubble\TrashEdge02.nif
0x001CBC6F 0x0008B618 STAT -1 5 -11 22855.973 -43090.891 1089.573 0.000000 0.000000 6.155566 1.0000 225 22753.568 -43161.051 1089.030 22951.809 -43013.605 1098.620 SetDressing\Rubble\TrashEdge04.nif
0x001CBC70 0x0007C5CB STAT -1 5 -11 23447.766 -43835.121 1107.258 0.000000 0.000000 4.013181 1.0000 4955 23420.068 -43861.211 1017.758 23469.043 -43815.648 1109.113 SetDressing\Raider\RaiderDismemberedBody05.nif
0x001CBC71 0x000FB1A5 STAT -1 5 -11 23447.766 -43835.121 1272.101 0.000000 0.000000 5.043204 0.8400 8 23446.076 -43838.109 1135.496 23449.680 -43832.563 1272.350 Props\SuperMutant\SuperMutant_Chain02.nif
0x001CBC72 0x0007C5D2 STAT -1 5 -11 23447.912 -43835.070 1137.833 0.000000 0.000000 4.906371 1.0000 98 23446.783 -43840.129 1104.739 23449.689 -43828.508 1138.580 SetDressing\Raider\Meathook01.nif
0x001CBC75 0x0007C5CA STAT -1 5 -11 23433.016 -43395.219 889.058 0.000000 0.000000 1.999995 1.0000 9346 23376.211 -43421.277 807.745 23461.182 -43358.957 894.241 SetDressing\Raider\RaiderDismemberedBody04.nif
0x001CBC76 0x0007C5D5 STAT -1 5 -11 23561.982 -42926.641 896.579 0.000000 0.000000 6.053173 1.0000 14792 23533.699 -42963.988 818.516 23595.275 -42883.727 901.677 SetDressing\Raider\RaiderDismemberedBody03.nif
0x001CBC77 0x0007C5CB STAT -1 5 -11 23514.660 -42174.887 877.746 0.000000 0.000000 0.639983 1.0000 4955 23494.744 -42195.082 788.246 23541.566 -42147.711 879.600 SetDressing\Raider\RaiderDismemberedBody05.nif
0x001CBC78 0x00004E38 STAT -1 5 -11 22202.416 -42535.703 1059.530 0.000000 0.000000 3.089998 1.0100 674 21686.488 -42565.375 973.364 22204.801 -42534.324 1061.483 SetDressing\LightFixtures\CageBulbWire03.nif
0x001CBC79 0x00004E39 STAT -1 5 -11 21713.273 -42559.742 1059.530 0.000000 0.000000 2.849995 1.0100 910 20721.348 -42858.613 938.267 21716.447 -42557.762 1062.063 SetDressing\LightFixtures\CageBulbWire04.nif
0x001CBC7A 0x00004E38 STAT -1 5 -11 21171.391 -43117.516 1059.530 0.000000 0.000000 3.689992 1.0100 674 20730.531 -43119.344 973.364 21173.430 -42847.602 1061.483 SetDressing\LightFixtures\CageBulbWire03.nif
0x001CBC7B 0x00004E3D STAT -1 5 -11 21171.391 -43117.516 1059.530 0.000000 0.000000 5.539990 1.0100 532 21169.840 -43119.090 1005.211 21362.287 -42941.938 1061.461 SetDressing\LightFixtures\CageBulbWire02.nif
0x001CBC7C 0x00004E38 STAT -1 5 -11 21171.391 -43117.516 1059.530 0.000000 0.000000 4.559987 1.0400 674 21089.455 -43119.945 970.805 21172.939 -42591.723 1061.541 SetDressing\LightFixtures\CageBulbWire03.nif
0x001CCDD2 0x00107E40 STAT -1 5 -11 23540.590 -41457.711 1205.815 0.000000 0.000000 4.712391 1.7500 160 23149.027 -41502.828 1215.952 23584.832 -41066.367 1336.736 SetDressing\Signage\SignDeliCor01.nif
0x001CCDD3 0x001793FE STAT -1 5 -11 23596.590 -41225.711 983.619 0.000000 0.000000 4.712391 1.0000 44 23591.930 -41415.586 951.619 23601.250 -41035.836 1015.619 SetDressing\Signage\SignFoodstuffs.nif
0x001CCDD4 0x0017F1AA STAT -1 5 -11 23580.590 -41105.711 967.619 0.000000 0.000000 4.712391 1.0000 364 23580.590 -41233.711 871.619 23711.965 -40977.711 953.619 Architecture\Buildings\DecoKit\DecoAddAwningD1x1Str01.nif
0x001CCDD8 0x0012924F STAT -1 5 -11 23575.307 -41278.910 1200.696 0.000000 0.000000 4.712391 2.0800 68 23570.609 -41492.891 1086.816 23580.004 -41064.930 1314.576 SetDressing\Signage\SignFrameMetalRect01.nif
0x001CCDD9 0x0012924F STAT -1 5 -11 23361.258 -41492.371 1200.041 0.000000 0.000000 0.000002 2.0800 68 23147.277 -41497.066 1086.161 23575.238 -41487.676 1313.921 SetDressing\Signage\SignFrameMetalRect01.nif
0x001CCDDA 0x001AC904 STAT -1 5 -11 22633.604 -41154.676 1231.619 0.000000 0.000000 4.712389 0.6600 403 22454.578 -41253.348 1231.353 22806.689 -41056.664 1424.174 SetDressing\Greebs\GreebLarge10.nif
0x001CCDDB 0x00018205 STAT -1 5 -11 22980.311 -41415.359 1231.619 0.000000 0.000000 4.712389 1.0000 298 22946.748 -41448.453 1231.619 23013.873 -41382.266 1299.619 SetDressing\Roof\MetalRoofACVent01.nif
0x001CCDDC 0x00018205 STAT -1 5 -11 22573.973 -41415.359 1231.619 0.000000 0.000000 4.712389 1.0000 298 22540.410 -41448.453 1231.619 22607.535 -41382.266 1299.619 SetDressing\Roof\MetalRoofACVent01.nif
0x001CCDDD 0x0004D6BC STAT -1 5 -11 23068.590 -41081.711 1103.619 0.000000 0.000000 3.141595 1.0000 75 22740.590 -41109.039 958.369 23315.340 -40864.336 1298.494 SetDressing\Ducts\BLDGDuct2x1SquareLgA.nif
0x001CCDDE 0x001AC902 STAT -1 5 -11 23284.590 -41073.711 1231.619 0.000000 0.000000 0.000000 0.6600 294 23188.973 -41130.926 1231.464 23373.689 -41016.496 1360.237 SetDressing\Greebs\GreebLarge08.nif
0x001CCDDF 0x0001D184 STAT -1 5 -11 23177.777 -41146.316 1231.619 0.000000 0.000000 3.406989 1.0000 111 23080.094 -41248.824 1231.619 23291.586 -41056.020 1235.658 SetDressing\Rubble\TrashDecal01.nif
0x001CCDE0 0x0001D18E STAT -1 5 -11 23519.607 -41369.699 1231.619 0.000000 0.000000 0.016982 1.0000 157 23450.234 -41485.273 1231.619 23582.076 -41254.605 1235.658 SetDressing\Rubble\TrashDecal02.nif
0x001CCDE1 0x0001D1AF STAT -1 5 -11 23482.609 -41078.621 1231.619 0.000000 0.000000 0.816983 1.0000 238 23392.930 -41186.863 1231.619 23575.357 -40971.117 1234.605 SetDressing\Rubble\TrashDecal03.nif
0x001CCDE2 0x0001D1AF STAT -1 5 -11 22806.566 -41297.230 1231.619 0.000000 0.000000 5.240165 1.0000 238 22702.066 -41406.750 1231.619 22904.707 -41212.371 1234.605 SetDressing\Rubble\TrashDecal03.nif
0x001CCDE3 0x0008A5D7 STAT -1 5 -11 22453.865 -41246.867 1231.619 0.000000 0.000000 6.200165 1.0000 393 22357.934 -41317.801 1230.672 22550.418 -41171.227 1240.416 SetDressing\Rubble\TrashEdge01.nif
0x001CCDE4 0x0008A5E0 STAT -1 5 -11 22578.754 -41263.699 1231.619 0.000000 0.000000 0.076979 1.0000 501 22460.262 -41315.777 1227.420 22697.961 -41214.992 1243.330 SetDressing\Rubble\TrashEdge02.nif
0x001CCDE5 0x0008B5FD STAT -1 5 -11 22463.904 -41119.574 1231.619 0.000000 0.000000 5.000165 1.0000 185 22405.990 -41234.078 1230.224 22525.379 -41004.422 1240.416 SetDressing\Rubble\TrashEdge03.nif
0x001CCDE6 0x0008B618 STAT -1 5 -11 23345.000 -41120.422 1231.619 0.000000 0.000000 4.850162 1.0000 225 23271.680 -41225.531 1231.076 23422.143 -41023.164 1240.666 SetDressing\Rubble\TrashEdge04.nif
0x001CCDE7 0x0001D184 STAT -1 5 -11 22387.863 -41322.961 1231.619 0.000000 0.000000 3.432387 1.0000 111 22291.186 -41427.473 1231.619 22502.168 -41231.797 1235.658 SetDressing\Rubble\TrashDecal01.nif
0x001CCDE8 0x0001D18E STAT -1 5 -11 22350.961 -41086.629 1231.619 0.000000 0.000000 3.112384 1.0000 157 22287.109 -41202.910 1231.619 22420.613 -40970.145 1235.658 SetDressing\Rubble\TrashDecal02.nif
0x001CCDE9 0x000617AC STAT -1 5 -11 22508.645 -41513.711 735.071 0.000000 0.000000 0.000003 1.0000 1606 22482.879 -41542.555 662.821 22534.410 -41484.867 807.321 SetDressing\Greebs\Greebles03.nif
0x001CCDEA 0x000617AC STAT -1 5 -11 22456.217 -41512.105 735.071 0.000000 0.000000 0.000003 1.0000 1606 22430.451 -41540.949 662.821 22481.982 -41483.262 807.321 SetDressing\Greebs\Greebles03.nif
0x001CCDEB 0x000617AA STAT -1 5 -11 22260.590 -41065.707 799.619 0.000000 0.000000 1.570799 1.0000 1789 22239.012 -41100.488 751.275 22282.168 -41030.926 847.963 SetDressing\Greebs\Greebles01.nif
0x001CCDEC 0x0013445D STAT -1 5 -11 22292.590 -41369.707 759.619 0.000000 0.000000 1.570798 1.0000 702 22258.809 -41450.020 762.023 22276.871 -41322.863 1018.369 SetDressing\Greebs\WallGreeb1x1_02.nif
0x001CCDED 0x001343D4 STAT -1 5 -11 22420.590 -41497.707 679.619 0.000000 0.000000 0.000002 1.0000 104 22381.871 -41524.285 737.900 22436.527 -41489.707 1135.119 SetDressing\Greebs\WallGreeb2x1_01.nif
0x001CCDEF 0x0013384F STAT -1 5 -11 23228.598 -41588.016 666.407 -0.185339 0.000000 4.942389 1.0000 913 23103.936 -41706.008 650.494 23348.816 -41496.430 768.559 Landscape\Plants\Bramble03.nif
0x001CCE04 0x001B496F STAT -1 5 -11 21393.043 -41190.332 755.734 -0.062411 0.124115 1.452263 1.0000 8475 21274.951 -41479.758 733.740 21510.512 -40964.629 869.622 Vehicles\Automotive\Coupe01_Postwar_Static.nif
0x0022138C 0x0019559F STAT -1 5 -11 21856.262 -42370.309 1089.573 -0.085372 0.052137 3.627770 1.0000 574 21820.914 -42417.609 1066.997 21867.375 -42358.500 1526.879 SetDressing\TelephonePoleSet\TP_ShortBare.nif
0x0022138D 0x0002FC43 MSTT -1 5 -11 21849.531 -42381.469 1086.860 0.000000 0.000000 2.639992 1.0000 388 21825.430 -42404.383 1087.021 21875.143 -42358.762 1113.876 SetDressing\SandbagWalls\SmallSandbagPile01.nif
0x0022138E 0x0002FC43 MSTT -1 5 -11 21829.492 -42363.098 1086.860 0.000000 0.000000 5.053178 1.0000 388 21808.070 -42381.320 1087.021 21857.385 -42343.188 1113.876 SetDressing\SandbagWalls\SmallSandbagPile01.nif
0x0022138F 0x0019559F STAT -1 5 -11 22215.781 -43019.660 1198.643 -0.021892 -0.097582 1.731067 1.0000 574 22203.844 -43043.961 1176.067 22268.328 -43009.316 1635.948 SetDressing\TelephonePoleSet\TP_ShortBare.nif
0x00221390 0x0002FC43 MSTT -1 5 -11 22228.521 -43022.426 1195.930 0.000000 0.000000 0.739992 1.0000 388 22209.625 -43048.043 1196.091 22250.014 -42997.473 1222.946 SetDressing\SandbagWalls\SmallSandbagPile01.nif
0x00221391 0x0002FC43 MSTT -1 5 -11 22217.613 -43047.332 1195.930 0.000000 0.000000 3.153178 1.0000 388 22198.570 -43067.977 1196.091 22239.502 -43020.422 1222.946 SetDressing\SandbagWalls\SmallSandbagPile01.nif
0x00221392 0x001EDEED STAT -1 5 -11 22609.004 -42652.711 1202.213 0.009000 0.000000 0.000000 1.0000 3948 22567.473 -42706.367 1202.175 22676.379 -42539.801 1954.130 SetDressing\Habitat\RaiderCampPole01.nif
0x00221393 0x001EDEEE STAT -1 5 -11 23072.115 -42400.418 1090.882 0.012000 0.000000 0.000000 1.0000 584 23038.896 -42423.809 1090.888 23107.990 -42361.105 1842.832 SetDressing\Habitat\RaiderCampPole02.nif
0x00221394 0x0002FC43 MSTT -1 5 -11 21862.244 -42367.352 1086.860 0.000000 0.000000 5.453178 1.0000 388 21837.287 -42386.250 1087.021 21887.854 -42345.852 1113.876 SetDressing\SandbagWalls\SmallSandbagPile01.nif
0x00221395 0x001F610F STAT -1 5 -11 23283.061 -43324.273 1032.758 0.000000 0.000000 6.202186 0.7800 64 23267.260 -43417.566 790.568 23286.418 -43237.176 1074.001 SetDressing\Habitat\RaiderCampTentCloth05.nif
0x00221396 0x00203A0F STAT -1 5 -11 23224.564 -42791.016 926.313 0.000000 0.000000 6.202186 0.7800 280 23201.848 -42930.797 859.720 23247.480 -42648.840 931.483 SetDressing\Habitat\RaiderCampTentBunch05.nif
0x00221399 0x001EDEEE STAT -1 5 -11 23659.555 -42345.055 641.010 -0.063000 0.000000 0.000000 1.0000 584 23626.336 -42404.383 640.853 23695.430 -42334.012 1391.632 SetDressing\Habitat\RaiderCampPole02.nif
0x0022139B 0x001F610E STAT -1 5 -11 20641.822 -42525.734 1053.193 0.045971 0.001655 6.268224 0.5200 68 20637.266 -42612.152 813.957 20651.521 -42368.469 1070.456 SetDressing\Habitat\RaiderCampTentCloth04.nif
0x0022139E 0x002039FD STAT -1 5 -11 20829.920 -42143.512 806.839 -0.161218 0.152920 1.435506 1.0000 108 20703.248 -42176.145 582.937 21022.705 -42104.246 1010.603 SetDressing\Habitat\RaiderCampTent07Static.nif
0x002213A6 0x001F610E STAT -1 5 -11 21808.084 -42132.945 1041.525 0.000832 0.041992 4.636204 0.7200 68 21590.879 -42147.316 709.723 21925.441 -42113.988 1064.938 SetDressing\Habitat\RaiderCampTentCloth04.nif
0x0022515E 0x001EDEF8 STAT -1 5 -11 23248.996 -42512.508 1002.505 0.000000 0.000000 0.000000 1.0000 1464 23227.293 -42536.305 939.474 23272.980 -42490.648 1002.505 SetDressing\Habitat\RaiderCampCage02.nif
0x00225168 0x001EDEFA STAT -1 5 -11 23249.330 -42512.648 1001.004 -3.141593 -1.541586 0.941598 0.3500 204 23246.613 -42515.168 998.455 23252.035 -42510.129 1003.519 SetDressing\Habitat\RaiderCampRopeKnotMED.nif
0x0022516A 0x001EDF01 STAT -1 5 -11 23294.551 -42533.637 627.664 -0.051431 -0.007633 0.594400 1.0000 36 23290.578 -42558.023 585.655 23301.182 -42528.168 1078.676 SetDressing\Habitat\RaiderCampPole04SM.nif
0x0022516B 0x001F6106 STAT -1 5 -11 23503.332 -42721.105 988.722 0.287701 -1.099676 3.117975 1.0000 238 23282.477 -43067.871 800.383 23796.121 -42527.855 1139.136 SetDressing\Habitat\RaiderCampTent03.nif
0x0022516C 0x001EDEFA STAT -1 5 -11 23304.895 -43059.656 947.689 0.000000 0.000000 2.994211 0.8900 204 23298.258 -43066.293 940.934 23311.531 -43053.020 954.427 SetDressing\Habitat\RaiderCampRopeKnotMED.nif
0x0022516D 0x001EDEFA STAT -1 5 -11 23304.895 -43059.656 932.808 0.000000 0.000000 1.594193 0.8900 204 23298.311 -43066.238 926.053 23311.479 -43053.074 939.545 SetDressing\Habitat\RaiderCampRopeKnotMED.nif
0x0022516E 0x001EDF01 STAT -1 5 -11 23302.412 -43047.223 638.900 -0.051431 -0.007633 0.594400 1.0000 36 23298.439 -43071.609 596.891 23309.043 -43041.754 1089.911 SetDressing\Habitat\RaiderCampPole04SM.nif
0x0022516F 0x001EDEEF STAT -1 5 -11 23686.717 -42795.797 659.557 -0.051431 -0.007633 0.594400 1.0000 64 23658.717 -42847.836 659.384 23722.225 -42790.680 1410.745 SetDressing\Habitat\RaiderCampPole03.nif
0x00225170 0x001EDEF9 STAT -1 5 -11 23692.500 -42818.316 1098.245 0.000000 0.000000 1.394213 0.7700 204 23684.086 -42826.730 1089.685 23700.914 -42809.902 1106.781 SetDressing\Habitat\RaiderCampRopeKnotLG.nif
0x00225171 0x001EDEF9 STAT -1 5 -11 23692.500 -42818.316 1081.269 0.000000 0.000000 1.394213 0.7900 204 23683.867 -42826.949 1072.487 23701.133 -42809.684 1090.027 SetDressing\Habitat\RaiderCampRopeKnotLG.nif
0x00225172 0x001EDEF9 STAT -1 5 -11 23692.500 -42818.316 1068.832 0.000000 0.000000 5.477400 0.7600 204 23684.225 -42826.590 1060.382 23700.775 -42810.043 1077.257 SetDressing\Habitat\RaiderCampRopeKnotLG.nif
0x00225173 0x001EDEFA STAT -1 5 -11 23297.125 -42539.715 821.505 -3.083390 0.004770 4.630728 0.8900 204 23290.459 -42546.559 814.789 23303.754 -42532.801 828.575 SetDressing\Habitat\RaiderCampRopeKnotMED.nif
0x00225174 0x001EDEFA STAT -1 5 -11 23297.125 -42539.715 803.942 0.000000 0.000000 1.594193 0.8900 204 23290.541 -42546.297 797.187 23303.709 -42533.133 810.679 SetDressing\Habitat\RaiderCampRopeKnotMED.nif
0x00225175 0x00203A0C STAT 1 5 -11 22360.994 -42598.496 1263.379 0.000000 0.000000 6.224186 0.2200 312 22352.291 -42651.492 1255.877 22369.504 -42546.297 1270.873 SetDressing\Habitat\RaiderCampTentBunch02.nif
0x00225175 0x00203A0C STAT 2 5 -11 22361.801 -42590.996 1260.630 0.000000 0.000000 6.224186 0.1400 312 22356.770 -42624.473 1253.435 22366.686 -42558.086 1268.352 SetDressing\Habitat\RaiderCampTentBunch02.nif
0x00225175 0x00203A10 STAT 3 5 -11 22341.186 -42576.566 1263.630 0.000000 0.000000 6.224186 0.1900 208 22323.297 -42593.785 1256.891 22366.971 -42550.391 1269.266 SetDressing\Habitat\RaiderCampTentBunch06.nif
0x00225175 0x00203A10 STAT 4 5 -11 22340.170 -42576.164 1263.630 0.000000 0.000000 6.224186 0.2200 208 22319.457 -42596.102 1255.826 22370.025 -42545.855 1270.156 SetDressing\Habitat\RaiderCampTentBunch06.nif
0x00225175 0x00203A10 STAT 5 5 -11 22328.361 -42568.445 1264.324 0.000000 0.000000 6.224186 0.2200 208 22297.643 -42589.660 1256.520 22347.750 -42538.984 1270.849 SetDressing\Habitat\RaiderCampTentBunch06.nif
0x00225175 0x00203A10 STAT 6 5 -11 22328.367 -42575.422 1264.324 0.000000 0.000000 6.224186 0.2200 208 22301.666 -42591.395 1256.520 22352.953 -42541.922 1270.849 SetDressing\Habitat\RaiderCampTentBunch06.nif
0x00225175 0x00203A01 STAT 7 5 -11 22361.844 -42578.410 1258.467 0.000000 0.000000 6.224186 0.2200 18 22357.166 -42644.309 1155.603 22368.352 -42543.094 1266.812 SetDressing\Habitat\RaiderCampTentCloth04Static.nif
0x00225175 0x00203A01 STAT 8 5 -11 22339.959 -42547.648 1263.636 0.000000 0.000000 6.224186 0.1200 18 22303.758 -42603.246 1262.137 22359.252 -42544.020 1268.526 SetDressing\Habitat\RaiderCampTentCloth04Static.nif
0x00225175 0x001EDEF2 STAT 9 5 -11 22334.594 -42700.566 1123.617 0.000000 0.000000 6.224186 1.0000 2312 22294.559 -42700.566 1091.472 22363.209 -42549.035 1152.995 SetDressing\Habitat\RaiderCampCage01.nif
0x00225175 0x001EDEF2 STAT 10 5 -11 22341.359 -42690.914 1181.966 0.000000 0.000000 6.224186 1.0000 2312 22301.324 -42690.914 1149.821 22369.975 -42539.383 1211.344 SetDressing\Habitat\RaiderCampCage01.nif
0x00225175 0x001EDEF2 STAT 11 5 -11 22339.326 -42691.035 1239.217 0.000000 0.000000 6.224186 1.0000 2312 22299.291 -42691.035 1207.072 22367.941 -42539.504 1268.595 SetDressing\Habitat\RaiderCampCage01.nif
0x00225175 0x001EDEF2 STAT 12 5 -11 22268.281 -42686.406 1239.217 0.000000 0.000000 6.224186 1.0000 2312 22237.184 -42686.406 1207.072 22300.900 -42535.465 1268.595 SetDressing\Habitat\RaiderCampCage01.nif
0x00225175 0x001EDEF2 STAT 13 5 -11 22282.092 -42685.590 1181.966 0.000000 0.000000 6.224186 1.0000 2312 22242.057 -42685.590 1149.821 22310.707 -42534.059 1211.344 SetDressing\Habitat\RaiderCampCage01.nif
0x00225175 0x001EDEF2 STAT 14 5 -11 22275.328 -42695.242 1123.617 0.000000 0.000000 6.224186 1.0000 2312 22235.293 -42695.242 1091.472 22303.943 -42543.711 1152.995 SetDressing\Habitat\RaiderCampCage01.nif
0x00225175 0x001EDEF2 STAT 15 5 -11 22363.426 -42671.109 1296.423 0.000000 0.000000 6.224186 1.0000 2312 22231.012 -42688.598 1264.278 22374.488 -42553.066 1325.801 SetDressing\Habitat\RaiderCampCage01.nif
0x00225175 0x00203A11 STAT 16 5 -11 22336.186 -42553.004 1265.887 0.000000 0.000000 6.224186 0.1600 280 22310.727 -42565.168 1260.896 22364.076 -42539.434 1270.649 SetDressing\Habitat\RaiderCampTentBunch07.nif
0x00225175 0x00203A04 STAT 17 5 -11 22316.236 -42542.422 1264.020 0.000000 0.000000 6.224186 0.2200 18 22301.754 -42543.875 1203.087 22330.588 -42538.059 1267.448 SetDressing\Habitat\RaiderCampTentCloth07Static.nif
0x00225176 0x001EDEF2 STAT 0 5 -11 22500.348 -43365.563 1121.342 0.000000 0.000000 4.624187 1.0000 2312 22348.496 -43409.824 1089.196 22500.348 -43337.855 1150.720 SetDressing\Habitat\RaiderCampCage01.nif
0x00225176 0x001EDEF2 STAT 1 5 -11 22530.938 -43334.410 1178.475 0.000000 0.000000 4.624187 1.0000 2312 22379.086 -43378.672 1146.330 22530.938 -43306.703 1207.853 SetDressing\Habitat\RaiderCampCage01.nif
0x00225176 0x001EDEF2 STAT 2 5 -11 22568.049 -43331.129 1121.342 0.000000 0.000000 4.624187 1.0000 2312 22416.906 -43358.055 1089.196 22568.100 -43258.953 1150.720 SetDressing\Habitat\RaiderCampCage01.nif
0x00225177 0x00060CB4 CONT -1 5 -11 23357.240 -43304.633 1105.573 0.000000 0.000000 0.000000 1.0000 756 23349.232 -43324.945 1105.751 23365.248 -43284.789 1134.057 SetDressing\Ammo\AmmoBox01.nif
0x0023EC0A 0x0008B5F6 STAT -1 5 -11 20826.574 -42874.566 1904.000 0.000000 0.000000 1.555204 1.0000 1764 20697.686 -43150.590 1890.227 20957.271 -42596.605 1967.281 SetDressing\Rubble\TrashPileWall01.nif
0x0023EC0B 0x0008B648 STAT -1 5 -11 20760.869 -42798.195 1896.285 -0.091641 -0.116987 3.336222 1.0000 1242 20561.934 -42942.207 1882.022 20883.543 -42633.570 1969.863 SetDressing\Rubble\TrashPileCorIn01.nif
0x0023EC0C 0x0008B5F6 STAT -1 5 -11 20715.305 -42954.949 1904.000 0.000000 0.000000 0.629204 1.0000 1764 20495.518 -43163.715 1890.227 20984.480 -42724.348 1967.281 SetDressing\Rubble\TrashPileWall01.nif
0x0023EC0D 0x0008B5FD STAT -1 5 -11 20904.895 -42566.660 1904.000 0.000000 0.000000 4.712389 1.0000 185 20856.676 -42686.035 1902.604 20953.113 -42447.285 1912.797 SetDressing\Rubble\TrashEdge03.nif
0x0023EC0E 0x0008B618 STAT -1 5 -11 20878.025 -42617.398 1904.000 0.000000 0.000000 4.712389 1.0000 225 20805.838 -42722.023 1903.457 20950.213 -42520.023 1913.047 SetDressing\Rubble\TrashEdge04.nif
0x0023EC0F 0x0008A5E0 STAT -1 5 -11 20795.902 -42644.898 1904.000 0.000000 0.000000 2.432389 1.0000 501 20694.455 -42731.207 1899.801 20890.984 -42561.441 1915.711 SetDressing\Rubble\TrashEdge02.nif
0x0023EC10 0x0008A5E0 STAT -1 5 -11 20938.123 -42777.793 1920.000 0.000000 0.000000 4.712389 1.0000 501 20887.436 -42897.168 1915.801 20986.342 -42658.418 1931.711 SetDressing\Rubble\TrashEdge02.nif
0x0023EC11 0x0008A5D7 STAT -1 5 -11 20729.516 -42682.941 1904.000 0.000000 0.000000 2.972389 1.0000 393 20634.521 -42761.617 1903.053 20823.252 -42613.629 1912.797 SetDressing\Rubble\TrashEdge01.nif
0x0023EC12 0x0008A5D7 STAT -1 5 -11 20599.041 -42742.410 1904.000 0.000000 0.000000 5.872389 1.0000 393 20510.053 -42807.355 1903.053 20690.191 -42658.395 1912.797 SetDressing\Rubble\TrashEdge01.nif
0x0023EC13 0x0008B5FD STAT -1 5 -11 20518.986 -42798.152 1904.000 0.000000 0.000000 1.849203 1.0000 185 20458.137 -42913.598 1902.604 20576.277 -42683.434 1912.797 SetDressing\Rubble\TrashEdge03.nif
0x0023EC14 0x001ADB1D STAT -1 5 -11 20548.709 -42926.051 1904.000 0.000000 0.000000 0.769203 1.0000 93 20458.059 -43019.285 1904.000 20640.561 -42837.777 1912.797 SetDressing\Rubble\TrashEdge03_Nochunks.nif
0x0023EC16 0x0021DBB9 STAT -1 5 -11 20636.129 -41055.145 1904.000 0.000000 0.000000 1.220000 1.0000 4371 20494.916 -41283.461 1902.431 20803.096 -40832.832 2055.500 Vehicles\Automotive\PickUpTruck_Postwar_Cheap01.nif
0x0023EC18 0x0008A5D7 STAT -1 5 -11 20659.611 -43520.730 2130.516 0.303496 0.041980 4.712389 1.0000 393 20587.488 -43613.488 2101.179 20731.734 -43427.879 2160.152 SetDressing\Rubble\TrashEdge01.nif
0x0023EC19 0x0008A5E0 STAT -1 5 -11 20600.996 -43454.066 2107.058 0.303496 0.041980 3.852390 1.0000 501 20505.367 -43533.430 2076.807 20695.713 -43365.371 2135.339 SetDressing\Rubble\TrashEdge02.nif
0x0023EC1A 0x0008B5FD STAT -1 5 -11 20601.676 -43578.203 2145.964 0.303496 0.041980 2.772391 1.0000 185 20487.689 -43641.578 2131.514 20715.395 -43523.387 2163.281 SetDressing\Rubble\TrashEdge03.nif
0x0023EC1B 0x001ADB1E STAT -1 5 -11 20600.217 -43540.977 2134.242 0.303496 0.041980 2.772391 1.0000 93 20509.482 -43620.797 2113.829 20690.082 -43479.406 2158.553 SetDressing\Rubble\TrashEdge04_nochunks.nif
0x0023EC1C 0x0001D1AF STAT -1 5 -11 20659.119 -43631.684 2165.241 0.303496 0.041980 2.172390 1.0000 238 20557.658 -43714.840 2136.489 20765.141 -43530.379 2192.762 SetDressing\Rubble\TrashDecal03.nif
0x0023EC1E 0x0001D184 STAT -1 5 -11 20744.648 -43429.859 2105.801 0.303496 0.041980 3.312390 1.0000 111 20643.871 -43518.891 2078.203 20855.865 -43347.801 2137.621 SetDressing\Rubble\TrashDecal01.nif
0x0023EC1F 0x00001B57 STAT -1 5 -11 20643.291 -42006.070 2416.087 -0.000061 -0.000000 5.072389 1.0000 117 20402.113 -42174.906 2416.077 20908.018 -41881.723 2422.042 SetDressing\Rubble\DecalDebrise02.nif
0x0023EC21 0x00001B56 STAT -1 5 -11 20567.090 -43187.539 2028.899 0.303489 0.010189 0.009204 1.0000 144 20417.943 -43364.934 1972.683 20714.715 -43010.051 2084.909 SetDressing\Rubble\DecalDebrise03.nif
0x0023EC22 0x00001B57 STAT -1 5 -11 20522.877 -43965.781 2264.099 0.303496 0.041980 5.312391 1.0000 117 20287.492 -44169.754 2203.730 20768.670 -43800.445 2335.559 SetDressing\Rubble\DecalDebrise02.nif
0x0023EC23 0x0008B617 STAT -1 5 -11 20684.563 -40989.000 1904.000 0.000000 0.000000 3.912389 1.0000 1080 20492.949 -41184.664 1888.156 20831.109 -40806.711 1946.000 SetDressing\Rubble\TrashPileWall03.nif
0x0023EC27 0x0008A5E0 STAT -1 5 -11 20756.928 -41032.598 1904.000 0.000000 0.000000 4.292390 1.0000 501 20688.199 -41144.410 1899.801 20816.621 -40920.398 1915.711 SetDressing\Rubble\TrashEdge02.nif
0x0023EC28 0x0008A5D7 STAT -1 5 -11 20790.785 -41121.715 1904.000 0.000000 0.000000 4.292390 1.0000 393 20706.662 -41210.473 1903.053 20856.063 -41030.453 1912.797 SetDressing\Rubble\TrashEdge01.nif
0x0023EC3F 0x00001B56 STAT -1 5 -11 20517.555 -44104.398 1904.587 0.000000 0.000000 0.512392 1.0000 144 20359.520 -44287.984 1904.343 20669.080 -43911.801 1909.497 SetDressing\Rubble\DecalDebrise03.nif
0x0023EC40 0x00001B56 STAT -1 5 -11 20761.043 -44061.477 1904.587 0.000000 0.000000 5.155579 1.0000 144 20567.221 -44220.668 1904.343 20947.803 -43919.148 1909.497 SetDressing\Rubble\DecalDebrise03.nif
0x001CBC22 0x0017E787 FURN -1 5 -11 20856.287 -43318.973 1089.573 0.000000 0.000000 3.113178 1.0000 15585 20721.258 -43424.504 1088.647 20900.381 -43304.039 1230.302 Furniture\Workstations\WorkbenchWeapons\WorkbenchWeaponsB.nif
0x001CBC73 0x0011E397 ACTI -1 5 -11 23447.766 -43835.121 1272.101 0.000000 0.000000 0.000009 1.0000 2 23443.766 -43839.121 1272.101 23451.766 -43831.121 1272.101 markers\attachref\floatingplatformhelperswayonly01.nif
0x001A877D 0x0001F88B FURN -1 5 -11 22263.066 -43531.328 673.633 0.000000 0.000000 0.106987 1.0000 646 22244.744 -43553.473 673.633 22280.254 -43513.375 742.633 SetDressing\FederalistFurniture\FederalistChairOffice01.nif
0x00185B38 0x000DF45A FURN -1 5 -11 21295.201 -42802.457 673.573 0.000000 0.000000 3.124580 1.0000 2284 21212.686 -42816.441 673.573 21377.350 -42757.434 736.448 Furniture\ParkBench01.nif
0x000780A4 0x00018C8C DOOR -1 5 -11 21722.299 -42796.715 413.002 0.000000 0.000000 1.553785 1.0000 670 21704.531 -42900.973 413.002 21730.924 -42693.004 589.002 Interiors\Industrial\Doors\IndMetalDbDoorLoad01.nif
0x00066245 0x00000034 STAT -1 5 -11 23762.564 -43238.879 636.399 0.000000 0.000000 5.008183 1.0000 18 23704.723 -43275.191 636.399 23798.348 -43202.566 769.399 markerxheading.nif
